entity_id,state,last_changed
number.stormbreaker_tessie_charge_current,5,2026-02-27T10:00:00.000Z
number.stormbreaker_tessie_charge_current,5.0,2026-02-27T10:06:38.697Z
number.stormbreaker_tessie_charge_current,5,2026-02-27T10:06:46.628Z
number.stormbreaker_tessie_charge_current,4.0,2026-02-27T10:06:54.828Z
number.stormbreaker_tessie_charge_current,4,2026-02-27T10:06:56.639Z
number.stormbreaker_tessie_charge_current,3.0,2026-02-27T10:06:58.700Z
number.stormbreaker_tessie_charge_current,4,2026-02-27T10:07:06.666Z
number.stormbreaker_tessie_charge_current,2.0,2026-02-27T10:07:08.712Z
number.stormbreaker_tessie_charge_current,4,2026-02-27T10:07:17.014Z
number.stormbreaker_tessie_charge_current,1.0,2026-02-27T10:07:18.706Z
number.stormbreaker_tessie_charge_current,4,2026-02-27T10:07:27.653Z
number.stormbreaker_tessie_charge_current,16.0,2026-02-27T10:07:40.787Z
number.stormbreaker_tessie_charge_current,4,2026-02-27T10:07:47.641Z
number.stormbreaker_tessie_charge_current,5.0,2026-02-27T10:10:10.832Z
number.stormbreaker_tessie_charge_current,5,2026-02-27T10:10:18.638Z
number.stormbreaker_tessie_charge_current,6.0,2026-02-27T10:10:58.721Z
number.stormbreaker_tessie_charge_current,5,2026-02-27T10:11:08.637Z
number.stormbreaker_tessie_charge_current,5.0,2026-02-27T10:18:58.812Z
number.stormbreaker_tessie_charge_current,5,2026-02-27T10:18:59.675Z
number.stormbreaker_tessie_charge_current,6.0,2026-02-27T10:20:00.676Z
number.stormbreaker_tessie_charge_current,6,2026-02-27T10:20:10.678Z
number.stormbreaker_tessie_charge_current,7.0,2026-02-27T10:20:48.822Z
number.stormbreaker_tessie_charge_current,6,2026-02-27T10:20:50.633Z
number.stormbreaker_tessie_charge_current,6.0,2026-02-27T10:26:08.857Z
number.stormbreaker_tessie_charge_current,6,2026-02-27T10:26:10.643Z
number.stormbreaker_tessie_charge_current,5.0,2026-02-27T10:26:20.988Z
number.stormbreaker_tessie_charge_current,4.0,2026-02-27T10:26:28.863Z
number.stormbreaker_tessie_charge_current,5,2026-02-27T10:26:30.641Z
number.stormbreaker_tessie_charge_current,3.0,2026-02-27T10:26:38.861Z
number.stormbreaker_tessie_charge_current,5,2026-02-27T10:26:40.636Z
number.stormbreaker_tessie_charge_current,2.0,2026-02-27T10:26:48.867Z
number.stormbreaker_tessie_charge_current,5,2026-02-27T10:26:50.644Z
number.stormbreaker_tessie_charge_current,1.0,2026-02-27T10:26:58.862Z
number.stormbreaker_tessie_charge_current,5,2026-02-27T10:27:00.638Z
number.stormbreaker_tessie_charge_current,5.0,2026-02-27T10:27:41.030Z
number.stormbreaker_tessie_charge_current,5,2026-02-27T10:27:50.629Z
number.stormbreaker_tessie_charge_current,4.0,2026-02-27T10:29:16.192Z
number.stormbreaker_tessie_charge_current,4,2026-02-27T10:29:20.640Z
number.stormbreaker_tessie_charge_current,3.0,2026-02-27T10:29:21.044Z
number.stormbreaker_tessie_charge_current,4,2026-02-27T10:29:30.632Z
number.stormbreaker_tessie_charge_current,2.0,2026-02-27T10:29:31.032Z
number.stormbreaker_tessie_charge_current,4,2026-02-27T10:29:40.639Z
number.stormbreaker_tessie_charge_current,1.0,2026-02-27T10:29:41.045Z
number.stormbreaker_tessie_charge_current,4,2026-02-27T10:29:50.647Z
number.stormbreaker_tessie_charge_current,16.0,2026-02-27T10:30:03.425Z
number.stormbreaker_tessie_charge_current,4,2026-02-27T10:30:10.783Z
number.stormbreaker_tessie_charge_current,2.0,2026-02-27T10:32:37.203Z
number.stormbreaker_tessie_charge_current,2,2026-02-27T10:32:40.633Z
number.stormbreaker_tessie_charge_current,3.0,2026-02-27T10:33:01.065Z
number.stormbreaker_tessie_charge_current,2,2026-02-27T10:33:10.640Z
number.stormbreaker_tessie_charge_current,4.0,2026-02-27T10:55:07.884Z
number.stormbreaker_tessie_charge_current,4,2026-02-27T10:55:11.806Z
number.stormbreaker_tessie_charge_current,5.0,2026-02-27T10:56:03.892Z
number.stormbreaker_tessie_charge_current,5,2026-02-27T10:56:12.641Z
number.stormbreaker_tessie_charge_current,4.0,2026-02-27T10:57:19.400Z
number.stormbreaker_tessie_charge_current,3.0,2026-02-27T10:57:21.607Z
number.stormbreaker_tessie_charge_current,4,2026-02-27T10:57:22.634Z
number.stormbreaker_tessie_charge_current,2.0,2026-02-27T10:57:31.610Z
number.stormbreaker_tessie_charge_current,4,2026-02-27T10:57:32.642Z
number.stormbreaker_tessie_charge_current,1.0,2026-02-27T10:57:41.604Z
number.stormbreaker_tessie_charge_current,4,2026-02-27T10:57:42.644Z
number.stormbreaker_tessie_charge_current,16.0,2026-02-27T10:58:04.234Z
number.stormbreaker_tessie_charge_current,4,2026-02-27T10:58:12.642Z
sensor.stormbreaker_adaptivecharge_available_current_raw_a,5.73,2026-02-27T10:00:00.000Z
sensor.stormbreaker_adaptivecharge_available_current_raw_a,5.7,2026-02-27T10:00:08.501Z
sensor.stormbreaker_adaptivecharge_available_current_raw_a,5.71,2026-02-27T10:00:18.502Z
sensor.stormbreaker_adaptivecharge_available_current_raw_a,5.82,2026-02-27T10:00:28.502Z
sensor.stormbreaker_adaptivecharge_available_current_raw_a,5.81,2026-02-27T10:00:38.504Z
sensor.stormbreaker_adaptivecharge_available_current_raw_a,5.78,2026-02-27T10:01:28.506Z
sensor.stormbreaker_adaptivecharge_available_current_raw_a,5.77,2026-02-27T10:01:38.506Z
sensor.stormbreaker_adaptivecharge_available_current_raw_a,5.78,2026-02-27T10:01:58.507Z
sensor.stormbreaker_adaptivecharge_available_current_raw_a,5.63,2026-02-27T10:02:28.508Z
sensor.stormbreaker_adaptivecharge_available_current_raw_a,5.61,2026-02-27T10:02:48.511Z
sensor.stormbreaker_adaptivecharge_available_current_raw_a,5.62,2026-02-27T10:02:58.512Z
sensor.stormbreaker_adaptivecharge_available_current_raw_a,5.63,2026-02-27T10:03:18.514Z
sensor.stormbreaker_adaptivecharge_available_current_raw_a,5.7,2026-02-27T10:03:28.515Z
sensor.stormbreaker_adaptivecharge_available_current_raw_a,5.68,2026-02-27T10:03:38.518Z
sensor.stormbreaker_adaptivecharge_available_current_raw_a,5.7,2026-02-27T10:03:48.519Z
sensor.stormbreaker_adaptivecharge_available_current_raw_a,5.69,2026-02-27T10:03:58.532Z
sensor.stormbreaker_adaptivecharge_available_current_raw_a,5.7,2026-02-27T10:04:08.534Z
sensor.stormbreaker_adaptivecharge_available_current_raw_a,5.69,2026-02-27T10:04:18.535Z
sensor.stormbreaker_adaptivecharge_available_current_raw_a,5.76,2026-02-27T10:04:28.536Z
sensor.stormbreaker_adaptivecharge_available_current_raw_a,5.75,2026-02-27T10:04:48.537Z
sensor.stormbreaker_adaptivecharge_available_current_raw_a,5.77,2026-02-27T10:04:58.537Z
sensor.stormbreaker_adaptivecharge_available_current_raw_a,5.76,2026-02-27T10:05:08.538Z
sensor.stormbreaker_adaptivecharge_available_current_raw_a,5.75,2026-02-27T10:05:18.540Z
sensor.stormbreaker_adaptivecharge_available_current_raw_a,5.11,2026-02-27T10:05:28.541Z
sensor.stormbreaker_adaptivecharge_available_current_raw_a,5.13,2026-02-27T10:05:38.542Z
sensor.stormbreaker_adaptivecharge_available_current_raw_a,5.12,2026-02-27T10:06:08.551Z
sensor.stormbreaker_adaptivecharge_available_current_raw_a,5.13,2026-02-27T10:06:18.553Z
sensor.stormbreaker_adaptivecharge_available_current_raw_a,4.41,2026-02-27T10:06:38.699Z
sensor.stormbreaker_adaptivecharge_available_current_raw_a,4.4,2026-02-27T10:06:54.829Z
sensor.stormbreaker_adaptivecharge_available_current_raw_a,3.38,2026-02-27T10:06:58.702Z
sensor.stormbreaker_adaptivecharge_available_current_raw_a,3.4,2026-02-27T10:07:18.708Z
sensor.stormbreaker_adaptivecharge_available_current_raw_a,3.43,2026-02-27T10:07:28.560Z
sensor.stormbreaker_adaptivecharge_available_current_raw_a,4.5,2026-02-27T10:07:38.562Z
sensor.stormbreaker_adaptivecharge_available_current_raw_a,4.44,2026-02-27T10:07:48.563Z
sensor.stormbreaker_adaptivecharge_available_current_raw_a,4.43,2026-02-27T10:07:58.564Z
sensor.stormbreaker_adaptivecharge_available_current_raw_a,4.44,2026-02-27T10:08:08.565Z
sensor.stormbreaker_adaptivecharge_available_current_raw_a,4.45,2026-02-27T10:08:18.566Z
sensor.stormbreaker_adaptivecharge_available_current_raw_a,5.85,2026-02-27T10:08:38.568Z
sensor.stormbreaker_adaptivecharge_available_current_raw_a,5.83,2026-02-27T10:08:48.568Z
sensor.stormbreaker_adaptivecharge_available_current_raw_a,5.84,2026-02-27T10:09:28.572Z
sensor.stormbreaker_adaptivecharge_available_current_raw_a,5.88,2026-02-27T10:09:38.573Z
sensor.stormbreaker_adaptivecharge_available_current_raw_a,5.87,2026-02-27T10:09:48.574Z
sensor.stormbreaker_adaptivecharge_available_current_raw_a,5.88,2026-02-27T10:10:18.578Z
sensor.stormbreaker_adaptivecharge_available_current_raw_a,5.94,2026-02-27T10:10:28.578Z
sensor.stormbreaker_adaptivecharge_available_current_raw_a,5.89,2026-02-27T10:10:38.579Z
sensor.stormbreaker_adaptivecharge_available_current_raw_a,7.6,2026-02-27T10:10:48.579Z
sensor.stormbreaker_adaptivecharge_available_current_raw_a,7.59,2026-02-27T10:10:58.723Z
sensor.stormbreaker_adaptivecharge_available_current_raw_a,7.63,2026-02-27T10:11:08.580Z
sensor.stormbreaker_adaptivecharge_available_current_raw_a,7.6,2026-02-27T10:11:18.581Z
sensor.stormbreaker_adaptivecharge_available_current_raw_a,7.61,2026-02-27T10:11:38.583Z
sensor.stormbreaker_adaptivecharge_available_current_raw_a,5.91,2026-02-27T10:11:48.584Z
sensor.stormbreaker_adaptivecharge_available_current_raw_a,5.9,2026-02-27T10:12:08.587Z
sensor.stormbreaker_adaptivecharge_available_current_raw_a,5.91,2026-02-27T10:12:18.588Z
sensor.stormbreaker_adaptivecharge_available_current_raw_a,5.9,2026-02-27T10:12:28.589Z
sensor.stormbreaker_adaptivecharge_available_current_raw_a,5.91,2026-02-27T10:12:38.590Z
sensor.stormbreaker_adaptivecharge_available_current_raw_a,5.97,2026-02-27T10:12:48.590Z
sensor.stormbreaker_adaptivecharge_available_current_raw_a,5.98,2026-02-27T10:12:58.590Z
sensor.stormbreaker_adaptivecharge_available_current_raw_a,5.97,2026-02-27T10:13:08.593Z
sensor.stormbreaker_adaptivecharge_available_current_raw_a,5.98,2026-02-27T10:13:18.594Z
sensor.stormbreaker_adaptivecharge_available_current_raw_a,5.97,2026-02-27T10:13:28.604Z
sensor.stormbreaker_adaptivecharge_available_current_raw_a,5.98,2026-02-27T10:13:38.606Z
sensor.stormbreaker_adaptivecharge_available_current_raw_a,6.1,2026-02-27T10:13:48.608Z
sensor.stormbreaker_adaptivecharge_available_current_raw_a,6.07,2026-02-27T10:13:58.608Z
sensor.stormbreaker_adaptivecharge_available_current_raw_a,6.09,2026-02-27T10:14:08.609Z
sensor.stormbreaker_adaptivecharge_available_current_raw_a,6.12,2026-02-27T10:14:18.609Z
sensor.stormbreaker_adaptivecharge_available_current_raw_a,6.1,2026-02-27T10:14:28.611Z
sensor.stormbreaker_adaptivecharge_available_current_raw_a,6.09,2026-02-27T10:14:38.612Z
sensor.stormbreaker_adaptivecharge_available_current_raw_a,6.12,2026-02-27T10:14:48.613Z
sensor.stormbreaker_adaptivecharge_available_current_raw_a,6.14,2026-02-27T10:14:58.615Z
sensor.stormbreaker_adaptivecharge_available_current_raw_a,6.15,2026-02-27T10:15:08.616Z
sensor.stormbreaker_adaptivecharge_available_current_raw_a,6.14,2026-02-27T10:15:18.616Z
sensor.stormbreaker_adaptivecharge_available_current_raw_a,6.11,2026-02-27T10:15:28.618Z
sensor.stormbreaker_adaptivecharge_available_current_raw_a,6.1,2026-02-27T10:15:38.620Z
sensor.stormbreaker_adaptivecharge_available_current_raw_a,6.31,2026-02-27T10:15:48.621Z
sensor.stormbreaker_adaptivecharge_available_current_raw_a,6.35,2026-02-27T10:15:58.623Z
sensor.stormbreaker_adaptivecharge_available_current_raw_a,6.32,2026-02-27T10:16:08.623Z
sensor.stormbreaker_adaptivecharge_available_current_raw_a,6.35,2026-02-27T10:16:28.626Z
sensor.stormbreaker_adaptivecharge_available_current_raw_a,6.33,2026-02-27T10:16:38.628Z
sensor.stormbreaker_adaptivecharge_available_current_raw_a,6.34,2026-02-27T10:16:48.629Z
sensor.stormbreaker_adaptivecharge_available_current_raw_a,6.33,2026-02-27T10:16:58.630Z
sensor.stormbreaker_adaptivecharge_available_current_raw_a,6.34,2026-02-27T10:17:08.631Z
sensor.stormbreaker_adaptivecharge_available_current_raw_a,6.33,2026-02-27T10:17:18.632Z
sensor.stormbreaker_adaptivecharge_available_current_raw_a,6.31,2026-02-27T10:17:28.633Z
sensor.stormbreaker_adaptivecharge_available_current_raw_a,6.33,2026-02-27T10:17:38.634Z
sensor.stormbreaker_adaptivecharge_available_current_raw_a,6.31,2026-02-27T10:17:48.635Z
sensor.stormbreaker_adaptivecharge_available_current_raw_a,6.64,2026-02-27T10:17:58.635Z
sensor.stormbreaker_adaptivecharge_available_current_raw_a,6.65,2026-02-27T10:18:08.637Z
sensor.stormbreaker_adaptivecharge_available_current_raw_a,6.63,2026-02-27T10:18:18.639Z
sensor.stormbreaker_adaptivecharge_available_current_raw_a,6.64,2026-02-27T10:18:28.661Z
sensor.stormbreaker_adaptivecharge_available_current_raw_a,6.62,2026-02-27T10:18:48.664Z
sensor.stormbreaker_adaptivecharge_available_current_raw_a,4.9,2026-02-27T10:18:58.815Z
sensor.stormbreaker_adaptivecharge_available_current_raw_a,5.01,2026-02-27T10:19:08.665Z
sensor.stormbreaker_adaptivecharge_available_current_raw_a,4.98,2026-02-27T10:19:28.668Z
sensor.stormbreaker_adaptivecharge_available_current_raw_a,5.01,2026-02-27T10:19:38.668Z
sensor.stormbreaker_adaptivecharge_available_current_raw_a,5.0,2026-02-27T10:19:48.669Z
sensor.stormbreaker_adaptivecharge_available_current_raw_a,6.91,2026-02-27T10:20:00.678Z
sensor.stormbreaker_adaptivecharge_available_current_raw_a,7.93,2026-02-27T10:20:08.672Z
sensor.stormbreaker_adaptivecharge_available_current_raw_a,7.87,2026-02-27T10:20:18.672Z
sensor.stormbreaker_adaptivecharge_available_current_raw_a,7.91,2026-02-27T10:20:28.673Z
sensor.stormbreaker_adaptivecharge_available_current_raw_a,7.83,2026-02-27T10:20:38.673Z
sensor.stormbreaker_adaptivecharge_available_current_raw_a,7.86,2026-02-27T10:20:48.825Z
sensor.stormbreaker_adaptivecharge_available_current_raw_a,7.02,2026-02-27T10:20:58.676Z
sensor.stormbreaker_adaptivecharge_available_current_raw_a,7.03,2026-02-27T10:21:08.678Z
sensor.stormbreaker_adaptivecharge_available_current_raw_a,7.02,2026-02-27T10:21:18.679Z
sensor.stormbreaker_adaptivecharge_available_current_raw_a,7.0,2026-02-27T10:21:28.682Z
sensor.stormbreaker_adaptivecharge_available_current_raw_a,7.04,2026-02-27T10:21:38.683Z
sensor.stormbreaker_adaptivecharge_available_current_raw_a,7.1,2026-02-27T10:21:58.686Z
sensor.stormbreaker_adaptivecharge_available_current_raw_a,7.01,2026-02-27T10:22:08.688Z
sensor.stormbreaker_adaptivecharge_available_current_raw_a,7.08,2026-02-27T10:22:18.689Z
sensor.stormbreaker_adaptivecharge_available_current_raw_a,7.02,2026-02-27T10:22:28.690Z
sensor.stormbreaker_adaptivecharge_available_current_raw_a,7.03,2026-02-27T10:22:38.691Z
sensor.stormbreaker_adaptivecharge_available_current_raw_a,7.01,2026-02-27T10:22:48.691Z
sensor.stormbreaker_adaptivecharge_available_current_raw_a,7.03,2026-02-27T10:22:58.692Z
sensor.stormbreaker_adaptivecharge_available_current_raw_a,6.25,2026-02-27T10:23:08.692Z
sensor.stormbreaker_adaptivecharge_available_current_raw_a,6.29,2026-02-27T10:23:18.693Z
sensor.stormbreaker_adaptivecharge_available_current_raw_a,6.22,2026-02-27T10:23:28.694Z
sensor.stormbreaker_adaptivecharge_available_current_raw_a,6.24,2026-02-27T10:23:38.695Z
sensor.stormbreaker_adaptivecharge_available_current_raw_a,6.16,2026-02-27T10:23:48.697Z
sensor.stormbreaker_adaptivecharge_available_current_raw_a,6.19,2026-02-27T10:23:58.699Z
sensor.stormbreaker_adaptivecharge_available_current_raw_a,6.12,2026-02-27T10:24:08.699Z
sensor.stormbreaker_adaptivecharge_available_current_raw_a,6.08,2026-02-27T10:24:18.700Z
sensor.stormbreaker_adaptivecharge_available_current_raw_a,6.18,2026-02-27T10:24:28.701Z
sensor.stormbreaker_adaptivecharge_available_current_raw_a,6.16,2026-02-27T10:24:38.701Z
sensor.stormbreaker_adaptivecharge_available_current_raw_a,6.08,2026-02-27T10:24:48.706Z
sensor.stormbreaker_adaptivecharge_available_current_raw_a,6.15,2026-02-27T10:24:58.708Z
sensor.stormbreaker_adaptivecharge_available_current_raw_a,7.16,2026-02-27T10:25:08.709Z
sensor.stormbreaker_adaptivecharge_available_current_raw_a,7.09,2026-02-27T10:25:18.710Z
sensor.stormbreaker_adaptivecharge_available_current_raw_a,7.18,2026-02-27T10:25:28.711Z
sensor.stormbreaker_adaptivecharge_available_current_raw_a,7.14,2026-02-27T10:25:38.711Z
sensor.stormbreaker_adaptivecharge_available_current_raw_a,7.15,2026-02-27T10:25:48.712Z
sensor.stormbreaker_adaptivecharge_available_current_raw_a,7.09,2026-02-27T10:25:58.713Z
sensor.stormbreaker_adaptivecharge_available_current_raw_a,4.67,2026-02-27T10:26:08.858Z
sensor.stormbreaker_adaptivecharge_available_current_raw_a,3.68,2026-02-27T10:26:28.864Z
sensor.stormbreaker_adaptivecharge_available_current_raw_a,3.67,2026-02-27T10:26:38.862Z
sensor.stormbreaker_adaptivecharge_available_current_raw_a,3.68,2026-02-27T10:26:58.864Z
sensor.stormbreaker_adaptivecharge_available_current_raw_a,unavailable,2026-02-27T10:27:00.871Z
sensor.stormbreaker_adaptivecharge_available_current_raw_a,3.68,2026-02-27T10:27:00.880Z
sensor.stormbreaker_adaptivecharge_available_current_raw_a,5.36,2026-02-27T10:27:10.880Z
sensor.stormbreaker_adaptivecharge_available_current_raw_a,5.35,2026-02-27T10:27:20.881Z
sensor.stormbreaker_adaptivecharge_available_current_raw_a,5.34,2026-02-27T10:27:30.882Z
sensor.stormbreaker_adaptivecharge_available_current_raw_a,5.36,2026-02-27T10:27:40.882Z
sensor.stormbreaker_adaptivecharge_available_current_raw_a,5.37,2026-02-27T10:27:50.883Z
sensor.stormbreaker_adaptivecharge_available_current_raw_a,0.29,2026-02-27T10:28:00.884Z
sensor.stormbreaker_adaptivecharge_available_current_raw_a,5.31,2026-02-27T10:28:10.886Z
sensor.stormbreaker_adaptivecharge_available_current_raw_a,5.55,2026-02-27T10:28:20.887Z
sensor.stormbreaker_adaptivecharge_available_current_raw_a,8.59,2026-02-27T10:28:30.888Z
sensor.stormbreaker_adaptivecharge_available_current_raw_a,10.36,2026-02-27T10:28:40.890Z
sensor.stormbreaker_adaptivecharge_available_current_raw_a,10.35,2026-02-27T10:29:00.892Z
sensor.stormbreaker_adaptivecharge_available_current_raw_a,3.0,2026-02-27T10:29:16.193Z
sensor.stormbreaker_adaptivecharge_available_current_raw_a,2.0,2026-02-27T10:29:21.046Z
sensor.stormbreaker_adaptivecharge_available_current_raw_a,2.01,2026-02-27T10:29:31.035Z
sensor.stormbreaker_adaptivecharge_available_current_raw_a,1.99,2026-02-27T10:29:41.048Z
sensor.stormbreaker_adaptivecharge_available_current_raw_a,1.96,2026-02-27T10:29:50.898Z
sensor.stormbreaker_adaptivecharge_available_current_raw_a,-2.05,2026-02-27T10:30:00.897Z
sensor.stormbreaker_adaptivecharge_available_current_raw_a,2.67,2026-02-27T10:30:20.901Z
sensor.stormbreaker_adaptivecharge_available_current_raw_a,2.66,2026-02-27T10:30:40.901Z
sensor.stormbreaker_adaptivecharge_available_current_raw_a,2.67,2026-02-27T10:31:10.905Z
sensor.stormbreaker_adaptivecharge_available_current_raw_a,2.52,2026-02-27T10:31:20.905Z
sensor.stormbreaker_adaptivecharge_available_current_raw_a,2.49,2026-02-27T10:32:20.909Z
sensor.stormbreaker_adaptivecharge_available_current_raw_a,2.5,2026-02-27T10:32:50.911Z
sensor.stormbreaker_adaptivecharge_available_current_raw_a,3.03,2026-02-27T10:33:01.068Z
sensor.stormbreaker_adaptivecharge_available_current_raw_a,3.84,2026-02-27T10:33:10.913Z
sensor.stormbreaker_adaptivecharge_available_current_raw_a,2.54,2026-02-27T10:33:20.914Z
sensor.stormbreaker_adaptivecharge_available_current_raw_a,2.55,2026-02-27T10:33:30.916Z
sensor.stormbreaker_adaptivecharge_available_current_raw_a,2.57,2026-02-27T10:34:20.922Z
sensor.stormbreaker_adaptivecharge_available_current_raw_a,2.56,2026-02-27T10:34:30.924Z
sensor.stormbreaker_adaptivecharge_available_current_raw_a,2.57,2026-02-27T10:34:40.925Z
sensor.stormbreaker_adaptivecharge_available_current_raw_a,2.55,2026-02-27T10:34:50.926Z
sensor.stormbreaker_adaptivecharge_available_current_raw_a,2.56,2026-02-27T10:35:00.925Z
sensor.stormbreaker_adaptivecharge_available_current_raw_a,2.14,2026-02-27T10:35:20.926Z
sensor.stormbreaker_adaptivecharge_available_current_raw_a,2.15,2026-02-27T10:35:30.928Z
sensor.stormbreaker_adaptivecharge_available_current_raw_a,2.14,2026-02-27T10:35:50.929Z
sensor.stormbreaker_adaptivecharge_available_current_raw_a,2.15,2026-02-27T10:36:00.930Z
sensor.stormbreaker_adaptivecharge_available_current_raw_a,2.14,2026-02-27T10:36:20.933Z
sensor.stormbreaker_adaptivecharge_available_current_raw_a,2.51,2026-02-27T10:36:30.934Z
sensor.stormbreaker_adaptivecharge_available_current_raw_a,2.5,2026-02-27T10:36:40.935Z
sensor.stormbreaker_adaptivecharge_available_current_raw_a,2.49,2026-02-27T10:37:10.936Z
sensor.stormbreaker_adaptivecharge_available_current_raw_a,2.5,2026-02-27T10:37:20.938Z
sensor.stormbreaker_adaptivecharge_available_current_raw_a,2.48,2026-02-27T10:37:40.938Z
sensor.stormbreaker_adaptivecharge_available_current_raw_a,2.5,2026-02-27T10:37:50.939Z
sensor.stormbreaker_adaptivecharge_available_current_raw_a,2.49,2026-02-27T10:38:00.941Z
sensor.stormbreaker_adaptivecharge_available_current_raw_a,2.5,2026-02-27T10:38:20.943Z
sensor.stormbreaker_adaptivecharge_available_current_raw_a,2.23,2026-02-27T10:38:30.945Z
sensor.stormbreaker_adaptivecharge_available_current_raw_a,2.22,2026-02-27T10:38:40.946Z
sensor.stormbreaker_adaptivecharge_available_current_raw_a,2.23,2026-02-27T10:39:00.948Z
sensor.stormbreaker_adaptivecharge_available_current_raw_a,2.24,2026-02-27T10:39:10.949Z
sensor.stormbreaker_adaptivecharge_available_current_raw_a,2.23,2026-02-27T10:39:20.949Z
sensor.stormbreaker_adaptivecharge_available_current_raw_a,2.27,2026-02-27T10:39:30.951Z
sensor.stormbreaker_adaptivecharge_available_current_raw_a,2.26,2026-02-27T10:39:50.952Z
sensor.stormbreaker_adaptivecharge_available_current_raw_a,2.27,2026-02-27T10:40:00.953Z
sensor.stormbreaker_adaptivecharge_available_current_raw_a,2.26,2026-02-27T10:40:20.956Z
sensor.stormbreaker_adaptivecharge_available_current_raw_a,2.24,2026-02-27T10:40:30.958Z
sensor.stormbreaker_adaptivecharge_available_current_raw_a,2.23,2026-02-27T10:41:00.960Z
sensor.stormbreaker_adaptivecharge_available_current_raw_a,2.24,2026-02-27T10:41:10.962Z
sensor.stormbreaker_adaptivecharge_available_current_raw_a,2.3,2026-02-27T10:41:30.964Z
sensor.stormbreaker_adaptivecharge_available_current_raw_a,2.31,2026-02-27T10:41:40.964Z
sensor.stormbreaker_adaptivecharge_available_current_raw_a,2.3,2026-02-27T10:41:50.965Z
sensor.stormbreaker_adaptivecharge_available_current_raw_a,2.31,2026-02-27T10:42:00.967Z
sensor.stormbreaker_adaptivecharge_available_current_raw_a,2.3,2026-02-27T10:42:10.968Z
sensor.stormbreaker_adaptivecharge_available_current_raw_a,2.37,2026-02-27T10:42:40.970Z
sensor.stormbreaker_adaptivecharge_available_current_raw_a,2.36,2026-02-27T10:42:50.969Z
sensor.stormbreaker_adaptivecharge_available_current_raw_a,2.37,2026-02-27T10:43:00.970Z
sensor.stormbreaker_adaptivecharge_available_current_raw_a,2.36,2026-02-27T10:43:20.973Z
sensor.stormbreaker_adaptivecharge_available_current_raw_a,2.78,2026-02-27T10:43:40.975Z
sensor.stormbreaker_adaptivecharge_available_current_raw_a,2.79,2026-02-27T10:43:50.976Z
sensor.stormbreaker_adaptivecharge_available_current_raw_a,2.78,2026-02-27T10:44:00.976Z
sensor.stormbreaker_adaptivecharge_available_current_raw_a,3.29,2026-02-27T10:44:40.980Z
sensor.stormbreaker_adaptivecharge_available_current_raw_a,3.3,2026-02-27T10:44:50.981Z
sensor.stormbreaker_adaptivecharge_available_current_raw_a,3.29,2026-02-27T10:45:00.983Z
sensor.stormbreaker_adaptivecharge_available_current_raw_a,3.15,2026-02-27T10:45:40.989Z
sensor.stormbreaker_adaptivecharge_available_current_raw_a,3.08,2026-02-27T10:46:50.993Z
sensor.stormbreaker_adaptivecharge_available_current_raw_a,3.09,2026-02-27T10:47:30.996Z
sensor.stormbreaker_adaptivecharge_available_current_raw_a,3.08,2026-02-27T10:47:40.997Z
sensor.stormbreaker_adaptivecharge_available_current_raw_a,3.63,2026-02-27T10:47:50.998Z
sensor.stormbreaker_adaptivecharge_available_current_raw_a,3.64,2026-02-27T10:48:00.999Z
sensor.stormbreaker_adaptivecharge_available_current_raw_a,3.63,2026-02-27T10:48:11.000Z
sensor.stormbreaker_adaptivecharge_available_current_raw_a,3.64,2026-02-27T10:48:21.001Z
sensor.stormbreaker_adaptivecharge_available_current_raw_a,3.63,2026-02-27T10:48:41.002Z
sensor.stormbreaker_adaptivecharge_available_current_raw_a,3.78,2026-02-27T10:48:51.003Z
sensor.stormbreaker_adaptivecharge_available_current_raw_a,3.79,2026-02-27T10:49:21.103Z
sensor.stormbreaker_adaptivecharge_available_current_raw_a,3.77,2026-02-27T10:49:41.107Z
sensor.stormbreaker_adaptivecharge_available_current_raw_a,3.6,2026-02-27T10:49:51.107Z
sensor.stormbreaker_adaptivecharge_available_current_raw_a,3.61,2026-02-27T10:50:11.109Z
sensor.stormbreaker_adaptivecharge_available_current_raw_a,3.33,2026-02-27T10:50:51.367Z
sensor.stormbreaker_adaptivecharge_available_current_raw_a,3.34,2026-02-27T10:51:11.369Z
sensor.stormbreaker_adaptivecharge_available_current_raw_a,3.35,2026-02-27T10:51:51.431Z
sensor.stormbreaker_adaptivecharge_available_current_raw_a,3.02,2026-02-27T10:52:01.433Z
sensor.stormbreaker_adaptivecharge_available_current_raw_a,3.03,2026-02-27T10:52:21.434Z
sensor.stormbreaker_adaptivecharge_available_current_raw_a,2.93,2026-02-27T10:53:01.438Z
sensor.stormbreaker_adaptivecharge_available_current_raw_a,2.9,2026-02-27T10:53:41.441Z
sensor.stormbreaker_adaptivecharge_available_current_raw_a,2.91,2026-02-27T10:53:51.442Z
sensor.stormbreaker_adaptivecharge_available_current_raw_a,3.56,2026-02-27T10:54:01.443Z
sensor.stormbreaker_adaptivecharge_available_current_raw_a,3.54,2026-02-27T10:54:11.443Z
sensor.stormbreaker_adaptivecharge_available_current_raw_a,3.53,2026-02-27T10:54:21.444Z
sensor.stormbreaker_adaptivecharge_available_current_raw_a,3.61,2026-02-27T10:54:31.444Z
sensor.stormbreaker_adaptivecharge_available_current_raw_a,3.51,2026-02-27T10:54:41.445Z
sensor.stormbreaker_adaptivecharge_available_current_raw_a,6.19,2026-02-27T10:55:07.886Z
sensor.stormbreaker_adaptivecharge_available_current_raw_a,8.27,2026-02-27T10:55:11.447Z
sensor.stormbreaker_adaptivecharge_available_current_raw_a,8.28,2026-02-27T10:55:21.447Z
sensor.stormbreaker_adaptivecharge_available_current_raw_a,8.35,2026-02-27T10:55:31.448Z
sensor.stormbreaker_adaptivecharge_available_current_raw_a,8.36,2026-02-27T10:55:41.448Z
sensor.stormbreaker_adaptivecharge_available_current_raw_a,8.37,2026-02-27T10:55:51.450Z
sensor.stormbreaker_adaptivecharge_available_current_raw_a,5.56,2026-02-27T10:56:03.894Z
sensor.stormbreaker_adaptivecharge_available_current_raw_a,6.56,2026-02-27T10:56:11.455Z
sensor.stormbreaker_adaptivecharge_available_current_raw_a,6.46,2026-02-27T10:56:21.455Z
sensor.stormbreaker_adaptivecharge_available_current_raw_a,6.45,2026-02-27T10:56:31.457Z
sensor.stormbreaker_adaptivecharge_available_current_raw_a,6.46,2026-02-27T10:56:41.458Z
sensor.stormbreaker_adaptivecharge_available_current_raw_a,6.56,2026-02-27T10:56:51.459Z
sensor.stormbreaker_adaptivecharge_available_current_raw_a,4.15,2026-02-27T10:57:01.459Z
sensor.stormbreaker_adaptivecharge_available_current_raw_a,4.13,2026-02-27T10:57:19.402Z
sensor.stormbreaker_adaptivecharge_available_current_raw_a,3.05,2026-02-27T10:57:21.609Z
sensor.stormbreaker_adaptivecharge_available_current_raw_a,3.06,2026-02-27T10:57:41.606Z
sensor.stormbreaker_adaptivecharge_available_current_raw_a,-0.93,2026-02-27T10:58:01.466Z
sensor.stormbreaker_adaptivecharge_available_current_raw_a,3.29,2026-02-27T10:58:11.466Z
sensor.stormbreaker_adaptivecharge_available_current_raw_a,2.68,2026-02-27T10:59:11.477Z
sensor.stormbreaker_adaptivecharge_available_current_raw_a,2.66,2026-02-27T10:59:51.483Z
sensor.stormbreaker_adaptivecharge_available_charge_current_raw_floored_a,5,2026-02-27T10:00:00.000Z
sensor.stormbreaker_adaptivecharge_available_charge_current_raw_floored_a,4,2026-02-27T10:06:38.699Z
sensor.stormbreaker_adaptivecharge_available_charge_current_raw_floored_a,3,2026-02-27T10:06:58.702Z
sensor.stormbreaker_adaptivecharge_available_charge_current_raw_floored_a,4,2026-02-27T10:07:38.562Z
sensor.stormbreaker_adaptivecharge_available_charge_current_raw_floored_a,5,2026-02-27T10:08:38.568Z
sensor.stormbreaker_adaptivecharge_available_charge_current_raw_floored_a,7,2026-02-27T10:10:48.580Z
sensor.stormbreaker_adaptivecharge_available_charge_current_raw_floored_a,5,2026-02-27T10:11:48.584Z
sensor.stormbreaker_adaptivecharge_available_charge_current_raw_floored_a,6,2026-02-27T10:13:48.608Z
sensor.stormbreaker_adaptivecharge_available_charge_current_raw_floored_a,4,2026-02-27T10:18:58.815Z
sensor.stormbreaker_adaptivecharge_available_charge_current_raw_floored_a,5,2026-02-27T10:19:08.665Z
sensor.stormbreaker_adaptivecharge_available_charge_current_raw_floored_a,4,2026-02-27T10:19:28.668Z
sensor.stormbreaker_adaptivecharge_available_charge_current_raw_floored_a,5,2026-02-27T10:19:38.668Z
sensor.stormbreaker_adaptivecharge_available_charge_current_raw_floored_a,4,2026-02-27T10:19:48.670Z
sensor.stormbreaker_adaptivecharge_available_charge_current_raw_floored_a,6,2026-02-27T10:20:00.678Z
sensor.stormbreaker_adaptivecharge_available_charge_current_raw_floored_a,7,2026-02-27T10:20:08.672Z
sensor.stormbreaker_adaptivecharge_available_charge_current_raw_floored_a,6,2026-02-27T10:23:08.693Z
sensor.stormbreaker_adaptivecharge_available_charge_current_raw_floored_a,7,2026-02-27T10:25:08.709Z
sensor.stormbreaker_adaptivecharge_available_charge_current_raw_floored_a,4,2026-02-27T10:26:08.859Z
sensor.stormbreaker_adaptivecharge_available_charge_current_raw_floored_a,3,2026-02-27T10:26:28.865Z
sensor.stormbreaker_adaptivecharge_available_charge_current_raw_floored_a,unavailable,2026-02-27T10:27:00.871Z
sensor.stormbreaker_adaptivecharge_available_charge_current_raw_floored_a,3,2026-02-27T10:27:00.881Z
sensor.stormbreaker_adaptivecharge_available_charge_current_raw_floored_a,5,2026-02-27T10:27:10.881Z
sensor.stormbreaker_adaptivecharge_available_charge_current_raw_floored_a,0,2026-02-27T10:28:00.885Z
sensor.stormbreaker_adaptivecharge_available_charge_current_raw_floored_a,5,2026-02-27T10:28:10.886Z
sensor.stormbreaker_adaptivecharge_available_charge_current_raw_floored_a,8,2026-02-27T10:28:30.888Z
sensor.stormbreaker_adaptivecharge_available_charge_current_raw_floored_a,10,2026-02-27T10:28:40.891Z
sensor.stormbreaker_adaptivecharge_available_charge_current_raw_floored_a,2,2026-02-27T10:29:16.194Z
sensor.stormbreaker_adaptivecharge_available_charge_current_raw_floored_a,1,2026-02-27T10:29:21.046Z
sensor.stormbreaker_adaptivecharge_available_charge_current_raw_floored_a,2,2026-02-27T10:29:31.036Z
sensor.stormbreaker_adaptivecharge_available_charge_current_raw_floored_a,1,2026-02-27T10:29:41.048Z
sensor.stormbreaker_adaptivecharge_available_charge_current_raw_floored_a,0,2026-02-27T10:30:00.897Z
sensor.stormbreaker_adaptivecharge_available_charge_current_raw_floored_a,2,2026-02-27T10:30:20.901Z
sensor.stormbreaker_adaptivecharge_available_charge_current_raw_floored_a,3,2026-02-27T10:33:01.068Z
sensor.stormbreaker_adaptivecharge_available_charge_current_raw_floored_a,2,2026-02-27T10:33:20.914Z
sensor.stormbreaker_adaptivecharge_available_charge_current_raw_floored_a,3,2026-02-27T10:44:40.981Z
sensor.stormbreaker_adaptivecharge_available_charge_current_raw_floored_a,2,2026-02-27T10:53:01.438Z
sensor.stormbreaker_adaptivecharge_available_charge_current_raw_floored_a,3,2026-02-27T10:54:01.443Z
sensor.stormbreaker_adaptivecharge_available_charge_current_raw_floored_a,6,2026-02-27T10:55:07.886Z
sensor.stormbreaker_adaptivecharge_available_charge_current_raw_floored_a,8,2026-02-27T10:55:11.448Z
sensor.stormbreaker_adaptivecharge_available_charge_current_raw_floored_a,5,2026-02-27T10:56:03.895Z
sensor.stormbreaker_adaptivecharge_available_charge_current_raw_floored_a,6,2026-02-27T10:56:11.456Z
sensor.stormbreaker_adaptivecharge_available_charge_current_raw_floored_a,4,2026-02-27T10:57:01.460Z
sensor.stormbreaker_adaptivecharge_available_charge_current_raw_floored_a,3,2026-02-27T10:57:21.610Z
sensor.stormbreaker_adaptivecharge_available_charge_current_raw_floored_a,0,2026-02-27T10:58:01.466Z
sensor.stormbreaker_adaptivecharge_available_charge_current_raw_floored_a,3,2026-02-27T10:58:11.467Z
sensor.stormbreaker_adaptivecharge_available_charge_current_raw_floored_a,2,2026-02-27T10:59:11.477Z
sensor.stormbreaker_adaptivecharge_available_charge_current_smoothed_a,5.82,2026-02-27T10:00:00.000Z
sensor.stormbreaker_adaptivecharge_available_charge_current_smoothed_a,5.85,2026-02-27T10:00:08.502Z
sensor.stormbreaker_adaptivecharge_available_charge_current_smoothed_a,5.83,2026-02-27T10:00:18.502Z
sensor.stormbreaker_adaptivecharge_available_charge_current_smoothed_a,5.82,2026-02-27T10:00:28.502Z
sensor.stormbreaker_adaptivecharge_available_charge_current_smoothed_a,5.8,2026-02-27T10:00:38.504Z
sensor.stormbreaker_adaptivecharge_available_charge_current_smoothed_a,5.79,2026-02-27T10:00:48.505Z
sensor.stormbreaker_adaptivecharge_available_charge_current_smoothed_a,5.78,2026-02-27T10:00:58.505Z
sensor.stormbreaker_adaptivecharge_available_charge_current_smoothed_a,5.77,2026-02-27T10:01:08.506Z
sensor.stormbreaker_adaptivecharge_available_charge_current_smoothed_a,5.76,2026-02-27T10:01:18.506Z
sensor.stormbreaker_adaptivecharge_available_charge_current_smoothed_a,5.77,2026-02-27T10:01:28.506Z
sensor.stormbreaker_adaptivecharge_available_charge_current_smoothed_a,5.78,2026-02-27T10:01:48.507Z
sensor.stormbreaker_adaptivecharge_available_charge_current_smoothed_a,5.79,2026-02-27T10:02:08.508Z
sensor.stormbreaker_adaptivecharge_available_charge_current_smoothed_a,5.78,2026-02-27T10:02:28.508Z
sensor.stormbreaker_adaptivecharge_available_charge_current_smoothed_a,5.76,2026-02-27T10:02:38.511Z
sensor.stormbreaker_adaptivecharge_available_charge_current_smoothed_a,5.75,2026-02-27T10:02:48.512Z
sensor.stormbreaker_adaptivecharge_available_charge_current_smoothed_a,5.73,2026-02-27T10:02:58.513Z
sensor.stormbreaker_adaptivecharge_available_charge_current_smoothed_a,5.71,2026-02-27T10:03:08.514Z
sensor.stormbreaker_adaptivecharge_available_charge_current_smoothed_a,5.7,2026-02-27T10:03:18.515Z
sensor.stormbreaker_adaptivecharge_available_charge_current_smoothed_a,5.69,2026-02-27T10:03:28.515Z
sensor.stormbreaker_adaptivecharge_available_charge_current_smoothed_a,5.68,2026-02-27T10:03:38.518Z
sensor.stormbreaker_adaptivecharge_available_charge_current_smoothed_a,5.67,2026-02-27T10:03:58.532Z
sensor.stormbreaker_adaptivecharge_available_charge_current_smoothed_a,5.66,2026-02-27T10:04:18.535Z
sensor.stormbreaker_adaptivecharge_available_charge_current_smoothed_a,5.67,2026-02-27T10:04:28.536Z
sensor.stormbreaker_adaptivecharge_available_charge_current_smoothed_a,5.68,2026-02-27T10:04:38.537Z
sensor.stormbreaker_adaptivecharge_available_charge_current_smoothed_a,5.69,2026-02-27T10:04:48.538Z
sensor.stormbreaker_adaptivecharge_available_charge_current_smoothed_a,5.71,2026-02-27T10:04:58.537Z
sensor.stormbreaker_adaptivecharge_available_charge_current_smoothed_a,5.72,2026-02-27T10:05:08.538Z
sensor.stormbreaker_adaptivecharge_available_charge_current_smoothed_a,5.73,2026-02-27T10:05:18.540Z
sensor.stormbreaker_adaptivecharge_available_charge_current_smoothed_a,5.68,2026-02-27T10:05:28.542Z
sensor.stormbreaker_adaptivecharge_available_charge_current_smoothed_a,5.63,2026-02-27T10:05:38.542Z
sensor.stormbreaker_adaptivecharge_available_charge_current_smoothed_a,5.58,2026-02-27T10:05:48.543Z
sensor.stormbreaker_adaptivecharge_available_charge_current_smoothed_a,5.54,2026-02-27T10:05:58.544Z
sensor.stormbreaker_adaptivecharge_available_charge_current_smoothed_a,5.49,2026-02-27T10:06:08.552Z
sensor.stormbreaker_adaptivecharge_available_charge_current_smoothed_a,5.44,2026-02-27T10:06:18.554Z
sensor.stormbreaker_adaptivecharge_available_charge_current_smoothed_a,5.39,2026-02-27T10:06:28.554Z
sensor.stormbreaker_adaptivecharge_available_charge_current_smoothed_a,5.28,2026-02-27T10:06:38.700Z
sensor.stormbreaker_adaptivecharge_available_charge_current_smoothed_a,5.16,2026-02-27T10:06:54.830Z
sensor.stormbreaker_adaptivecharge_available_charge_current_smoothed_a,4.96,2026-02-27T10:06:58.702Z
sensor.stormbreaker_adaptivecharge_available_charge_current_smoothed_a,4.77,2026-02-27T10:07:08.714Z
sensor.stormbreaker_adaptivecharge_available_charge_current_smoothed_a,4.57,2026-02-27T10:07:18.708Z
sensor.stormbreaker_adaptivecharge_available_charge_current_smoothed_a,4.43,2026-02-27T10:07:28.560Z
sensor.stormbreaker_adaptivecharge_available_charge_current_smoothed_a,4.38,2026-02-27T10:07:38.562Z
sensor.stormbreaker_adaptivecharge_available_charge_current_smoothed_a,4.32,2026-02-27T10:07:48.564Z
sensor.stormbreaker_adaptivecharge_available_charge_current_smoothed_a,4.26,2026-02-27T10:07:58.565Z
sensor.stormbreaker_adaptivecharge_available_charge_current_smoothed_a,4.2,2026-02-27T10:08:08.566Z
sensor.stormbreaker_adaptivecharge_available_charge_current_smoothed_a,4.15,2026-02-27T10:08:18.566Z
sensor.stormbreaker_adaptivecharge_available_charge_current_smoothed_a,4.09,2026-02-27T10:08:28.568Z
sensor.stormbreaker_adaptivecharge_available_charge_current_smoothed_a,4.21,2026-02-27T10:08:38.568Z
sensor.stormbreaker_adaptivecharge_available_charge_current_smoothed_a,4.33,2026-02-27T10:08:48.569Z
sensor.stormbreaker_adaptivecharge_available_charge_current_smoothed_a,4.53,2026-02-27T10:08:58.569Z
sensor.stormbreaker_adaptivecharge_available_charge_current_smoothed_a,4.74,2026-02-27T10:09:08.571Z
sensor.stormbreaker_adaptivecharge_available_charge_current_smoothed_a,4.94,2026-02-27T10:09:18.572Z
sensor.stormbreaker_adaptivecharge_available_charge_current_smoothed_a,5.14,2026-02-27T10:09:28.573Z
sensor.stormbreaker_adaptivecharge_available_charge_current_smoothed_a,5.26,2026-02-27T10:09:38.574Z
sensor.stormbreaker_adaptivecharge_available_charge_current_smoothed_a,5.38,2026-02-27T10:09:48.575Z
sensor.stormbreaker_adaptivecharge_available_charge_current_smoothed_a,5.5,2026-02-27T10:09:58.576Z
sensor.stormbreaker_adaptivecharge_available_charge_current_smoothed_a,5.62,2026-02-27T10:10:08.577Z
sensor.stormbreaker_adaptivecharge_available_charge_current_smoothed_a,5.74,2026-02-27T10:10:18.578Z
sensor.stormbreaker_adaptivecharge_available_charge_current_smoothed_a,5.86,2026-02-27T10:10:28.579Z
sensor.stormbreaker_adaptivecharge_available_charge_current_smoothed_a,6.01,2026-02-27T10:10:48.580Z
sensor.stormbreaker_adaptivecharge_available_charge_current_smoothed_a,6.16,2026-02-27T10:10:58.723Z
sensor.stormbreaker_adaptivecharge_available_charge_current_smoothed_a,6.31,2026-02-27T10:11:08.581Z
sensor.stormbreaker_adaptivecharge_available_charge_current_smoothed_a,6.46,2026-02-27T10:11:18.582Z
sensor.stormbreaker_adaptivecharge_available_charge_current_smoothed_a,6.6,2026-02-27T10:11:28.583Z
sensor.stormbreaker_adaptivecharge_available_charge_current_smoothed_a,6.75,2026-02-27T10:11:38.584Z
sensor.stormbreaker_adaptivecharge_available_charge_current_smoothed_a,6.76,2026-02-27T10:12:18.589Z
sensor.stormbreaker_adaptivecharge_available_charge_current_smoothed_a,6.75,2026-02-27T10:12:28.589Z
sensor.stormbreaker_adaptivecharge_available_charge_current_smoothed_a,6.76,2026-02-27T10:12:38.590Z
sensor.stormbreaker_adaptivecharge_available_charge_current_smoothed_a,6.62,2026-02-27T10:12:48.591Z
sensor.stormbreaker_adaptivecharge_available_charge_current_smoothed_a,6.49,2026-02-27T10:12:58.590Z
sensor.stormbreaker_adaptivecharge_available_charge_current_smoothed_a,6.35,2026-02-27T10:13:08.593Z
sensor.stormbreaker_adaptivecharge_available_charge_current_smoothed_a,6.21,2026-02-27T10:13:18.594Z
sensor.stormbreaker_adaptivecharge_available_charge_current_smoothed_a,6.08,2026-02-27T10:13:28.604Z
sensor.stormbreaker_adaptivecharge_available_charge_current_smoothed_a,5.94,2026-02-27T10:13:38.607Z
sensor.stormbreaker_adaptivecharge_available_charge_current_smoothed_a,5.96,2026-02-27T10:13:48.608Z
sensor.stormbreaker_adaptivecharge_available_charge_current_smoothed_a,5.97,2026-02-27T10:13:58.608Z
sensor.stormbreaker_adaptivecharge_available_charge_current_smoothed_a,5.99,2026-02-27T10:14:08.609Z
sensor.stormbreaker_adaptivecharge_available_charge_current_smoothed_a,6.0,2026-02-27T10:14:18.610Z
sensor.stormbreaker_adaptivecharge_available_charge_current_smoothed_a,6.02,2026-02-27T10:14:28.611Z
sensor.stormbreaker_adaptivecharge_available_charge_current_smoothed_a,6.03,2026-02-27T10:14:38.612Z
sensor.stormbreaker_adaptivecharge_available_charge_current_smoothed_a,6.05,2026-02-27T10:14:48.613Z
sensor.stormbreaker_adaptivecharge_available_charge_current_smoothed_a,6.06,2026-02-27T10:14:58.616Z
sensor.stormbreaker_adaptivecharge_available_charge_current_smoothed_a,6.08,2026-02-27T10:15:08.616Z
sensor.stormbreaker_adaptivecharge_available_charge_current_smoothed_a,6.09,2026-02-27T10:15:18.617Z
sensor.stormbreaker_adaptivecharge_available_charge_current_smoothed_a,6.1,2026-02-27T10:15:28.618Z
sensor.stormbreaker_adaptivecharge_available_charge_current_smoothed_a,6.11,2026-02-27T10:15:38.620Z
sensor.stormbreaker_adaptivecharge_available_charge_current_smoothed_a,6.13,2026-02-27T10:15:48.621Z
sensor.stormbreaker_adaptivecharge_available_charge_current_smoothed_a,6.15,2026-02-27T10:15:58.623Z
sensor.stormbreaker_adaptivecharge_available_charge_current_smoothed_a,6.17,2026-02-27T10:16:08.624Z
sensor.stormbreaker_adaptivecharge_available_charge_current_smoothed_a,6.19,2026-02-27T10:16:18.624Z
sensor.stormbreaker_adaptivecharge_available_charge_current_smoothed_a,6.21,2026-02-27T10:16:28.627Z
sensor.stormbreaker_adaptivecharge_available_charge_current_smoothed_a,6.23,2026-02-27T10:16:38.629Z
sensor.stormbreaker_adaptivecharge_available_charge_current_smoothed_a,6.25,2026-02-27T10:16:48.629Z
sensor.stormbreaker_adaptivecharge_available_charge_current_smoothed_a,6.26,2026-02-27T10:16:58.631Z
sensor.stormbreaker_adaptivecharge_available_charge_current_smoothed_a,6.28,2026-02-27T10:17:08.632Z
sensor.stormbreaker_adaptivecharge_available_charge_current_smoothed_a,6.29,2026-02-27T10:17:18.633Z
sensor.stormbreaker_adaptivecharge_available_charge_current_smoothed_a,6.31,2026-02-27T10:17:28.634Z
sensor.stormbreaker_adaptivecharge_available_charge_current_smoothed_a,6.33,2026-02-27T10:17:38.635Z
sensor.stormbreaker_adaptivecharge_available_charge_current_smoothed_a,6.35,2026-02-27T10:17:58.636Z
sensor.stormbreaker_adaptivecharge_available_charge_current_smoothed_a,6.38,2026-02-27T10:18:08.638Z
sensor.stormbreaker_adaptivecharge_available_charge_current_smoothed_a,6.41,2026-02-27T10:18:18.640Z
sensor.stormbreaker_adaptivecharge_available_charge_current_smoothed_a,6.43,2026-02-27T10:18:28.661Z
sensor.stormbreaker_adaptivecharge_available_charge_current_smoothed_a,6.46,2026-02-27T10:18:38.664Z
sensor.stormbreaker_adaptivecharge_available_charge_current_smoothed_a,6.48,2026-02-27T10:18:48.665Z
sensor.stormbreaker_adaptivecharge_available_charge_current_smoothed_a,6.36,2026-02-27T10:18:58.816Z
sensor.stormbreaker_adaptivecharge_available_charge_current_smoothed_a,6.25,2026-02-27T10:19:08.666Z
sensor.stormbreaker_adaptivecharge_available_charge_current_smoothed_a,6.14,2026-02-27T10:19:18.667Z
sensor.stormbreaker_adaptivecharge_available_charge_current_smoothed_a,6.03,2026-02-27T10:19:28.668Z
sensor.stormbreaker_adaptivecharge_available_charge_current_smoothed_a,5.92,2026-02-27T10:19:38.669Z
sensor.stormbreaker_adaptivecharge_available_charge_current_smoothed_a,5.81,2026-02-27T10:19:48.670Z
sensor.stormbreaker_adaptivecharge_available_charge_current_smoothed_a,5.83,2026-02-27T10:20:00.678Z
sensor.stormbreaker_adaptivecharge_available_charge_current_smoothed_a,5.94,2026-02-27T10:20:08.673Z
sensor.stormbreaker_adaptivecharge_available_charge_current_smoothed_a,6.04,2026-02-27T10:20:18.673Z
sensor.stormbreaker_adaptivecharge_available_charge_current_smoothed_a,6.15,2026-02-27T10:20:28.674Z
sensor.stormbreaker_adaptivecharge_available_charge_current_smoothed_a,6.25,2026-02-27T10:20:38.674Z
sensor.stormbreaker_adaptivecharge_available_charge_current_smoothed_a,6.35,2026-02-27T10:20:48.825Z
sensor.stormbreaker_adaptivecharge_available_charge_current_smoothed_a,6.53,2026-02-27T10:20:58.677Z
sensor.stormbreaker_adaptivecharge_available_charge_current_smoothed_a,6.7,2026-02-27T10:21:08.679Z
sensor.stormbreaker_adaptivecharge_available_charge_current_smoothed_a,6.86,2026-02-27T10:21:18.680Z
sensor.stormbreaker_adaptivecharge_available_charge_current_smoothed_a,7.03,2026-02-27T10:21:28.683Z
sensor.stormbreaker_adaptivecharge_available_charge_current_smoothed_a,7.2,2026-02-27T10:21:38.683Z
sensor.stormbreaker_adaptivecharge_available_charge_current_smoothed_a,7.37,2026-02-27T10:21:48.686Z
sensor.stormbreaker_adaptivecharge_available_charge_current_smoothed_a,7.39,2026-02-27T10:21:58.687Z
sensor.stormbreaker_adaptivecharge_available_charge_current_smoothed_a,7.31,2026-02-27T10:22:08.689Z
sensor.stormbreaker_adaptivecharge_available_charge_current_smoothed_a,7.24,2026-02-27T10:22:18.690Z
sensor.stormbreaker_adaptivecharge_available_charge_current_smoothed_a,7.17,2026-02-27T10:22:28.691Z
sensor.stormbreaker_adaptivecharge_available_charge_current_smoothed_a,7.1,2026-02-27T10:22:38.692Z
sensor.stormbreaker_adaptivecharge_available_charge_current_smoothed_a,7.03,2026-02-27T10:22:48.692Z
sensor.stormbreaker_adaptivecharge_available_charge_current_smoothed_a,6.97,2026-02-27T10:23:08.693Z
sensor.stormbreaker_adaptivecharge_available_charge_current_smoothed_a,6.91,2026-02-27T10:23:18.694Z
sensor.stormbreaker_adaptivecharge_available_charge_current_smoothed_a,6.84,2026-02-27T10:23:28.695Z
sensor.stormbreaker_adaptivecharge_available_charge_current_smoothed_a,6.78,2026-02-27T10:23:38.695Z
sensor.stormbreaker_adaptivecharge_available_charge_current_smoothed_a,6.7,2026-02-27T10:23:48.698Z
sensor.stormbreaker_adaptivecharge_available_charge_current_smoothed_a,6.63,2026-02-27T10:23:58.700Z
sensor.stormbreaker_adaptivecharge_available_charge_current_smoothed_a,6.55,2026-02-27T10:24:08.700Z
sensor.stormbreaker_adaptivecharge_available_charge_current_smoothed_a,6.47,2026-02-27T10:24:18.701Z
sensor.stormbreaker_adaptivecharge_available_charge_current_smoothed_a,6.4,2026-02-27T10:24:28.701Z
sensor.stormbreaker_adaptivecharge_available_charge_current_smoothed_a,6.33,2026-02-27T10:24:38.702Z
sensor.stormbreaker_adaptivecharge_available_charge_current_smoothed_a,6.25,2026-02-27T10:24:48.706Z
sensor.stormbreaker_adaptivecharge_available_charge_current_smoothed_a,6.18,2026-02-27T10:24:58.709Z
sensor.stormbreaker_adaptivecharge_available_charge_current_smoothed_a,6.25,2026-02-27T10:25:08.710Z
sensor.stormbreaker_adaptivecharge_available_charge_current_smoothed_a,6.32,2026-02-27T10:25:18.711Z
sensor.stormbreaker_adaptivecharge_available_charge_current_smoothed_a,6.4,2026-02-27T10:25:28.711Z
sensor.stormbreaker_adaptivecharge_available_charge_current_smoothed_a,6.47,2026-02-27T10:25:38.712Z
sensor.stormbreaker_adaptivecharge_available_charge_current_smoothed_a,6.56,2026-02-27T10:25:48.713Z
sensor.stormbreaker_adaptivecharge_available_charge_current_smoothed_a,6.63,2026-02-27T10:25:58.714Z
sensor.stormbreaker_adaptivecharge_available_charge_current_smoothed_a,6.51,2026-02-27T10:26:08.859Z
sensor.stormbreaker_adaptivecharge_available_charge_current_smoothed_a,6.39,2026-02-27T10:26:20.990Z
sensor.stormbreaker_adaptivecharge_available_charge_current_smoothed_a,6.18,2026-02-27T10:26:28.865Z
sensor.stormbreaker_adaptivecharge_available_charge_current_smoothed_a,5.98,2026-02-27T10:26:38.862Z
sensor.stormbreaker_adaptivecharge_available_charge_current_smoothed_a,5.78,2026-02-27T10:26:48.871Z
sensor.stormbreaker_adaptivecharge_available_charge_current_smoothed_a,5.57,2026-02-27T10:26:58.864Z
sensor.stormbreaker_adaptivecharge_available_charge_current_smoothed_a,unavailable,2026-02-27T10:27:00.871Z
sensor.stormbreaker_adaptivecharge_available_charge_current_smoothed_a,3.68,2026-02-27T10:27:00.881Z
sensor.stormbreaker_adaptivecharge_available_charge_current_smoothed_a,4.52,2026-02-27T10:27:10.881Z
sensor.stormbreaker_adaptivecharge_available_charge_current_smoothed_a,4.8,2026-02-27T10:27:20.882Z
sensor.stormbreaker_adaptivecharge_available_charge_current_smoothed_a,4.93,2026-02-27T10:27:30.882Z
sensor.stormbreaker_adaptivecharge_available_charge_current_smoothed_a,5.02,2026-02-27T10:27:40.882Z
sensor.stormbreaker_adaptivecharge_available_charge_current_smoothed_a,5.08,2026-02-27T10:27:50.884Z
sensor.stormbreaker_adaptivecharge_available_charge_current_smoothed_a,4.39,2026-02-27T10:28:00.885Z
sensor.stormbreaker_adaptivecharge_available_charge_current_smoothed_a,4.51,2026-02-27T10:28:10.886Z
sensor.stormbreaker_adaptivecharge_available_charge_current_smoothed_a,4.62,2026-02-27T10:28:20.888Z
sensor.stormbreaker_adaptivecharge_available_charge_current_smoothed_a,5.02,2026-02-27T10:28:30.889Z
sensor.stormbreaker_adaptivecharge_available_charge_current_smoothed_a,5.51,2026-02-27T10:28:40.891Z
sensor.stormbreaker_adaptivecharge_available_charge_current_smoothed_a,5.91,2026-02-27T10:28:50.891Z
sensor.stormbreaker_adaptivecharge_available_charge_current_smoothed_a,6.47,2026-02-27T10:29:00.892Z
sensor.stormbreaker_adaptivecharge_available_charge_current_smoothed_a,6.27,2026-02-27T10:29:16.194Z
sensor.stormbreaker_adaptivecharge_available_charge_current_smoothed_a,5.99,2026-02-27T10:29:21.046Z
sensor.stormbreaker_adaptivecharge_available_charge_current_smoothed_a,5.71,2026-02-27T10:29:31.036Z
sensor.stormbreaker_adaptivecharge_available_charge_current_smoothed_a,5.43,2026-02-27T10:29:41.048Z
sensor.stormbreaker_adaptivecharge_available_charge_current_smoothed_a,5.15,2026-02-27T10:29:50.899Z
sensor.stormbreaker_adaptivecharge_available_charge_current_smoothed_a,4.95,2026-02-27T10:30:00.897Z
sensor.stormbreaker_adaptivecharge_available_charge_current_smoothed_a,4.34,2026-02-27T10:30:10.901Z
sensor.stormbreaker_adaptivecharge_available_charge_current_smoothed_a,4.1,2026-02-27T10:30:20.901Z
sensor.stormbreaker_adaptivecharge_available_charge_current_smoothed_a,3.61,2026-02-27T10:30:30.902Z
sensor.stormbreaker_adaptivecharge_available_charge_current_smoothed_a,2.96,2026-02-27T10:30:40.901Z
sensor.stormbreaker_adaptivecharge_available_charge_current_smoothed_a,2.32,2026-02-27T10:30:50.903Z
sensor.stormbreaker_adaptivecharge_available_charge_current_smoothed_a,1.68,2026-02-27T10:31:00.906Z
sensor.stormbreaker_adaptivecharge_available_charge_current_smoothed_a,1.65,2026-02-27T10:31:10.906Z
sensor.stormbreaker_adaptivecharge_available_charge_current_smoothed_a,1.7,2026-02-27T10:31:20.906Z
sensor.stormbreaker_adaptivecharge_available_charge_current_smoothed_a,1.74,2026-02-27T10:31:30.905Z
sensor.stormbreaker_adaptivecharge_available_charge_current_smoothed_a,1.79,2026-02-27T10:31:40.908Z
sensor.stormbreaker_adaptivecharge_available_charge_current_smoothed_a,1.83,2026-02-27T10:31:50.908Z
sensor.stormbreaker_adaptivecharge_available_charge_current_smoothed_a,2.21,2026-02-27T10:32:00.908Z
sensor.stormbreaker_adaptivecharge_available_charge_current_smoothed_a,2.59,2026-02-27T10:32:10.909Z
sensor.stormbreaker_adaptivecharge_available_charge_current_smoothed_a,2.58,2026-02-27T10:32:20.910Z
sensor.stormbreaker_adaptivecharge_available_charge_current_smoothed_a,2.56,2026-02-27T10:32:30.910Z
sensor.stormbreaker_adaptivecharge_available_charge_current_smoothed_a,2.55,2026-02-27T10:32:40.910Z
sensor.stormbreaker_adaptivecharge_available_charge_current_smoothed_a,2.54,2026-02-27T10:32:50.912Z
sensor.stormbreaker_adaptivecharge_available_charge_current_smoothed_a,2.57,2026-02-27T10:33:01.069Z
sensor.stormbreaker_adaptivecharge_available_charge_current_smoothed_a,2.66,2026-02-27T10:33:10.914Z
sensor.stormbreaker_adaptivecharge_available_charge_current_smoothed_a,2.67,2026-02-27T10:33:20.915Z
sensor.stormbreaker_adaptivecharge_available_charge_current_smoothed_a,2.68,2026-02-27T10:34:10.922Z
sensor.stormbreaker_adaptivecharge_available_charge_current_smoothed_a,2.69,2026-02-27T10:34:30.925Z
sensor.stormbreaker_adaptivecharge_available_charge_current_smoothed_a,2.7,2026-02-27T10:34:40.925Z
sensor.stormbreaker_adaptivecharge_available_charge_current_smoothed_a,2.66,2026-02-27T10:35:00.926Z
sensor.stormbreaker_adaptivecharge_available_charge_current_smoothed_a,2.56,2026-02-27T10:35:10.928Z
sensor.stormbreaker_adaptivecharge_available_charge_current_smoothed_a,2.52,2026-02-27T10:35:20.927Z
sensor.stormbreaker_adaptivecharge_available_charge_current_smoothed_a,2.49,2026-02-27T10:35:30.929Z
sensor.stormbreaker_adaptivecharge_available_charge_current_smoothed_a,2.46,2026-02-27T10:35:40.929Z
sensor.stormbreaker_adaptivecharge_available_charge_current_smoothed_a,2.42,2026-02-27T10:35:50.930Z
sensor.stormbreaker_adaptivecharge_available_charge_current_smoothed_a,2.39,2026-02-27T10:36:00.931Z
sensor.stormbreaker_adaptivecharge_available_charge_current_smoothed_a,2.35,2026-02-27T10:36:10.932Z
sensor.stormbreaker_adaptivecharge_available_charge_current_smoothed_a,2.32,2026-02-27T10:36:20.934Z
sensor.stormbreaker_adaptivecharge_available_charge_current_smoothed_a,2.31,2026-02-27T10:36:30.935Z
sensor.stormbreaker_adaptivecharge_available_charge_current_smoothed_a,2.3,2026-02-27T10:36:50.937Z
sensor.stormbreaker_adaptivecharge_available_charge_current_smoothed_a,2.29,2026-02-27T10:37:10.937Z
sensor.stormbreaker_adaptivecharge_available_charge_current_smoothed_a,2.32,2026-02-27T10:37:20.939Z
sensor.stormbreaker_adaptivecharge_available_charge_current_smoothed_a,2.35,2026-02-27T10:37:30.940Z
sensor.stormbreaker_adaptivecharge_available_charge_current_smoothed_a,2.38,2026-02-27T10:37:40.939Z
sensor.stormbreaker_adaptivecharge_available_charge_current_smoothed_a,2.41,2026-02-27T10:37:50.940Z
sensor.stormbreaker_adaptivecharge_available_charge_current_smoothed_a,2.44,2026-02-27T10:38:00.942Z
sensor.stormbreaker_adaptivecharge_available_charge_current_smoothed_a,2.47,2026-02-27T10:38:10.943Z
sensor.stormbreaker_adaptivecharge_available_charge_current_smoothed_a,2.5,2026-02-27T10:38:20.944Z
sensor.stormbreaker_adaptivecharge_available_charge_current_smoothed_a,2.47,2026-02-27T10:38:30.946Z
sensor.stormbreaker_adaptivecharge_available_charge_current_smoothed_a,2.45,2026-02-27T10:38:40.947Z
sensor.stormbreaker_adaptivecharge_available_charge_current_smoothed_a,2.43,2026-02-27T10:38:50.948Z
sensor.stormbreaker_adaptivecharge_available_charge_current_smoothed_a,2.4,2026-02-27T10:39:00.949Z
sensor.stormbreaker_adaptivecharge_available_charge_current_smoothed_a,2.38,2026-02-27T10:39:10.950Z
sensor.stormbreaker_adaptivecharge_available_charge_current_smoothed_a,2.36,2026-02-27T10:39:20.950Z
sensor.stormbreaker_adaptivecharge_available_charge_current_smoothed_a,2.34,2026-02-27T10:39:30.952Z
sensor.stormbreaker_adaptivecharge_available_charge_current_smoothed_a,2.32,2026-02-27T10:39:40.952Z
sensor.stormbreaker_adaptivecharge_available_charge_current_smoothed_a,2.3,2026-02-27T10:39:50.953Z
sensor.stormbreaker_adaptivecharge_available_charge_current_smoothed_a,2.28,2026-02-27T10:40:00.953Z
sensor.stormbreaker_adaptivecharge_available_charge_current_smoothed_a,2.27,2026-02-27T10:40:10.955Z
sensor.stormbreaker_adaptivecharge_available_charge_current_smoothed_a,2.25,2026-02-27T10:40:20.957Z
sensor.stormbreaker_adaptivecharge_available_charge_current_smoothed_a,2.26,2026-02-27T10:41:40.965Z
sensor.stormbreaker_adaptivecharge_available_charge_current_smoothed_a,2.27,2026-02-27T10:42:10.969Z
sensor.stormbreaker_adaptivecharge_available_charge_current_smoothed_a,2.28,2026-02-27T10:42:30.971Z
sensor.stormbreaker_adaptivecharge_available_charge_current_smoothed_a,2.29,2026-02-27T10:42:40.971Z
sensor.stormbreaker_adaptivecharge_available_charge_current_smoothed_a,2.3,2026-02-27T10:42:50.970Z
sensor.stormbreaker_adaptivecharge_available_charge_current_smoothed_a,2.31,2026-02-27T10:43:00.971Z
sensor.stormbreaker_adaptivecharge_available_charge_current_smoothed_a,2.32,2026-02-27T10:43:10.972Z
sensor.stormbreaker_adaptivecharge_available_charge_current_smoothed_a,2.33,2026-02-27T10:43:20.974Z
sensor.stormbreaker_adaptivecharge_available_charge_current_smoothed_a,2.37,2026-02-27T10:43:40.976Z
sensor.stormbreaker_adaptivecharge_available_charge_current_smoothed_a,2.41,2026-02-27T10:43:50.977Z
sensor.stormbreaker_adaptivecharge_available_charge_current_smoothed_a,2.45,2026-02-27T10:44:00.977Z
sensor.stormbreaker_adaptivecharge_available_charge_current_smoothed_a,2.49,2026-02-27T10:44:10.979Z
sensor.stormbreaker_adaptivecharge_available_charge_current_smoothed_a,2.53,2026-02-27T10:44:20.980Z
sensor.stormbreaker_adaptivecharge_available_charge_current_smoothed_a,2.57,2026-02-27T10:44:30.980Z
sensor.stormbreaker_adaptivecharge_available_charge_current_smoothed_a,2.65,2026-02-27T10:44:40.981Z
sensor.stormbreaker_adaptivecharge_available_charge_current_smoothed_a,2.73,2026-02-27T10:44:50.982Z
sensor.stormbreaker_adaptivecharge_available_charge_current_smoothed_a,2.81,2026-02-27T10:45:00.983Z
sensor.stormbreaker_adaptivecharge_available_charge_current_smoothed_a,2.88,2026-02-27T10:45:10.987Z
sensor.stormbreaker_adaptivecharge_available_charge_current_smoothed_a,2.96,2026-02-27T10:45:20.988Z
sensor.stormbreaker_adaptivecharge_available_charge_current_smoothed_a,3.04,2026-02-27T10:45:30.988Z
sensor.stormbreaker_adaptivecharge_available_charge_current_smoothed_a,3.07,2026-02-27T10:45:40.990Z
sensor.stormbreaker_adaptivecharge_available_charge_current_smoothed_a,3.1,2026-02-27T10:45:50.990Z
sensor.stormbreaker_adaptivecharge_available_charge_current_smoothed_a,3.13,2026-02-27T10:46:00.991Z
sensor.stormbreaker_adaptivecharge_available_charge_current_smoothed_a,3.16,2026-02-27T10:46:10.992Z
sensor.stormbreaker_adaptivecharge_available_charge_current_smoothed_a,3.19,2026-02-27T10:46:20.991Z
sensor.stormbreaker_adaptivecharge_available_charge_current_smoothed_a,3.22,2026-02-27T10:46:30.992Z
sensor.stormbreaker_adaptivecharge_available_charge_current_smoothed_a,3.21,2026-02-27T10:46:40.993Z
sensor.stormbreaker_adaptivecharge_available_charge_current_smoothed_a,3.19,2026-02-27T10:46:50.994Z
sensor.stormbreaker_adaptivecharge_available_charge_current_smoothed_a,3.17,2026-02-27T10:47:00.995Z
sensor.stormbreaker_adaptivecharge_available_charge_current_smoothed_a,3.16,2026-02-27T10:47:10.994Z
sensor.stormbreaker_adaptivecharge_available_charge_current_smoothed_a,3.14,2026-02-27T10:47:20.997Z
sensor.stormbreaker_adaptivecharge_available_charge_current_smoothed_a,3.12,2026-02-27T10:47:30.997Z
sensor.stormbreaker_adaptivecharge_available_charge_current_smoothed_a,3.16,2026-02-27T10:47:50.999Z
sensor.stormbreaker_adaptivecharge_available_charge_current_smoothed_a,3.2,2026-02-27T10:48:01.000Z
sensor.stormbreaker_adaptivecharge_available_charge_current_smoothed_a,3.24,2026-02-27T10:48:11.001Z
sensor.stormbreaker_adaptivecharge_available_charge_current_smoothed_a,3.28,2026-02-27T10:48:21.002Z
sensor.stormbreaker_adaptivecharge_available_charge_current_smoothed_a,3.32,2026-02-27T10:48:31.002Z
sensor.stormbreaker_adaptivecharge_available_charge_current_smoothed_a,3.36,2026-02-27T10:48:41.003Z
sensor.stormbreaker_adaptivecharge_available_charge_current_smoothed_a,3.42,2026-02-27T10:48:51.003Z
sensor.stormbreaker_adaptivecharge_available_charge_current_smoothed_a,3.48,2026-02-27T10:49:01.003Z
sensor.stormbreaker_adaptivecharge_available_charge_current_smoothed_a,3.53,2026-02-27T10:49:11.102Z
sensor.stormbreaker_adaptivecharge_available_charge_current_smoothed_a,3.59,2026-02-27T10:49:21.103Z
sensor.stormbreaker_adaptivecharge_available_charge_current_smoothed_a,3.65,2026-02-27T10:49:31.107Z
sensor.stormbreaker_adaptivecharge_available_charge_current_smoothed_a,3.71,2026-02-27T10:49:41.108Z
sensor.stormbreaker_adaptivecharge_available_charge_current_smoothed_a,3.7,2026-02-27T10:50:01.109Z
sensor.stormbreaker_adaptivecharge_available_charge_current_smoothed_a,3.69,2026-02-27T10:50:41.362Z
sensor.stormbreaker_adaptivecharge_available_charge_current_smoothed_a,3.66,2026-02-27T10:50:51.367Z
sensor.stormbreaker_adaptivecharge_available_charge_current_smoothed_a,3.62,2026-02-27T10:51:01.370Z
sensor.stormbreaker_adaptivecharge_available_charge_current_smoothed_a,3.58,2026-02-27T10:51:11.370Z
sensor.stormbreaker_adaptivecharge_available_charge_current_smoothed_a,3.54,2026-02-27T10:51:21.371Z
sensor.stormbreaker_adaptivecharge_available_charge_current_smoothed_a,3.51,2026-02-27T10:51:31.372Z
sensor.stormbreaker_adaptivecharge_available_charge_current_smoothed_a,3.47,2026-02-27T10:51:41.425Z
sensor.stormbreaker_adaptivecharge_available_charge_current_smoothed_a,3.45,2026-02-27T10:51:51.432Z
sensor.stormbreaker_adaptivecharge_available_charge_current_smoothed_a,3.4,2026-02-27T10:52:01.433Z
sensor.stormbreaker_adaptivecharge_available_charge_current_smoothed_a,3.35,2026-02-27T10:52:11.435Z
sensor.stormbreaker_adaptivecharge_available_charge_current_smoothed_a,3.3,2026-02-27T10:52:21.435Z
sensor.stormbreaker_adaptivecharge_available_charge_current_smoothed_a,3.26,2026-02-27T10:52:31.436Z
sensor.stormbreaker_adaptivecharge_available_charge_current_smoothed_a,3.21,2026-02-27T10:52:41.436Z
sensor.stormbreaker_adaptivecharge_available_charge_current_smoothed_a,3.18,2026-02-27T10:52:51.438Z
sensor.stormbreaker_adaptivecharge_available_charge_current_smoothed_a,3.15,2026-02-27T10:53:01.439Z
sensor.stormbreaker_adaptivecharge_available_charge_current_smoothed_a,3.11,2026-02-27T10:53:11.440Z
sensor.stormbreaker_adaptivecharge_available_charge_current_smoothed_a,3.08,2026-02-27T10:53:21.440Z
sensor.stormbreaker_adaptivecharge_available_charge_current_smoothed_a,3.05,2026-02-27T10:53:31.441Z
sensor.stormbreaker_adaptivecharge_available_charge_current_smoothed_a,3.01,2026-02-27T10:53:41.442Z
sensor.stormbreaker_adaptivecharge_available_charge_current_smoothed_a,2.97,2026-02-27T10:53:51.443Z
sensor.stormbreaker_adaptivecharge_available_charge_current_smoothed_a,3.02,2026-02-27T10:54:01.444Z
sensor.stormbreaker_adaptivecharge_available_charge_current_smoothed_a,3.06,2026-02-27T10:54:11.443Z
sensor.stormbreaker_adaptivecharge_available_charge_current_smoothed_a,3.1,2026-02-27T10:54:21.445Z
sensor.stormbreaker_adaptivecharge_available_charge_current_smoothed_a,3.15,2026-02-27T10:54:31.445Z
sensor.stormbreaker_adaptivecharge_available_charge_current_smoothed_a,3.19,2026-02-27T10:54:41.446Z
sensor.stormbreaker_adaptivecharge_available_charge_current_smoothed_a,3.23,2026-02-27T10:54:51.447Z
sensor.stormbreaker_adaptivecharge_available_charge_current_smoothed_a,3.51,2026-02-27T10:55:07.886Z
sensor.stormbreaker_adaptivecharge_available_charge_current_smoothed_a,3.95,2026-02-27T10:55:11.448Z
sensor.stormbreaker_adaptivecharge_available_charge_current_smoothed_a,4.4,2026-02-27T10:55:21.448Z
sensor.stormbreaker_adaptivecharge_available_charge_current_smoothed_a,4.85,2026-02-27T10:55:31.449Z
sensor.stormbreaker_adaptivecharge_available_charge_current_smoothed_a,5.3,2026-02-27T10:55:41.449Z
sensor.stormbreaker_adaptivecharge_available_charge_current_smoothed_a,5.76,2026-02-27T10:55:51.451Z
sensor.stormbreaker_adaptivecharge_available_charge_current_smoothed_a,5.92,2026-02-27T10:56:03.895Z
sensor.stormbreaker_adaptivecharge_available_charge_current_smoothed_a,6.18,2026-02-27T10:56:11.456Z
sensor.stormbreaker_adaptivecharge_available_charge_current_smoothed_a,6.42,2026-02-27T10:56:21.456Z
sensor.stormbreaker_adaptivecharge_available_charge_current_smoothed_a,6.66,2026-02-27T10:56:31.458Z
sensor.stormbreaker_adaptivecharge_available_charge_current_smoothed_a,6.9,2026-02-27T10:56:41.459Z
sensor.stormbreaker_adaptivecharge_available_charge_current_smoothed_a,7.15,2026-02-27T10:56:51.460Z
sensor.stormbreaker_adaptivecharge_available_charge_current_smoothed_a,6.98,2026-02-27T10:57:01.460Z
sensor.stormbreaker_adaptivecharge_available_charge_current_smoothed_a,6.64,2026-02-27T10:57:19.403Z
sensor.stormbreaker_adaptivecharge_available_charge_current_smoothed_a,6.2,2026-02-27T10:57:21.610Z
sensor.stormbreaker_adaptivecharge_available_charge_current_smoothed_a,5.76,2026-02-27T10:57:31.612Z
sensor.stormbreaker_adaptivecharge_available_charge_current_smoothed_a,5.32,2026-02-27T10:57:41.607Z
sensor.stormbreaker_adaptivecharge_available_charge_current_smoothed_a,4.88,2026-02-27T10:57:51.464Z
sensor.stormbreaker_adaptivecharge_available_charge_current_smoothed_a,4.34,2026-02-27T10:58:01.467Z
sensor.stormbreaker_adaptivecharge_available_charge_current_smoothed_a,4.06,2026-02-27T10:58:11.467Z
sensor.stormbreaker_adaptivecharge_available_charge_current_smoothed_a,3.8,2026-02-27T10:58:21.467Z
sensor.stormbreaker_adaptivecharge_available_charge_current_smoothed_a,3.54,2026-02-27T10:58:31.469Z
sensor.stormbreaker_adaptivecharge_available_charge_current_smoothed_a,3.27,2026-02-27T10:58:41.469Z
sensor.stormbreaker_adaptivecharge_available_charge_current_smoothed_a,3.0,2026-02-27T10:58:51.470Z
sensor.stormbreaker_adaptivecharge_available_charge_current_smoothed_a,2.93,2026-02-27T10:59:01.476Z
sensor.stormbreaker_adaptivecharge_available_charge_current_smoothed_a,2.81,2026-02-27T10:59:11.477Z
sensor.stormbreaker_adaptivecharge_available_charge_current_smoothed_a,2.78,2026-02-27T10:59:21.480Z
sensor.stormbreaker_adaptivecharge_available_charge_current_smoothed_a,2.75,2026-02-27T10:59:31.482Z
sensor.stormbreaker_adaptivecharge_available_charge_current_smoothed_a,2.71,2026-02-27T10:59:41.483Z
sensor.stormbreaker_adaptivecharge_available_charge_current_smoothed_a,2.68,2026-02-27T10:59:51.484Z
sensor.stormbreaker_adaptivecharge_available_charge_current_smoothed_floored_a,5,2026-02-27T10:00:00.000Z
sensor.stormbreaker_adaptivecharge_available_charge_current_smoothed_floored_a,4,2026-02-27T10:06:58.703Z
sensor.stormbreaker_adaptivecharge_available_charge_current_smoothed_floored_a,5,2026-02-27T10:09:28.573Z
sensor.stormbreaker_adaptivecharge_available_charge_current_smoothed_floored_a,6,2026-02-27T10:10:48.580Z
sensor.stormbreaker_adaptivecharge_available_charge_current_smoothed_floored_a,5,2026-02-27T10:13:38.607Z
sensor.stormbreaker_adaptivecharge_available_charge_current_smoothed_floored_a,6,2026-02-27T10:14:18.610Z
sensor.stormbreaker_adaptivecharge_available_charge_current_smoothed_floored_a,5,2026-02-27T10:19:38.669Z
sensor.stormbreaker_adaptivecharge_available_charge_current_smoothed_floored_a,6,2026-02-27T10:20:18.673Z
sensor.stormbreaker_adaptivecharge_available_charge_current_smoothed_floored_a,7,2026-02-27T10:21:28.683Z
sensor.stormbreaker_adaptivecharge_available_charge_current_smoothed_floored_a,6,2026-02-27T10:23:08.694Z
sensor.stormbreaker_adaptivecharge_available_charge_current_smoothed_floored_a,5,2026-02-27T10:26:38.862Z
sensor.stormbreaker_adaptivecharge_available_charge_current_smoothed_floored_a,unavailable,2026-02-27T10:27:00.871Z
sensor.stormbreaker_adaptivecharge_available_charge_current_smoothed_floored_a,3,2026-02-27T10:27:00.885Z
sensor.stormbreaker_adaptivecharge_available_charge_current_smoothed_floored_a,4,2026-02-27T10:27:10.881Z
sensor.stormbreaker_adaptivecharge_available_charge_current_smoothed_floored_a,5,2026-02-27T10:27:40.883Z
sensor.stormbreaker_adaptivecharge_available_charge_current_smoothed_floored_a,4,2026-02-27T10:28:00.885Z
sensor.stormbreaker_adaptivecharge_available_charge_current_smoothed_floored_a,5,2026-02-27T10:28:30.889Z
sensor.stormbreaker_adaptivecharge_available_charge_current_smoothed_floored_a,6,2026-02-27T10:29:00.892Z
sensor.stormbreaker_adaptivecharge_available_charge_current_smoothed_floored_a,5,2026-02-27T10:29:21.046Z
sensor.stormbreaker_adaptivecharge_available_charge_current_smoothed_floored_a,4,2026-02-27T10:30:00.897Z
sensor.stormbreaker_adaptivecharge_available_charge_current_smoothed_floored_a,3,2026-02-27T10:30:30.903Z
sensor.stormbreaker_adaptivecharge_available_charge_current_smoothed_floored_a,2,2026-02-27T10:30:40.901Z
sensor.stormbreaker_adaptivecharge_available_charge_current_smoothed_floored_a,1,2026-02-27T10:31:00.906Z
sensor.stormbreaker_adaptivecharge_available_charge_current_smoothed_floored_a,2,2026-02-27T10:32:00.909Z
sensor.stormbreaker_adaptivecharge_available_charge_current_smoothed_floored_a,3,2026-02-27T10:45:30.988Z
sensor.stormbreaker_adaptivecharge_available_charge_current_smoothed_floored_a,2,2026-02-27T10:53:51.443Z
sensor.stormbreaker_adaptivecharge_available_charge_current_smoothed_floored_a,3,2026-02-27T10:54:01.444Z
sensor.stormbreaker_adaptivecharge_available_charge_current_smoothed_floored_a,4,2026-02-27T10:55:21.449Z
sensor.stormbreaker_adaptivecharge_available_charge_current_smoothed_floored_a,5,2026-02-27T10:55:41.449Z
sensor.stormbreaker_adaptivecharge_available_charge_current_smoothed_floored_a,6,2026-02-27T10:56:11.456Z
sensor.stormbreaker_adaptivecharge_available_charge_current_smoothed_floored_a,7,2026-02-27T10:56:51.460Z
sensor.stormbreaker_adaptivecharge_available_charge_current_smoothed_floored_a,6,2026-02-27T10:57:01.461Z
sensor.stormbreaker_adaptivecharge_available_charge_current_smoothed_floored_a,5,2026-02-27T10:57:31.613Z
sensor.stormbreaker_adaptivecharge_available_charge_current_smoothed_floored_a,4,2026-02-27T10:57:51.464Z
sensor.stormbreaker_adaptivecharge_available_charge_current_smoothed_floored_a,3,2026-02-27T10:58:21.468Z
sensor.stormbreaker_adaptivecharge_available_charge_current_smoothed_floored_a,2,2026-02-27T10:59:01.476Z
sensor.stormbreaker_adaptivecharge_ema_current_a,5.73,2026-02-27T10:00:00.000Z
sensor.stormbreaker_adaptivecharge_ema_current_a,5.7,2026-02-27T10:00:08.502Z
sensor.stormbreaker_adaptivecharge_ema_current_a,5.71,2026-02-27T10:00:18.503Z
sensor.stormbreaker_adaptivecharge_ema_current_a,5.82,2026-02-27T10:00:28.503Z
sensor.stormbreaker_adaptivecharge_ema_current_a,5.81,2026-02-27T10:00:38.505Z
sensor.stormbreaker_adaptivecharge_ema_current_a,5.78,2026-02-27T10:01:28.507Z
sensor.stormbreaker_adaptivecharge_ema_current_a,5.77,2026-02-27T10:01:38.507Z
sensor.stormbreaker_adaptivecharge_ema_current_a,5.78,2026-02-27T10:01:58.507Z
sensor.stormbreaker_adaptivecharge_ema_current_a,5.63,2026-02-27T10:02:28.508Z
sensor.stormbreaker_adaptivecharge_ema_current_a,5.61,2026-02-27T10:02:48.512Z
sensor.stormbreaker_adaptivecharge_ema_current_a,5.62,2026-02-27T10:02:58.514Z
sensor.stormbreaker_adaptivecharge_ema_current_a,5.63,2026-02-27T10:03:18.515Z
sensor.stormbreaker_adaptivecharge_ema_current_a,5.7,2026-02-27T10:03:28.516Z
sensor.stormbreaker_adaptivecharge_ema_current_a,5.68,2026-02-27T10:03:38.519Z
sensor.stormbreaker_adaptivecharge_ema_current_a,5.7,2026-02-27T10:03:48.520Z
sensor.stormbreaker_adaptivecharge_ema_current_a,5.69,2026-02-27T10:03:58.532Z
sensor.stormbreaker_adaptivecharge_ema_current_a,5.7,2026-02-27T10:04:08.535Z
sensor.stormbreaker_adaptivecharge_ema_current_a,5.69,2026-02-27T10:04:18.536Z
sensor.stormbreaker_adaptivecharge_ema_current_a,5.76,2026-02-27T10:04:28.537Z
sensor.stormbreaker_adaptivecharge_ema_current_a,5.75,2026-02-27T10:04:48.538Z
sensor.stormbreaker_adaptivecharge_ema_current_a,5.77,2026-02-27T10:04:58.538Z
sensor.stormbreaker_adaptivecharge_ema_current_a,5.76,2026-02-27T10:05:08.538Z
sensor.stormbreaker_adaptivecharge_ema_current_a,5.75,2026-02-27T10:05:18.541Z
sensor.stormbreaker_adaptivecharge_ema_current_a,5.11,2026-02-27T10:05:28.542Z
sensor.stormbreaker_adaptivecharge_ema_current_a,5.13,2026-02-27T10:05:38.543Z
sensor.stormbreaker_adaptivecharge_ema_current_a,5.12,2026-02-27T10:06:08.552Z
sensor.stormbreaker_adaptivecharge_ema_current_a,5.13,2026-02-27T10:06:18.555Z
sensor.stormbreaker_adaptivecharge_ema_current_a,4.41,2026-02-27T10:06:38.700Z
sensor.stormbreaker_adaptivecharge_ema_current_a,4.4,2026-02-27T10:06:54.830Z
sensor.stormbreaker_adaptivecharge_ema_current_a,3.38,2026-02-27T10:06:58.703Z
sensor.stormbreaker_adaptivecharge_ema_current_a,3.4,2026-02-27T10:07:18.709Z
sensor.stormbreaker_adaptivecharge_ema_current_a,3.43,2026-02-27T10:07:28.561Z
sensor.stormbreaker_adaptivecharge_ema_current_a,4.5,2026-02-27T10:07:38.563Z
sensor.stormbreaker_adaptivecharge_ema_current_a,4.44,2026-02-27T10:07:48.564Z
sensor.stormbreaker_adaptivecharge_ema_current_a,4.43,2026-02-27T10:07:58.565Z
sensor.stormbreaker_adaptivecharge_ema_current_a,4.44,2026-02-27T10:08:08.566Z
sensor.stormbreaker_adaptivecharge_ema_current_a,4.45,2026-02-27T10:08:18.567Z
sensor.stormbreaker_adaptivecharge_ema_current_a,5.85,2026-02-27T10:08:38.569Z
sensor.stormbreaker_adaptivecharge_ema_current_a,5.83,2026-02-27T10:08:48.569Z
sensor.stormbreaker_adaptivecharge_ema_current_a,5.84,2026-02-27T10:09:28.573Z
sensor.stormbreaker_adaptivecharge_ema_current_a,5.88,2026-02-27T10:09:38.574Z
sensor.stormbreaker_adaptivecharge_ema_current_a,5.87,2026-02-27T10:09:48.575Z
sensor.stormbreaker_adaptivecharge_ema_current_a,5.88,2026-02-27T10:10:18.579Z
sensor.stormbreaker_adaptivecharge_ema_current_a,5.94,2026-02-27T10:10:28.579Z
sensor.stormbreaker_adaptivecharge_ema_current_a,5.89,2026-02-27T10:10:38.579Z
sensor.stormbreaker_adaptivecharge_ema_current_a,7.6,2026-02-27T10:10:48.580Z
sensor.stormbreaker_adaptivecharge_ema_current_a,7.59,2026-02-27T10:10:58.724Z
sensor.stormbreaker_adaptivecharge_ema_current_a,7.63,2026-02-27T10:11:08.581Z
sensor.stormbreaker_adaptivecharge_ema_current_a,7.6,2026-02-27T10:11:18.582Z
sensor.stormbreaker_adaptivecharge_ema_current_a,7.61,2026-02-27T10:11:38.584Z
sensor.stormbreaker_adaptivecharge_ema_current_a,5.91,2026-02-27T10:11:48.585Z
sensor.stormbreaker_adaptivecharge_ema_current_a,5.9,2026-02-27T10:12:08.588Z
sensor.stormbreaker_adaptivecharge_ema_current_a,5.91,2026-02-27T10:12:18.589Z
sensor.stormbreaker_adaptivecharge_ema_current_a,5.9,2026-02-27T10:12:28.590Z
sensor.stormbreaker_adaptivecharge_ema_current_a,5.91,2026-02-27T10:12:38.591Z
sensor.stormbreaker_adaptivecharge_ema_current_a,5.97,2026-02-27T10:12:48.592Z
sensor.stormbreaker_adaptivecharge_ema_current_a,5.98,2026-02-27T10:12:58.590Z
sensor.stormbreaker_adaptivecharge_ema_current_a,5.97,2026-02-27T10:13:08.594Z
sensor.stormbreaker_adaptivecharge_ema_current_a,5.98,2026-02-27T10:13:18.594Z
sensor.stormbreaker_adaptivecharge_ema_current_a,5.97,2026-02-27T10:13:28.604Z
sensor.stormbreaker_adaptivecharge_ema_current_a,5.98,2026-02-27T10:13:38.607Z
sensor.stormbreaker_adaptivecharge_ema_current_a,6.1,2026-02-27T10:13:48.609Z
sensor.stormbreaker_adaptivecharge_ema_current_a,6.07,2026-02-27T10:13:58.609Z
sensor.stormbreaker_adaptivecharge_ema_current_a,6.09,2026-02-27T10:14:08.610Z
sensor.stormbreaker_adaptivecharge_ema_current_a,6.12,2026-02-27T10:14:18.611Z
sensor.stormbreaker_adaptivecharge_ema_current_a,6.1,2026-02-27T10:14:28.612Z
sensor.stormbreaker_adaptivecharge_ema_current_a,6.09,2026-02-27T10:14:38.613Z
sensor.stormbreaker_adaptivecharge_ema_current_a,6.12,2026-02-27T10:14:48.614Z
sensor.stormbreaker_adaptivecharge_ema_current_a,6.14,2026-02-27T10:14:58.616Z
sensor.stormbreaker_adaptivecharge_ema_current_a,6.15,2026-02-27T10:15:08.617Z
sensor.stormbreaker_adaptivecharge_ema_current_a,6.14,2026-02-27T10:15:18.617Z
sensor.stormbreaker_adaptivecharge_ema_current_a,6.11,2026-02-27T10:15:28.619Z
sensor.stormbreaker_adaptivecharge_ema_current_a,6.1,2026-02-27T10:15:38.621Z
sensor.stormbreaker_adaptivecharge_ema_current_a,6.31,2026-02-27T10:15:48.622Z
sensor.stormbreaker_adaptivecharge_ema_current_a,6.35,2026-02-27T10:15:58.624Z
sensor.stormbreaker_adaptivecharge_ema_current_a,6.32,2026-02-27T10:16:08.624Z
sensor.stormbreaker_adaptivecharge_ema_current_a,6.35,2026-02-27T10:16:28.627Z
sensor.stormbreaker_adaptivecharge_ema_current_a,6.33,2026-02-27T10:16:38.629Z
sensor.stormbreaker_adaptivecharge_ema_current_a,6.34,2026-02-27T10:16:48.630Z
sensor.stormbreaker_adaptivecharge_ema_current_a,6.33,2026-02-27T10:16:58.631Z
sensor.stormbreaker_adaptivecharge_ema_current_a,6.34,2026-02-27T10:17:08.632Z
sensor.stormbreaker_adaptivecharge_ema_current_a,6.33,2026-02-27T10:17:18.633Z
sensor.stormbreaker_adaptivecharge_ema_current_a,6.31,2026-02-27T10:17:28.634Z
sensor.stormbreaker_adaptivecharge_ema_current_a,6.33,2026-02-27T10:17:38.635Z
sensor.stormbreaker_adaptivecharge_ema_current_a,6.31,2026-02-27T10:17:48.636Z
sensor.stormbreaker_adaptivecharge_ema_current_a,6.64,2026-02-27T10:17:58.636Z
sensor.stormbreaker_adaptivecharge_ema_current_a,6.65,2026-02-27T10:18:08.639Z
sensor.stormbreaker_adaptivecharge_ema_current_a,6.63,2026-02-27T10:18:18.640Z
sensor.stormbreaker_adaptivecharge_ema_current_a,6.64,2026-02-27T10:18:28.661Z
sensor.stormbreaker_adaptivecharge_ema_current_a,6.62,2026-02-27T10:18:48.665Z
sensor.stormbreaker_adaptivecharge_ema_current_a,4.9,2026-02-27T10:18:58.817Z
sensor.stormbreaker_adaptivecharge_ema_current_a,5.01,2026-02-27T10:19:08.666Z
sensor.stormbreaker_adaptivecharge_ema_current_a,4.98,2026-02-27T10:19:28.669Z
sensor.stormbreaker_adaptivecharge_ema_current_a,5.01,2026-02-27T10:19:38.670Z
sensor.stormbreaker_adaptivecharge_ema_current_a,5.0,2026-02-27T10:19:48.671Z
sensor.stormbreaker_adaptivecharge_ema_current_a,6.91,2026-02-27T10:20:00.679Z
sensor.stormbreaker_adaptivecharge_ema_current_a,7.93,2026-02-27T10:20:08.673Z
sensor.stormbreaker_adaptivecharge_ema_current_a,7.87,2026-02-27T10:20:18.674Z
sensor.stormbreaker_adaptivecharge_ema_current_a,7.91,2026-02-27T10:20:28.675Z
sensor.stormbreaker_adaptivecharge_ema_current_a,7.83,2026-02-27T10:20:38.675Z
sensor.stormbreaker_adaptivecharge_ema_current_a,7.86,2026-02-27T10:20:48.826Z
sensor.stormbreaker_adaptivecharge_ema_current_a,7.02,2026-02-27T10:20:58.678Z
sensor.stormbreaker_adaptivecharge_ema_current_a,7.03,2026-02-27T10:21:08.680Z
sensor.stormbreaker_adaptivecharge_ema_current_a,7.02,2026-02-27T10:21:18.680Z
sensor.stormbreaker_adaptivecharge_ema_current_a,7.0,2026-02-27T10:21:28.683Z
sensor.stormbreaker_adaptivecharge_ema_current_a,7.04,2026-02-27T10:21:38.684Z
sensor.stormbreaker_adaptivecharge_ema_current_a,7.1,2026-02-27T10:21:58.688Z
sensor.stormbreaker_adaptivecharge_ema_current_a,7.01,2026-02-27T10:22:08.690Z
sensor.stormbreaker_adaptivecharge_ema_current_a,7.08,2026-02-27T10:22:18.691Z
sensor.stormbreaker_adaptivecharge_ema_current_a,7.02,2026-02-27T10:22:28.692Z
sensor.stormbreaker_adaptivecharge_ema_current_a,7.03,2026-02-27T10:22:38.692Z
sensor.stormbreaker_adaptivecharge_ema_current_a,7.01,2026-02-27T10:22:48.693Z
sensor.stormbreaker_adaptivecharge_ema_current_a,7.03,2026-02-27T10:22:58.693Z
sensor.stormbreaker_adaptivecharge_ema_current_a,6.25,2026-02-27T10:23:08.694Z
sensor.stormbreaker_adaptivecharge_ema_current_a,6.29,2026-02-27T10:23:18.694Z
sensor.stormbreaker_adaptivecharge_ema_current_a,6.22,2026-02-27T10:23:28.695Z
sensor.stormbreaker_adaptivecharge_ema_current_a,6.24,2026-02-27T10:23:38.696Z
sensor.stormbreaker_adaptivecharge_ema_current_a,6.16,2026-02-27T10:23:48.699Z
sensor.stormbreaker_adaptivecharge_ema_current_a,6.19,2026-02-27T10:23:58.701Z
sensor.stormbreaker_adaptivecharge_ema_current_a,6.12,2026-02-27T10:24:08.701Z
sensor.stormbreaker_adaptivecharge_ema_current_a,6.08,2026-02-27T10:24:18.702Z
sensor.stormbreaker_adaptivecharge_ema_current_a,6.18,2026-02-27T10:24:28.702Z
sensor.stormbreaker_adaptivecharge_ema_current_a,6.16,2026-02-27T10:24:38.703Z
sensor.stormbreaker_adaptivecharge_ema_current_a,6.08,2026-02-27T10:24:48.707Z
sensor.stormbreaker_adaptivecharge_ema_current_a,6.15,2026-02-27T10:24:58.709Z
sensor.stormbreaker_adaptivecharge_ema_current_a,7.16,2026-02-27T10:25:08.710Z
sensor.stormbreaker_adaptivecharge_ema_current_a,7.09,2026-02-27T10:25:18.711Z
sensor.stormbreaker_adaptivecharge_ema_current_a,7.18,2026-02-27T10:25:28.712Z
sensor.stormbreaker_adaptivecharge_ema_current_a,7.14,2026-02-27T10:25:38.712Z
sensor.stormbreaker_adaptivecharge_ema_current_a,7.15,2026-02-27T10:25:48.713Z
sensor.stormbreaker_adaptivecharge_ema_current_a,7.09,2026-02-27T10:25:58.714Z
sensor.stormbreaker_adaptivecharge_ema_current_a,4.67,2026-02-27T10:26:08.859Z
sensor.stormbreaker_adaptivecharge_ema_current_a,3.68,2026-02-27T10:26:28.865Z
sensor.stormbreaker_adaptivecharge_ema_current_a,3.67,2026-02-27T10:26:38.862Z
sensor.stormbreaker_adaptivecharge_ema_current_a,3.68,2026-02-27T10:26:58.864Z
sensor.stormbreaker_adaptivecharge_ema_current_a,unavailable,2026-02-27T10:27:00.871Z
sensor.stormbreaker_adaptivecharge_ema_current_a,3.68,2026-02-27T10:27:00.885Z
sensor.stormbreaker_adaptivecharge_ema_current_a,5.36,2026-02-27T10:27:10.881Z
sensor.stormbreaker_adaptivecharge_ema_current_a,5.35,2026-02-27T10:27:20.882Z
sensor.stormbreaker_adaptivecharge_ema_current_a,5.34,2026-02-27T10:27:30.883Z
sensor.stormbreaker_adaptivecharge_ema_current_a,5.36,2026-02-27T10:27:40.883Z
sensor.stormbreaker_adaptivecharge_ema_current_a,5.37,2026-02-27T10:27:50.884Z
sensor.stormbreaker_adaptivecharge_ema_current_a,0.29,2026-02-27T10:28:00.885Z
sensor.stormbreaker_adaptivecharge_ema_current_a,5.31,2026-02-27T10:28:10.887Z
sensor.stormbreaker_adaptivecharge_ema_current_a,5.55,2026-02-27T10:28:20.888Z
sensor.stormbreaker_adaptivecharge_ema_current_a,8.59,2026-02-27T10:28:30.889Z
sensor.stormbreaker_adaptivecharge_ema_current_a,10.36,2026-02-27T10:28:40.892Z
sensor.stormbreaker_adaptivecharge_ema_current_a,10.35,2026-02-27T10:29:00.893Z
sensor.stormbreaker_adaptivecharge_ema_current_a,3.0,2026-02-27T10:29:16.194Z
sensor.stormbreaker_adaptivecharge_ema_current_a,2.0,2026-02-27T10:29:21.046Z
sensor.stormbreaker_adaptivecharge_ema_current_a,2.01,2026-02-27T10:29:31.037Z
sensor.stormbreaker_adaptivecharge_ema_current_a,1.99,2026-02-27T10:29:41.049Z
sensor.stormbreaker_adaptivecharge_ema_current_a,1.96,2026-02-27T10:29:50.899Z
sensor.stormbreaker_adaptivecharge_ema_current_a,0.0,2026-02-27T10:30:00.897Z
sensor.stormbreaker_adaptivecharge_ema_current_a,2.67,2026-02-27T10:30:20.902Z
sensor.stormbreaker_adaptivecharge_ema_current_a,2.66,2026-02-27T10:30:40.901Z
sensor.stormbreaker_adaptivecharge_ema_current_a,2.67,2026-02-27T10:31:10.907Z
sensor.stormbreaker_adaptivecharge_ema_current_a,2.52,2026-02-27T10:31:20.906Z
sensor.stormbreaker_adaptivecharge_ema_current_a,2.49,2026-02-27T10:32:20.911Z
sensor.stormbreaker_adaptivecharge_ema_current_a,2.5,2026-02-27T10:32:50.913Z
sensor.stormbreaker_adaptivecharge_ema_current_a,3.03,2026-02-27T10:33:01.069Z
sensor.stormbreaker_adaptivecharge_ema_current_a,3.84,2026-02-27T10:33:10.915Z
sensor.stormbreaker_adaptivecharge_ema_current_a,2.54,2026-02-27T10:33:20.915Z
sensor.stormbreaker_adaptivecharge_ema_current_a,2.55,2026-02-27T10:33:30.917Z
sensor.stormbreaker_adaptivecharge_ema_current_a,2.57,2026-02-27T10:34:20.923Z
sensor.stormbreaker_adaptivecharge_ema_current_a,2.56,2026-02-27T10:34:30.926Z
sensor.stormbreaker_adaptivecharge_ema_current_a,2.57,2026-02-27T10:34:40.926Z
sensor.stormbreaker_adaptivecharge_ema_current_a,2.55,2026-02-27T10:34:50.928Z
sensor.stormbreaker_adaptivecharge_ema_current_a,2.56,2026-02-27T10:35:00.926Z
sensor.stormbreaker_adaptivecharge_ema_current_a,2.14,2026-02-27T10:35:20.928Z
sensor.stormbreaker_adaptivecharge_ema_current_a,2.15,2026-02-27T10:35:30.929Z
sensor.stormbreaker_adaptivecharge_ema_current_a,2.14,2026-02-27T10:35:50.931Z
sensor.stormbreaker_adaptivecharge_ema_current_a,2.15,2026-02-27T10:36:00.932Z
sensor.stormbreaker_adaptivecharge_ema_current_a,2.14,2026-02-27T10:36:20.935Z
sensor.stormbreaker_adaptivecharge_ema_current_a,2.51,2026-02-27T10:36:30.936Z
sensor.stormbreaker_adaptivecharge_ema_current_a,2.5,2026-02-27T10:36:40.936Z
sensor.stormbreaker_adaptivecharge_ema_current_a,2.49,2026-02-27T10:37:10.938Z
sensor.stormbreaker_adaptivecharge_ema_current_a,2.5,2026-02-27T10:37:20.940Z
sensor.stormbreaker_adaptivecharge_ema_current_a,2.48,2026-02-27T10:37:40.939Z
sensor.stormbreaker_adaptivecharge_ema_current_a,2.5,2026-02-27T10:37:50.940Z
sensor.stormbreaker_adaptivecharge_ema_current_a,2.49,2026-02-27T10:38:00.943Z
sensor.stormbreaker_adaptivecharge_ema_current_a,2.5,2026-02-27T10:38:20.945Z
sensor.stormbreaker_adaptivecharge_ema_current_a,2.23,2026-02-27T10:38:30.946Z
sensor.stormbreaker_adaptivecharge_ema_current_a,2.22,2026-02-27T10:38:40.948Z
sensor.stormbreaker_adaptivecharge_ema_current_a,2.23,2026-02-27T10:39:00.950Z
sensor.stormbreaker_adaptivecharge_ema_current_a,2.24,2026-02-27T10:39:10.951Z
sensor.stormbreaker_adaptivecharge_ema_current_a,2.23,2026-02-27T10:39:20.951Z
sensor.stormbreaker_adaptivecharge_ema_current_a,2.27,2026-02-27T10:39:30.952Z
sensor.stormbreaker_adaptivecharge_ema_current_a,2.26,2026-02-27T10:39:50.954Z
sensor.stormbreaker_adaptivecharge_ema_current_a,2.27,2026-02-27T10:40:00.954Z
sensor.stormbreaker_adaptivecharge_ema_current_a,2.26,2026-02-27T10:40:20.957Z
sensor.stormbreaker_adaptivecharge_ema_current_a,2.24,2026-02-27T10:40:30.959Z
sensor.stormbreaker_adaptivecharge_ema_current_a,2.23,2026-02-27T10:41:00.962Z
sensor.stormbreaker_adaptivecharge_ema_current_a,2.24,2026-02-27T10:41:10.964Z
sensor.stormbreaker_adaptivecharge_ema_current_a,2.3,2026-02-27T10:41:30.965Z
sensor.stormbreaker_adaptivecharge_ema_current_a,2.31,2026-02-27T10:41:40.966Z
sensor.stormbreaker_adaptivecharge_ema_current_a,2.3,2026-02-27T10:41:50.967Z
sensor.stormbreaker_adaptivecharge_ema_current_a,2.31,2026-02-27T10:42:00.968Z
sensor.stormbreaker_adaptivecharge_ema_current_a,2.3,2026-02-27T10:42:10.970Z
sensor.stormbreaker_adaptivecharge_ema_current_a,2.37,2026-02-27T10:42:40.972Z
sensor.stormbreaker_adaptivecharge_ema_current_a,2.36,2026-02-27T10:42:50.970Z
sensor.stormbreaker_adaptivecharge_ema_current_a,2.37,2026-02-27T10:43:00.971Z
sensor.stormbreaker_adaptivecharge_ema_current_a,2.36,2026-02-27T10:43:20.975Z
sensor.stormbreaker_adaptivecharge_ema_current_a,2.78,2026-02-27T10:43:40.976Z
sensor.stormbreaker_adaptivecharge_ema_current_a,2.79,2026-02-27T10:43:50.977Z
sensor.stormbreaker_adaptivecharge_ema_current_a,2.78,2026-02-27T10:44:00.977Z
sensor.stormbreaker_adaptivecharge_ema_current_a,3.29,2026-02-27T10:44:40.982Z
sensor.stormbreaker_adaptivecharge_ema_current_a,3.3,2026-02-27T10:44:50.983Z
sensor.stormbreaker_adaptivecharge_ema_current_a,3.29,2026-02-27T10:45:00.984Z
sensor.stormbreaker_adaptivecharge_ema_current_a,3.15,2026-02-27T10:45:40.990Z
sensor.stormbreaker_adaptivecharge_ema_current_a,3.08,2026-02-27T10:46:50.995Z
sensor.stormbreaker_adaptivecharge_ema_current_a,3.09,2026-02-27T10:47:30.998Z
sensor.stormbreaker_adaptivecharge_ema_current_a,3.08,2026-02-27T10:47:40.999Z
sensor.stormbreaker_adaptivecharge_ema_current_a,3.63,2026-02-27T10:47:50.999Z
sensor.stormbreaker_adaptivecharge_ema_current_a,3.64,2026-02-27T10:48:01.000Z
sensor.stormbreaker_adaptivecharge_ema_current_a,3.63,2026-02-27T10:48:11.002Z
sensor.stormbreaker_adaptivecharge_ema_current_a,3.64,2026-02-27T10:48:21.003Z
sensor.stormbreaker_adaptivecharge_ema_current_a,3.63,2026-02-27T10:48:41.004Z
sensor.stormbreaker_adaptivecharge_ema_current_a,3.78,2026-02-27T10:48:51.004Z
sensor.stormbreaker_adaptivecharge_ema_current_a,3.79,2026-02-27T10:49:21.104Z
sensor.stormbreaker_adaptivecharge_ema_current_a,3.77,2026-02-27T10:49:41.109Z
sensor.stormbreaker_adaptivecharge_ema_current_a,3.6,2026-02-27T10:49:51.108Z
sensor.stormbreaker_adaptivecharge_ema_current_a,3.61,2026-02-27T10:50:11.110Z
sensor.stormbreaker_adaptivecharge_ema_current_a,3.33,2026-02-27T10:50:51.367Z
sensor.stormbreaker_adaptivecharge_ema_current_a,3.34,2026-02-27T10:51:11.370Z
sensor.stormbreaker_adaptivecharge_ema_current_a,3.35,2026-02-27T10:51:51.432Z
sensor.stormbreaker_adaptivecharge_ema_current_a,3.02,2026-02-27T10:52:01.434Z
sensor.stormbreaker_adaptivecharge_ema_current_a,3.03,2026-02-27T10:52:21.436Z
sensor.stormbreaker_adaptivecharge_ema_current_a,2.93,2026-02-27T10:53:01.439Z
sensor.stormbreaker_adaptivecharge_ema_current_a,2.9,2026-02-27T10:53:41.443Z
sensor.stormbreaker_adaptivecharge_ema_current_a,2.91,2026-02-27T10:53:51.444Z
sensor.stormbreaker_adaptivecharge_ema_current_a,3.56,2026-02-27T10:54:01.444Z
sensor.stormbreaker_adaptivecharge_ema_current_a,3.54,2026-02-27T10:54:11.444Z
sensor.stormbreaker_adaptivecharge_ema_current_a,3.53,2026-02-27T10:54:21.445Z
sensor.stormbreaker_adaptivecharge_ema_current_a,3.61,2026-02-27T10:54:31.446Z
sensor.stormbreaker_adaptivecharge_ema_current_a,3.51,2026-02-27T10:54:41.447Z
sensor.stormbreaker_adaptivecharge_ema_current_a,6.19,2026-02-27T10:55:07.887Z
sensor.stormbreaker_adaptivecharge_ema_current_a,8.27,2026-02-27T10:55:11.449Z
sensor.stormbreaker_adaptivecharge_ema_current_a,8.28,2026-02-27T10:55:21.449Z
sensor.stormbreaker_adaptivecharge_ema_current_a,8.35,2026-02-27T10:55:31.450Z
sensor.stormbreaker_adaptivecharge_ema_current_a,8.36,2026-02-27T10:55:41.450Z
sensor.stormbreaker_adaptivecharge_ema_current_a,8.37,2026-02-27T10:55:51.452Z
sensor.stormbreaker_adaptivecharge_ema_current_a,5.56,2026-02-27T10:56:03.896Z
sensor.stormbreaker_adaptivecharge_ema_current_a,6.56,2026-02-27T10:56:11.456Z
sensor.stormbreaker_adaptivecharge_ema_current_a,6.46,2026-02-27T10:56:21.456Z
sensor.stormbreaker_adaptivecharge_ema_current_a,6.45,2026-02-27T10:56:31.459Z
sensor.stormbreaker_adaptivecharge_ema_current_a,6.46,2026-02-27T10:56:41.460Z
sensor.stormbreaker_adaptivecharge_ema_current_a,6.56,2026-02-27T10:56:51.461Z
sensor.stormbreaker_adaptivecharge_ema_current_a,4.15,2026-02-27T10:57:01.461Z
sensor.stormbreaker_adaptivecharge_ema_current_a,4.13,2026-02-27T10:57:19.404Z
sensor.stormbreaker_adaptivecharge_ema_current_a,3.05,2026-02-27T10:57:21.610Z
sensor.stormbreaker_adaptivecharge_ema_current_a,3.06,2026-02-27T10:57:41.607Z
sensor.stormbreaker_adaptivecharge_ema_current_a,0.0,2026-02-27T10:58:01.468Z
sensor.stormbreaker_adaptivecharge_ema_current_a,3.29,2026-02-27T10:58:11.468Z
sensor.stormbreaker_adaptivecharge_ema_current_a,2.68,2026-02-27T10:59:11.478Z
sensor.stormbreaker_adaptivecharge_ema_current_a,2.66,2026-02-27T10:59:51.485Z
sensor.stormbreaker_adaptivecharge_target_current_a,5.73,2026-02-27T10:00:00.000Z
sensor.stormbreaker_adaptivecharge_target_current_a,5.7,2026-02-27T10:00:08.505Z
sensor.stormbreaker_adaptivecharge_target_current_a,5.71,2026-02-27T10:00:18.505Z
sensor.stormbreaker_adaptivecharge_target_current_a,5.82,2026-02-27T10:00:28.505Z
sensor.stormbreaker_adaptivecharge_target_current_a,5.81,2026-02-27T10:00:38.507Z
sensor.stormbreaker_adaptivecharge_target_current_a,5.78,2026-02-27T10:01:28.509Z
sensor.stormbreaker_adaptivecharge_target_current_a,5.77,2026-02-27T10:01:38.508Z
sensor.stormbreaker_adaptivecharge_target_current_a,5.78,2026-02-27T10:01:58.509Z
sensor.stormbreaker_adaptivecharge_target_current_a,5.63,2026-02-27T10:02:28.509Z
sensor.stormbreaker_adaptivecharge_target_current_a,5.61,2026-02-27T10:02:48.515Z
sensor.stormbreaker_adaptivecharge_target_current_a,5.62,2026-02-27T10:02:58.516Z
sensor.stormbreaker_adaptivecharge_target_current_a,5.63,2026-02-27T10:03:18.518Z
sensor.stormbreaker_adaptivecharge_target_current_a,5.7,2026-02-27T10:03:28.517Z
sensor.stormbreaker_adaptivecharge_target_current_a,5.68,2026-02-27T10:03:38.521Z
sensor.stormbreaker_adaptivecharge_target_current_a,5.7,2026-02-27T10:03:48.522Z
sensor.stormbreaker_adaptivecharge_target_current_a,5.69,2026-02-27T10:03:58.533Z
sensor.stormbreaker_adaptivecharge_target_current_a,5.7,2026-02-27T10:04:08.537Z
sensor.stormbreaker_adaptivecharge_target_current_a,5.69,2026-02-27T10:04:18.538Z
sensor.stormbreaker_adaptivecharge_target_current_a,5.76,2026-02-27T10:04:28.539Z
sensor.stormbreaker_adaptivecharge_target_current_a,5.75,2026-02-27T10:04:48.541Z
sensor.stormbreaker_adaptivecharge_target_current_a,5.77,2026-02-27T10:04:58.539Z
sensor.stormbreaker_adaptivecharge_target_current_a,5.76,2026-02-27T10:05:08.540Z
sensor.stormbreaker_adaptivecharge_target_current_a,5.75,2026-02-27T10:05:18.543Z
sensor.stormbreaker_adaptivecharge_target_current_a,5.11,2026-02-27T10:05:28.544Z
sensor.stormbreaker_adaptivecharge_target_current_a,5.13,2026-02-27T10:05:38.545Z
sensor.stormbreaker_adaptivecharge_target_current_a,5.12,2026-02-27T10:06:08.553Z
sensor.stormbreaker_adaptivecharge_target_current_a,5.13,2026-02-27T10:06:18.557Z
sensor.stormbreaker_adaptivecharge_target_current_a,4.41,2026-02-27T10:06:38.702Z
sensor.stormbreaker_adaptivecharge_target_current_a,4.4,2026-02-27T10:06:54.833Z
sensor.stormbreaker_adaptivecharge_target_current_a,3.38,2026-02-27T10:06:58.705Z
sensor.stormbreaker_adaptivecharge_target_current_a,3.4,2026-02-27T10:07:18.711Z
sensor.stormbreaker_adaptivecharge_target_current_a,3.43,2026-02-27T10:07:28.563Z
sensor.stormbreaker_adaptivecharge_target_current_a,4.5,2026-02-27T10:07:38.565Z
sensor.stormbreaker_adaptivecharge_target_current_a,4.44,2026-02-27T10:07:48.566Z
sensor.stormbreaker_adaptivecharge_target_current_a,4.43,2026-02-27T10:07:58.568Z
sensor.stormbreaker_adaptivecharge_target_current_a,4.44,2026-02-27T10:08:08.568Z
sensor.stormbreaker_adaptivecharge_target_current_a,4.45,2026-02-27T10:08:18.568Z
sensor.stormbreaker_adaptivecharge_target_current_a,5.85,2026-02-27T10:08:38.571Z
sensor.stormbreaker_adaptivecharge_target_current_a,5.83,2026-02-27T10:08:48.572Z
sensor.stormbreaker_adaptivecharge_target_current_a,5.84,2026-02-27T10:09:28.575Z
sensor.stormbreaker_adaptivecharge_target_current_a,5.88,2026-02-27T10:09:38.576Z
sensor.stormbreaker_adaptivecharge_target_current_a,5.87,2026-02-27T10:09:48.578Z
sensor.stormbreaker_adaptivecharge_target_current_a,5.88,2026-02-27T10:10:18.581Z
sensor.stormbreaker_adaptivecharge_target_current_a,5.94,2026-02-27T10:10:28.582Z
sensor.stormbreaker_adaptivecharge_target_current_a,5.89,2026-02-27T10:10:38.581Z
sensor.stormbreaker_adaptivecharge_target_current_a,7.6,2026-02-27T10:10:48.583Z
sensor.stormbreaker_adaptivecharge_target_current_a,7.59,2026-02-27T10:10:58.726Z
sensor.stormbreaker_adaptivecharge_target_current_a,7.63,2026-02-27T10:11:08.584Z
sensor.stormbreaker_adaptivecharge_target_current_a,7.6,2026-02-27T10:11:18.584Z
sensor.stormbreaker_adaptivecharge_target_current_a,7.61,2026-02-27T10:11:38.587Z
sensor.stormbreaker_adaptivecharge_target_current_a,5.91,2026-02-27T10:11:48.587Z
sensor.stormbreaker_adaptivecharge_target_current_a,5.9,2026-02-27T10:12:08.591Z
sensor.stormbreaker_adaptivecharge_target_current_a,5.91,2026-02-27T10:12:18.592Z
sensor.stormbreaker_adaptivecharge_target_current_a,5.9,2026-02-27T10:12:28.592Z
sensor.stormbreaker_adaptivecharge_target_current_a,5.91,2026-02-27T10:12:38.593Z
sensor.stormbreaker_adaptivecharge_target_current_a,5.97,2026-02-27T10:12:48.594Z
sensor.stormbreaker_adaptivecharge_target_current_a,5.98,2026-02-27T10:12:58.592Z
sensor.stormbreaker_adaptivecharge_target_current_a,5.97,2026-02-27T10:13:08.596Z
sensor.stormbreaker_adaptivecharge_target_current_a,5.98,2026-02-27T10:13:18.596Z
sensor.stormbreaker_adaptivecharge_target_current_a,5.97,2026-02-27T10:13:28.605Z
sensor.stormbreaker_adaptivecharge_target_current_a,5.98,2026-02-27T10:13:38.610Z
sensor.stormbreaker_adaptivecharge_target_current_a,6.1,2026-02-27T10:13:48.611Z
sensor.stormbreaker_adaptivecharge_target_current_a,6.07,2026-02-27T10:13:58.611Z
sensor.stormbreaker_adaptivecharge_target_current_a,6.09,2026-02-27T10:14:08.612Z
sensor.stormbreaker_adaptivecharge_target_current_a,6.12,2026-02-27T10:14:18.613Z
sensor.stormbreaker_adaptivecharge_target_current_a,6.1,2026-02-27T10:14:28.614Z
sensor.stormbreaker_adaptivecharge_target_current_a,6.09,2026-02-27T10:14:38.615Z
sensor.stormbreaker_adaptivecharge_target_current_a,6.12,2026-02-27T10:14:48.617Z
sensor.stormbreaker_adaptivecharge_target_current_a,6.14,2026-02-27T10:14:58.618Z
sensor.stormbreaker_adaptivecharge_target_current_a,6.15,2026-02-27T10:15:08.619Z
sensor.stormbreaker_adaptivecharge_target_current_a,6.14,2026-02-27T10:15:18.620Z
sensor.stormbreaker_adaptivecharge_target_current_a,6.11,2026-02-27T10:15:28.621Z
sensor.stormbreaker_adaptivecharge_target_current_a,6.1,2026-02-27T10:15:38.623Z
sensor.stormbreaker_adaptivecharge_target_current_a,6.31,2026-02-27T10:15:48.624Z
sensor.stormbreaker_adaptivecharge_target_current_a,6.35,2026-02-27T10:15:58.626Z
sensor.stormbreaker_adaptivecharge_target_current_a,6.32,2026-02-27T10:16:08.625Z
sensor.stormbreaker_adaptivecharge_target_current_a,6.35,2026-02-27T10:16:28.630Z
sensor.stormbreaker_adaptivecharge_target_current_a,6.33,2026-02-27T10:16:38.631Z
sensor.stormbreaker_adaptivecharge_target_current_a,6.34,2026-02-27T10:16:48.632Z
sensor.stormbreaker_adaptivecharge_target_current_a,6.33,2026-02-27T10:16:58.634Z
sensor.stormbreaker_adaptivecharge_target_current_a,6.34,2026-02-27T10:17:08.635Z
sensor.stormbreaker_adaptivecharge_target_current_a,6.33,2026-02-27T10:17:18.635Z
sensor.stormbreaker_adaptivecharge_target_current_a,6.31,2026-02-27T10:17:28.637Z
sensor.stormbreaker_adaptivecharge_target_current_a,6.33,2026-02-27T10:17:38.637Z
sensor.stormbreaker_adaptivecharge_target_current_a,6.31,2026-02-27T10:17:48.639Z
sensor.stormbreaker_adaptivecharge_target_current_a,6.64,2026-02-27T10:17:58.638Z
sensor.stormbreaker_adaptivecharge_target_current_a,6.65,2026-02-27T10:18:08.641Z
sensor.stormbreaker_adaptivecharge_target_current_a,6.63,2026-02-27T10:18:18.643Z
sensor.stormbreaker_adaptivecharge_target_current_a,6.64,2026-02-27T10:18:28.662Z
sensor.stormbreaker_adaptivecharge_target_current_a,6.62,2026-02-27T10:18:48.667Z
sensor.stormbreaker_adaptivecharge_target_current_a,4.9,2026-02-27T10:18:58.821Z
sensor.stormbreaker_adaptivecharge_target_current_a,5.01,2026-02-27T10:19:08.671Z
sensor.stormbreaker_adaptivecharge_target_current_a,4.98,2026-02-27T10:19:28.674Z
sensor.stormbreaker_adaptivecharge_target_current_a,5.01,2026-02-27T10:19:38.682Z
sensor.stormbreaker_adaptivecharge_target_current_a,5.0,2026-02-27T10:19:48.673Z
sensor.stormbreaker_adaptivecharge_target_current_a,6.91,2026-02-27T10:20:00.683Z
sensor.stormbreaker_adaptivecharge_target_current_a,7.93,2026-02-27T10:20:08.679Z
sensor.stormbreaker_adaptivecharge_target_current_a,7.87,2026-02-27T10:20:18.679Z
sensor.stormbreaker_adaptivecharge_target_current_a,7.91,2026-02-27T10:20:28.677Z
sensor.stormbreaker_adaptivecharge_target_current_a,7.83,2026-02-27T10:20:38.677Z
sensor.stormbreaker_adaptivecharge_target_current_a,7.86,2026-02-27T10:20:48.830Z
sensor.stormbreaker_adaptivecharge_target_current_a,7.02,2026-02-27T10:20:58.682Z
sensor.stormbreaker_adaptivecharge_target_current_a,7.03,2026-02-27T10:21:08.684Z
sensor.stormbreaker_adaptivecharge_target_current_a,7.02,2026-02-27T10:21:18.683Z
sensor.stormbreaker_adaptivecharge_target_current_a,7.0,2026-02-27T10:21:28.686Z
sensor.stormbreaker_adaptivecharge_target_current_a,7.04,2026-02-27T10:21:38.690Z
sensor.stormbreaker_adaptivecharge_target_current_a,7.1,2026-02-27T10:21:58.693Z
sensor.stormbreaker_adaptivecharge_target_current_a,7.01,2026-02-27T10:22:08.692Z
sensor.stormbreaker_adaptivecharge_target_current_a,7.08,2026-02-27T10:22:18.693Z
sensor.stormbreaker_adaptivecharge_target_current_a,7.02,2026-02-27T10:22:28.693Z
sensor.stormbreaker_adaptivecharge_target_current_a,7.03,2026-02-27T10:22:38.695Z
sensor.stormbreaker_adaptivecharge_target_current_a,7.01,2026-02-27T10:22:48.695Z
sensor.stormbreaker_adaptivecharge_target_current_a,7.03,2026-02-27T10:22:58.698Z
sensor.stormbreaker_adaptivecharge_target_current_a,6.25,2026-02-27T10:23:08.696Z
sensor.stormbreaker_adaptivecharge_target_current_a,6.29,2026-02-27T10:23:18.697Z
sensor.stormbreaker_adaptivecharge_target_current_a,6.22,2026-02-27T10:23:28.697Z
sensor.stormbreaker_adaptivecharge_target_current_a,6.24,2026-02-27T10:23:38.699Z
sensor.stormbreaker_adaptivecharge_target_current_a,6.16,2026-02-27T10:23:48.701Z
sensor.stormbreaker_adaptivecharge_target_current_a,6.19,2026-02-27T10:23:58.703Z
sensor.stormbreaker_adaptivecharge_target_current_a,6.12,2026-02-27T10:24:08.703Z
sensor.stormbreaker_adaptivecharge_target_current_a,6.08,2026-02-27T10:24:18.704Z
sensor.stormbreaker_adaptivecharge_target_current_a,6.18,2026-02-27T10:24:28.708Z
sensor.stormbreaker_adaptivecharge_target_current_a,6.16,2026-02-27T10:24:38.708Z
sensor.stormbreaker_adaptivecharge_target_current_a,6.08,2026-02-27T10:24:48.708Z
sensor.stormbreaker_adaptivecharge_target_current_a,6.15,2026-02-27T10:24:58.712Z
sensor.stormbreaker_adaptivecharge_target_current_a,7.16,2026-02-27T10:25:08.713Z
sensor.stormbreaker_adaptivecharge_target_current_a,7.09,2026-02-27T10:25:18.713Z
sensor.stormbreaker_adaptivecharge_target_current_a,7.18,2026-02-27T10:25:28.714Z
sensor.stormbreaker_adaptivecharge_target_current_a,7.14,2026-02-27T10:25:38.715Z
sensor.stormbreaker_adaptivecharge_target_current_a,7.15,2026-02-27T10:25:48.716Z
sensor.stormbreaker_adaptivecharge_target_current_a,7.09,2026-02-27T10:25:58.716Z
sensor.stormbreaker_adaptivecharge_target_current_a,4.67,2026-02-27T10:26:08.861Z
sensor.stormbreaker_adaptivecharge_target_current_a,3.68,2026-02-27T10:26:28.868Z
sensor.stormbreaker_adaptivecharge_target_current_a,3.67,2026-02-27T10:26:38.864Z
sensor.stormbreaker_adaptivecharge_target_current_a,3.68,2026-02-27T10:26:58.866Z
sensor.stormbreaker_adaptivecharge_target_current_a,unavailable,2026-02-27T10:27:00.873Z
sensor.stormbreaker_adaptivecharge_target_current_a,3.68,2026-02-27T10:27:00.889Z
sensor.stormbreaker_adaptivecharge_target_current_a,5.36,2026-02-27T10:27:10.883Z
sensor.stormbreaker_adaptivecharge_target_current_a,5.35,2026-02-27T10:27:20.885Z
sensor.stormbreaker_adaptivecharge_target_current_a,5.34,2026-02-27T10:27:30.885Z
sensor.stormbreaker_adaptivecharge_target_current_a,5.36,2026-02-27T10:27:40.885Z
sensor.stormbreaker_adaptivecharge_target_current_a,5.37,2026-02-27T10:27:50.886Z
sensor.stormbreaker_adaptivecharge_target_current_a,0.29,2026-02-27T10:28:00.888Z
sensor.stormbreaker_adaptivecharge_target_current_a,5.31,2026-02-27T10:28:10.889Z
sensor.stormbreaker_adaptivecharge_target_current_a,5.55,2026-02-27T10:28:20.891Z
sensor.stormbreaker_adaptivecharge_target_current_a,8.59,2026-02-27T10:28:30.902Z
sensor.stormbreaker_adaptivecharge_target_current_a,10.36,2026-02-27T10:28:40.894Z
sensor.stormbreaker_adaptivecharge_target_current_a,10.35,2026-02-27T10:29:00.895Z
sensor.stormbreaker_adaptivecharge_target_current_a,3.0,2026-02-27T10:29:16.199Z
sensor.stormbreaker_adaptivecharge_target_current_a,2.0,2026-02-27T10:29:21.049Z
sensor.stormbreaker_adaptivecharge_target_current_a,2.01,2026-02-27T10:29:31.042Z
sensor.stormbreaker_adaptivecharge_target_current_a,1.99,2026-02-27T10:29:41.054Z
sensor.stormbreaker_adaptivecharge_target_current_a,1.96,2026-02-27T10:29:50.901Z
sensor.stormbreaker_adaptivecharge_target_current_a,0.0,2026-02-27T10:30:00.900Z
sensor.stormbreaker_adaptivecharge_target_current_a,2.67,2026-02-27T10:30:20.904Z
sensor.stormbreaker_adaptivecharge_target_current_a,2.66,2026-02-27T10:30:40.904Z
sensor.stormbreaker_adaptivecharge_target_current_a,2.67,2026-02-27T10:31:10.909Z
sensor.stormbreaker_adaptivecharge_target_current_a,2.52,2026-02-27T10:31:20.909Z
sensor.stormbreaker_adaptivecharge_target_current_a,2.49,2026-02-27T10:32:20.916Z
sensor.stormbreaker_adaptivecharge_target_current_a,2.5,2026-02-27T10:32:50.918Z
sensor.stormbreaker_adaptivecharge_target_current_a,3.03,2026-02-27T10:33:01.074Z
sensor.stormbreaker_adaptivecharge_target_current_a,3.84,2026-02-27T10:33:10.921Z
sensor.stormbreaker_adaptivecharge_target_current_a,2.54,2026-02-27T10:33:20.919Z
sensor.stormbreaker_adaptivecharge_target_current_a,2.55,2026-02-27T10:33:30.923Z
sensor.stormbreaker_adaptivecharge_target_current_a,2.57,2026-02-27T10:34:20.929Z
sensor.stormbreaker_adaptivecharge_target_current_a,2.56,2026-02-27T10:34:30.927Z
sensor.stormbreaker_adaptivecharge_target_current_a,2.57,2026-02-27T10:34:40.932Z
sensor.stormbreaker_adaptivecharge_target_current_a,2.55,2026-02-27T10:34:50.934Z
sensor.stormbreaker_adaptivecharge_target_current_a,2.56,2026-02-27T10:35:00.929Z
sensor.stormbreaker_adaptivecharge_target_current_a,2.14,2026-02-27T10:35:20.931Z
sensor.stormbreaker_adaptivecharge_target_current_a,2.15,2026-02-27T10:35:30.931Z
sensor.stormbreaker_adaptivecharge_target_current_a,2.14,2026-02-27T10:35:50.932Z
sensor.stormbreaker_adaptivecharge_target_current_a,2.15,2026-02-27T10:36:00.940Z
sensor.stormbreaker_adaptivecharge_target_current_a,2.14,2026-02-27T10:36:20.943Z
sensor.stormbreaker_adaptivecharge_target_current_a,2.51,2026-02-27T10:36:30.938Z
sensor.stormbreaker_adaptivecharge_target_current_a,2.5,2026-02-27T10:36:40.941Z
sensor.stormbreaker_adaptivecharge_target_current_a,2.49,2026-02-27T10:37:10.943Z
sensor.stormbreaker_adaptivecharge_target_current_a,2.5,2026-02-27T10:37:20.945Z
sensor.stormbreaker_adaptivecharge_target_current_a,2.48,2026-02-27T10:37:40.942Z
sensor.stormbreaker_adaptivecharge_target_current_a,2.5,2026-02-27T10:37:50.943Z
sensor.stormbreaker_adaptivecharge_target_current_a,2.49,2026-02-27T10:38:00.945Z
sensor.stormbreaker_adaptivecharge_target_current_a,2.5,2026-02-27T10:38:20.947Z
sensor.stormbreaker_adaptivecharge_target_current_a,2.23,2026-02-27T10:38:30.948Z
sensor.stormbreaker_adaptivecharge_target_current_a,2.22,2026-02-27T10:38:40.950Z
sensor.stormbreaker_adaptivecharge_target_current_a,2.23,2026-02-27T10:39:00.952Z
sensor.stormbreaker_adaptivecharge_target_current_a,2.24,2026-02-27T10:39:10.956Z
sensor.stormbreaker_adaptivecharge_target_current_a,2.23,2026-02-27T10:39:20.953Z
sensor.stormbreaker_adaptivecharge_target_current_a,2.27,2026-02-27T10:39:30.957Z
sensor.stormbreaker_adaptivecharge_target_current_a,2.26,2026-02-27T10:39:50.958Z
sensor.stormbreaker_adaptivecharge_target_current_a,2.27,2026-02-27T10:40:00.957Z
sensor.stormbreaker_adaptivecharge_target_current_a,2.26,2026-02-27T10:40:20.964Z
sensor.stormbreaker_adaptivecharge_target_current_a,2.24,2026-02-27T10:40:30.965Z
sensor.stormbreaker_adaptivecharge_target_current_a,2.23,2026-02-27T10:41:00.964Z
sensor.stormbreaker_adaptivecharge_target_current_a,2.24,2026-02-27T10:41:10.969Z
sensor.stormbreaker_adaptivecharge_target_current_a,2.3,2026-02-27T10:41:30.967Z
sensor.stormbreaker_adaptivecharge_target_current_a,2.31,2026-02-27T10:41:40.968Z
sensor.stormbreaker_adaptivecharge_target_current_a,2.3,2026-02-27T10:41:50.968Z
sensor.stormbreaker_adaptivecharge_target_current_a,2.31,2026-02-27T10:42:00.973Z
sensor.stormbreaker_adaptivecharge_target_current_a,2.3,2026-02-27T10:42:10.975Z
sensor.stormbreaker_adaptivecharge_target_current_a,2.37,2026-02-27T10:42:40.977Z
sensor.stormbreaker_adaptivecharge_target_current_a,2.36,2026-02-27T10:42:50.972Z
sensor.stormbreaker_adaptivecharge_target_current_a,2.37,2026-02-27T10:43:00.974Z
sensor.stormbreaker_adaptivecharge_target_current_a,2.36,2026-02-27T10:43:20.977Z
sensor.stormbreaker_adaptivecharge_target_current_a,2.78,2026-02-27T10:43:40.979Z
sensor.stormbreaker_adaptivecharge_target_current_a,2.79,2026-02-27T10:43:50.982Z
sensor.stormbreaker_adaptivecharge_target_current_a,2.78,2026-02-27T10:44:00.980Z
sensor.stormbreaker_adaptivecharge_target_current_a,3.29,2026-02-27T10:44:40.984Z
sensor.stormbreaker_adaptivecharge_target_current_a,3.3,2026-02-27T10:44:50.988Z
sensor.stormbreaker_adaptivecharge_target_current_a,3.29,2026-02-27T10:45:00.994Z
sensor.stormbreaker_adaptivecharge_target_current_a,3.15,2026-02-27T10:45:40.992Z
sensor.stormbreaker_adaptivecharge_target_current_a,3.08,2026-02-27T10:46:51.000Z
sensor.stormbreaker_adaptivecharge_target_current_a,3.09,2026-02-27T10:47:31.002Z
sensor.stormbreaker_adaptivecharge_target_current_a,3.08,2026-02-27T10:47:41.004Z
sensor.stormbreaker_adaptivecharge_target_current_a,3.63,2026-02-27T10:47:51.004Z
sensor.stormbreaker_adaptivecharge_target_current_a,3.64,2026-02-27T10:48:01.005Z
sensor.stormbreaker_adaptivecharge_target_current_a,3.63,2026-02-27T10:48:11.004Z
sensor.stormbreaker_adaptivecharge_target_current_a,3.64,2026-02-27T10:48:21.007Z
sensor.stormbreaker_adaptivecharge_target_current_a,3.63,2026-02-27T10:48:41.005Z
sensor.stormbreaker_adaptivecharge_target_current_a,3.78,2026-02-27T10:48:51.009Z
sensor.stormbreaker_adaptivecharge_target_current_a,3.79,2026-02-27T10:49:21.105Z
sensor.stormbreaker_adaptivecharge_target_current_a,3.77,2026-02-27T10:49:41.111Z
sensor.stormbreaker_adaptivecharge_target_current_a,3.6,2026-02-27T10:49:51.115Z
sensor.stormbreaker_adaptivecharge_target_current_a,3.61,2026-02-27T10:50:11.112Z
sensor.stormbreaker_adaptivecharge_target_current_a,3.33,2026-02-27T10:50:51.368Z
sensor.stormbreaker_adaptivecharge_target_current_a,3.34,2026-02-27T10:51:11.376Z
sensor.stormbreaker_adaptivecharge_target_current_a,3.35,2026-02-27T10:51:51.437Z
sensor.stormbreaker_adaptivecharge_target_current_a,3.02,2026-02-27T10:52:01.439Z
sensor.stormbreaker_adaptivecharge_target_current_a,3.03,2026-02-27T10:52:21.441Z
sensor.stormbreaker_adaptivecharge_target_current_a,2.93,2026-02-27T10:53:01.442Z
sensor.stormbreaker_adaptivecharge_target_current_a,2.9,2026-02-27T10:53:41.448Z
sensor.stormbreaker_adaptivecharge_target_current_a,2.91,2026-02-27T10:53:51.448Z
sensor.stormbreaker_adaptivecharge_target_current_a,3.56,2026-02-27T10:54:01.446Z
sensor.stormbreaker_adaptivecharge_target_current_a,3.54,2026-02-27T10:54:11.448Z
sensor.stormbreaker_adaptivecharge_target_current_a,3.53,2026-02-27T10:54:21.451Z
sensor.stormbreaker_adaptivecharge_target_current_a,3.61,2026-02-27T10:54:31.451Z
sensor.stormbreaker_adaptivecharge_target_current_a,3.51,2026-02-27T10:54:41.449Z
sensor.stormbreaker_adaptivecharge_target_current_a,6.19,2026-02-27T10:55:07.889Z
sensor.stormbreaker_adaptivecharge_target_current_a,8.27,2026-02-27T10:55:11.454Z
sensor.stormbreaker_adaptivecharge_target_current_a,8.28,2026-02-27T10:55:21.454Z
sensor.stormbreaker_adaptivecharge_target_current_a,8.35,2026-02-27T10:55:31.455Z
sensor.stormbreaker_adaptivecharge_target_current_a,8.36,2026-02-27T10:55:41.455Z
sensor.stormbreaker_adaptivecharge_target_current_a,8.37,2026-02-27T10:55:51.458Z
sensor.stormbreaker_adaptivecharge_target_current_a,5.56,2026-02-27T10:56:03.897Z
sensor.stormbreaker_adaptivecharge_target_current_a,6.56,2026-02-27T10:56:11.459Z
sensor.stormbreaker_adaptivecharge_target_current_a,6.46,2026-02-27T10:56:21.459Z
sensor.stormbreaker_adaptivecharge_target_current_a,6.45,2026-02-27T10:56:31.469Z
sensor.stormbreaker_adaptivecharge_target_current_a,6.46,2026-02-27T10:56:41.462Z
sensor.stormbreaker_adaptivecharge_target_current_a,6.56,2026-02-27T10:56:51.465Z
sensor.stormbreaker_adaptivecharge_target_current_a,4.15,2026-02-27T10:57:01.463Z
sensor.stormbreaker_adaptivecharge_target_current_a,4.13,2026-02-27T10:57:19.405Z
sensor.stormbreaker_adaptivecharge_target_current_a,3.05,2026-02-27T10:57:21.614Z
sensor.stormbreaker_adaptivecharge_target_current_a,3.06,2026-02-27T10:57:41.608Z
sensor.stormbreaker_adaptivecharge_target_current_a,0.0,2026-02-27T10:58:01.473Z
sensor.stormbreaker_adaptivecharge_target_current_a,3.29,2026-02-27T10:58:11.470Z
sensor.stormbreaker_adaptivecharge_target_current_a,2.68,2026-02-27T10:59:11.481Z
sensor.stormbreaker_adaptivecharge_target_current_a,2.66,2026-02-27T10:59:51.487Z
sensor.stormbreaker_adaptivecharge_current_setting_a,6,2026-02-27T10:00:00.000Z
sensor.stormbreaker_adaptivecharge_current_setting_a,5,2026-02-27T10:06:38.702Z
sensor.stormbreaker_adaptivecharge_current_setting_a,4,2026-02-27T10:06:54.833Z
sensor.stormbreaker_adaptivecharge_current_setting_a,3,2026-02-27T10:06:58.705Z
sensor.stormbreaker_adaptivecharge_current_setting_a,2,2026-02-27T10:07:08.717Z
sensor.stormbreaker_adaptivecharge_current_setting_a,1,2026-02-27T10:07:18.711Z
sensor.stormbreaker_adaptivecharge_current_setting_a,unknown,2026-02-27T10:07:38.565Z
sensor.stormbreaker_adaptivecharge_current_setting_a,5,2026-02-27T10:10:18.581Z
sensor.stormbreaker_adaptivecharge_current_setting_a,6,2026-02-27T10:10:58.726Z
sensor.stormbreaker_adaptivecharge_current_setting_a,5,2026-02-27T10:18:58.822Z
sensor.stormbreaker_adaptivecharge_current_setting_a,6,2026-02-27T10:20:00.684Z
sensor.stormbreaker_adaptivecharge_current_setting_a,7,2026-02-27T10:20:48.830Z
sensor.stormbreaker_adaptivecharge_current_setting_a,6,2026-02-27T10:26:08.861Z
sensor.stormbreaker_adaptivecharge_current_setting_a,5,2026-02-27T10:26:20.991Z
sensor.stormbreaker_adaptivecharge_current_setting_a,4,2026-02-27T10:26:28.868Z
sensor.stormbreaker_adaptivecharge_current_setting_a,3,2026-02-27T10:26:38.864Z
sensor.stormbreaker_adaptivecharge_current_setting_a,2,2026-02-27T10:26:48.872Z
sensor.stormbreaker_adaptivecharge_current_setting_a,1,2026-02-27T10:26:58.867Z
sensor.stormbreaker_adaptivecharge_current_setting_a,unavailable,2026-02-27T10:27:00.873Z
sensor.stormbreaker_adaptivecharge_current_setting_a,unknown,2026-02-27T10:27:00.889Z
sensor.stormbreaker_adaptivecharge_current_setting_a,5,2026-02-27T10:27:50.887Z
sensor.stormbreaker_adaptivecharge_current_setting_a,4,2026-02-27T10:29:16.199Z
sensor.stormbreaker_adaptivecharge_current_setting_a,3,2026-02-27T10:29:21.049Z
sensor.stormbreaker_adaptivecharge_current_setting_a,2,2026-02-27T10:29:31.042Z
sensor.stormbreaker_adaptivecharge_current_setting_a,1,2026-02-27T10:29:41.054Z
sensor.stormbreaker_adaptivecharge_current_setting_a,unknown,2026-02-27T10:30:00.900Z
sensor.stormbreaker_adaptivecharge_current_setting_a,2,2026-02-27T10:32:50.918Z
sensor.stormbreaker_adaptivecharge_current_setting_a,3,2026-02-27T10:33:01.074Z
sensor.stormbreaker_adaptivecharge_current_setting_a,4,2026-02-27T10:55:07.890Z
sensor.stormbreaker_adaptivecharge_current_setting_a,5,2026-02-27T10:56:03.897Z
sensor.stormbreaker_adaptivecharge_current_setting_a,4,2026-02-27T10:57:19.405Z
sensor.stormbreaker_adaptivecharge_current_setting_a,3,2026-02-27T10:57:21.615Z
sensor.stormbreaker_adaptivecharge_current_setting_a,2,2026-02-27T10:57:31.618Z
sensor.stormbreaker_adaptivecharge_current_setting_a,1,2026-02-27T10:57:41.609Z
sensor.stormbreaker_adaptivecharge_current_setting_a,unknown,2026-02-27T10:58:01.473Z
sensor.stormbreaker_adaptivecharge_available_current_decision_a,5.73,2026-02-27T10:00:00.000Z
sensor.stormbreaker_adaptivecharge_available_current_decision_a,5.7,2026-02-27T10:00:08.505Z
sensor.stormbreaker_adaptivecharge_available_current_decision_a,5.71,2026-02-27T10:00:18.505Z
sensor.stormbreaker_adaptivecharge_available_current_decision_a,5.82,2026-02-27T10:00:28.505Z
sensor.stormbreaker_adaptivecharge_available_current_decision_a,5.81,2026-02-27T10:00:38.507Z
sensor.stormbreaker_adaptivecharge_available_current_decision_a,5.78,2026-02-27T10:01:28.509Z
sensor.stormbreaker_adaptivecharge_available_current_decision_a,5.77,2026-02-27T10:01:38.508Z
sensor.stormbreaker_adaptivecharge_available_current_decision_a,5.78,2026-02-27T10:01:58.509Z
sensor.stormbreaker_adaptivecharge_available_current_decision_a,5.63,2026-02-27T10:02:28.509Z
sensor.stormbreaker_adaptivecharge_available_current_decision_a,5.61,2026-02-27T10:02:48.515Z
sensor.stormbreaker_adaptivecharge_available_current_decision_a,5.62,2026-02-27T10:02:58.517Z
sensor.stormbreaker_adaptivecharge_available_current_decision_a,5.63,2026-02-27T10:03:18.518Z
sensor.stormbreaker_adaptivecharge_available_current_decision_a,5.7,2026-02-27T10:03:28.517Z
sensor.stormbreaker_adaptivecharge_available_current_decision_a,5.68,2026-02-27T10:03:38.521Z
sensor.stormbreaker_adaptivecharge_available_current_decision_a,5.7,2026-02-27T10:03:48.523Z
sensor.stormbreaker_adaptivecharge_available_current_decision_a,5.69,2026-02-27T10:03:58.533Z
sensor.stormbreaker_adaptivecharge_available_current_decision_a,5.7,2026-02-27T10:04:08.537Z
sensor.stormbreaker_adaptivecharge_available_current_decision_a,5.69,2026-02-27T10:04:18.539Z
sensor.stormbreaker_adaptivecharge_available_current_decision_a,5.76,2026-02-27T10:04:28.539Z
sensor.stormbreaker_adaptivecharge_available_current_decision_a,5.75,2026-02-27T10:04:48.541Z
sensor.stormbreaker_adaptivecharge_available_current_decision_a,5.77,2026-02-27T10:04:58.540Z
sensor.stormbreaker_adaptivecharge_available_current_decision_a,5.76,2026-02-27T10:05:08.540Z
sensor.stormbreaker_adaptivecharge_available_current_decision_a,5.75,2026-02-27T10:05:18.543Z
sensor.stormbreaker_adaptivecharge_available_current_decision_a,5.11,2026-02-27T10:05:28.544Z
sensor.stormbreaker_adaptivecharge_available_current_decision_a,5.13,2026-02-27T10:05:38.546Z
sensor.stormbreaker_adaptivecharge_available_current_decision_a,5.12,2026-02-27T10:06:08.554Z
sensor.stormbreaker_adaptivecharge_available_current_decision_a,5.13,2026-02-27T10:06:18.557Z
sensor.stormbreaker_adaptivecharge_available_current_decision_a,4.41,2026-02-27T10:06:38.702Z
sensor.stormbreaker_adaptivecharge_available_current_decision_a,4.4,2026-02-27T10:06:54.833Z
sensor.stormbreaker_adaptivecharge_available_current_decision_a,3.38,2026-02-27T10:06:58.706Z
sensor.stormbreaker_adaptivecharge_available_current_decision_a,3.4,2026-02-27T10:07:18.711Z
sensor.stormbreaker_adaptivecharge_available_current_decision_a,3.43,2026-02-27T10:07:28.564Z
sensor.stormbreaker_adaptivecharge_available_current_decision_a,4.5,2026-02-27T10:07:38.565Z
sensor.stormbreaker_adaptivecharge_available_current_decision_a,4.44,2026-02-27T10:07:48.566Z
sensor.stormbreaker_adaptivecharge_available_current_decision_a,4.43,2026-02-27T10:07:58.568Z
sensor.stormbreaker_adaptivecharge_available_current_decision_a,4.44,2026-02-27T10:08:08.568Z
sensor.stormbreaker_adaptivecharge_available_current_decision_a,4.45,2026-02-27T10:08:18.569Z
sensor.stormbreaker_adaptivecharge_available_current_decision_a,5.85,2026-02-27T10:08:38.571Z
sensor.stormbreaker_adaptivecharge_available_current_decision_a,5.83,2026-02-27T10:08:48.572Z
sensor.stormbreaker_adaptivecharge_available_current_decision_a,5.84,2026-02-27T10:09:28.575Z
sensor.stormbreaker_adaptivecharge_available_current_decision_a,5.88,2026-02-27T10:09:38.576Z
sensor.stormbreaker_adaptivecharge_available_current_decision_a,5.87,2026-02-27T10:09:48.578Z
sensor.stormbreaker_adaptivecharge_available_current_decision_a,5.88,2026-02-27T10:10:18.582Z
sensor.stormbreaker_adaptivecharge_available_current_decision_a,5.94,2026-02-27T10:10:28.582Z
sensor.stormbreaker_adaptivecharge_available_current_decision_a,5.89,2026-02-27T10:10:38.582Z
sensor.stormbreaker_adaptivecharge_available_current_decision_a,7.6,2026-02-27T10:10:48.583Z
sensor.stormbreaker_adaptivecharge_available_current_decision_a,7.59,2026-02-27T10:10:58.726Z
sensor.stormbreaker_adaptivecharge_available_current_decision_a,7.63,2026-02-27T10:11:08.584Z
sensor.stormbreaker_adaptivecharge_available_current_decision_a,7.6,2026-02-27T10:11:18.584Z
sensor.stormbreaker_adaptivecharge_available_current_decision_a,7.61,2026-02-27T10:11:38.587Z
sensor.stormbreaker_adaptivecharge_available_current_decision_a,5.91,2026-02-27T10:11:48.587Z
sensor.stormbreaker_adaptivecharge_available_current_decision_a,5.9,2026-02-27T10:12:08.591Z
sensor.stormbreaker_adaptivecharge_available_current_decision_a,5.91,2026-02-27T10:12:18.592Z
sensor.stormbreaker_adaptivecharge_available_current_decision_a,5.9,2026-02-27T10:12:28.592Z
sensor.stormbreaker_adaptivecharge_available_current_decision_a,5.91,2026-02-27T10:12:38.593Z
sensor.stormbreaker_adaptivecharge_available_current_decision_a,5.97,2026-02-27T10:12:48.594Z
sensor.stormbreaker_adaptivecharge_available_current_decision_a,5.98,2026-02-27T10:12:58.592Z
sensor.stormbreaker_adaptivecharge_available_current_decision_a,5.97,2026-02-27T10:13:08.597Z
sensor.stormbreaker_adaptivecharge_available_current_decision_a,5.98,2026-02-27T10:13:18.597Z
sensor.stormbreaker_adaptivecharge_available_current_decision_a,5.97,2026-02-27T10:13:28.605Z
sensor.stormbreaker_adaptivecharge_available_current_decision_a,5.98,2026-02-27T10:13:38.610Z
sensor.stormbreaker_adaptivecharge_available_current_decision_a,6.1,2026-02-27T10:13:48.611Z
sensor.stormbreaker_adaptivecharge_available_current_decision_a,6.07,2026-02-27T10:13:58.611Z
sensor.stormbreaker_adaptivecharge_available_current_decision_a,6.09,2026-02-27T10:14:08.612Z
sensor.stormbreaker_adaptivecharge_available_current_decision_a,6.12,2026-02-27T10:14:18.614Z
sensor.stormbreaker_adaptivecharge_available_current_decision_a,6.1,2026-02-27T10:14:28.615Z
sensor.stormbreaker_adaptivecharge_available_current_decision_a,6.09,2026-02-27T10:14:38.615Z
sensor.stormbreaker_adaptivecharge_available_current_decision_a,6.12,2026-02-27T10:14:48.617Z
sensor.stormbreaker_adaptivecharge_available_current_decision_a,6.14,2026-02-27T10:14:58.618Z
sensor.stormbreaker_adaptivecharge_available_current_decision_a,6.15,2026-02-27T10:15:08.619Z
sensor.stormbreaker_adaptivecharge_available_current_decision_a,6.14,2026-02-27T10:15:18.620Z
sensor.stormbreaker_adaptivecharge_available_current_decision_a,6.11,2026-02-27T10:15:28.622Z
sensor.stormbreaker_adaptivecharge_available_current_decision_a,6.1,2026-02-27T10:15:38.623Z
sensor.stormbreaker_adaptivecharge_available_current_decision_a,6.31,2026-02-27T10:15:48.624Z
sensor.stormbreaker_adaptivecharge_available_current_decision_a,6.35,2026-02-27T10:15:58.626Z
sensor.stormbreaker_adaptivecharge_available_current_decision_a,6.32,2026-02-27T10:16:08.625Z
sensor.stormbreaker_adaptivecharge_available_current_decision_a,6.35,2026-02-27T10:16:28.630Z
sensor.stormbreaker_adaptivecharge_available_current_decision_a,6.33,2026-02-27T10:16:38.632Z
sensor.stormbreaker_adaptivecharge_available_current_decision_a,6.34,2026-02-27T10:16:48.632Z
sensor.stormbreaker_adaptivecharge_available_current_decision_a,6.33,2026-02-27T10:16:58.634Z
sensor.stormbreaker_adaptivecharge_available_current_decision_a,6.34,2026-02-27T10:17:08.635Z
sensor.stormbreaker_adaptivecharge_available_current_decision_a,6.33,2026-02-27T10:17:18.635Z
sensor.stormbreaker_adaptivecharge_available_current_decision_a,6.31,2026-02-27T10:17:28.637Z
sensor.stormbreaker_adaptivecharge_available_current_decision_a,6.33,2026-02-27T10:17:38.637Z
sensor.stormbreaker_adaptivecharge_available_current_decision_a,6.31,2026-02-27T10:17:48.639Z
sensor.stormbreaker_adaptivecharge_available_current_decision_a,6.64,2026-02-27T10:17:58.638Z
sensor.stormbreaker_adaptivecharge_available_current_decision_a,6.65,2026-02-27T10:18:08.642Z
sensor.stormbreaker_adaptivecharge_available_current_decision_a,6.63,2026-02-27T10:18:18.643Z
sensor.stormbreaker_adaptivecharge_available_current_decision_a,6.64,2026-02-27T10:18:28.663Z
sensor.stormbreaker_adaptivecharge_available_current_decision_a,6.62,2026-02-27T10:18:48.667Z
sensor.stormbreaker_adaptivecharge_available_current_decision_a,4.9,2026-02-27T10:18:58.822Z
sensor.stormbreaker_adaptivecharge_available_current_decision_a,5.01,2026-02-27T10:19:08.671Z
sensor.stormbreaker_adaptivecharge_available_current_decision_a,4.98,2026-02-27T10:19:28.675Z
sensor.stormbreaker_adaptivecharge_available_current_decision_a,5.01,2026-02-27T10:19:38.682Z
sensor.stormbreaker_adaptivecharge_available_current_decision_a,5.0,2026-02-27T10:19:48.673Z
sensor.stormbreaker_adaptivecharge_available_current_decision_a,6.91,2026-02-27T10:20:00.684Z
sensor.stormbreaker_adaptivecharge_available_current_decision_a,7.93,2026-02-27T10:20:08.680Z
sensor.stormbreaker_adaptivecharge_available_current_decision_a,7.87,2026-02-27T10:20:18.679Z
sensor.stormbreaker_adaptivecharge_available_current_decision_a,7.91,2026-02-27T10:20:28.677Z
sensor.stormbreaker_adaptivecharge_available_current_decision_a,7.83,2026-02-27T10:20:38.677Z
sensor.stormbreaker_adaptivecharge_available_current_decision_a,7.86,2026-02-27T10:20:48.831Z
sensor.stormbreaker_adaptivecharge_available_current_decision_a,7.02,2026-02-27T10:20:58.683Z
sensor.stormbreaker_adaptivecharge_available_current_decision_a,7.03,2026-02-27T10:21:08.685Z
sensor.stormbreaker_adaptivecharge_available_current_decision_a,7.02,2026-02-27T10:21:18.686Z
sensor.stormbreaker_adaptivecharge_available_current_decision_a,7.0,2026-02-27T10:21:28.686Z
sensor.stormbreaker_adaptivecharge_available_current_decision_a,7.04,2026-02-27T10:21:38.690Z
sensor.stormbreaker_adaptivecharge_available_current_decision_a,7.1,2026-02-27T10:21:58.693Z
sensor.stormbreaker_adaptivecharge_available_current_decision_a,7.01,2026-02-27T10:22:08.692Z
sensor.stormbreaker_adaptivecharge_available_current_decision_a,7.08,2026-02-27T10:22:18.693Z
sensor.stormbreaker_adaptivecharge_available_current_decision_a,7.02,2026-02-27T10:22:28.694Z
sensor.stormbreaker_adaptivecharge_available_current_decision_a,7.03,2026-02-27T10:22:38.695Z
sensor.stormbreaker_adaptivecharge_available_current_decision_a,7.01,2026-02-27T10:22:48.695Z
sensor.stormbreaker_adaptivecharge_available_current_decision_a,7.03,2026-02-27T10:22:58.699Z
sensor.stormbreaker_adaptivecharge_available_current_decision_a,6.25,2026-02-27T10:23:08.696Z
sensor.stormbreaker_adaptivecharge_available_current_decision_a,6.29,2026-02-27T10:23:18.699Z
sensor.stormbreaker_adaptivecharge_available_current_decision_a,6.22,2026-02-27T10:23:28.698Z
sensor.stormbreaker_adaptivecharge_available_current_decision_a,6.24,2026-02-27T10:23:38.699Z
sensor.stormbreaker_adaptivecharge_available_current_decision_a,6.16,2026-02-27T10:23:48.701Z
sensor.stormbreaker_adaptivecharge_available_current_decision_a,6.19,2026-02-27T10:23:58.703Z
sensor.stormbreaker_adaptivecharge_available_current_decision_a,6.12,2026-02-27T10:24:08.704Z
sensor.stormbreaker_adaptivecharge_available_current_decision_a,6.08,2026-02-27T10:24:18.704Z
sensor.stormbreaker_adaptivecharge_available_current_decision_a,6.18,2026-02-27T10:24:28.708Z
sensor.stormbreaker_adaptivecharge_available_current_decision_a,6.16,2026-02-27T10:24:38.709Z
sensor.stormbreaker_adaptivecharge_available_current_decision_a,6.08,2026-02-27T10:24:48.708Z
sensor.stormbreaker_adaptivecharge_available_current_decision_a,6.15,2026-02-27T10:24:58.712Z
sensor.stormbreaker_adaptivecharge_available_current_decision_a,7.16,2026-02-27T10:25:08.713Z
sensor.stormbreaker_adaptivecharge_available_current_decision_a,7.09,2026-02-27T10:25:18.713Z
sensor.stormbreaker_adaptivecharge_available_current_decision_a,7.18,2026-02-27T10:25:28.715Z
sensor.stormbreaker_adaptivecharge_available_current_decision_a,7.14,2026-02-27T10:25:38.715Z
sensor.stormbreaker_adaptivecharge_available_current_decision_a,7.15,2026-02-27T10:25:48.716Z
sensor.stormbreaker_adaptivecharge_available_current_decision_a,7.09,2026-02-27T10:25:58.717Z
sensor.stormbreaker_adaptivecharge_available_current_decision_a,4.67,2026-02-27T10:26:08.861Z
sensor.stormbreaker_adaptivecharge_available_current_decision_a,3.68,2026-02-27T10:26:28.868Z
sensor.stormbreaker_adaptivecharge_available_current_decision_a,3.67,2026-02-27T10:26:38.864Z
sensor.stormbreaker_adaptivecharge_available_current_decision_a,3.68,2026-02-27T10:26:58.867Z
sensor.stormbreaker_adaptivecharge_available_current_decision_a,unavailable,2026-02-27T10:27:00.873Z
sensor.stormbreaker_adaptivecharge_available_current_decision_a,3.68,2026-02-27T10:27:00.889Z
sensor.stormbreaker_adaptivecharge_available_current_decision_a,5.36,2026-02-27T10:27:10.883Z
sensor.stormbreaker_adaptivecharge_available_current_decision_a,5.35,2026-02-27T10:27:20.885Z
sensor.stormbreaker_adaptivecharge_available_current_decision_a,5.34,2026-02-27T10:27:30.885Z
sensor.stormbreaker_adaptivecharge_available_current_decision_a,5.36,2026-02-27T10:27:40.885Z
sensor.stormbreaker_adaptivecharge_available_current_decision_a,5.37,2026-02-27T10:27:50.887Z
sensor.stormbreaker_adaptivecharge_available_current_decision_a,0.29,2026-02-27T10:28:00.890Z
sensor.stormbreaker_adaptivecharge_available_current_decision_a,5.31,2026-02-27T10:28:10.889Z
sensor.stormbreaker_adaptivecharge_available_current_decision_a,5.55,2026-02-27T10:28:20.891Z
sensor.stormbreaker_adaptivecharge_available_current_decision_a,8.59,2026-02-27T10:28:30.903Z
sensor.stormbreaker_adaptivecharge_available_current_decision_a,10.36,2026-02-27T10:28:40.894Z
sensor.stormbreaker_adaptivecharge_available_current_decision_a,10.35,2026-02-27T10:29:00.895Z
sensor.stormbreaker_adaptivecharge_available_current_decision_a,3.0,2026-02-27T10:29:16.199Z
sensor.stormbreaker_adaptivecharge_available_current_decision_a,2.0,2026-02-27T10:29:21.050Z
sensor.stormbreaker_adaptivecharge_available_current_decision_a,2.01,2026-02-27T10:29:31.042Z
sensor.stormbreaker_adaptivecharge_available_current_decision_a,1.99,2026-02-27T10:29:41.055Z
sensor.stormbreaker_adaptivecharge_available_current_decision_a,1.96,2026-02-27T10:29:50.902Z
sensor.stormbreaker_adaptivecharge_available_current_decision_a,0.0,2026-02-27T10:30:00.900Z
sensor.stormbreaker_adaptivecharge_available_current_decision_a,2.67,2026-02-27T10:30:20.905Z
sensor.stormbreaker_adaptivecharge_available_current_decision_a,2.66,2026-02-27T10:30:40.904Z
sensor.stormbreaker_adaptivecharge_available_current_decision_a,2.67,2026-02-27T10:31:10.909Z
sensor.stormbreaker_adaptivecharge_available_current_decision_a,2.52,2026-02-27T10:31:20.916Z
sensor.stormbreaker_adaptivecharge_available_current_decision_a,2.49,2026-02-27T10:32:20.917Z
sensor.stormbreaker_adaptivecharge_available_current_decision_a,2.5,2026-02-27T10:32:50.919Z
sensor.stormbreaker_adaptivecharge_available_current_decision_a,3.03,2026-02-27T10:33:01.074Z
sensor.stormbreaker_adaptivecharge_available_current_decision_a,3.84,2026-02-27T10:33:10.922Z
sensor.stormbreaker_adaptivecharge_available_current_decision_a,2.54,2026-02-27T10:33:20.920Z
sensor.stormbreaker_adaptivecharge_available_current_decision_a,2.55,2026-02-27T10:33:30.923Z
sensor.stormbreaker_adaptivecharge_available_current_decision_a,2.57,2026-02-27T10:34:20.929Z
sensor.stormbreaker_adaptivecharge_available_current_decision_a,2.56,2026-02-27T10:34:30.927Z
sensor.stormbreaker_adaptivecharge_available_current_decision_a,2.57,2026-02-27T10:34:40.932Z
sensor.stormbreaker_adaptivecharge_available_current_decision_a,2.55,2026-02-27T10:34:50.934Z
sensor.stormbreaker_adaptivecharge_available_current_decision_a,2.56,2026-02-27T10:35:00.929Z
sensor.stormbreaker_adaptivecharge_available_current_decision_a,2.14,2026-02-27T10:35:20.939Z
sensor.stormbreaker_adaptivecharge_available_current_decision_a,2.15,2026-02-27T10:35:30.932Z
sensor.stormbreaker_adaptivecharge_available_current_decision_a,2.14,2026-02-27T10:35:50.933Z
sensor.stormbreaker_adaptivecharge_available_current_decision_a,2.15,2026-02-27T10:36:00.940Z
sensor.stormbreaker_adaptivecharge_available_current_decision_a,2.14,2026-02-27T10:36:20.943Z
sensor.stormbreaker_adaptivecharge_available_current_decision_a,2.51,2026-02-27T10:36:30.938Z
sensor.stormbreaker_adaptivecharge_available_current_decision_a,2.5,2026-02-27T10:36:40.942Z
sensor.stormbreaker_adaptivecharge_available_current_decision_a,2.49,2026-02-27T10:37:10.943Z
sensor.stormbreaker_adaptivecharge_available_current_decision_a,2.5,2026-02-27T10:37:20.945Z
sensor.stormbreaker_adaptivecharge_available_current_decision_a,2.48,2026-02-27T10:37:40.942Z
sensor.stormbreaker_adaptivecharge_available_current_decision_a,2.5,2026-02-27T10:37:50.943Z
sensor.stormbreaker_adaptivecharge_available_current_decision_a,2.49,2026-02-27T10:38:00.945Z
sensor.stormbreaker_adaptivecharge_available_current_decision_a,2.5,2026-02-27T10:38:20.947Z
sensor.stormbreaker_adaptivecharge_available_current_decision_a,2.23,2026-02-27T10:38:30.948Z
sensor.stormbreaker_adaptivecharge_available_current_decision_a,2.22,2026-02-27T10:38:40.950Z
sensor.stormbreaker_adaptivecharge_available_current_decision_a,2.23,2026-02-27T10:39:00.955Z
sensor.stormbreaker_adaptivecharge_available_current_decision_a,2.24,2026-02-27T10:39:10.956Z
sensor.stormbreaker_adaptivecharge_available_current_decision_a,2.23,2026-02-27T10:39:20.953Z
sensor.stormbreaker_adaptivecharge_available_current_decision_a,2.27,2026-02-27T10:39:30.958Z
sensor.stormbreaker_adaptivecharge_available_current_decision_a,2.26,2026-02-27T10:39:50.959Z
sensor.stormbreaker_adaptivecharge_available_current_decision_a,2.27,2026-02-27T10:40:00.962Z
sensor.stormbreaker_adaptivecharge_available_current_decision_a,2.26,2026-02-27T10:40:20.964Z
sensor.stormbreaker_adaptivecharge_available_current_decision_a,2.24,2026-02-27T10:40:30.965Z
sensor.stormbreaker_adaptivecharge_available_current_decision_a,2.23,2026-02-27T10:41:00.964Z
sensor.stormbreaker_adaptivecharge_available_current_decision_a,2.24,2026-02-27T10:41:10.969Z
sensor.stormbreaker_adaptivecharge_available_current_decision_a,2.3,2026-02-27T10:41:30.967Z
sensor.stormbreaker_adaptivecharge_available_current_decision_a,2.31,2026-02-27T10:41:40.968Z
sensor.stormbreaker_adaptivecharge_available_current_decision_a,2.3,2026-02-27T10:41:50.969Z
sensor.stormbreaker_adaptivecharge_available_current_decision_a,2.31,2026-02-27T10:42:00.973Z
sensor.stormbreaker_adaptivecharge_available_current_decision_a,2.3,2026-02-27T10:42:10.975Z
sensor.stormbreaker_adaptivecharge_available_current_decision_a,2.37,2026-02-27T10:42:40.977Z
sensor.stormbreaker_adaptivecharge_available_current_decision_a,2.36,2026-02-27T10:42:50.973Z
sensor.stormbreaker_adaptivecharge_available_current_decision_a,2.37,2026-02-27T10:43:00.982Z
sensor.stormbreaker_adaptivecharge_available_current_decision_a,2.36,2026-02-27T10:43:20.977Z
sensor.stormbreaker_adaptivecharge_available_current_decision_a,2.78,2026-02-27T10:43:40.979Z
sensor.stormbreaker_adaptivecharge_available_current_decision_a,2.79,2026-02-27T10:43:50.983Z
sensor.stormbreaker_adaptivecharge_available_current_decision_a,2.78,2026-02-27T10:44:00.982Z
sensor.stormbreaker_adaptivecharge_available_current_decision_a,3.29,2026-02-27T10:44:40.984Z
sensor.stormbreaker_adaptivecharge_available_current_decision_a,3.3,2026-02-27T10:44:50.988Z
sensor.stormbreaker_adaptivecharge_available_current_decision_a,3.29,2026-02-27T10:45:00.995Z
sensor.stormbreaker_adaptivecharge_available_current_decision_a,3.15,2026-02-27T10:45:40.992Z
sensor.stormbreaker_adaptivecharge_available_current_decision_a,3.08,2026-02-27T10:46:51.000Z
sensor.stormbreaker_adaptivecharge_available_current_decision_a,3.09,2026-02-27T10:47:31.003Z
sensor.stormbreaker_adaptivecharge_available_current_decision_a,3.08,2026-02-27T10:47:41.004Z
sensor.stormbreaker_adaptivecharge_available_current_decision_a,3.63,2026-02-27T10:47:51.004Z
sensor.stormbreaker_adaptivecharge_available_current_decision_a,3.64,2026-02-27T10:48:01.005Z
sensor.stormbreaker_adaptivecharge_available_current_decision_a,3.63,2026-02-27T10:48:11.004Z
sensor.stormbreaker_adaptivecharge_available_current_decision_a,3.64,2026-02-27T10:48:21.008Z
sensor.stormbreaker_adaptivecharge_available_current_decision_a,3.63,2026-02-27T10:48:41.006Z
sensor.stormbreaker_adaptivecharge_available_current_decision_a,3.78,2026-02-27T10:48:51.010Z
sensor.stormbreaker_adaptivecharge_available_current_decision_a,3.79,2026-02-27T10:49:21.105Z
sensor.stormbreaker_adaptivecharge_available_current_decision_a,3.77,2026-02-27T10:49:41.111Z
sensor.stormbreaker_adaptivecharge_available_current_decision_a,3.6,2026-02-27T10:49:51.115Z
sensor.stormbreaker_adaptivecharge_available_current_decision_a,3.61,2026-02-27T10:50:11.112Z
sensor.stormbreaker_adaptivecharge_available_current_decision_a,3.33,2026-02-27T10:50:51.369Z
sensor.stormbreaker_adaptivecharge_available_current_decision_a,3.34,2026-02-27T10:51:11.376Z
sensor.stormbreaker_adaptivecharge_available_current_decision_a,3.35,2026-02-27T10:51:51.437Z
sensor.stormbreaker_adaptivecharge_available_current_decision_a,3.02,2026-02-27T10:52:01.439Z
sensor.stormbreaker_adaptivecharge_available_current_decision_a,3.03,2026-02-27T10:52:21.442Z
sensor.stormbreaker_adaptivecharge_available_current_decision_a,2.93,2026-02-27T10:53:01.442Z
sensor.stormbreaker_adaptivecharge_available_current_decision_a,2.9,2026-02-27T10:53:41.449Z
sensor.stormbreaker_adaptivecharge_available_current_decision_a,2.91,2026-02-27T10:53:51.449Z
sensor.stormbreaker_adaptivecharge_available_current_decision_a,3.56,2026-02-27T10:54:01.447Z
sensor.stormbreaker_adaptivecharge_available_current_decision_a,3.54,2026-02-27T10:54:11.449Z
sensor.stormbreaker_adaptivecharge_available_current_decision_a,3.53,2026-02-27T10:54:21.451Z
sensor.stormbreaker_adaptivecharge_available_current_decision_a,3.61,2026-02-27T10:54:31.451Z
sensor.stormbreaker_adaptivecharge_available_current_decision_a,3.51,2026-02-27T10:54:41.450Z
sensor.stormbreaker_adaptivecharge_available_current_decision_a,6.19,2026-02-27T10:55:07.890Z
sensor.stormbreaker_adaptivecharge_available_current_decision_a,8.27,2026-02-27T10:55:11.455Z
sensor.stormbreaker_adaptivecharge_available_current_decision_a,8.28,2026-02-27T10:55:21.454Z
sensor.stormbreaker_adaptivecharge_available_current_decision_a,8.35,2026-02-27T10:55:31.455Z
sensor.stormbreaker_adaptivecharge_available_current_decision_a,8.36,2026-02-27T10:55:41.455Z
sensor.stormbreaker_adaptivecharge_available_current_decision_a,8.37,2026-02-27T10:55:51.458Z
sensor.stormbreaker_adaptivecharge_available_current_decision_a,5.56,2026-02-27T10:56:03.897Z
sensor.stormbreaker_adaptivecharge_available_current_decision_a,6.56,2026-02-27T10:56:11.459Z
sensor.stormbreaker_adaptivecharge_available_current_decision_a,6.46,2026-02-27T10:56:21.460Z
sensor.stormbreaker_adaptivecharge_available_current_decision_a,6.45,2026-02-27T10:56:31.470Z
sensor.stormbreaker_adaptivecharge_available_current_decision_a,6.46,2026-02-27T10:56:41.462Z
sensor.stormbreaker_adaptivecharge_available_current_decision_a,6.56,2026-02-27T10:56:51.465Z
sensor.stormbreaker_adaptivecharge_available_current_decision_a,4.15,2026-02-27T10:57:01.463Z
sensor.stormbreaker_adaptivecharge_available_current_decision_a,4.13,2026-02-27T10:57:19.405Z
sensor.stormbreaker_adaptivecharge_available_current_decision_a,3.05,2026-02-27T10:57:21.615Z
sensor.stormbreaker_adaptivecharge_available_current_decision_a,3.06,2026-02-27T10:57:41.609Z
sensor.stormbreaker_adaptivecharge_available_current_decision_a,0.0,2026-02-27T10:58:01.474Z
sensor.stormbreaker_adaptivecharge_available_current_decision_a,3.29,2026-02-27T10:58:11.470Z
sensor.stormbreaker_adaptivecharge_available_current_decision_a,2.68,2026-02-27T10:59:11.481Z
sensor.stormbreaker_adaptivecharge_available_current_decision_a,2.66,2026-02-27T10:59:51.487Z
sensor.envoy_122252032811_balanced_net_power_consumption,-0.449,2026-02-27T10:00:00.000Z
sensor.envoy_122252032811_balanced_net_power_consumption,-0.526,2026-02-27T10:00:19.643Z
sensor.envoy_122252032811_balanced_net_power_consumption,-0.502,2026-02-27T10:01:21.445Z
sensor.envoy_122252032811_balanced_net_power_consumption,-0.4,2026-02-27T10:02:23.626Z
sensor.envoy_122252032811_balanced_net_power_consumption,-0.45,2026-02-27T10:03:25.424Z
sensor.envoy_122252032811_balanced_net_power_consumption,-0.494,2026-02-27T10:04:26.900Z
sensor.envoy_122252032811_balanced_net_power_consumption,-0.042,2026-02-27T10:05:28.182Z
sensor.envoy_122252032811_balanced_net_power_consumption,0.481,2026-02-27T10:06:30.527Z
sensor.envoy_122252032811_balanced_net_power_consumption,-3.2,2026-02-27T10:07:33.267Z
sensor.envoy_122252032811_balanced_net_power_consumption,-4.205,2026-02-27T10:08:35.380Z
sensor.envoy_122252032811_balanced_net_power_consumption,-4.238,2026-02-27T10:09:36.575Z
sensor.envoy_122252032811_balanced_net_power_consumption,-1.83,2026-02-27T10:10:37.916Z
sensor.envoy_122252032811_balanced_net_power_consumption,-0.599,2026-02-27T10:11:39.879Z
sensor.envoy_122252032811_balanced_net_power_consumption,-0.649,2026-02-27T10:12:41.341Z
sensor.envoy_122252032811_balanced_net_power_consumption,-0.734,2026-02-27T10:13:42.933Z
sensor.envoy_122252032811_balanced_net_power_consumption,-0.773,2026-02-27T10:14:45.949Z
sensor.envoy_122252032811_balanced_net_power_consumption,-0.918,2026-02-27T10:15:48.413Z
sensor.envoy_122252032811_balanced_net_power_consumption,-0.905,2026-02-27T10:16:49.358Z
sensor.envoy_122252032811_balanced_net_power_consumption,-1.125,2026-02-27T10:17:52.485Z
sensor.envoy_122252032811_balanced_net_power_consumption,0.066,2026-02-27T10:18:53.793Z
sensor.envoy_122252032811_balanced_net_power_consumption,-1.321,2026-02-27T10:19:54.776Z
sensor.envoy_122252032811_balanced_net_power_consumption,-0.718,2026-02-27T10:20:57.030Z
sensor.envoy_122252032811_balanced_net_power_consumption,-0.724,2026-02-27T10:21:59.091Z
sensor.envoy_122252032811_balanced_net_power_consumption,-0.107,2026-02-27T10:23:00.227Z
sensor.envoy_122252032811_balanced_net_power_consumption,-0.042,2026-02-27T10:24:01.887Z
sensor.envoy_122252032811_balanced_net_power_consumption,-0.781,2026-02-27T10:25:03.533Z
sensor.envoy_122252032811_balanced_net_power_consumption,1.005,2026-02-27T10:26:05.328Z
sensor.envoy_122252032811_balanced_net_power_consumption,-0.205,2026-02-27T10:27:06.443Z
sensor.envoy_122252032811_balanced_net_power_consumption,-3.784,2026-02-27T10:28:08.331Z
sensor.envoy_122252032811_balanced_net_power_consumption,1.447,2026-02-27T10:29:09.798Z
sensor.envoy_122252032811_balanced_net_power_consumption,-1.875,2026-02-27T10:30:11.444Z
sensor.envoy_122252032811_balanced_net_power_consumption,-1.771,2026-02-27T10:31:13.926Z
sensor.envoy_122252032811_balanced_net_power_consumption,-1.752,2026-02-27T10:32:16.826Z
sensor.envoy_122252032811_balanced_net_power_consumption,-0.36,2026-02-27T10:33:17.637Z
sensor.envoy_122252032811_balanced_net_power_consumption,-0.366,2026-02-27T10:34:18.740Z
sensor.envoy_122252032811_balanced_net_power_consumption,-0.074,2026-02-27T10:35:20.358Z
sensor.envoy_122252032811_balanced_net_power_consumption,-0.322,2026-02-27T10:36:21.766Z
sensor.envoy_122252032811_balanced_net_power_consumption,-0.315,2026-02-27T10:37:22.873Z
sensor.envoy_122252032811_balanced_net_power_consumption,-0.128,2026-02-27T10:38:24.002Z
sensor.envoy_122252032811_balanced_net_power_consumption,-0.158,2026-02-27T10:39:26.135Z
sensor.envoy_122252032811_balanced_net_power_consumption,-0.145,2026-02-27T10:40:27.961Z
sensor.envoy_122252032811_balanced_net_power_consumption,-0.187,2026-02-27T10:41:30.642Z
sensor.envoy_122252032811_balanced_net_power_consumption,-0.229,2026-02-27T10:42:32.943Z
sensor.envoy_122252032811_balanced_net_power_consumption,-0.529,2026-02-27T10:43:35.907Z
sensor.envoy_122252032811_balanced_net_power_consumption,-0.897,2026-02-27T10:44:37.924Z
sensor.envoy_122252032811_balanced_net_power_consumption,-0.795,2026-02-27T10:45:40.327Z
sensor.envoy_122252032811_balanced_net_power_consumption,-0.747,2026-02-27T10:46:42.278Z
sensor.envoy_122252032811_balanced_net_power_consumption,-1.142,2026-02-27T10:47:44.171Z
sensor.envoy_122252032811_balanced_net_power_consumption,-1.248,2026-02-27T10:48:46.295Z
sensor.envoy_122252032811_balanced_net_power_consumption,-1.122,2026-02-27T10:49:48.296Z
sensor.envoy_122252032811_balanced_net_power_consumption,-0.93,2026-02-27T10:50:50.101Z
sensor.envoy_122252032811_balanced_net_power_consumption,-0.701,2026-02-27T10:51:51.899Z
sensor.envoy_122252032811_balanced_net_power_consumption,-0.636,2026-02-27T10:52:52.249Z
sensor.envoy_122252032811_balanced_net_power_consumption,-1.105,2026-02-27T10:53:54.117Z
sensor.envoy_122252032811_balanced_net_power_consumption,-3.047,2026-02-27T10:54:56.064Z
sensor.envoy_122252032811_balanced_net_power_consumption,-1.032,2026-02-27T10:55:58.192Z
sensor.envoy_122252032811_balanced_net_power_consumption,0.668,2026-02-27T10:57:00.455Z
sensor.envoy_122252032811_balanced_net_power_consumption,-2.324,2026-02-27T10:58:01.495Z
sensor.envoy_122252032811_balanced_net_power_consumption,-1.898,2026-02-27T10:59:03.156Z
sensor.car_charger_enphase_power,3.641559,2026-02-27T10:00:00.000Z
sensor.car_charger_enphase_power,3.637919,2026-02-27T10:00:00.323Z
sensor.car_charger_enphase_power,3.64285,2026-02-27T10:00:05.329Z
sensor.car_charger_enphase_power,3.644128,2026-02-27T10:00:10.320Z
sensor.car_charger_enphase_power,3.644823,2026-02-27T10:00:15.302Z
sensor.car_charger_enphase_power,3.646041,2026-02-27T10:00:20.314Z
sensor.car_charger_enphase_power,3.646555,2026-02-27T10:00:25.304Z
sensor.car_charger_enphase_power,3.640923,2026-02-27T10:00:30.314Z
sensor.car_charger_enphase_power,3.637261,2026-02-27T10:00:35.301Z
sensor.car_charger_enphase_power,3.637386,2026-02-27T10:00:40.282Z
sensor.car_charger_enphase_power,3.641715,2026-02-27T10:00:45.295Z
sensor.car_charger_enphase_power,3.64058,2026-02-27T10:00:50.305Z
sensor.car_charger_enphase_power,3.640945,2026-02-27T10:00:55.314Z
sensor.car_charger_enphase_power,3.642785,2026-02-27T10:01:00.301Z
sensor.car_charger_enphase_power,3.646482,2026-02-27T10:01:05.308Z
sensor.car_charger_enphase_power,3.643199,2026-02-27T10:01:10.307Z
sensor.car_charger_enphase_power,3.645607,2026-02-27T10:01:15.313Z
sensor.car_charger_enphase_power,3.649731,2026-02-27T10:01:20.378Z
sensor.car_charger_enphase_power,3.645317,2026-02-27T10:01:25.300Z
sensor.car_charger_enphase_power,3.645466,2026-02-27T10:01:30.320Z
sensor.car_charger_enphase_power,3.648572,2026-02-27T10:01:35.367Z
sensor.car_charger_enphase_power,3.65136,2026-02-27T10:01:40.302Z
sensor.car_charger_enphase_power,3.64386,2026-02-27T10:01:45.313Z
sensor.car_charger_enphase_power,3.648927,2026-02-27T10:01:50.407Z
sensor.car_charger_enphase_power,3.654861,2026-02-27T10:01:55.339Z
sensor.car_charger_enphase_power,3.650781,2026-02-27T10:02:00.326Z
sensor.car_charger_enphase_power,3.652394,2026-02-27T10:02:05.322Z
sensor.car_charger_enphase_power,3.649931,2026-02-27T10:02:10.319Z
sensor.car_charger_enphase_power,3.650717,2026-02-27T10:02:15.320Z
sensor.car_charger_enphase_power,3.647605,2026-02-27T10:02:20.353Z
sensor.car_charger_enphase_power,3.644137,2026-02-27T10:02:25.317Z
sensor.car_charger_enphase_power,3.650146,2026-02-27T10:02:30.294Z
sensor.car_charger_enphase_power,3.649304,2026-02-27T10:02:35.514Z
sensor.car_charger_enphase_power,3.645094,2026-02-27T10:02:40.367Z
sensor.car_charger_enphase_power,3.64113,2026-02-27T10:02:45.304Z
sensor.car_charger_enphase_power,3.647395,2026-02-27T10:02:50.326Z
sensor.car_charger_enphase_power,3.642015,2026-02-27T10:02:55.341Z
sensor.car_charger_enphase_power,3.635223,2026-02-27T10:03:00.301Z
sensor.car_charger_enphase_power,3.642763,2026-02-27T10:03:05.317Z
sensor.car_charger_enphase_power,3.654297,2026-02-27T10:03:10.300Z
sensor.car_charger_enphase_power,3.64745,2026-02-27T10:03:15.321Z
sensor.car_charger_enphase_power,3.649215,2026-02-27T10:03:20.300Z
sensor.car_charger_enphase_power,3.651228,2026-02-27T10:03:25.325Z
sensor.car_charger_enphase_power,3.65012,2026-02-27T10:03:30.357Z
sensor.car_charger_enphase_power,3.639023,2026-02-27T10:03:35.298Z
sensor.car_charger_enphase_power,3.64344,2026-02-27T10:03:40.998Z
sensor.car_charger_enphase_power,3.651406,2026-02-27T10:03:46.308Z
sensor.car_charger_enphase_power,3.646178,2026-02-27T10:03:51.316Z
sensor.car_charger_enphase_power,3.647632,2026-02-27T10:03:56.299Z
sensor.car_charger_enphase_power,3.652298,2026-02-27T10:04:01.362Z
sensor.car_charger_enphase_power,3.650678,2026-02-27T10:04:06.325Z
sensor.car_charger_enphase_power,3.6426,2026-02-27T10:04:11.304Z
sensor.car_charger_enphase_power,3.646096,2026-02-27T10:04:16.324Z
sensor.car_charger_enphase_power,3.649451,2026-02-27T10:04:21.322Z
sensor.car_charger_enphase_power,3.650685,2026-02-27T10:04:26.289Z
sensor.car_charger_enphase_power,3.653855,2026-02-27T10:04:31.321Z
sensor.car_charger_enphase_power,3.650649,2026-02-27T10:04:36.307Z
sensor.car_charger_enphase_power,3.650099,2026-02-27T10:04:41.403Z
sensor.car_charger_enphase_power,3.646101,2026-02-27T10:04:46.300Z
sensor.car_charger_enphase_power,3.648836,2026-02-27T10:04:51.310Z
sensor.car_charger_enphase_power,3.654268,2026-02-27T10:04:56.304Z
sensor.car_charger_enphase_power,3.646578,2026-02-27T10:05:01.311Z
sensor.car_charger_enphase_power,3.648397,2026-02-27T10:05:06.338Z
sensor.car_charger_enphase_power,3.647931,2026-02-27T10:05:11.308Z
sensor.car_charger_enphase_power,3.639925,2026-02-27T10:05:16.409Z
sensor.car_charger_enphase_power,3.635352,2026-02-27T10:05:21.318Z
sensor.car_charger_enphase_power,3.63153,2026-02-27T10:05:26.318Z
sensor.car_charger_enphase_power,3.63739,2026-02-27T10:05:31.300Z
sensor.car_charger_enphase_power,3.642926,2026-02-27T10:05:36.387Z
sensor.car_charger_enphase_power,3.638973,2026-02-27T10:05:41.326Z
sensor.car_charger_enphase_power,3.633139,2026-02-27T10:05:46.309Z
sensor.car_charger_enphase_power,3.627084,2026-02-27T10:05:51.313Z
sensor.car_charger_enphase_power,3.636549,2026-02-27T10:05:56.300Z
sensor.car_charger_enphase_power,3.626977,2026-02-27T10:06:01.340Z
sensor.car_charger_enphase_power,3.625296,2026-02-27T10:06:06.344Z
sensor.car_charger_enphase_power,3.623656,2026-02-27T10:06:11.312Z
sensor.car_charger_enphase_power,3.6204,2026-02-27T10:06:16.317Z
sensor.car_charger_enphase_power,3.622602,2026-02-27T10:06:21.371Z
sensor.car_charger_enphase_power,3.622529,2026-02-27T10:06:26.312Z
sensor.car_charger_enphase_power,3.621825,2026-02-27T10:06:31.310Z
sensor.car_charger_enphase_power,3.627241,2026-02-27T10:06:36.303Z
sensor.car_charger_enphase_power,3.62977,2026-02-27T10:06:41.308Z
sensor.car_charger_enphase_power,3.629595,2026-02-27T10:06:46.332Z
sensor.car_charger_enphase_power,3.617838,2026-02-27T10:06:51.316Z
sensor.car_charger_enphase_power,2.895285,2026-02-27T10:06:56.298Z
sensor.car_charger_enphase_power,2.898077,2026-02-27T10:07:01.332Z
sensor.car_charger_enphase_power,2.89967,2026-02-27T10:07:06.311Z
sensor.car_charger_enphase_power,2.898545,2026-02-27T10:07:11.309Z
sensor.car_charger_enphase_power,2.901299,2026-02-27T10:07:16.358Z
sensor.car_charger_enphase_power,2.911129,2026-02-27T10:07:21.306Z
sensor.car_charger_enphase_power,2.924951,2026-02-27T10:07:26.304Z
sensor.car_charger_enphase_power,2.929023,2026-02-27T10:07:31.356Z
sensor.car_charger_enphase_power,0.005578,2026-02-27T10:07:36.358Z
sensor.car_charger_enphase_power,0.005523,2026-02-27T10:07:41.300Z
sensor.car_charger_enphase_power,0.005782,2026-02-27T10:07:46.300Z
sensor.car_charger_enphase_power,0.005641,2026-02-27T10:07:51.341Z
sensor.car_charger_enphase_power,0.0,2026-02-27T10:07:56.326Z
sensor.car_charger_enphase_power,0.006046,2026-02-27T10:08:06.320Z
sensor.car_charger_enphase_power,0.0,2026-02-27T10:08:11.300Z
sensor.car_charger_enphase_power,0.005616,2026-02-27T10:08:16.305Z
sensor.car_charger_enphase_power,0.005739,2026-02-27T10:08:21.338Z
sensor.car_charger_enphase_power,0.00556,2026-02-27T10:08:26.293Z
sensor.car_charger_enphase_power,0.0,2026-02-27T10:08:31.317Z
sensor.car_charger_enphase_power,0.005894,2026-02-27T10:08:36.313Z
sensor.car_charger_enphase_power,0.0,2026-02-27T10:08:41.299Z
sensor.car_charger_enphase_power,0.005694,2026-02-27T10:08:46.281Z
sensor.car_charger_enphase_power,0.0,2026-02-27T10:08:51.321Z
sensor.car_charger_enphase_power,0.005821,2026-02-27T10:08:56.326Z
sensor.car_charger_enphase_power,0.0,2026-02-27T10:09:01.298Z
sensor.car_charger_enphase_power,0.005891,2026-02-27T10:09:06.443Z
sensor.car_charger_enphase_power,0.0,2026-02-27T10:09:11.315Z
sensor.car_charger_enphase_power,0.005603,2026-02-27T10:09:21.294Z
sensor.car_charger_enphase_power,0.005661,2026-02-27T10:09:26.343Z
sensor.car_charger_enphase_power,0.0,2026-02-27T10:09:31.331Z
sensor.car_charger_enphase_power,0.006082,2026-02-27T10:09:36.333Z
sensor.car_charger_enphase_power,0.0,2026-02-27T10:09:41.309Z
sensor.car_charger_enphase_power,0.005603,2026-02-27T10:09:46.288Z
sensor.car_charger_enphase_power,0.005605,2026-02-27T10:09:51.334Z
sensor.car_charger_enphase_power,0.005689,2026-02-27T10:09:56.300Z
sensor.car_charger_enphase_power,0.0,2026-02-27T10:10:01.317Z
sensor.car_charger_enphase_power,0.005871,2026-02-27T10:10:06.395Z
sensor.car_charger_enphase_power,0.0,2026-02-27T10:10:11.312Z
sensor.car_charger_enphase_power,0.005532,2026-02-27T10:10:16.298Z
sensor.car_charger_enphase_power,0.007716,2026-02-27T10:10:21.305Z
sensor.car_charger_enphase_power,0.046483,2026-02-27T10:10:26.314Z
sensor.car_charger_enphase_power,1.041958,2026-02-27T10:10:31.311Z
sensor.car_charger_enphase_power,2.418974,2026-02-27T10:10:36.384Z
sensor.car_charger_enphase_power,2.56118,2026-02-27T10:10:41.298Z
sensor.car_charger_enphase_power,3.64352,2026-02-27T10:10:46.287Z
sensor.car_charger_enphase_power,3.636134,2026-02-27T10:10:51.311Z
sensor.car_charger_enphase_power,3.638451,2026-02-27T10:10:56.315Z
sensor.car_charger_enphase_power,3.653661,2026-02-27T10:11:01.308Z
sensor.car_charger_enphase_power,3.662629,2026-02-27T10:11:06.305Z
sensor.car_charger_enphase_power,3.647772,2026-02-27T10:11:11.309Z
sensor.car_charger_enphase_power,3.647952,2026-02-27T10:11:16.295Z
sensor.car_charger_enphase_power,3.643002,2026-02-27T10:11:21.291Z
sensor.car_charger_enphase_power,3.643803,2026-02-27T10:11:26.304Z
sensor.car_charger_enphase_power,3.646125,2026-02-27T10:11:31.319Z
sensor.car_charger_enphase_power,3.650801,2026-02-27T10:11:36.318Z
sensor.car_charger_enphase_power,3.656119,2026-02-27T10:11:41.305Z
sensor.car_charger_enphase_power,3.658008,2026-02-27T10:11:46.312Z
sensor.car_charger_enphase_power,3.655338,2026-02-27T10:11:51.293Z
sensor.car_charger_enphase_power,3.652221,2026-02-27T10:11:56.302Z
sensor.car_charger_enphase_power,3.656397,2026-02-27T10:12:01.313Z
sensor.car_charger_enphase_power,3.650381,2026-02-27T10:12:06.322Z
sensor.car_charger_enphase_power,3.646809,2026-02-27T10:12:11.319Z
sensor.car_charger_enphase_power,3.649195,2026-02-27T10:12:16.315Z
sensor.car_charger_enphase_power,3.650824,2026-02-27T10:12:21.349Z
sensor.car_charger_enphase_power,3.642945,2026-02-27T10:12:26.302Z
sensor.car_charger_enphase_power,3.647445,2026-02-27T10:12:31.307Z
sensor.car_charger_enphase_power,3.65138,2026-02-27T10:12:36.314Z
sensor.car_charger_enphase_power,3.647214,2026-02-27T10:12:41.325Z
sensor.car_charger_enphase_power,3.644406,2026-02-27T10:12:46.361Z
sensor.car_charger_enphase_power,3.652112,2026-02-27T10:12:51.450Z
sensor.car_charger_enphase_power,3.652207,2026-02-27T10:12:56.297Z
sensor.car_charger_enphase_power,3.646087,2026-02-27T10:13:01.298Z
sensor.car_charger_enphase_power,3.643063,2026-02-27T10:13:06.310Z
sensor.car_charger_enphase_power,3.645185,2026-02-27T10:13:11.306Z
sensor.car_charger_enphase_power,3.644253,2026-02-27T10:13:16.429Z
sensor.car_charger_enphase_power,3.646861,2026-02-27T10:13:21.310Z
sensor.car_charger_enphase_power,3.640344,2026-02-27T10:13:26.387Z
sensor.car_charger_enphase_power,3.638285,2026-02-27T10:13:31.302Z
sensor.car_charger_enphase_power,3.646087,2026-02-27T10:13:36.522Z
sensor.car_charger_enphase_power,3.643329,2026-02-27T10:13:41.312Z
sensor.car_charger_enphase_power,3.642268,2026-02-27T10:13:46.295Z
sensor.car_charger_enphase_power,3.641529,2026-02-27T10:13:51.317Z
sensor.car_charger_enphase_power,3.628943,2026-02-27T10:13:56.297Z
sensor.car_charger_enphase_power,3.64459,2026-02-27T10:14:01.292Z
sensor.car_charger_enphase_power,3.637595,2026-02-27T10:14:06.556Z
sensor.car_charger_enphase_power,3.653993,2026-02-27T10:14:11.303Z
sensor.car_charger_enphase_power,3.662236,2026-02-27T10:14:16.652Z
sensor.car_charger_enphase_power,3.65616,2026-02-27T10:14:21.306Z
sensor.car_charger_enphase_power,3.665812,2026-02-27T10:14:26.315Z
sensor.car_charger_enphase_power,3.666375,2026-02-27T10:14:31.314Z
sensor.car_charger_enphase_power,3.657664,2026-02-27T10:14:36.285Z
sensor.car_charger_enphase_power,3.659193,2026-02-27T10:14:41.300Z
sensor.car_charger_enphase_power,3.64384,2026-02-27T10:14:46.307Z
sensor.car_charger_enphase_power,3.656204,2026-02-27T10:14:51.282Z
sensor.car_charger_enphase_power,3.660814,2026-02-27T10:14:56.336Z
sensor.car_charger_enphase_power,3.659837,2026-02-27T10:15:01.442Z
sensor.car_charger_enphase_power,3.667559,2026-02-27T10:15:06.319Z
sensor.car_charger_enphase_power,3.671757,2026-02-27T10:15:11.336Z
sensor.car_charger_enphase_power,3.658114,2026-02-27T10:15:16.319Z
sensor.car_charger_enphase_power,3.660718,2026-02-27T10:15:21.503Z
sensor.car_charger_enphase_power,3.645314,2026-02-27T10:15:26.328Z
sensor.car_charger_enphase_power,3.659298,2026-02-27T10:15:31.297Z
sensor.car_charger_enphase_power,3.64105,2026-02-27T10:15:36.311Z
sensor.car_charger_enphase_power,3.663726,2026-02-27T10:15:41.298Z
sensor.car_charger_enphase_power,3.644562,2026-02-27T10:15:46.327Z
sensor.car_charger_enphase_power,3.649108,2026-02-27T10:15:51.303Z
sensor.car_charger_enphase_power,3.664687,2026-02-27T10:15:56.341Z
sensor.car_charger_enphase_power,3.656263,2026-02-27T10:16:01.298Z
sensor.car_charger_enphase_power,3.647809,2026-02-27T10:16:06.337Z
sensor.car_charger_enphase_power,3.665882,2026-02-27T10:16:11.321Z
sensor.car_charger_enphase_power,3.64812,2026-02-27T10:16:16.309Z
sensor.car_charger_enphase_power,3.657422,2026-02-27T10:16:21.318Z
sensor.car_charger_enphase_power,3.662663,2026-02-27T10:16:26.307Z
sensor.car_charger_enphase_power,3.645092,2026-02-27T10:16:31.303Z
sensor.car_charger_enphase_power,3.649735,2026-02-27T10:16:36.321Z
sensor.car_charger_enphase_power,3.653741,2026-02-27T10:16:41.334Z
sensor.car_charger_enphase_power,3.65559,2026-02-27T10:16:46.376Z
sensor.car_charger_enphase_power,3.649168,2026-02-27T10:16:51.313Z
sensor.car_charger_enphase_power,3.65291,2026-02-27T10:16:56.308Z
sensor.car_charger_enphase_power,3.658975,2026-02-27T10:17:01.305Z
sensor.car_charger_enphase_power,3.657624,2026-02-27T10:17:06.305Z
sensor.car_charger_enphase_power,3.653325,2026-02-27T10:17:11.331Z
sensor.car_charger_enphase_power,3.652748,2026-02-27T10:17:16.317Z
sensor.car_charger_enphase_power,3.659021,2026-02-27T10:17:21.303Z
sensor.car_charger_enphase_power,3.652419,2026-02-27T10:17:26.309Z
sensor.car_charger_enphase_power,3.66127,2026-02-27T10:17:31.338Z
sensor.car_charger_enphase_power,3.663749,2026-02-27T10:17:36.290Z
sensor.car_charger_enphase_power,3.654398,2026-02-27T10:17:41.326Z
sensor.car_charger_enphase_power,3.652187,2026-02-27T10:17:46.291Z
sensor.car_charger_enphase_power,3.650074,2026-02-27T10:17:51.292Z
sensor.car_charger_enphase_power,3.651576,2026-02-27T10:17:56.299Z
sensor.car_charger_enphase_power,3.652396,2026-02-27T10:18:01.335Z
sensor.car_charger_enphase_power,3.655175,2026-02-27T10:18:06.352Z
sensor.car_charger_enphase_power,3.645703,2026-02-27T10:18:11.320Z
sensor.car_charger_enphase_power,3.645944,2026-02-27T10:18:16.301Z
sensor.car_charger_enphase_power,3.645599,2026-02-27T10:18:21.374Z
sensor.car_charger_enphase_power,3.648949,2026-02-27T10:18:26.301Z
sensor.car_charger_enphase_power,3.64862,2026-02-27T10:18:31.303Z
sensor.car_charger_enphase_power,3.650785,2026-02-27T10:18:36.353Z
sensor.car_charger_enphase_power,3.645867,2026-02-27T10:18:41.317Z
sensor.car_charger_enphase_power,3.631424,2026-02-27T10:18:46.329Z
sensor.car_charger_enphase_power,3.616109,2026-02-27T10:18:51.322Z
sensor.car_charger_enphase_power,3.55284,2026-02-27T10:18:56.332Z
sensor.car_charger_enphase_power,3.557948,2026-02-27T10:19:01.306Z
sensor.car_charger_enphase_power,3.627382,2026-02-27T10:19:06.430Z
sensor.car_charger_enphase_power,3.627927,2026-02-27T10:19:11.318Z
sensor.car_charger_enphase_power,3.628066,2026-02-27T10:19:16.313Z
sensor.car_charger_enphase_power,3.629381,2026-02-27T10:19:21.305Z
sensor.car_charger_enphase_power,3.627269,2026-02-27T10:19:26.307Z
sensor.car_charger_enphase_power,3.636979,2026-02-27T10:19:31.318Z
sensor.car_charger_enphase_power,3.646752,2026-02-27T10:19:36.321Z
sensor.car_charger_enphase_power,3.64448,2026-02-27T10:19:41.305Z
sensor.car_charger_enphase_power,3.639105,2026-02-27T10:19:46.301Z
sensor.car_charger_enphase_power,3.648627,2026-02-27T10:19:51.329Z
sensor.car_charger_enphase_power,3.670263,2026-02-27T10:19:56.350Z
sensor.car_charger_enphase_power,3.661111,2026-02-27T10:20:01.324Z
sensor.car_charger_enphase_power,4.408732,2026-02-27T10:20:06.309Z
sensor.car_charger_enphase_power,4.416932,2026-02-27T10:20:11.338Z
sensor.car_charger_enphase_power,4.364759,2026-02-27T10:20:16.311Z
sensor.car_charger_enphase_power,4.375816,2026-02-27T10:20:21.309Z
sensor.car_charger_enphase_power,4.406574,2026-02-27T10:20:26.305Z
sensor.car_charger_enphase_power,4.406822,2026-02-27T10:20:31.315Z
sensor.car_charger_enphase_power,4.35372,2026-02-27T10:20:36.317Z
sensor.car_charger_enphase_power,4.359055,2026-02-27T10:20:41.306Z
sensor.car_charger_enphase_power,4.373083,2026-02-27T10:20:46.300Z
sensor.car_charger_enphase_power,4.379776,2026-02-27T10:20:51.308Z
sensor.car_charger_enphase_power,4.371936,2026-02-27T10:20:56.300Z
sensor.car_charger_enphase_power,4.372793,2026-02-27T10:21:01.307Z
sensor.car_charger_enphase_power,4.379799,2026-02-27T10:21:06.311Z
sensor.car_charger_enphase_power,4.369621,2026-02-27T10:21:11.306Z
sensor.car_charger_enphase_power,4.37205,2026-02-27T10:21:16.310Z
sensor.car_charger_enphase_power,4.370126,2026-02-27T10:21:21.296Z
sensor.car_charger_enphase_power,4.362217,2026-02-27T10:21:26.294Z
sensor.car_charger_enphase_power,4.361919,2026-02-27T10:21:31.302Z
sensor.car_charger_enphase_power,4.367192,2026-02-27T10:21:36.307Z
sensor.car_charger_enphase_power,4.361313,2026-02-27T10:21:41.318Z
sensor.car_charger_enphase_power,4.367658,2026-02-27T10:21:46.297Z
sensor.car_charger_enphase_power,4.413594,2026-02-27T10:21:51.311Z
sensor.car_charger_enphase_power,4.411576,2026-02-27T10:21:56.317Z
sensor.car_charger_enphase_power,4.37394,2026-02-27T10:22:01.330Z
sensor.car_charger_enphase_power,4.355465,2026-02-27T10:22:06.322Z
sensor.car_charger_enphase_power,4.404922,2026-02-27T10:22:11.309Z
sensor.car_charger_enphase_power,4.408816,2026-02-27T10:22:16.310Z
sensor.car_charger_enphase_power,4.41832,2026-02-27T10:22:21.314Z
sensor.car_charger_enphase_power,4.365999,2026-02-27T10:22:26.310Z
sensor.car_charger_enphase_power,4.376398,2026-02-27T10:22:31.303Z
sensor.car_charger_enphase_power,4.371473,2026-02-27T10:22:36.369Z
sensor.car_charger_enphase_power,4.371032,2026-02-27T10:22:41.306Z
sensor.car_charger_enphase_power,4.360961,2026-02-27T10:22:46.288Z
sensor.car_charger_enphase_power,4.372531,2026-02-27T10:22:51.312Z
sensor.car_charger_enphase_power,4.370085,2026-02-27T10:22:56.307Z
sensor.car_charger_enphase_power,4.357448,2026-02-27T10:23:01.308Z
sensor.car_charger_enphase_power,4.39747,2026-02-27T10:23:06.320Z
sensor.car_charger_enphase_power,4.414757,2026-02-27T10:23:11.297Z
sensor.car_charger_enphase_power,4.423297,2026-02-27T10:23:16.318Z
sensor.car_charger_enphase_power,4.371257,2026-02-27T10:23:21.315Z
sensor.car_charger_enphase_power,4.371291,2026-02-27T10:23:26.307Z
sensor.car_charger_enphase_power,4.410965,2026-02-27T10:23:31.311Z
sensor.car_charger_enphase_power,4.415364,2026-02-27T10:23:36.300Z
sensor.car_charger_enphase_power,4.416002,2026-02-27T10:23:41.300Z
sensor.car_charger_enphase_power,4.359493,2026-02-27T10:23:46.301Z
sensor.car_charger_enphase_power,4.372241,2026-02-27T10:23:51.304Z
sensor.car_charger_enphase_power,4.38121,2026-02-27T10:23:56.301Z
sensor.car_charger_enphase_power,4.377064,2026-02-27T10:24:01.297Z
sensor.car_charger_enphase_power,4.368242,2026-02-27T10:24:06.310Z
sensor.car_charger_enphase_power,4.350985,2026-02-27T10:24:11.318Z
sensor.car_charger_enphase_power,4.341574,2026-02-27T10:24:16.313Z
sensor.car_charger_enphase_power,4.363734,2026-02-27T10:24:21.309Z
sensor.car_charger_enphase_power,4.411227,2026-02-27T10:24:26.366Z
sensor.car_charger_enphase_power,4.424595,2026-02-27T10:24:31.307Z
sensor.car_charger_enphase_power,4.436804,2026-02-27T10:24:36.310Z
sensor.car_charger_enphase_power,4.428464,2026-02-27T10:24:41.338Z
sensor.car_charger_enphase_power,4.378766,2026-02-27T10:24:46.305Z
sensor.car_charger_enphase_power,4.429345,2026-02-27T10:24:51.300Z
sensor.car_charger_enphase_power,4.428937,2026-02-27T10:24:56.314Z
sensor.car_charger_enphase_power,4.427223,2026-02-27T10:25:01.312Z
sensor.car_charger_enphase_power,4.426251,2026-02-27T10:25:06.589Z
sensor.car_charger_enphase_power,4.429529,2026-02-27T10:25:11.298Z
sensor.car_charger_enphase_power,4.37143,2026-02-27T10:25:16.492Z
sensor.car_charger_enphase_power,4.430461,2026-02-27T10:25:21.297Z
sensor.car_charger_enphase_power,4.437211,2026-02-27T10:25:26.317Z
sensor.car_charger_enphase_power,4.39361,2026-02-27T10:25:31.310Z
sensor.car_charger_enphase_power,4.420276,2026-02-27T10:25:36.311Z
sensor.car_charger_enphase_power,4.424368,2026-02-27T10:25:41.306Z
sensor.car_charger_enphase_power,4.422214,2026-02-27T10:25:46.306Z
sensor.car_charger_enphase_power,4.365202,2026-02-27T10:25:51.306Z
sensor.car_charger_enphase_power,4.379356,2026-02-27T10:25:56.295Z
sensor.car_charger_enphase_power,4.371795,2026-02-27T10:26:01.347Z
sensor.car_charger_enphase_power,4.355865,2026-02-27T10:26:06.282Z
sensor.car_charger_enphase_power,4.340234,2026-02-27T10:26:11.305Z
sensor.car_charger_enphase_power,4.351653,2026-02-27T10:26:16.301Z
sensor.car_charger_enphase_power,4.369484,2026-02-27T10:26:21.317Z
sensor.car_charger_enphase_power,3.645851,2026-02-27T10:26:26.315Z
sensor.car_charger_enphase_power,3.631576,2026-02-27T10:26:31.331Z
sensor.car_charger_enphase_power,3.628684,2026-02-27T10:26:36.338Z
sensor.car_charger_enphase_power,3.625403,2026-02-27T10:26:41.309Z
sensor.car_charger_enphase_power,3.630245,2026-02-27T10:26:46.286Z
sensor.car_charger_enphase_power,3.637671,2026-02-27T10:26:51.334Z
sensor.car_charger_enphase_power,3.640094,2026-02-27T10:26:56.303Z
sensor.car_charger_enphase_power,3.640087,2026-02-27T10:27:01.290Z
sensor.car_charger_enphase_power,3.63326,2026-02-27T10:27:06.295Z
sensor.car_charger_enphase_power,3.624801,2026-02-27T10:27:11.319Z
sensor.car_charger_enphase_power,3.631329,2026-02-27T10:27:16.313Z
sensor.car_charger_enphase_power,3.62715,2026-02-27T10:27:21.299Z
sensor.car_charger_enphase_power,3.623554,2026-02-27T10:27:26.310Z
sensor.car_charger_enphase_power,3.626021,2026-02-27T10:27:31.341Z
sensor.car_charger_enphase_power,3.633687,2026-02-27T10:27:36.307Z
sensor.car_charger_enphase_power,3.629443,2026-02-27T10:27:41.332Z
sensor.car_charger_enphase_power,3.63714,2026-02-27T10:27:46.300Z
sensor.car_charger_enphase_power,0.007734,2026-02-27T10:27:51.304Z
sensor.car_charger_enphase_power,0.005844,2026-02-27T10:27:56.298Z
sensor.car_charger_enphase_power,0.0,2026-02-27T10:28:01.348Z
sensor.car_charger_enphase_power,0.005564,2026-02-27T10:28:06.297Z
sensor.car_charger_enphase_power,0.006907,2026-02-27T10:28:11.313Z
sensor.car_charger_enphase_power,0.181881,2026-02-27T10:28:16.362Z
sensor.car_charger_enphase_power,1.199034,2026-02-27T10:28:21.294Z
sensor.car_charger_enphase_power,2.351166,2026-02-27T10:28:26.288Z
sensor.car_charger_enphase_power,3.551139,2026-02-27T10:28:31.283Z
sensor.car_charger_enphase_power,3.542453,2026-02-27T10:28:36.309Z
sensor.car_charger_enphase_power,3.582189,2026-02-27T10:28:41.309Z
sensor.car_charger_enphase_power,3.544325,2026-02-27T10:28:46.306Z
sensor.car_charger_enphase_power,3.545157,2026-02-27T10:28:51.313Z
sensor.car_charger_enphase_power,3.541051,2026-02-27T10:28:56.306Z
sensor.car_charger_enphase_power,3.54169,2026-02-27T10:29:01.295Z
sensor.car_charger_enphase_power,3.538886,2026-02-27T10:29:06.329Z
sensor.car_charger_enphase_power,3.529519,2026-02-27T10:29:11.304Z
sensor.car_charger_enphase_power,2.842463,2026-02-27T10:29:16.295Z
sensor.car_charger_enphase_power,2.852036,2026-02-27T10:29:21.285Z
sensor.car_charger_enphase_power,2.849683,2026-02-27T10:29:26.317Z
sensor.car_charger_enphase_power,2.840886,2026-02-27T10:29:31.352Z
sensor.car_charger_enphase_power,2.843056,2026-02-27T10:29:36.302Z
sensor.car_charger_enphase_power,2.840161,2026-02-27T10:29:41.313Z
sensor.car_charger_enphase_power,2.826148,2026-02-27T10:29:46.349Z
sensor.car_charger_enphase_power,2.838303,2026-02-27T10:29:51.421Z
sensor.car_charger_enphase_power,0.005602,2026-02-27T10:29:56.329Z
sensor.car_charger_enphase_power,0.005684,2026-02-27T10:30:01.322Z
sensor.car_charger_enphase_power,0.005907,2026-02-27T10:30:06.298Z
sensor.car_charger_enphase_power,0.005843,2026-02-27T10:30:11.302Z
sensor.car_charger_enphase_power,0.005641,2026-02-27T10:30:16.310Z
sensor.car_charger_enphase_power,0.0,2026-02-27T10:30:21.312Z
sensor.car_charger_enphase_power,0.005725,2026-02-27T10:30:26.299Z
sensor.car_charger_enphase_power,0.005789,2026-02-27T10:30:31.313Z
sensor.car_charger_enphase_power,0.005503,2026-02-27T10:30:36.317Z
sensor.car_charger_enphase_power,0.005912,2026-02-27T10:30:41.291Z
sensor.car_charger_enphase_power,0.00608,2026-02-27T10:30:46.651Z
sensor.car_charger_enphase_power,0.0,2026-02-27T10:30:51.311Z
sensor.car_charger_enphase_power,0.00615,2026-02-27T10:30:56.302Z
sensor.car_charger_enphase_power,0.005591,2026-02-27T10:31:01.308Z
sensor.car_charger_enphase_power,0.00623,2026-02-27T10:31:06.304Z
sensor.car_charger_enphase_power,0.005544,2026-02-27T10:31:11.309Z
sensor.car_charger_enphase_power,0.005971,2026-02-27T10:31:16.299Z
sensor.car_charger_enphase_power,0.0,2026-02-27T10:31:21.315Z
sensor.car_charger_enphase_power,0.005928,2026-02-27T10:31:26.316Z
sensor.car_charger_enphase_power,0.0,2026-02-27T10:31:31.303Z
sensor.car_charger_enphase_power,0.006304,2026-02-27T10:31:36.307Z
sensor.car_charger_enphase_power,0.005605,2026-02-27T10:31:41.297Z
sensor.car_charger_enphase_power,0.005912,2026-02-27T10:31:46.315Z
sensor.car_charger_enphase_power,0.0,2026-02-27T10:31:51.277Z
sensor.car_charger_enphase_power,0.006107,2026-02-27T10:31:56.307Z
sensor.car_charger_enphase_power,0.005518,2026-02-27T10:32:01.366Z
sensor.car_charger_enphase_power,0.005937,2026-02-27T10:32:06.301Z
sensor.car_charger_enphase_power,0.005811,2026-02-27T10:32:11.305Z
sensor.car_charger_enphase_power,0.00563,2026-02-27T10:32:16.408Z
sensor.car_charger_enphase_power,0.006093,2026-02-27T10:32:21.311Z
sensor.car_charger_enphase_power,0.006373,2026-02-27T10:32:26.296Z
sensor.car_charger_enphase_power,0.006011,2026-02-27T10:32:31.342Z
sensor.car_charger_enphase_power,0.005616,2026-02-27T10:32:36.295Z
sensor.car_charger_enphase_power,0.005591,2026-02-27T10:32:41.284Z
sensor.car_charger_enphase_power,0.007724,2026-02-27T10:32:46.283Z
sensor.car_charger_enphase_power,0.010715,2026-02-27T10:32:51.311Z
sensor.car_charger_enphase_power,0.381181,2026-02-27T10:32:56.287Z
sensor.car_charger_enphase_power,0.516649,2026-02-27T10:33:01.294Z
sensor.car_charger_enphase_power,0.953487,2026-02-27T10:33:06.301Z
sensor.car_charger_enphase_power,1.430811,2026-02-27T10:33:11.308Z
sensor.car_charger_enphase_power,1.431218,2026-02-27T10:33:16.308Z
sensor.car_charger_enphase_power,1.43515,2026-02-27T10:33:21.319Z
sensor.car_charger_enphase_power,1.433528,2026-02-27T10:33:26.290Z
sensor.car_charger_enphase_power,1.430147,2026-02-27T10:33:31.299Z
sensor.car_charger_enphase_power,1.433167,2026-02-27T10:33:36.305Z
sensor.car_charger_enphase_power,1.436057,2026-02-27T10:33:41.301Z
sensor.car_charger_enphase_power,1.435428,2026-02-27T10:33:46.296Z
sensor.car_charger_enphase_power,1.431327,2026-02-27T10:33:51.314Z
sensor.car_charger_enphase_power,1.43562,2026-02-27T10:33:56.313Z
sensor.car_charger_enphase_power,1.4361,2026-02-27T10:34:01.314Z
sensor.car_charger_enphase_power,1.434825,2026-02-27T10:34:06.306Z
sensor.car_charger_enphase_power,1.431981,2026-02-27T10:34:11.307Z
sensor.car_charger_enphase_power,1.436054,2026-02-27T10:34:16.305Z
sensor.car_charger_enphase_power,1.434609,2026-02-27T10:34:21.381Z
sensor.car_charger_enphase_power,1.435077,2026-02-27T10:34:26.306Z
sensor.car_charger_enphase_power,1.430522,2026-02-27T10:34:31.300Z
sensor.car_charger_enphase_power,1.436068,2026-02-27T10:34:36.303Z
sensor.car_charger_enphase_power,1.433676,2026-02-27T10:34:41.298Z
sensor.car_charger_enphase_power,1.429754,2026-02-27T10:34:46.314Z
sensor.car_charger_enphase_power,1.440269,2026-02-27T10:34:51.300Z
sensor.car_charger_enphase_power,1.432981,2026-02-27T10:34:56.300Z
sensor.car_charger_enphase_power,1.427378,2026-02-27T10:35:01.306Z
sensor.car_charger_enphase_power,1.436745,2026-02-27T10:35:06.281Z
sensor.car_charger_enphase_power,1.431849,2026-02-27T10:35:11.310Z
sensor.car_charger_enphase_power,1.428887,2026-02-27T10:35:16.316Z
sensor.car_charger_enphase_power,1.428182,2026-02-27T10:35:21.308Z
sensor.car_charger_enphase_power,1.434328,2026-02-27T10:35:26.281Z
sensor.car_charger_enphase_power,1.437863,2026-02-27T10:35:31.306Z
sensor.car_charger_enphase_power,1.436704,2026-02-27T10:35:36.287Z
sensor.car_charger_enphase_power,1.433503,2026-02-27T10:35:41.318Z
sensor.car_charger_enphase_power,1.426621,2026-02-27T10:35:46.298Z
sensor.car_charger_enphase_power,1.426305,2026-02-27T10:35:51.303Z
sensor.car_charger_enphase_power,1.434155,2026-02-27T10:35:56.301Z
sensor.car_charger_enphase_power,1.435634,2026-02-27T10:36:01.313Z
sensor.car_charger_enphase_power,1.4367,2026-02-27T10:36:06.292Z
sensor.car_charger_enphase_power,1.4307,2026-02-27T10:36:11.309Z
sensor.car_charger_enphase_power,1.424188,2026-02-27T10:36:16.309Z
sensor.car_charger_enphase_power,1.434392,2026-02-27T10:36:21.319Z
sensor.car_charger_enphase_power,1.435152,2026-02-27T10:36:26.286Z
sensor.car_charger_enphase_power,1.432931,2026-02-27T10:36:31.311Z
sensor.car_charger_enphase_power,1.427742,2026-02-27T10:36:36.289Z
sensor.car_charger_enphase_power,1.42404,2026-02-27T10:36:41.277Z
sensor.car_charger_enphase_power,1.432944,2026-02-27T10:36:46.299Z
sensor.car_charger_enphase_power,1.435686,2026-02-27T10:36:51.297Z
sensor.car_charger_enphase_power,1.428755,2026-02-27T10:36:56.301Z
sensor.car_charger_enphase_power,1.421573,2026-02-27T10:37:01.301Z
sensor.car_charger_enphase_power,1.427655,2026-02-27T10:37:06.309Z
sensor.car_charger_enphase_power,1.435305,2026-02-27T10:37:11.313Z
sensor.car_charger_enphase_power,1.434532,2026-02-27T10:37:16.486Z
sensor.car_charger_enphase_power,1.435963,2026-02-27T10:37:21.291Z
sensor.car_charger_enphase_power,1.436818,2026-02-27T10:37:26.299Z
sensor.car_charger_enphase_power,1.429014,2026-02-27T10:37:31.300Z
sensor.car_charger_enphase_power,1.426481,2026-02-27T10:37:36.313Z
sensor.car_charger_enphase_power,1.434839,2026-02-27T10:37:41.297Z
sensor.car_charger_enphase_power,1.437006,2026-02-27T10:37:46.310Z
sensor.car_charger_enphase_power,1.424795,2026-02-27T10:37:51.295Z
sensor.car_charger_enphase_power,1.431168,2026-02-27T10:37:56.322Z
sensor.car_charger_enphase_power,1.433653,2026-02-27T10:38:01.306Z
sensor.car_charger_enphase_power,1.43313,2026-02-27T10:38:06.305Z
sensor.car_charger_enphase_power,1.434207,2026-02-27T10:38:11.294Z
sensor.car_charger_enphase_power,1.439583,2026-02-27T10:38:16.312Z
sensor.car_charger_enphase_power,1.436345,2026-02-27T10:38:21.314Z
sensor.car_charger_enphase_power,1.435536,2026-02-27T10:38:26.316Z
sensor.car_charger_enphase_power,1.434443,2026-02-27T10:38:31.301Z
sensor.car_charger_enphase_power,1.42843,2026-02-27T10:38:36.299Z
sensor.car_charger_enphase_power,1.426487,2026-02-27T10:38:41.313Z
sensor.car_charger_enphase_power,1.427612,2026-02-27T10:38:46.310Z
sensor.car_charger_enphase_power,1.429,2026-02-27T10:38:51.305Z
sensor.car_charger_enphase_power,1.433989,2026-02-27T10:38:56.309Z
sensor.car_charger_enphase_power,1.438151,2026-02-27T10:39:01.304Z
sensor.car_charger_enphase_power,1.43831,2026-02-27T10:39:06.304Z
sensor.car_charger_enphase_power,1.437918,2026-02-27T10:39:11.306Z
sensor.car_charger_enphase_power,1.438658,2026-02-27T10:39:16.304Z
sensor.car_charger_enphase_power,1.436041,2026-02-27T10:39:21.316Z
sensor.car_charger_enphase_power,1.437509,2026-02-27T10:39:26.309Z
sensor.car_charger_enphase_power,1.436311,2026-02-27T10:39:31.300Z
sensor.car_charger_enphase_power,1.433574,2026-02-27T10:39:36.334Z
sensor.car_charger_enphase_power,1.429918,2026-02-27T10:39:41.300Z
sensor.car_charger_enphase_power,1.430282,2026-02-27T10:39:46.322Z
sensor.car_charger_enphase_power,1.429221,2026-02-27T10:39:51.295Z
sensor.car_charger_enphase_power,1.43431,2026-02-27T10:39:56.318Z
sensor.car_charger_enphase_power,1.439515,2026-02-27T10:40:01.299Z
sensor.car_charger_enphase_power,1.433147,2026-02-27T10:40:06.311Z
sensor.car_charger_enphase_power,1.434489,2026-02-27T10:40:11.321Z
sensor.car_charger_enphase_power,1.428226,2026-02-27T10:40:16.304Z
sensor.car_charger_enphase_power,1.427153,2026-02-27T10:40:21.294Z
sensor.car_charger_enphase_power,1.42962,2026-02-27T10:40:26.305Z
sensor.car_charger_enphase_power,1.425319,2026-02-27T10:40:31.317Z
sensor.car_charger_enphase_power,1.427069,2026-02-27T10:40:36.292Z
sensor.car_charger_enphase_power,1.425377,2026-02-27T10:40:41.328Z
sensor.car_charger_enphase_power,1.426292,2026-02-27T10:40:46.312Z
sensor.car_charger_enphase_power,1.430102,2026-02-27T10:40:51.308Z
sensor.car_charger_enphase_power,1.426667,2026-02-27T10:40:56.315Z
sensor.car_charger_enphase_power,1.427953,2026-02-27T10:41:01.283Z
sensor.car_charger_enphase_power,1.428866,2026-02-27T10:41:06.318Z
sensor.car_charger_enphase_power,1.428366,2026-02-27T10:41:11.317Z
sensor.car_charger_enphase_power,1.432951,2026-02-27T10:41:16.317Z
sensor.car_charger_enphase_power,1.4295,2026-02-27T10:41:21.327Z
sensor.car_charger_enphase_power,1.431947,2026-02-27T10:41:26.299Z
sensor.car_charger_enphase_power,1.436464,2026-02-27T10:41:31.313Z
sensor.car_charger_enphase_power,1.434439,2026-02-27T10:41:36.340Z
sensor.car_charger_enphase_power,1.42937,2026-02-27T10:41:41.309Z
sensor.car_charger_enphase_power,1.432571,2026-02-27T10:41:46.322Z
sensor.car_charger_enphase_power,1.433498,2026-02-27T10:41:51.328Z
sensor.car_charger_enphase_power,1.437681,2026-02-27T10:41:56.306Z
sensor.car_charger_enphase_power,1.431542,2026-02-27T10:42:01.311Z
sensor.car_charger_enphase_power,1.429636,2026-02-27T10:42:06.287Z
sensor.car_charger_enphase_power,1.436438,2026-02-27T10:42:11.321Z
sensor.car_charger_enphase_power,1.435609,2026-02-27T10:42:16.363Z
sensor.car_charger_enphase_power,1.432842,2026-02-27T10:42:21.293Z
sensor.car_charger_enphase_power,1.430934,2026-02-27T10:42:26.357Z
sensor.car_charger_enphase_power,1.434553,2026-02-27T10:42:31.315Z
sensor.car_charger_enphase_power,1.435116,2026-02-27T10:42:36.297Z
sensor.car_charger_enphase_power,1.429498,2026-02-27T10:42:41.317Z
sensor.car_charger_enphase_power,1.43152,2026-02-27T10:42:46.278Z
sensor.car_charger_enphase_power,1.43647,2026-02-27T10:42:51.296Z
sensor.car_charger_enphase_power,1.434769,2026-02-27T10:42:56.296Z
sensor.car_charger_enphase_power,1.434064,2026-02-27T10:43:01.313Z
sensor.car_charger_enphase_power,1.434437,2026-02-27T10:43:06.308Z
sensor.car_charger_enphase_power,1.432426,2026-02-27T10:43:11.319Z
sensor.car_charger_enphase_power,1.431985,2026-02-27T10:43:16.303Z
sensor.car_charger_enphase_power,1.433382,2026-02-27T10:43:21.321Z
sensor.car_charger_enphase_power,1.435913,2026-02-27T10:43:26.302Z
sensor.car_charger_enphase_power,1.432237,2026-02-27T10:43:31.304Z
sensor.car_charger_enphase_power,1.432117,2026-02-27T10:43:36.304Z
sensor.car_charger_enphase_power,1.435407,2026-02-27T10:43:41.319Z
sensor.car_charger_enphase_power,1.436809,2026-02-27T10:43:46.309Z
sensor.car_charger_enphase_power,1.434802,2026-02-27T10:43:51.331Z
sensor.car_charger_enphase_power,1.434428,2026-02-27T10:43:56.314Z
sensor.car_charger_enphase_power,1.435212,2026-02-27T10:44:01.310Z
sensor.car_charger_enphase_power,1.436239,2026-02-27T10:44:06.315Z
sensor.car_charger_enphase_power,1.434493,2026-02-27T10:44:11.321Z
sensor.car_charger_enphase_power,1.431876,2026-02-27T10:44:16.301Z
sensor.car_charger_enphase_power,1.437084,2026-02-27T10:44:21.338Z
sensor.car_charger_enphase_power,1.437429,2026-02-27T10:44:26.284Z
sensor.car_charger_enphase_power,1.435077,2026-02-27T10:44:31.347Z
sensor.car_charger_enphase_power,1.43353,2026-02-27T10:44:36.292Z
sensor.car_charger_enphase_power,1.435986,2026-02-27T10:44:41.304Z
sensor.car_charger_enphase_power,1.437833,2026-02-27T10:44:46.307Z
sensor.car_charger_enphase_power,1.43557,2026-02-27T10:44:51.304Z
sensor.car_charger_enphase_power,1.43299,2026-02-27T10:44:56.330Z
sensor.car_charger_enphase_power,1.429223,2026-02-27T10:45:01.312Z
sensor.car_charger_enphase_power,1.43192,2026-02-27T10:45:06.317Z
sensor.car_charger_enphase_power,1.434819,2026-02-27T10:45:11.314Z
sensor.car_charger_enphase_power,1.433512,2026-02-27T10:45:16.306Z
sensor.car_charger_enphase_power,1.437163,2026-02-27T10:45:21.317Z
sensor.car_charger_enphase_power,1.433019,2026-02-27T10:45:26.344Z
sensor.car_charger_enphase_power,1.434142,2026-02-27T10:45:31.305Z
sensor.car_charger_enphase_power,1.431674,2026-02-27T10:45:36.301Z
sensor.car_charger_enphase_power,1.432049,2026-02-27T10:45:41.321Z
sensor.car_charger_enphase_power,1.436439,2026-02-27T10:45:46.297Z
sensor.car_charger_enphase_power,1.430675,2026-02-27T10:45:51.317Z
sensor.car_charger_enphase_power,1.437429,2026-02-27T10:45:56.328Z
sensor.car_charger_enphase_power,1.430918,2026-02-27T10:46:01.299Z
sensor.car_charger_enphase_power,1.438338,2026-02-27T10:46:06.311Z
sensor.car_charger_enphase_power,1.440328,2026-02-27T10:46:11.315Z
sensor.car_charger_enphase_power,1.434887,2026-02-27T10:46:16.306Z
sensor.car_charger_enphase_power,1.435209,2026-02-27T10:46:21.334Z
sensor.car_charger_enphase_power,1.434675,2026-02-27T10:46:26.326Z
sensor.car_charger_enphase_power,1.435875,2026-02-27T10:46:31.303Z
sensor.car_charger_enphase_power,1.432022,2026-02-27T10:46:36.313Z
sensor.car_charger_enphase_power,1.435077,2026-02-27T10:46:41.322Z
sensor.car_charger_enphase_power,1.43378,2026-02-27T10:46:46.306Z
sensor.car_charger_enphase_power,1.434271,2026-02-27T10:46:51.313Z
sensor.car_charger_enphase_power,1.431979,2026-02-27T10:46:56.303Z
sensor.car_charger_enphase_power,1.435827,2026-02-27T10:47:01.302Z
sensor.car_charger_enphase_power,1.432997,2026-02-27T10:47:06.288Z
sensor.car_charger_enphase_power,1.434225,2026-02-27T10:47:11.310Z
sensor.car_charger_enphase_power,1.432897,2026-02-27T10:47:16.309Z
sensor.car_charger_enphase_power,1.436906,2026-02-27T10:47:21.302Z
sensor.car_charger_enphase_power,1.436997,2026-02-27T10:47:26.282Z
sensor.car_charger_enphase_power,1.435568,2026-02-27T10:47:31.305Z
sensor.car_charger_enphase_power,1.435973,2026-02-27T10:47:36.296Z
sensor.car_charger_enphase_power,1.433803,2026-02-27T10:47:41.308Z
sensor.car_charger_enphase_power,1.432094,2026-02-27T10:47:46.296Z
sensor.car_charger_enphase_power,1.431802,2026-02-27T10:47:51.303Z
sensor.car_charger_enphase_power,1.434534,2026-02-27T10:47:56.343Z
sensor.car_charger_enphase_power,1.431499,2026-02-27T10:48:01.309Z
sensor.car_charger_enphase_power,1.432851,2026-02-27T10:48:06.305Z
sensor.car_charger_enphase_power,1.431829,2026-02-27T10:48:11.312Z
sensor.car_charger_enphase_power,1.43722,2026-02-27T10:48:16.340Z
sensor.car_charger_enphase_power,1.433449,2026-02-27T10:48:21.327Z
sensor.car_charger_enphase_power,1.437845,2026-02-27T10:48:26.301Z
sensor.car_charger_enphase_power,1.433544,2026-02-27T10:48:31.304Z
sensor.car_charger_enphase_power,1.434823,2026-02-27T10:48:36.307Z
sensor.car_charger_enphase_power,1.437763,2026-02-27T10:48:41.282Z
sensor.car_charger_enphase_power,1.43328,2026-02-27T10:48:46.281Z
sensor.car_charger_enphase_power,1.431286,2026-02-27T10:48:51.343Z
sensor.car_charger_enphase_power,1.435884,2026-02-27T10:48:56.311Z
sensor.car_charger_enphase_power,1.437436,2026-02-27T10:49:01.303Z
sensor.car_charger_enphase_power,1.429663,2026-02-27T10:49:06.304Z
sensor.car_charger_enphase_power,1.431726,2026-02-27T10:49:11.285Z
sensor.car_charger_enphase_power,1.437609,2026-02-27T10:49:16.306Z
sensor.car_charger_enphase_power,1.429446,2026-02-27T10:49:21.311Z
sensor.car_charger_enphase_power,1.436495,2026-02-27T10:49:26.317Z
sensor.car_charger_enphase_power,1.434702,2026-02-27T10:49:31.293Z
sensor.car_charger_enphase_power,1.430824,2026-02-27T10:49:36.311Z
sensor.car_charger_enphase_power,1.436566,2026-02-27T10:49:41.299Z
sensor.car_charger_enphase_power,1.438436,2026-02-27T10:49:46.301Z
sensor.car_charger_enphase_power,1.432035,2026-02-27T10:49:51.301Z
sensor.car_charger_enphase_power,1.435153,2026-02-27T10:49:56.306Z
sensor.car_charger_enphase_power,1.434269,2026-02-27T10:50:01.311Z
sensor.car_charger_enphase_power,1.436822,2026-02-27T10:50:06.302Z
sensor.car_charger_enphase_power,1.432081,2026-02-27T10:50:11.300Z
sensor.car_charger_enphase_power,1.437184,2026-02-27T10:50:16.330Z
sensor.car_charger_enphase_power,1.428205,2026-02-27T10:50:21.400Z
sensor.car_charger_enphase_power,1.437908,2026-02-27T10:50:26.307Z
sensor.car_charger_enphase_power,1.428623,2026-02-27T10:50:31.287Z
sensor.car_charger_enphase_power,1.435793,2026-02-27T10:50:36.313Z
sensor.car_charger_enphase_power,1.432242,2026-02-27T10:50:41.509Z
sensor.car_charger_enphase_power,1.434003,2026-02-27T10:50:46.313Z
sensor.car_charger_enphase_power,1.434273,2026-02-27T10:50:51.501Z
sensor.car_charger_enphase_power,1.437072,2026-02-27T10:50:56.299Z
sensor.car_charger_enphase_power,1.435048,2026-02-27T10:51:01.315Z
sensor.car_charger_enphase_power,1.432856,2026-02-27T10:51:06.291Z
sensor.car_charger_enphase_power,1.438735,2026-02-27T10:51:11.289Z
sensor.car_charger_enphase_power,1.430382,2026-02-27T10:51:16.308Z
sensor.car_charger_enphase_power,1.432637,2026-02-27T10:51:21.306Z
sensor.car_charger_enphase_power,1.432438,2026-02-27T10:51:26.315Z
sensor.car_charger_enphase_power,1.432655,2026-02-27T10:51:31.313Z
sensor.car_charger_enphase_power,1.428293,2026-02-27T10:51:36.317Z
sensor.car_charger_enphase_power,1.436716,2026-02-27T10:51:41.463Z
sensor.car_charger_enphase_power,1.429972,2026-02-27T10:51:46.299Z
sensor.car_charger_enphase_power,1.436263,2026-02-27T10:51:51.311Z
sensor.car_charger_enphase_power,1.431774,2026-02-27T10:51:56.303Z
sensor.car_charger_enphase_power,1.43508,2026-02-27T10:52:01.309Z
sensor.car_charger_enphase_power,1.430918,2026-02-27T10:52:06.309Z
sensor.car_charger_enphase_power,1.430207,2026-02-27T10:52:11.302Z
sensor.car_charger_enphase_power,1.434582,2026-02-27T10:52:16.334Z
sensor.car_charger_enphase_power,1.435182,2026-02-27T10:52:21.305Z
sensor.car_charger_enphase_power,1.434251,2026-02-27T10:52:26.313Z
sensor.car_charger_enphase_power,1.436472,2026-02-27T10:52:31.296Z
sensor.car_charger_enphase_power,1.436981,2026-02-27T10:52:36.308Z
sensor.car_charger_enphase_power,1.435929,2026-02-27T10:52:41.298Z
sensor.car_charger_enphase_power,1.433614,2026-02-27T10:52:46.282Z
sensor.car_charger_enphase_power,1.438667,2026-02-27T10:52:51.313Z
sensor.car_charger_enphase_power,1.433133,2026-02-27T10:52:56.318Z
sensor.car_charger_enphase_power,1.432042,2026-02-27T10:53:01.306Z
sensor.car_charger_enphase_power,1.436236,2026-02-27T10:53:06.299Z
sensor.car_charger_enphase_power,1.436109,2026-02-27T10:53:11.308Z
sensor.car_charger_enphase_power,1.435125,2026-02-27T10:53:16.312Z
sensor.car_charger_enphase_power,1.43425,2026-02-27T10:53:21.344Z
sensor.car_charger_enphase_power,1.44118,2026-02-27T10:53:26.325Z
sensor.car_charger_enphase_power,1.435961,2026-02-27T10:53:31.307Z
sensor.car_charger_enphase_power,1.438974,2026-02-27T10:53:36.318Z
sensor.car_charger_enphase_power,1.43435,2026-02-27T10:53:41.311Z
sensor.car_charger_enphase_power,1.437829,2026-02-27T10:53:46.304Z
sensor.car_charger_enphase_power,1.438208,2026-02-27T10:53:51.349Z
sensor.car_charger_enphase_power,1.4407,2026-02-27T10:53:56.319Z
sensor.car_charger_enphase_power,1.437272,2026-02-27T10:54:01.303Z
sensor.car_charger_enphase_power,1.434026,2026-02-27T10:54:06.290Z
sensor.car_charger_enphase_power,1.435864,2026-02-27T10:54:11.300Z
sensor.car_charger_enphase_power,1.441275,2026-02-27T10:54:16.313Z
sensor.car_charger_enphase_power,1.430858,2026-02-27T10:54:21.292Z
sensor.car_charger_enphase_power,1.439519,2026-02-27T10:54:26.309Z
sensor.car_charger_enphase_power,1.490399,2026-02-27T10:54:31.308Z
sensor.car_charger_enphase_power,1.489335,2026-02-27T10:54:36.454Z
sensor.car_charger_enphase_power,1.436673,2026-02-27T10:54:41.304Z
sensor.car_charger_enphase_power,1.482138,2026-02-27T10:54:46.317Z
sensor.car_charger_enphase_power,1.437888,2026-02-27T10:54:51.318Z
sensor.car_charger_enphase_power,1.44095,2026-02-27T10:54:56.299Z
sensor.car_charger_enphase_power,1.431436,2026-02-27T10:55:01.293Z
sensor.car_charger_enphase_power,2.384505,2026-02-27T10:55:06.290Z
sensor.car_charger_enphase_power,2.843846,2026-02-27T10:55:11.321Z
sensor.car_charger_enphase_power,2.851494,2026-02-27T10:55:16.305Z
sensor.car_charger_enphase_power,2.850867,2026-02-27T10:55:21.325Z
sensor.car_charger_enphase_power,2.847072,2026-02-27T10:55:26.303Z
sensor.car_charger_enphase_power,2.898504,2026-02-27T10:55:31.318Z
sensor.car_charger_enphase_power,2.900956,2026-02-27T10:55:36.286Z
sensor.car_charger_enphase_power,2.903639,2026-02-27T10:55:41.318Z
sensor.car_charger_enphase_power,2.914289,2026-02-27T10:55:46.285Z
sensor.car_charger_enphase_power,2.926706,2026-02-27T10:55:51.300Z
sensor.car_charger_enphase_power,2.927535,2026-02-27T10:55:56.305Z
sensor.car_charger_enphase_power,2.936384,2026-02-27T10:56:01.335Z
sensor.car_charger_enphase_power,3.64824,2026-02-27T10:56:06.311Z
sensor.car_charger_enphase_power,3.649492,2026-02-27T10:56:11.434Z
sensor.car_charger_enphase_power,3.63363,2026-02-27T10:56:16.372Z
sensor.car_charger_enphase_power,3.62262,2026-02-27T10:56:21.297Z
sensor.car_charger_enphase_power,3.617735,2026-02-27T10:56:26.304Z
sensor.car_charger_enphase_power,3.612742,2026-02-27T10:56:31.308Z
sensor.car_charger_enphase_power,3.615763,2026-02-27T10:56:36.322Z
sensor.car_charger_enphase_power,3.623097,2026-02-27T10:56:41.296Z
sensor.car_charger_enphase_power,3.639544,2026-02-27T10:56:46.325Z
sensor.car_charger_enphase_power,3.651926,2026-02-27T10:56:51.334Z
sensor.car_charger_enphase_power,3.652478,2026-02-27T10:56:56.311Z
sensor.car_charger_enphase_power,3.630722,2026-02-27T10:57:01.289Z
sensor.car_charger_enphase_power,3.617783,2026-02-27T10:57:06.303Z
sensor.car_charger_enphase_power,3.616891,2026-02-27T10:57:11.301Z
sensor.car_charger_enphase_power,2.899922,2026-02-27T10:57:16.308Z
sensor.car_charger_enphase_power,2.843437,2026-02-27T10:57:21.314Z
sensor.car_charger_enphase_power,2.84856,2026-02-27T10:57:26.299Z
sensor.car_charger_enphase_power,2.84523,2026-02-27T10:57:31.289Z
sensor.car_charger_enphase_power,2.845343,2026-02-27T10:57:36.307Z
sensor.car_charger_enphase_power,2.85237,2026-02-27T10:57:41.316Z
sensor.car_charger_enphase_power,2.838714,2026-02-27T10:57:46.315Z
sensor.car_charger_enphase_power,2.835529,2026-02-27T10:57:51.306Z
sensor.car_charger_enphase_power,0.0,2026-02-27T10:57:56.311Z
sensor.car_charger_enphase_power,0.005782,2026-02-27T10:58:01.310Z
sensor.car_charger_enphase_power,0.005753,2026-02-27T10:58:06.307Z
sensor.car_charger_enphase_power,0.005573,2026-02-27T10:58:11.290Z
sensor.car_charger_enphase_power,0.005552,2026-02-27T10:58:16.312Z
sensor.car_charger_enphase_power,0.0,2026-02-27T10:58:21.321Z
sensor.car_charger_enphase_power,0.006137,2026-02-27T10:58:26.327Z
sensor.car_charger_enphase_power,0.005662,2026-02-27T10:58:31.310Z
sensor.car_charger_enphase_power,0.005577,2026-02-27T10:58:36.319Z
sensor.car_charger_enphase_power,0.005644,2026-02-27T10:58:41.307Z
sensor.car_charger_enphase_power,0.006479,2026-02-27T10:58:46.293Z
sensor.car_charger_enphase_power,0.005862,2026-02-27T10:58:51.308Z
sensor.car_charger_enphase_power,0.005855,2026-02-27T10:58:56.313Z
sensor.car_charger_enphase_power,0.005978,2026-02-27T10:59:01.300Z
sensor.car_charger_enphase_power,0.0,2026-02-27T10:59:06.306Z
sensor.car_charger_enphase_power,0.005911,2026-02-27T10:59:16.313Z
sensor.car_charger_enphase_power,0.005862,2026-02-27T10:59:21.299Z
sensor.car_charger_enphase_power,0.0,2026-02-27T10:59:26.297Z
sensor.car_charger_enphase_power,0.006082,2026-02-27T10:59:31.307Z
sensor.car_charger_enphase_power,0.005655,2026-02-27T10:59:36.314Z
sensor.car_charger_enphase_power,0.006323,2026-02-27T10:59:41.310Z
sensor.car_charger_enphase_power,0.00607,2026-02-27T10:59:46.319Z
sensor.car_charger_enphase_power,0.005852,2026-02-27T10:59:51.313Z
sensor.car_charger_enphase_power,0.005612,2026-02-27T10:59:56.298Z
sensor.electricity_meter_power_production,0.596,2026-02-27T10:00:00.000Z
sensor.electricity_meter_power_production,0.634,2026-02-27T10:00:02.813Z
sensor.electricity_meter_power_production,0.631,2026-02-27T10:00:33.782Z
sensor.electricity_meter_power_production,0.616,2026-02-27T10:01:03.797Z
sensor.electricity_meter_power_production,0.606,2026-02-27T10:01:33.806Z
sensor.electricity_meter_power_production,0.552,2026-02-27T10:02:04.807Z
sensor.electricity_meter_power_production,0.572,2026-02-27T10:02:35.801Z
sensor.electricity_meter_power_production,0.549,2026-02-27T10:03:06.794Z
sensor.electricity_meter_power_production,0.578,2026-02-27T10:03:36.807Z
sensor.electricity_meter_power_production,0.611,2026-02-27T10:04:07.808Z
sensor.electricity_meter_power_production,0.604,2026-02-27T10:04:38.795Z
sensor.electricity_meter_power_production,0.61,2026-02-27T10:05:08.806Z
sensor.electricity_meter_power_production,0.408,2026-02-27T10:05:39.797Z
sensor.electricity_meter_power_production,0.207,2026-02-27T10:06:09.805Z
sensor.electricity_meter_power_production,0.318,2026-02-27T10:06:40.803Z
sensor.electricity_meter_power_production,0.321,2026-02-27T10:07:11.800Z
sensor.electricity_meter_power_production,4.278,2026-02-27T10:07:42.811Z
sensor.electricity_meter_power_production,4.204,2026-02-27T10:08:12.845Z
sensor.electricity_meter_power_production,4.227,2026-02-27T10:08:43.809Z
sensor.electricity_meter_power_production,4.207,2026-02-27T10:09:14.792Z
sensor.electricity_meter_power_production,4.219,2026-02-27T10:09:44.794Z
sensor.electricity_meter_power_production,4.238,2026-02-27T10:10:15.788Z
sensor.electricity_meter_power_production,0.708,2026-02-27T10:10:45.801Z
sensor.electricity_meter_power_production,0.691,2026-02-27T10:11:16.796Z
sensor.electricity_meter_power_production,0.695,2026-02-27T10:11:46.804Z
sensor.electricity_meter_power_production,0.713,2026-02-27T10:12:16.810Z
sensor.electricity_meter_power_production,0.446,2026-02-27T10:12:47.796Z
sensor.electricity_meter_power_production,0.762,2026-02-27T10:13:17.812Z
sensor.electricity_meter_power_production,0.781,2026-02-27T10:13:48.804Z
sensor.electricity_meter_power_production,0.745,2026-02-27T10:14:19.801Z
sensor.electricity_meter_power_production,0.789,2026-02-27T10:14:50.788Z
sensor.electricity_meter_power_production,0.83,2026-02-27T10:15:20.804Z
sensor.electricity_meter_power_production,0.924,2026-02-27T10:15:51.796Z
sensor.electricity_meter_power_production,0.844,2026-02-27T10:16:22.797Z
sensor.electricity_meter_power_production,0.967,2026-02-27T10:16:52.839Z
sensor.electricity_meter_power_production,1.039,2026-02-27T10:17:23.785Z
sensor.electricity_meter_power_production,1.105,2026-02-27T10:17:53.807Z
sensor.electricity_meter_power_production,1.161,2026-02-27T10:18:24.795Z
sensor.electricity_meter_power_production,0.33,2026-02-27T10:18:54.805Z
sensor.electricity_meter_power_production,0.634,2026-02-27T10:19:25.801Z
sensor.electricity_meter_power_production,1.283,2026-02-27T10:19:56.788Z
sensor.electricity_meter_power_production,0.705,2026-02-27T10:20:27.796Z
sensor.electricity_meter_power_production,0.771,2026-02-27T10:20:57.799Z
sensor.electricity_meter_power_production,0.766,2026-02-27T10:21:28.797Z
sensor.electricity_meter_power_production,0.791,2026-02-27T10:21:58.801Z
sensor.electricity_meter_power_production,0.843,2026-02-27T10:22:29.785Z
sensor.electricity_meter_power_production,0.495,2026-02-27T10:22:59.800Z
sensor.electricity_meter_power_production,0.762,2026-02-27T10:23:30.803Z
sensor.electricity_meter_power_production,0.534,2026-02-27T10:24:01.785Z
sensor.electricity_meter_power_production,0.851,2026-02-27T10:24:31.793Z
sensor.electricity_meter_power_production,0.849,2026-02-27T10:25:01.802Z
sensor.electricity_meter_power_production,0.844,2026-02-27T10:25:32.829Z
sensor.electricity_meter_power_production,0.083,2026-02-27T10:26:03.797Z
sensor.electricity_meter_power_production,0.369,2026-02-27T10:26:34.786Z
sensor.electricity_meter_power_production,0.518,2026-02-27T10:27:04.800Z
sensor.electricity_meter_power_production,0.556,2026-02-27T10:27:35.789Z
sensor.electricity_meter_power_production,3.691,2026-02-27T10:28:05.792Z
sensor.electricity_meter_power_production,0.521,2026-02-27T10:28:35.806Z
sensor.electricity_meter_power_production,0.0,2026-02-27T10:29:06.793Z
sensor.electricity_meter_power_production,1.854,2026-02-27T10:30:07.807Z
sensor.electricity_meter_power_production,1.807,2026-02-27T10:30:38.808Z
sensor.electricity_meter_power_production,1.764,2026-02-27T10:31:09.798Z
sensor.electricity_meter_power_production,1.739,2026-02-27T10:31:40.795Z
sensor.electricity_meter_power_production,1.74,2026-02-27T10:32:11.785Z
sensor.electricity_meter_power_production,1.751,2026-02-27T10:32:41.801Z
sensor.electricity_meter_power_production,0.347,2026-02-27T10:33:12.800Z
sensor.electricity_meter_power_production,0.356,2026-02-27T10:33:42.803Z
sensor.electricity_meter_power_production,0.351,2026-02-27T10:34:12.836Z
sensor.electricity_meter_power_production,0.357,2026-02-27T10:34:43.802Z
sensor.electricity_meter_power_production,0.347,2026-02-27T10:35:14.804Z
sensor.electricity_meter_power_production,0.354,2026-02-27T10:35:45.796Z
sensor.electricity_meter_power_production,0.362,2026-02-27T10:36:16.788Z
sensor.electricity_meter_power_production,0.36,2026-02-27T10:36:47.794Z
sensor.electricity_meter_power_production,0.351,2026-02-27T10:37:17.809Z
sensor.electricity_meter_power_production,0.336,2026-02-27T10:37:48.800Z
sensor.electricity_meter_power_production,0.134,2026-02-27T10:38:19.795Z
sensor.electricity_meter_power_production,0.143,2026-02-27T10:38:49.799Z
sensor.electricity_meter_power_production,0.116,2026-02-27T10:39:20.787Z
sensor.electricity_meter_power_production,0.172,2026-02-27T10:39:50.804Z
sensor.electricity_meter_power_production,0.16,2026-02-27T10:40:21.802Z
sensor.electricity_meter_power_production,0.209,2026-02-27T10:40:52.836Z
sensor.electricity_meter_power_production,0.228,2026-02-27T10:41:23.808Z
sensor.electricity_meter_power_production,0.176,2026-02-27T10:41:54.789Z
sensor.electricity_meter_power_production,0.209,2026-02-27T10:42:24.796Z
sensor.electricity_meter_power_production,0.298,2026-02-27T10:42:55.786Z
sensor.electricity_meter_power_production,0.436,2026-02-27T10:43:25.789Z
sensor.electricity_meter_power_production,0.523,2026-02-27T10:43:56.785Z
sensor.electricity_meter_power_production,0.758,2026-02-27T10:44:26.803Z
sensor.electricity_meter_power_production,0.85,2026-02-27T10:44:57.813Z
sensor.electricity_meter_power_production,0.829,2026-02-27T10:45:28.804Z
sensor.electricity_meter_power_production,0.878,2026-02-27T10:45:59.800Z
sensor.electricity_meter_power_production,0.753,2026-02-27T10:46:30.790Z
sensor.electricity_meter_power_production,0.819,2026-02-27T10:47:00.799Z
sensor.electricity_meter_power_production,1.419,2026-02-27T10:47:31.799Z
sensor.electricity_meter_power_production,1.577,2026-02-27T10:48:02.791Z
sensor.electricity_meter_power_production,1.336,2026-02-27T10:48:32.800Z
sensor.electricity_meter_power_production,1.005,2026-02-27T10:49:02.809Z
sensor.electricity_meter_power_production,1.33,2026-02-27T10:49:32.847Z
sensor.electricity_meter_power_production,0.945,2026-02-27T10:50:03.804Z
sensor.electricity_meter_power_production,1.03,2026-02-27T10:50:34.797Z
sensor.electricity_meter_power_production,0.959,2026-02-27T10:51:05.778Z
sensor.electricity_meter_power_production,0.665,2026-02-27T10:51:35.792Z
sensor.electricity_meter_power_production,0.629,2026-02-27T10:52:06.789Z
sensor.electricity_meter_power_production,0.608,2026-02-27T10:52:36.801Z
sensor.electricity_meter_power_production,0.601,2026-02-27T10:53:07.822Z
sensor.electricity_meter_power_production,1.402,2026-02-27T10:53:38.789Z
sensor.electricity_meter_power_production,2.581,2026-02-27T10:54:09.793Z
sensor.electricity_meter_power_production,3.256,2026-02-27T10:54:40.795Z
sensor.electricity_meter_power_production,0.096,2026-02-27T10:55:10.801Z
sensor.electricity_meter_power_production,0.425,2026-02-27T10:55:41.789Z
sensor.electricity_meter_power_production,0.537,2026-02-27T10:56:11.793Z
sensor.electricity_meter_power_production,0.05,2026-02-27T10:56:41.800Z
sensor.electricity_meter_power_production,0.0,2026-02-27T10:57:12.798Z
sensor.electricity_meter_power_production,2.106,2026-02-27T10:58:12.827Z
sensor.electricity_meter_power_production,2.098,2026-02-27T10:58:43.789Z
sensor.electricity_meter_power_production,2.182,2026-02-27T10:59:13.792Z
sensor.electricity_meter_power_production,3.625,2026-02-27T10:59:44.794Z
sensor.electricity_meter_power_consumption,0.145,2026-02-27T10:00:00.000Z
sensor.electricity_meter_power_consumption,0.128,2026-02-27T10:00:02.813Z
sensor.electricity_meter_power_consumption,0.131,2026-02-27T10:00:33.782Z
sensor.electricity_meter_power_consumption,0.102,2026-02-27T10:01:03.797Z
sensor.electricity_meter_power_consumption,0.115,2026-02-27T10:01:33.806Z
sensor.electricity_meter_power_consumption,0.182,2026-02-27T10:02:04.807Z
sensor.electricity_meter_power_consumption,0.149,2026-02-27T10:02:35.801Z
sensor.electricity_meter_power_consumption,0.173,2026-02-27T10:03:06.794Z
sensor.electricity_meter_power_consumption,0.158,2026-02-27T10:03:36.807Z
sensor.electricity_meter_power_consumption,0.107,2026-02-27T10:04:07.808Z
sensor.electricity_meter_power_consumption,0.109,2026-02-27T10:04:38.795Z
sensor.electricity_meter_power_consumption,0.107,2026-02-27T10:05:08.806Z
sensor.electricity_meter_power_consumption,0.355,2026-02-27T10:05:39.797Z
sensor.electricity_meter_power_consumption,0.619,2026-02-27T10:06:09.805Z
sensor.electricity_meter_power_consumption,0.502,2026-02-27T10:06:40.803Z
sensor.electricity_meter_power_consumption,0.313,2026-02-27T10:07:11.800Z
sensor.electricity_meter_power_consumption,0.0,2026-02-27T10:07:42.810Z
sensor.electricity_meter_power_consumption,0.07,2026-02-27T10:10:45.801Z
sensor.electricity_meter_power_consumption,0.078,2026-02-27T10:11:16.796Z
sensor.electricity_meter_power_consumption,0.098,2026-02-27T10:12:16.809Z
sensor.electricity_meter_power_consumption,0.168,2026-02-27T10:12:47.796Z
sensor.electricity_meter_power_consumption,0.066,2026-02-27T10:13:17.812Z
sensor.electricity_meter_power_consumption,0.059,2026-02-27T10:13:48.803Z
sensor.electricity_meter_power_consumption,0.074,2026-02-27T10:14:19.801Z
sensor.electricity_meter_power_consumption,0.025,2026-02-27T10:14:50.788Z
sensor.electricity_meter_power_consumption,0.012,2026-02-27T10:15:20.804Z
sensor.electricity_meter_power_consumption,0.0,2026-02-27T10:15:51.796Z
sensor.electricity_meter_power_consumption,0.013,2026-02-27T10:16:22.797Z
sensor.electricity_meter_power_consumption,0.0,2026-02-27T10:16:52.839Z
sensor.electricity_meter_power_consumption,0.478,2026-02-27T10:18:54.805Z
sensor.electricity_meter_power_consumption,0.061,2026-02-27T10:19:25.801Z
sensor.electricity_meter_power_consumption,0.0,2026-02-27T10:19:56.787Z
sensor.electricity_meter_power_consumption,0.165,2026-02-27T10:20:27.796Z
sensor.electricity_meter_power_consumption,0.078,2026-02-27T10:20:57.799Z
sensor.electricity_meter_power_consumption,0.072,2026-02-27T10:21:28.797Z
sensor.electricity_meter_power_consumption,0.08,2026-02-27T10:21:58.801Z
sensor.electricity_meter_power_consumption,0.064,2026-02-27T10:22:29.785Z
sensor.electricity_meter_power_consumption,0.412,2026-02-27T10:22:59.800Z
sensor.electricity_meter_power_consumption,0.117,2026-02-27T10:23:30.803Z
sensor.electricity_meter_power_consumption,0.461,2026-02-27T10:24:01.785Z
sensor.electricity_meter_power_consumption,0.075,2026-02-27T10:24:31.793Z
sensor.electricity_meter_power_consumption,0.082,2026-02-27T10:25:01.802Z
sensor.electricity_meter_power_consumption,0.08,2026-02-27T10:25:32.829Z
sensor.electricity_meter_power_consumption,1.03,2026-02-27T10:26:03.797Z
sensor.electricity_meter_power_consumption,0.437,2026-02-27T10:26:34.786Z
sensor.electricity_meter_power_consumption,0.228,2026-02-27T10:27:04.800Z
sensor.electricity_meter_power_consumption,0.177,2026-02-27T10:27:35.789Z
sensor.electricity_meter_power_consumption,0.0,2026-02-27T10:28:05.792Z
sensor.electricity_meter_power_consumption,0.209,2026-02-27T10:28:35.806Z
sensor.electricity_meter_power_consumption,1.428,2026-02-27T10:29:06.792Z
sensor.electricity_meter_power_consumption,0.932,2026-02-27T10:29:36.806Z
sensor.electricity_meter_power_consumption,0.0,2026-02-27T10:30:07.807Z
sensor.electricity_meter_power_consumption,0.042,2026-02-27T10:35:45.796Z
sensor.electricity_meter_power_consumption,0.041,2026-02-27T10:36:16.788Z
sensor.electricity_meter_power_consumption,0.045,2026-02-27T10:36:47.794Z
sensor.electricity_meter_power_consumption,0.05,2026-02-27T10:37:17.808Z
sensor.electricity_meter_power_consumption,0.047,2026-02-27T10:37:48.800Z
sensor.electricity_meter_power_consumption,0.027,2026-02-27T10:38:19.795Z
sensor.electricity_meter_power_consumption,0.025,2026-02-27T10:38:49.799Z
sensor.electricity_meter_power_consumption,0.03,2026-02-27T10:39:20.787Z
sensor.electricity_meter_power_consumption,0.023,2026-02-27T10:39:50.804Z
sensor.electricity_meter_power_consumption,0.021,2026-02-27T10:40:21.802Z
sensor.electricity_meter_power_consumption,0.015,2026-02-27T10:41:23.807Z
sensor.electricity_meter_power_consumption,0.006,2026-02-27T10:41:54.789Z
sensor.electricity_meter_power_consumption,0.0,2026-02-27T10:42:24.795Z
sensor.electricity_meter_power_consumption,0.409,2026-02-27T10:55:10.801Z
sensor.electricity_meter_power_consumption,0.019,2026-02-27T10:55:41.789Z
sensor.electricity_meter_power_consumption,0.041,2026-02-27T10:56:11.793Z
sensor.electricity_meter_power_consumption,0.637,2026-02-27T10:56:41.800Z
sensor.electricity_meter_power_consumption,1.172,2026-02-27T10:57:12.798Z
sensor.electricity_meter_power_consumption,0.544,2026-02-27T10:57:42.810Z
sensor.electricity_meter_power_consumption,0.0,2026-02-27T10:58:12.827Z
sensor.envoy_122252032811_current_power_production,4.525,2026-02-27T10:00:00.000Z
sensor.envoy_122252032811_current_power_production,4.634,2026-02-27T10:00:19.642Z
sensor.envoy_122252032811_current_power_production,4.635,2026-02-27T10:01:21.443Z
sensor.envoy_122252032811_current_power_production,4.524,2026-02-27T10:02:23.624Z
sensor.envoy_122252032811_current_power_production,4.584,2026-02-27T10:03:25.422Z
sensor.envoy_122252032811_current_power_production,4.625,2026-02-27T10:04:26.899Z
sensor.envoy_122252032811_current_power_production,4.167,2026-02-27T10:05:28.180Z
sensor.envoy_122252032811_current_power_production,3.621,2026-02-27T10:06:30.525Z
sensor.envoy_122252032811_current_power_production,4.619,2026-02-27T10:07:33.265Z
sensor.envoy_122252032811_current_power_production,4.72,2026-02-27T10:08:35.378Z
sensor.envoy_122252032811_current_power_production,4.747,2026-02-27T10:09:36.574Z
sensor.envoy_122252032811_current_power_production,4.74,2026-02-27T10:10:37.915Z
sensor.envoy_122252032811_current_power_production,4.743,2026-02-27T10:11:39.878Z
sensor.envoy_122252032811_current_power_production,4.822,2026-02-27T10:12:41.340Z
sensor.envoy_122252032811_current_power_production,4.894,2026-02-27T10:13:42.931Z
sensor.envoy_122252032811_current_power_production,4.906,2026-02-27T10:14:45.948Z
sensor.envoy_122252032811_current_power_production,5.055,2026-02-27T10:15:48.411Z
sensor.envoy_122252032811_current_power_production,5.025,2026-02-27T10:16:49.356Z
sensor.envoy_122252032811_current_power_production,5.249,2026-02-27T10:17:52.484Z
sensor.envoy_122252032811_current_power_production,4.019,2026-02-27T10:18:53.791Z
sensor.envoy_122252032811_current_power_production,5.457,2026-02-27T10:19:54.774Z
sensor.envoy_122252032811_current_power_production,5.539,2026-02-27T10:20:57.028Z
sensor.envoy_122252032811_current_power_production,5.587,2026-02-27T10:21:59.089Z
sensor.envoy_122252032811_current_power_production,4.959,2026-02-27T10:23:00.225Z
sensor.envoy_122252032811_current_power_production,4.907,2026-02-27T10:24:01.884Z
sensor.envoy_122252032811_current_power_production,5.712,2026-02-27T10:25:03.532Z
sensor.envoy_122252032811_current_power_production,3.846,2026-02-27T10:26:05.326Z
sensor.envoy_122252032811_current_power_production,4.333,2026-02-27T10:27:06.441Z
sensor.envoy_122252032811_current_power_production,4.278,2026-02-27T10:28:08.329Z
sensor.envoy_122252032811_current_power_production,2.569,2026-02-27T10:29:09.796Z
sensor.envoy_122252032811_current_power_production,2.369,2026-02-27T10:30:11.442Z
sensor.envoy_122252032811_current_power_production,2.274,2026-02-27T10:31:13.923Z
sensor.envoy_122252032811_current_power_production,2.254,2026-02-27T10:32:16.823Z
sensor.envoy_122252032811_current_power_production,2.286,2026-02-27T10:33:17.634Z
sensor.envoy_122252032811_current_power_production,2.298,2026-02-27T10:34:18.737Z
sensor.envoy_122252032811_current_power_production,2.296,2026-02-27T10:35:20.355Z
sensor.envoy_122252032811_current_power_production,2.294,2026-02-27T10:36:21.763Z
sensor.envoy_122252032811_current_power_production,2.286,2026-02-27T10:37:22.871Z
sensor.envoy_122252032811_current_power_production,2.268,2026-02-27T10:38:24.001Z
sensor.envoy_122252032811_current_power_production,2.252,2026-02-27T10:39:26.133Z
sensor.envoy_122252032811_current_power_production,2.268,2026-02-27T10:40:27.958Z
sensor.envoy_122252032811_current_power_production,2.3,2026-02-27T10:41:30.640Z
sensor.envoy_122252032811_current_power_production,2.353,2026-02-27T10:42:32.940Z
sensor.envoy_122252032811_current_power_production,2.65,2026-02-27T10:43:35.905Z
sensor.envoy_122252032811_current_power_production,3.006,2026-02-27T10:44:37.921Z
sensor.envoy_122252032811_current_power_production,2.921,2026-02-27T10:45:40.325Z
sensor.envoy_122252032811_current_power_production,2.915,2026-02-27T10:46:42.275Z
sensor.envoy_122252032811_current_power_production,3.302,2026-02-27T10:47:44.169Z
sensor.envoy_122252032811_current_power_production,3.413,2026-02-27T10:48:46.294Z
sensor.envoy_122252032811_current_power_production,3.296,2026-02-27T10:49:48.293Z
sensor.envoy_122252032811_current_power_production,3.09,2026-02-27T10:50:50.098Z
sensor.envoy_122252032811_current_power_production,2.855,2026-02-27T10:51:51.897Z
sensor.envoy_122252032811_current_power_production,2.784,2026-02-27T10:52:52.247Z
sensor.envoy_122252032811_current_power_production,3.278,2026-02-27T10:53:54.114Z
sensor.envoy_122252032811_current_power_production,5.231,2026-02-27T10:54:56.061Z
sensor.envoy_122252032811_current_power_production,4.694,2026-02-27T10:55:58.190Z
sensor.envoy_122252032811_current_power_production,3.664,2026-02-27T10:57:00.454Z
sensor.envoy_122252032811_current_power_production,3.012,2026-02-27T10:58:01.494Z
sensor.envoy_122252032811_current_power_production,2.624,2026-02-27T10:59:03.154Z
sensor.envoy_122252032811_current_power_consumption,4.077,2026-02-27T10:00:00.000Z
sensor.envoy_122252032811_current_power_consumption,4.109,2026-02-27T10:00:19.643Z
sensor.envoy_122252032811_current_power_consumption,4.133,2026-02-27T10:01:21.444Z
sensor.envoy_122252032811_current_power_consumption,4.125,2026-02-27T10:02:23.625Z
sensor.envoy_122252032811_current_power_consumption,4.133,2026-02-27T10:03:25.423Z
sensor.envoy_122252032811_current_power_consumption,4.131,2026-02-27T10:04:26.900Z
sensor.envoy_122252032811_current_power_consumption,4.125,2026-02-27T10:05:28.181Z
sensor.envoy_122252032811_current_power_consumption,4.102,2026-02-27T10:06:30.526Z
sensor.envoy_122252032811_current_power_consumption,1.419,2026-02-27T10:07:33.266Z
sensor.envoy_122252032811_current_power_consumption,0.515,2026-02-27T10:08:35.380Z
sensor.envoy_122252032811_current_power_consumption,0.509,2026-02-27T10:09:36.574Z
sensor.envoy_122252032811_current_power_consumption,2.91,2026-02-27T10:10:37.915Z
sensor.envoy_122252032811_current_power_consumption,4.143,2026-02-27T10:11:39.879Z
sensor.envoy_122252032811_current_power_consumption,4.173,2026-02-27T10:12:41.341Z
sensor.envoy_122252032811_current_power_consumption,4.16,2026-02-27T10:13:42.932Z
sensor.envoy_122252032811_current_power_consumption,4.132,2026-02-27T10:14:45.949Z
sensor.envoy_122252032811_current_power_consumption,4.137,2026-02-27T10:15:48.412Z
sensor.envoy_122252032811_current_power_consumption,4.121,2026-02-27T10:16:49.357Z
sensor.envoy_122252032811_current_power_consumption,4.124,2026-02-27T10:17:52.485Z
sensor.envoy_122252032811_current_power_consumption,4.085,2026-02-27T10:18:53.792Z
sensor.envoy_122252032811_current_power_consumption,4.137,2026-02-27T10:19:54.775Z
sensor.envoy_122252032811_current_power_consumption,4.821,2026-02-27T10:20:57.029Z
sensor.envoy_122252032811_current_power_consumption,4.863,2026-02-27T10:21:59.090Z
sensor.envoy_122252032811_current_power_consumption,4.852,2026-02-27T10:23:00.226Z
sensor.envoy_122252032811_current_power_consumption,4.865,2026-02-27T10:24:01.886Z
sensor.envoy_122252032811_current_power_consumption,4.931,2026-02-27T10:25:03.533Z
sensor.envoy_122252032811_current_power_consumption,4.851,2026-02-27T10:26:05.327Z
sensor.envoy_122252032811_current_power_consumption,4.128,2026-02-27T10:27:06.442Z
sensor.envoy_122252032811_current_power_consumption,0.494,2026-02-27T10:28:08.331Z
sensor.envoy_122252032811_current_power_consumption,4.016,2026-02-27T10:29:09.797Z
sensor.envoy_122252032811_current_power_consumption,0.494,2026-02-27T10:30:11.443Z
sensor.envoy_122252032811_current_power_consumption,0.503,2026-02-27T10:31:13.925Z
sensor.envoy_122252032811_current_power_consumption,0.502,2026-02-27T10:32:16.825Z
sensor.envoy_122252032811_current_power_consumption,1.927,2026-02-27T10:33:17.636Z
sensor.envoy_122252032811_current_power_consumption,1.932,2026-02-27T10:34:18.739Z
sensor.envoy_122252032811_current_power_consumption,2.222,2026-02-27T10:35:20.357Z
sensor.envoy_122252032811_current_power_consumption,1.972,2026-02-27T10:36:21.765Z
sensor.envoy_122252032811_current_power_consumption,2.14,2026-02-27T10:38:24.002Z
sensor.envoy_122252032811_current_power_consumption,2.094,2026-02-27T10:39:26.135Z
sensor.envoy_122252032811_current_power_consumption,2.122,2026-02-27T10:40:27.960Z
sensor.envoy_122252032811_current_power_consumption,2.113,2026-02-27T10:41:30.642Z
sensor.envoy_122252032811_current_power_consumption,2.124,2026-02-27T10:42:32.942Z
sensor.envoy_122252032811_current_power_consumption,2.121,2026-02-27T10:43:35.906Z
sensor.envoy_122252032811_current_power_consumption,2.11,2026-02-27T10:44:37.923Z
sensor.envoy_122252032811_current_power_consumption,2.126,2026-02-27T10:45:40.326Z
sensor.envoy_122252032811_current_power_consumption,2.169,2026-02-27T10:46:42.277Z
sensor.envoy_122252032811_current_power_consumption,2.159,2026-02-27T10:47:44.171Z
sensor.envoy_122252032811_current_power_consumption,2.165,2026-02-27T10:48:46.295Z
sensor.envoy_122252032811_current_power_consumption,2.174,2026-02-27T10:49:48.295Z
sensor.envoy_122252032811_current_power_consumption,2.16,2026-02-27T10:50:50.100Z
sensor.envoy_122252032811_current_power_consumption,2.153,2026-02-27T10:51:51.898Z
sensor.envoy_122252032811_current_power_consumption,2.149,2026-02-27T10:52:52.249Z
sensor.envoy_122252032811_current_power_consumption,2.173,2026-02-27T10:53:54.116Z
sensor.envoy_122252032811_current_power_consumption,2.184,2026-02-27T10:54:56.063Z
sensor.envoy_122252032811_current_power_consumption,3.663,2026-02-27T10:55:58.191Z
sensor.envoy_122252032811_current_power_consumption,4.333,2026-02-27T10:57:00.455Z
sensor.envoy_122252032811_current_power_consumption,0.688,2026-02-27T10:58:01.495Z
sensor.envoy_122252032811_current_power_consumption,0.725,2026-02-27T10:59:03.156Z
sensor.energy_grid_electricity_meter_power_consumption_electricity_meter_power_production_net_power,-451.0,2026-02-27T10:00:00.000Z
sensor.energy_grid_electricity_meter_power_consumption_electricity_meter_power_production_net_power,-506.0,2026-02-27T10:00:02.815Z
sensor.energy_grid_electricity_meter_power_consumption_electricity_meter_power_production_net_power,-500.0,2026-02-27T10:00:33.783Z
sensor.energy_grid_electricity_meter_power_consumption_electricity_meter_power_production_net_power,-514.0,2026-02-27T10:01:03.800Z
sensor.energy_grid_electricity_meter_power_consumption_electricity_meter_power_production_net_power,-491.0,2026-02-27T10:01:33.806Z
sensor.energy_grid_electricity_meter_power_consumption_electricity_meter_power_production_net_power,-370.0,2026-02-27T10:02:04.809Z
sensor.energy_grid_electricity_meter_power_consumption_electricity_meter_power_production_net_power,-423.0,2026-02-27T10:02:35.802Z
sensor.energy_grid_electricity_meter_power_consumption_electricity_meter_power_production_net_power,-376.0,2026-02-27T10:03:06.795Z
sensor.energy_grid_electricity_meter_power_consumption_electricity_meter_power_production_net_power,-420.0,2026-02-27T10:03:36.808Z
sensor.energy_grid_electricity_meter_power_consumption_electricity_meter_power_production_net_power,-504.0,2026-02-27T10:04:07.811Z
sensor.energy_grid_electricity_meter_power_consumption_electricity_meter_power_production_net_power,-495.0,2026-02-27T10:04:38.798Z
sensor.energy_grid_electricity_meter_power_consumption_electricity_meter_power_production_net_power,-503.0,2026-02-27T10:05:08.808Z
sensor.energy_grid_electricity_meter_power_consumption_electricity_meter_power_production_net_power,-52.9999999999999,2026-02-27T10:05:39.798Z
sensor.energy_grid_electricity_meter_power_consumption_electricity_meter_power_production_net_power,412.0,2026-02-27T10:06:09.808Z
sensor.energy_grid_electricity_meter_power_consumption_electricity_meter_power_production_net_power,184.0,2026-02-27T10:06:40.804Z
sensor.energy_grid_electricity_meter_power_consumption_electricity_meter_power_production_net_power,-8.0,2026-02-27T10:07:11.801Z
sensor.energy_grid_electricity_meter_power_consumption_electricity_meter_power_production_net_power,-4278.0,2026-02-27T10:07:42.813Z
sensor.energy_grid_electricity_meter_power_consumption_electricity_meter_power_production_net_power,-4204.0,2026-02-27T10:08:12.847Z
sensor.energy_grid_electricity_meter_power_consumption_electricity_meter_power_production_net_power,-4227.0,2026-02-27T10:08:43.810Z
sensor.energy_grid_electricity_meter_power_consumption_electricity_meter_power_production_net_power,-4207.0,2026-02-27T10:09:14.793Z
sensor.energy_grid_electricity_meter_power_consumption_electricity_meter_power_production_net_power,-4219.0,2026-02-27T10:09:44.796Z
sensor.energy_grid_electricity_meter_power_consumption_electricity_meter_power_production_net_power,-4238.0,2026-02-27T10:10:15.791Z
sensor.energy_grid_electricity_meter_power_consumption_electricity_meter_power_production_net_power,-638.0,2026-02-27T10:10:45.803Z
sensor.energy_grid_electricity_meter_power_consumption_electricity_meter_power_production_net_power,-613.0,2026-02-27T10:11:16.798Z
sensor.energy_grid_electricity_meter_power_consumption_electricity_meter_power_production_net_power,-617.0,2026-02-27T10:11:46.806Z
sensor.energy_grid_electricity_meter_power_consumption_electricity_meter_power_production_net_power,-615.0,2026-02-27T10:12:16.812Z
sensor.energy_grid_electricity_meter_power_consumption_electricity_meter_power_production_net_power,-278.0,2026-02-27T10:12:47.799Z
sensor.energy_grid_electricity_meter_power_consumption_electricity_meter_power_production_net_power,-696.0,2026-02-27T10:13:17.813Z
sensor.energy_grid_electricity_meter_power_consumption_electricity_meter_power_production_net_power,-722.0,2026-02-27T10:13:48.804Z
sensor.energy_grid_electricity_meter_power_consumption_electricity_meter_power_production_net_power,-671.0,2026-02-27T10:14:19.802Z
sensor.energy_grid_electricity_meter_power_consumption_electricity_meter_power_production_net_power,-764.0,2026-02-27T10:14:50.789Z
sensor.energy_grid_electricity_meter_power_consumption_electricity_meter_power_production_net_power,-818.0,2026-02-27T10:15:20.806Z
sensor.energy_grid_electricity_meter_power_consumption_electricity_meter_power_production_net_power,-924.0,2026-02-27T10:15:51.797Z
sensor.energy_grid_electricity_meter_power_consumption_electricity_meter_power_production_net_power,-831.0,2026-02-27T10:16:22.798Z
sensor.energy_grid_electricity_meter_power_consumption_electricity_meter_power_production_net_power,-967.0,2026-02-27T10:16:52.840Z
sensor.energy_grid_electricity_meter_power_consumption_electricity_meter_power_production_net_power,-1039.0,2026-02-27T10:17:23.786Z
sensor.energy_grid_electricity_meter_power_consumption_electricity_meter_power_production_net_power,-1105.0,2026-02-27T10:17:53.808Z
sensor.energy_grid_electricity_meter_power_consumption_electricity_meter_power_production_net_power,-1161.0,2026-02-27T10:18:24.798Z
sensor.energy_grid_electricity_meter_power_consumption_electricity_meter_power_production_net_power,148.0,2026-02-27T10:18:54.808Z
sensor.energy_grid_electricity_meter_power_consumption_electricity_meter_power_production_net_power,-573.0,2026-02-27T10:19:25.802Z
sensor.energy_grid_electricity_meter_power_consumption_electricity_meter_power_production_net_power,-1283.0,2026-02-27T10:19:56.791Z
sensor.energy_grid_electricity_meter_power_consumption_electricity_meter_power_production_net_power,-540.0,2026-02-27T10:20:27.797Z
sensor.energy_grid_electricity_meter_power_consumption_electricity_meter_power_production_net_power,-693.0,2026-02-27T10:20:57.801Z
sensor.energy_grid_electricity_meter_power_consumption_electricity_meter_power_production_net_power,-694.0,2026-02-27T10:21:28.800Z
sensor.energy_grid_electricity_meter_power_consumption_electricity_meter_power_production_net_power,-711.0,2026-02-27T10:21:58.804Z
sensor.energy_grid_electricity_meter_power_consumption_electricity_meter_power_production_net_power,-779.0,2026-02-27T10:22:29.788Z
sensor.energy_grid_electricity_meter_power_consumption_electricity_meter_power_production_net_power,-83.0000000000001,2026-02-27T10:22:59.804Z
sensor.energy_grid_electricity_meter_power_consumption_electricity_meter_power_production_net_power,-645.0,2026-02-27T10:23:30.804Z
sensor.energy_grid_electricity_meter_power_consumption_electricity_meter_power_production_net_power,-73.0,2026-02-27T10:24:01.787Z
sensor.energy_grid_electricity_meter_power_consumption_electricity_meter_power_production_net_power,-776.0,2026-02-27T10:24:31.799Z
sensor.energy_grid_electricity_meter_power_consumption_electricity_meter_power_production_net_power,-767.0,2026-02-27T10:25:01.803Z
sensor.energy_grid_electricity_meter_power_consumption_electricity_meter_power_production_net_power,-764.0,2026-02-27T10:25:32.830Z
sensor.energy_grid_electricity_meter_power_consumption_electricity_meter_power_production_net_power,947.0,2026-02-27T10:26:03.799Z
sensor.energy_grid_electricity_meter_power_consumption_electricity_meter_power_production_net_power,68.0,2026-02-27T10:26:34.787Z
sensor.energy_grid_electricity_meter_power_consumption_electricity_meter_power_production_net_power,-290.0,2026-02-27T10:27:04.801Z
sensor.energy_grid_electricity_meter_power_consumption_electricity_meter_power_production_net_power,-379.0,2026-02-27T10:27:35.791Z
sensor.energy_grid_electricity_meter_power_consumption_electricity_meter_power_production_net_power,-3691.0,2026-02-27T10:28:05.795Z
sensor.energy_grid_electricity_meter_power_consumption_electricity_meter_power_production_net_power,-312.0,2026-02-27T10:28:35.807Z
sensor.energy_grid_electricity_meter_power_consumption_electricity_meter_power_production_net_power,1428.0,2026-02-27T10:29:06.796Z
sensor.energy_grid_electricity_meter_power_consumption_electricity_meter_power_production_net_power,932.0,2026-02-27T10:29:36.809Z
sensor.energy_grid_electricity_meter_power_consumption_electricity_meter_power_production_net_power,-1854.0,2026-02-27T10:30:07.809Z
sensor.energy_grid_electricity_meter_power_consumption_electricity_meter_power_production_net_power,-1807.0,2026-02-27T10:30:38.811Z
sensor.energy_grid_electricity_meter_power_consumption_electricity_meter_power_production_net_power,-1764.0,2026-02-27T10:31:09.801Z
sensor.energy_grid_electricity_meter_power_consumption_electricity_meter_power_production_net_power,-1739.0,2026-02-27T10:31:40.797Z
sensor.energy_grid_electricity_meter_power_consumption_electricity_meter_power_production_net_power,-1740.0,2026-02-27T10:32:11.787Z
sensor.energy_grid_electricity_meter_power_consumption_electricity_meter_power_production_net_power,-1751.0,2026-02-27T10:32:41.802Z
sensor.energy_grid_electricity_meter_power_consumption_electricity_meter_power_production_net_power,-347.0,2026-02-27T10:33:12.801Z
sensor.energy_grid_electricity_meter_power_consumption_electricity_meter_power_production_net_power,-356.0,2026-02-27T10:33:42.804Z
sensor.energy_grid_electricity_meter_power_consumption_electricity_meter_power_production_net_power,-351.0,2026-02-27T10:34:12.840Z
sensor.energy_grid_electricity_meter_power_consumption_electricity_meter_power_production_net_power,-357.0,2026-02-27T10:34:43.803Z
sensor.energy_grid_electricity_meter_power_consumption_electricity_meter_power_production_net_power,-347.0,2026-02-27T10:35:14.805Z
sensor.energy_grid_electricity_meter_power_consumption_electricity_meter_power_production_net_power,-312.0,2026-02-27T10:35:45.798Z
sensor.energy_grid_electricity_meter_power_consumption_electricity_meter_power_production_net_power,-321.0,2026-02-27T10:36:16.789Z
sensor.energy_grid_electricity_meter_power_consumption_electricity_meter_power_production_net_power,-315.0,2026-02-27T10:36:47.795Z
sensor.energy_grid_electricity_meter_power_consumption_electricity_meter_power_production_net_power,-301.0,2026-02-27T10:37:17.814Z
sensor.energy_grid_electricity_meter_power_consumption_electricity_meter_power_production_net_power,-289.0,2026-02-27T10:37:48.802Z
sensor.energy_grid_electricity_meter_power_consumption_electricity_meter_power_production_net_power,-107.0,2026-02-27T10:38:19.796Z
sensor.energy_grid_electricity_meter_power_consumption_electricity_meter_power_production_net_power,-118.0,2026-02-27T10:38:49.800Z
sensor.energy_grid_electricity_meter_power_consumption_electricity_meter_power_production_net_power,-86.0,2026-02-27T10:39:20.789Z
sensor.energy_grid_electricity_meter_power_consumption_electricity_meter_power_production_net_power,-149.0,2026-02-27T10:39:50.805Z
sensor.energy_grid_electricity_meter_power_consumption_electricity_meter_power_production_net_power,-139.0,2026-02-27T10:40:21.804Z
sensor.energy_grid_electricity_meter_power_consumption_electricity_meter_power_production_net_power,-188.0,2026-02-27T10:40:52.837Z
sensor.energy_grid_electricity_meter_power_consumption_electricity_meter_power_production_net_power,-213.0,2026-02-27T10:41:23.811Z
sensor.energy_grid_electricity_meter_power_consumption_electricity_meter_power_production_net_power,-170.0,2026-02-27T10:41:54.792Z
sensor.energy_grid_electricity_meter_power_consumption_electricity_meter_power_production_net_power,-209.0,2026-02-27T10:42:24.798Z
sensor.energy_grid_electricity_meter_power_consumption_electricity_meter_power_production_net_power,-298.0,2026-02-27T10:42:55.787Z
sensor.energy_grid_electricity_meter_power_consumption_electricity_meter_power_production_net_power,-436.0,2026-02-27T10:43:25.790Z
sensor.energy_grid_electricity_meter_power_consumption_electricity_meter_power_production_net_power,-523.0,2026-02-27T10:43:56.788Z
sensor.energy_grid_electricity_meter_power_consumption_electricity_meter_power_production_net_power,-758.0,2026-02-27T10:44:26.805Z
sensor.energy_grid_electricity_meter_power_consumption_electricity_meter_power_production_net_power,-850.0,2026-02-27T10:44:57.814Z
sensor.energy_grid_electricity_meter_power_consumption_electricity_meter_power_production_net_power,-829.0,2026-02-27T10:45:28.805Z
sensor.energy_grid_electricity_meter_power_consumption_electricity_meter_power_production_net_power,-878.0,2026-02-27T10:45:59.801Z
sensor.energy_grid_electricity_meter_power_consumption_electricity_meter_power_production_net_power,-753.0,2026-02-27T10:46:30.793Z
sensor.energy_grid_electricity_meter_power_consumption_electricity_meter_power_production_net_power,-819.0,2026-02-27T10:47:00.802Z
sensor.energy_grid_electricity_meter_power_consumption_electricity_meter_power_production_net_power,-1419.0,2026-02-27T10:47:31.800Z
sensor.energy_grid_electricity_meter_power_consumption_electricity_meter_power_production_net_power,-1577.0,2026-02-27T10:48:02.794Z
sensor.energy_grid_electricity_meter_power_consumption_electricity_meter_power_production_net_power,-1336.0,2026-02-27T10:48:32.806Z
sensor.energy_grid_electricity_meter_power_consumption_electricity_meter_power_production_net_power,-1005.0,2026-02-27T10:49:02.813Z
sensor.energy_grid_electricity_meter_power_consumption_electricity_meter_power_production_net_power,-1330.0,2026-02-27T10:49:32.848Z
sensor.energy_grid_electricity_meter_power_consumption_electricity_meter_power_production_net_power,-945.0,2026-02-27T10:50:03.807Z
sensor.energy_grid_electricity_meter_power_consumption_electricity_meter_power_production_net_power,-1030.0,2026-02-27T10:50:34.800Z
sensor.energy_grid_electricity_meter_power_consumption_electricity_meter_power_production_net_power,-959.0,2026-02-27T10:51:05.781Z
sensor.energy_grid_electricity_meter_power_consumption_electricity_meter_power_production_net_power,-665.0,2026-02-27T10:51:35.795Z
sensor.energy_grid_electricity_meter_power_consumption_electricity_meter_power_production_net_power,-629.0,2026-02-27T10:52:06.790Z
sensor.energy_grid_electricity_meter_power_consumption_electricity_meter_power_production_net_power,-608.0,2026-02-27T10:52:36.802Z
sensor.energy_grid_electricity_meter_power_consumption_electricity_meter_power_production_net_power,-601.0,2026-02-27T10:53:07.824Z
sensor.energy_grid_electricity_meter_power_consumption_electricity_meter_power_production_net_power,-1402.0,2026-02-27T10:53:38.790Z
sensor.energy_grid_electricity_meter_power_consumption_electricity_meter_power_production_net_power,-2581.0,2026-02-27T10:54:09.794Z
sensor.energy_grid_electricity_meter_power_consumption_electricity_meter_power_production_net_power,-3256.0,2026-02-27T10:54:40.797Z
sensor.energy_grid_electricity_meter_power_consumption_electricity_meter_power_production_net_power,313.0,2026-02-27T10:55:10.803Z
sensor.energy_grid_electricity_meter_power_consumption_electricity_meter_power_production_net_power,-406.0,2026-02-27T10:55:41.791Z
sensor.energy_grid_electricity_meter_power_consumption_electricity_meter_power_production_net_power,-496.0,2026-02-27T10:56:11.796Z
sensor.energy_grid_electricity_meter_power_consumption_electricity_meter_power_production_net_power,587.0,2026-02-27T10:56:41.802Z
sensor.energy_grid_electricity_meter_power_consumption_electricity_meter_power_production_net_power,1172.0,2026-02-27T10:57:12.802Z
sensor.energy_grid_electricity_meter_power_consumption_electricity_meter_power_production_net_power,544.0,2026-02-27T10:57:42.811Z
sensor.energy_grid_electricity_meter_power_consumption_electricity_meter_power_production_net_power,-2106.0,2026-02-27T10:58:12.829Z
sensor.energy_grid_electricity_meter_power_consumption_electricity_meter_power_production_net_power,-2098.0,2026-02-27T10:58:43.790Z
sensor.energy_grid_electricity_meter_power_consumption_electricity_meter_power_production_net_power,-2182.0,2026-02-27T10:59:13.795Z
sensor.energy_grid_electricity_meter_power_consumption_electricity_meter_power_production_net_power,-3625.0,2026-02-27T10:59:44.797Z
sensor.stormbreaker_surplus_ev_charge_computed_net_power_w,-449.0,2026-02-27T10:00:00.000Z
sensor.stormbreaker_surplus_ev_charge_computed_net_power_w,-526.0,2026-02-27T10:00:28.503Z
sensor.stormbreaker_surplus_ev_charge_computed_net_power_w,-502.0,2026-02-27T10:01:28.507Z
sensor.stormbreaker_surplus_ev_charge_computed_net_power_w,-400.0,2026-02-27T10:02:28.508Z
sensor.stormbreaker_surplus_ev_charge_computed_net_power_w,-450.0,2026-02-27T10:03:28.516Z
sensor.stormbreaker_surplus_ev_charge_computed_net_power_w,-494.0,2026-02-27T10:04:28.537Z
sensor.stormbreaker_surplus_ev_charge_computed_net_power_w,-42.0,2026-02-27T10:05:28.542Z
sensor.stormbreaker_surplus_ev_charge_computed_net_power_w,481.0,2026-02-27T10:06:38.700Z
sensor.stormbreaker_surplus_ev_charge_computed_net_power_w,-3200.0,2026-02-27T10:07:38.563Z
sensor.stormbreaker_surplus_ev_charge_computed_net_power_w,-4205.0,2026-02-27T10:08:38.569Z
sensor.stormbreaker_surplus_ev_charge_computed_net_power_w,-4238.0,2026-02-27T10:09:38.574Z
sensor.stormbreaker_surplus_ev_charge_computed_net_power_w,-1830.0,2026-02-27T10:10:38.579Z
sensor.stormbreaker_surplus_ev_charge_computed_net_power_w,-599.0,2026-02-27T10:11:48.585Z
sensor.stormbreaker_surplus_ev_charge_computed_net_power_w,-649.0,2026-02-27T10:12:48.592Z
sensor.stormbreaker_surplus_ev_charge_computed_net_power_w,-734.0,2026-02-27T10:13:48.609Z
sensor.stormbreaker_surplus_ev_charge_computed_net_power_w,-773.0,2026-02-27T10:14:48.614Z
sensor.stormbreaker_surplus_ev_charge_computed_net_power_w,-918.0,2026-02-27T10:15:48.622Z
sensor.stormbreaker_surplus_ev_charge_computed_net_power_w,-905.0,2026-02-27T10:16:58.632Z
sensor.stormbreaker_surplus_ev_charge_computed_net_power_w,-1125.0,2026-02-27T10:17:58.636Z
sensor.stormbreaker_surplus_ev_charge_computed_net_power_w,66.0,2026-02-27T10:18:58.817Z
sensor.stormbreaker_surplus_ev_charge_computed_net_power_w,-1321.0,2026-02-27T10:20:00.679Z
sensor.stormbreaker_surplus_ev_charge_computed_net_power_w,-718.0,2026-02-27T10:20:58.678Z
sensor.stormbreaker_surplus_ev_charge_computed_net_power_w,-724.0,2026-02-27T10:22:08.690Z
sensor.stormbreaker_surplus_ev_charge_computed_net_power_w,-107.0,2026-02-27T10:23:08.694Z
sensor.stormbreaker_surplus_ev_charge_computed_net_power_w,-42.0,2026-02-27T10:24:08.701Z
sensor.stormbreaker_surplus_ev_charge_computed_net_power_w,-781.0,2026-02-27T10:25:08.710Z
sensor.stormbreaker_surplus_ev_charge_computed_net_power_w,1005.0,2026-02-27T10:26:08.859Z
sensor.stormbreaker_surplus_ev_charge_computed_net_power_w,unavailable,2026-02-27T10:27:00.872Z
sensor.stormbreaker_surplus_ev_charge_computed_net_power_w,1005.0,2026-02-27T10:27:00.885Z
sensor.stormbreaker_surplus_ev_charge_computed_net_power_w,-205.0,2026-02-27T10:27:10.881Z
sensor.stormbreaker_surplus_ev_charge_computed_net_power_w,-3784.0,2026-02-27T10:28:10.887Z
sensor.stormbreaker_surplus_ev_charge_computed_net_power_w,1447.0,2026-02-27T10:29:16.195Z
sensor.stormbreaker_surplus_ev_charge_computed_net_power_w,-1875.0,2026-02-27T10:30:20.903Z
sensor.stormbreaker_surplus_ev_charge_computed_net_power_w,-1771.0,2026-02-27T10:31:20.907Z
sensor.stormbreaker_surplus_ev_charge_computed_net_power_w,-1752.0,2026-02-27T10:32:20.911Z
sensor.stormbreaker_surplus_ev_charge_computed_net_power_w,-360.0,2026-02-27T10:33:20.916Z
sensor.stormbreaker_surplus_ev_charge_computed_net_power_w,-366.0,2026-02-27T10:34:20.924Z
sensor.stormbreaker_surplus_ev_charge_computed_net_power_w,-74.0,2026-02-27T10:35:20.928Z
sensor.stormbreaker_surplus_ev_charge_computed_net_power_w,-322.0,2026-02-27T10:36:30.936Z
sensor.stormbreaker_surplus_ev_charge_computed_net_power_w,-315.0,2026-02-27T10:37:30.941Z
sensor.stormbreaker_surplus_ev_charge_computed_net_power_w,-128.0,2026-02-27T10:38:30.947Z
sensor.stormbreaker_surplus_ev_charge_computed_net_power_w,-158.0,2026-02-27T10:39:30.953Z
sensor.stormbreaker_surplus_ev_charge_computed_net_power_w,-145.0,2026-02-27T10:40:30.960Z
sensor.stormbreaker_surplus_ev_charge_computed_net_power_w,-187.0,2026-02-27T10:41:30.966Z
sensor.stormbreaker_surplus_ev_charge_computed_net_power_w,-229.0,2026-02-27T10:42:40.972Z
sensor.stormbreaker_surplus_ev_charge_computed_net_power_w,-529.0,2026-02-27T10:43:40.977Z
sensor.stormbreaker_surplus_ev_charge_computed_net_power_w,-897.0,2026-02-27T10:44:40.983Z
sensor.stormbreaker_surplus_ev_charge_computed_net_power_w,-795.0,2026-02-27T10:45:40.991Z
sensor.stormbreaker_surplus_ev_charge_computed_net_power_w,-747.0,2026-02-27T10:46:50.995Z
sensor.stormbreaker_surplus_ev_charge_computed_net_power_w,-1142.0,2026-02-27T10:47:51.000Z
sensor.stormbreaker_surplus_ev_charge_computed_net_power_w,-1248.0,2026-02-27T10:48:51.005Z
sensor.stormbreaker_surplus_ev_charge_computed_net_power_w,-1122.0,2026-02-27T10:49:51.109Z
sensor.stormbreaker_surplus_ev_charge_computed_net_power_w,-930.0,2026-02-27T10:50:51.367Z
sensor.stormbreaker_surplus_ev_charge_computed_net_power_w,-701.0,2026-02-27T10:52:01.434Z
sensor.stormbreaker_surplus_ev_charge_computed_net_power_w,-636.0,2026-02-27T10:53:01.440Z
sensor.stormbreaker_surplus_ev_charge_computed_net_power_w,-1105.0,2026-02-27T10:54:01.445Z
sensor.stormbreaker_surplus_ev_charge_computed_net_power_w,-3047.0,2026-02-27T10:55:07.887Z
sensor.stormbreaker_surplus_ev_charge_computed_net_power_w,-1032.0,2026-02-27T10:56:03.896Z
sensor.stormbreaker_surplus_ev_charge_computed_net_power_w,668.0,2026-02-27T10:57:01.462Z
sensor.stormbreaker_surplus_ev_charge_computed_net_power_w,-2324.0,2026-02-27T10:58:11.468Z
sensor.stormbreaker_surplus_ev_charge_computed_net_power_w,-1898.0,2026-02-27T10:59:11.478Z
sensor.stormbreaker_surplus_ev_charge_computed_ev_power_w,3641.6,2026-02-27T10:00:00.000Z
sensor.stormbreaker_surplus_ev_charge_computed_ev_power_w,3642.9,2026-02-27T10:00:08.502Z
sensor.stormbreaker_surplus_ev_charge_computed_ev_power_w,3644.8,2026-02-27T10:00:18.503Z
sensor.stormbreaker_surplus_ev_charge_computed_ev_power_w,3646.6,2026-02-27T10:00:28.503Z
sensor.stormbreaker_surplus_ev_charge_computed_ev_power_w,3637.3,2026-02-27T10:00:38.505Z
sensor.stormbreaker_surplus_ev_charge_computed_ev_power_w,3641.7,2026-02-27T10:00:48.506Z
sensor.stormbreaker_surplus_ev_charge_computed_ev_power_w,3640.9,2026-02-27T10:00:58.505Z
sensor.stormbreaker_surplus_ev_charge_computed_ev_power_w,3646.5,2026-02-27T10:01:08.507Z
sensor.stormbreaker_surplus_ev_charge_computed_ev_power_w,3645.6,2026-02-27T10:01:18.507Z
sensor.stormbreaker_surplus_ev_charge_computed_ev_power_w,3645.3,2026-02-27T10:01:28.507Z
sensor.stormbreaker_surplus_ev_charge_computed_ev_power_w,3648.6,2026-02-27T10:01:38.507Z
sensor.stormbreaker_surplus_ev_charge_computed_ev_power_w,3643.9,2026-02-27T10:01:48.507Z
sensor.stormbreaker_surplus_ev_charge_computed_ev_power_w,3654.9,2026-02-27T10:01:58.507Z
sensor.stormbreaker_surplus_ev_charge_computed_ev_power_w,3652.4,2026-02-27T10:02:08.509Z
sensor.stormbreaker_surplus_ev_charge_computed_ev_power_w,3650.7,2026-02-27T10:02:18.510Z
sensor.stormbreaker_surplus_ev_charge_computed_ev_power_w,3644.1,2026-02-27T10:02:28.508Z
sensor.stormbreaker_surplus_ev_charge_computed_ev_power_w,3649.3,2026-02-27T10:02:38.512Z
sensor.stormbreaker_surplus_ev_charge_computed_ev_power_w,3641.1,2026-02-27T10:02:48.513Z
sensor.stormbreaker_surplus_ev_charge_computed_ev_power_w,3642.0,2026-02-27T10:02:58.514Z
sensor.stormbreaker_surplus_ev_charge_computed_ev_power_w,3642.8,2026-02-27T10:03:08.515Z
sensor.stormbreaker_surplus_ev_charge_computed_ev_power_w,3647.5,2026-02-27T10:03:18.516Z
sensor.stormbreaker_surplus_ev_charge_computed_ev_power_w,3651.2,2026-02-27T10:03:28.516Z
sensor.stormbreaker_surplus_ev_charge_computed_ev_power_w,3639.0,2026-02-27T10:03:38.519Z
sensor.stormbreaker_surplus_ev_charge_computed_ev_power_w,3651.4,2026-02-27T10:03:48.520Z
sensor.stormbreaker_surplus_ev_charge_computed_ev_power_w,3647.6,2026-02-27T10:03:58.533Z
sensor.stormbreaker_surplus_ev_charge_computed_ev_power_w,3650.7,2026-02-27T10:04:08.535Z
sensor.stormbreaker_surplus_ev_charge_computed_ev_power_w,3646.1,2026-02-27T10:04:18.536Z
sensor.stormbreaker_surplus_ev_charge_computed_ev_power_w,3650.7,2026-02-27T10:04:28.537Z
sensor.stormbreaker_surplus_ev_charge_computed_ev_power_w,3650.6,2026-02-27T10:04:38.538Z
sensor.stormbreaker_surplus_ev_charge_computed_ev_power_w,3646.1,2026-02-27T10:04:48.539Z
sensor.stormbreaker_surplus_ev_charge_computed_ev_power_w,3654.3,2026-02-27T10:04:58.538Z
sensor.stormbreaker_surplus_ev_charge_computed_ev_power_w,3648.4,2026-02-27T10:05:08.539Z
sensor.stormbreaker_surplus_ev_charge_computed_ev_power_w,3639.9,2026-02-27T10:05:18.541Z
sensor.stormbreaker_surplus_ev_charge_computed_ev_power_w,3631.5,2026-02-27T10:05:28.543Z
sensor.stormbreaker_surplus_ev_charge_computed_ev_power_w,3642.9,2026-02-27T10:05:38.543Z
sensor.stormbreaker_surplus_ev_charge_computed_ev_power_w,3633.1,2026-02-27T10:05:48.544Z
sensor.stormbreaker_surplus_ev_charge_computed_ev_power_w,3636.5,2026-02-27T10:05:58.545Z
sensor.stormbreaker_surplus_ev_charge_computed_ev_power_w,3625.3,2026-02-27T10:06:08.552Z
sensor.stormbreaker_surplus_ev_charge_computed_ev_power_w,3620.4,2026-02-27T10:06:18.555Z
sensor.stormbreaker_surplus_ev_charge_computed_ev_power_w,3622.5,2026-02-27T10:06:28.555Z
sensor.stormbreaker_surplus_ev_charge_computed_ev_power_w,3627.2,2026-02-27T10:06:38.700Z
sensor.stormbreaker_surplus_ev_charge_computed_ev_power_w,3629.6,2026-02-27T10:06:54.831Z
sensor.stormbreaker_surplus_ev_charge_computed_ev_power_w,2895.3,2026-02-27T10:06:58.703Z
sensor.stormbreaker_surplus_ev_charge_computed_ev_power_w,2899.7,2026-02-27T10:07:08.715Z
sensor.stormbreaker_surplus_ev_charge_computed_ev_power_w,2901.3,2026-02-27T10:07:18.709Z
sensor.stormbreaker_surplus_ev_charge_computed_ev_power_w,2925.0,2026-02-27T10:07:28.561Z
sensor.stormbreaker_surplus_ev_charge_computed_ev_power_w,5.6,2026-02-27T10:07:38.563Z
sensor.stormbreaker_surplus_ev_charge_computed_ev_power_w,5.8,2026-02-27T10:07:48.564Z
sensor.stormbreaker_surplus_ev_charge_computed_ev_power_w,0.0,2026-02-27T10:07:58.565Z
sensor.stormbreaker_surplus_ev_charge_computed_ev_power_w,6.0,2026-02-27T10:08:08.567Z
sensor.stormbreaker_surplus_ev_charge_computed_ev_power_w,5.6,2026-02-27T10:08:18.567Z
sensor.stormbreaker_surplus_ev_charge_computed_ev_power_w,5.9,2026-02-27T10:08:38.569Z
sensor.stormbreaker_surplus_ev_charge_computed_ev_power_w,5.7,2026-02-27T10:08:48.570Z
sensor.stormbreaker_surplus_ev_charge_computed_ev_power_w,5.8,2026-02-27T10:08:58.570Z
sensor.stormbreaker_surplus_ev_charge_computed_ev_power_w,5.9,2026-02-27T10:09:08.572Z
sensor.stormbreaker_surplus_ev_charge_computed_ev_power_w,0.0,2026-02-27T10:09:18.573Z
sensor.stormbreaker_surplus_ev_charge_computed_ev_power_w,5.7,2026-02-27T10:09:28.574Z
sensor.stormbreaker_surplus_ev_charge_computed_ev_power_w,6.1,2026-02-27T10:09:38.574Z
sensor.stormbreaker_surplus_ev_charge_computed_ev_power_w,5.6,2026-02-27T10:09:48.576Z
sensor.stormbreaker_surplus_ev_charge_computed_ev_power_w,5.7,2026-02-27T10:09:58.577Z
sensor.stormbreaker_surplus_ev_charge_computed_ev_power_w,5.9,2026-02-27T10:10:08.578Z
sensor.stormbreaker_surplus_ev_charge_computed_ev_power_w,5.5,2026-02-27T10:10:18.579Z
sensor.stormbreaker_surplus_ev_charge_computed_ev_power_w,46.5,2026-02-27T10:10:28.580Z
sensor.stormbreaker_surplus_ev_charge_computed_ev_power_w,2419.0,2026-02-27T10:10:38.580Z
sensor.stormbreaker_surplus_ev_charge_computed_ev_power_w,3643.5,2026-02-27T10:10:48.581Z
sensor.stormbreaker_surplus_ev_charge_computed_ev_power_w,3638.5,2026-02-27T10:10:58.724Z
sensor.stormbreaker_surplus_ev_charge_computed_ev_power_w,3662.6,2026-02-27T10:11:08.582Z
sensor.stormbreaker_surplus_ev_charge_computed_ev_power_w,3648.0,2026-02-27T10:11:18.582Z
sensor.stormbreaker_surplus_ev_charge_computed_ev_power_w,3643.8,2026-02-27T10:11:28.584Z
sensor.stormbreaker_surplus_ev_charge_computed_ev_power_w,3650.8,2026-02-27T10:11:38.585Z
sensor.stormbreaker_surplus_ev_charge_computed_ev_power_w,3658.0,2026-02-27T10:11:48.585Z
sensor.stormbreaker_surplus_ev_charge_computed_ev_power_w,3652.2,2026-02-27T10:11:58.587Z
sensor.stormbreaker_surplus_ev_charge_computed_ev_power_w,3650.4,2026-02-27T10:12:08.589Z
sensor.stormbreaker_surplus_ev_charge_computed_ev_power_w,3649.2,2026-02-27T10:12:18.590Z
sensor.stormbreaker_surplus_ev_charge_computed_ev_power_w,3642.9,2026-02-27T10:12:28.590Z
sensor.stormbreaker_surplus_ev_charge_computed_ev_power_w,3651.4,2026-02-27T10:12:38.591Z
sensor.stormbreaker_surplus_ev_charge_computed_ev_power_w,3644.4,2026-02-27T10:12:48.592Z
sensor.stormbreaker_surplus_ev_charge_computed_ev_power_w,3652.2,2026-02-27T10:12:58.590Z
sensor.stormbreaker_surplus_ev_charge_computed_ev_power_w,3643.1,2026-02-27T10:13:08.594Z
sensor.stormbreaker_surplus_ev_charge_computed_ev_power_w,3644.3,2026-02-27T10:13:18.595Z
sensor.stormbreaker_surplus_ev_charge_computed_ev_power_w,3640.3,2026-02-27T10:13:28.604Z
sensor.stormbreaker_surplus_ev_charge_computed_ev_power_w,3646.1,2026-02-27T10:13:38.608Z
sensor.stormbreaker_surplus_ev_charge_computed_ev_power_w,3642.3,2026-02-27T10:13:48.609Z
sensor.stormbreaker_surplus_ev_charge_computed_ev_power_w,3628.9,2026-02-27T10:13:58.609Z
sensor.stormbreaker_surplus_ev_charge_computed_ev_power_w,3637.6,2026-02-27T10:14:08.610Z
sensor.stormbreaker_surplus_ev_charge_computed_ev_power_w,3662.2,2026-02-27T10:14:18.611Z
sensor.stormbreaker_surplus_ev_charge_computed_ev_power_w,3665.8,2026-02-27T10:14:28.612Z
sensor.stormbreaker_surplus_ev_charge_computed_ev_power_w,3657.7,2026-02-27T10:14:38.613Z
sensor.stormbreaker_surplus_ev_charge_computed_ev_power_w,3643.8,2026-02-27T10:14:48.614Z
sensor.stormbreaker_surplus_ev_charge_computed_ev_power_w,3660.8,2026-02-27T10:14:58.617Z
sensor.stormbreaker_surplus_ev_charge_computed_ev_power_w,3667.6,2026-02-27T10:15:08.617Z
sensor.stormbreaker_surplus_ev_charge_computed_ev_power_w,3658.1,2026-02-27T10:15:18.618Z
sensor.stormbreaker_surplus_ev_charge_computed_ev_power_w,3645.3,2026-02-27T10:15:28.619Z
sensor.stormbreaker_surplus_ev_charge_computed_ev_power_w,3641.0,2026-02-27T10:15:38.621Z
sensor.stormbreaker_surplus_ev_charge_computed_ev_power_w,3644.6,2026-02-27T10:15:48.622Z
sensor.stormbreaker_surplus_ev_charge_computed_ev_power_w,3664.7,2026-02-27T10:15:58.624Z
sensor.stormbreaker_surplus_ev_charge_computed_ev_power_w,3647.8,2026-02-27T10:16:08.624Z
sensor.stormbreaker_surplus_ev_charge_computed_ev_power_w,3648.1,2026-02-27T10:16:18.625Z
sensor.stormbreaker_surplus_ev_charge_computed_ev_power_w,3662.7,2026-02-27T10:16:28.628Z
sensor.stormbreaker_surplus_ev_charge_computed_ev_power_w,3649.7,2026-02-27T10:16:38.630Z
sensor.stormbreaker_surplus_ev_charge_computed_ev_power_w,3655.6,2026-02-27T10:16:48.630Z
sensor.stormbreaker_surplus_ev_charge_computed_ev_power_w,3652.9,2026-02-27T10:16:58.632Z
sensor.stormbreaker_surplus_ev_charge_computed_ev_power_w,3657.6,2026-02-27T10:17:08.633Z
sensor.stormbreaker_surplus_ev_charge_computed_ev_power_w,3652.7,2026-02-27T10:17:18.634Z
sensor.stormbreaker_surplus_ev_charge_computed_ev_power_w,3652.4,2026-02-27T10:17:28.635Z
sensor.stormbreaker_surplus_ev_charge_computed_ev_power_w,3663.7,2026-02-27T10:17:38.636Z
sensor.stormbreaker_surplus_ev_charge_computed_ev_power_w,3652.2,2026-02-27T10:17:48.637Z
sensor.stormbreaker_surplus_ev_charge_computed_ev_power_w,3651.6,2026-02-27T10:17:58.636Z
sensor.stormbreaker_surplus_ev_charge_computed_ev_power_w,3655.2,2026-02-27T10:18:08.639Z
sensor.stormbreaker_surplus_ev_charge_computed_ev_power_w,3645.9,2026-02-27T10:18:18.641Z
sensor.stormbreaker_surplus_ev_charge_computed_ev_power_w,3648.9,2026-02-27T10:18:28.661Z
sensor.stormbreaker_surplus_ev_charge_computed_ev_power_w,3650.8,2026-02-27T10:18:38.665Z
sensor.stormbreaker_surplus_ev_charge_computed_ev_power_w,3631.4,2026-02-27T10:18:48.666Z
sensor.stormbreaker_surplus_ev_charge_computed_ev_power_w,3552.8,2026-02-27T10:18:58.817Z
sensor.stormbreaker_surplus_ev_charge_computed_ev_power_w,3627.4,2026-02-27T10:19:08.667Z
sensor.stormbreaker_surplus_ev_charge_computed_ev_power_w,3628.1,2026-02-27T10:19:18.669Z
sensor.stormbreaker_surplus_ev_charge_computed_ev_power_w,3627.3,2026-02-27T10:19:28.670Z
sensor.stormbreaker_surplus_ev_charge_computed_ev_power_w,3646.8,2026-02-27T10:19:38.670Z
sensor.stormbreaker_surplus_ev_charge_computed_ev_power_w,3639.1,2026-02-27T10:19:48.671Z
sensor.stormbreaker_surplus_ev_charge_computed_ev_power_w,3670.3,2026-02-27T10:20:00.679Z
sensor.stormbreaker_surplus_ev_charge_computed_ev_power_w,4408.7,2026-02-27T10:20:08.674Z
sensor.stormbreaker_surplus_ev_charge_computed_ev_power_w,4364.8,2026-02-27T10:20:18.674Z
sensor.stormbreaker_surplus_ev_charge_computed_ev_power_w,4406.6,2026-02-27T10:20:28.675Z
sensor.stormbreaker_surplus_ev_charge_computed_ev_power_w,4353.7,2026-02-27T10:20:38.676Z
sensor.stormbreaker_surplus_ev_charge_computed_ev_power_w,4373.1,2026-02-27T10:20:48.826Z
sensor.stormbreaker_surplus_ev_charge_computed_ev_power_w,4371.9,2026-02-27T10:20:58.678Z
sensor.stormbreaker_surplus_ev_charge_computed_ev_power_w,4379.8,2026-02-27T10:21:08.680Z
sensor.stormbreaker_surplus_ev_charge_computed_ev_power_w,4372.1,2026-02-27T10:21:18.681Z
sensor.stormbreaker_surplus_ev_charge_computed_ev_power_w,4362.2,2026-02-27T10:21:28.684Z
sensor.stormbreaker_surplus_ev_charge_computed_ev_power_w,4367.2,2026-02-27T10:21:38.685Z
sensor.stormbreaker_surplus_ev_charge_computed_ev_power_w,4367.7,2026-02-27T10:21:48.687Z
sensor.stormbreaker_surplus_ev_charge_computed_ev_power_w,4411.6,2026-02-27T10:21:58.689Z
sensor.stormbreaker_surplus_ev_charge_computed_ev_power_w,4355.5,2026-02-27T10:22:08.690Z
sensor.stormbreaker_surplus_ev_charge_computed_ev_power_w,4408.8,2026-02-27T10:22:18.691Z
sensor.stormbreaker_surplus_ev_charge_computed_ev_power_w,4366.0,2026-02-27T10:22:28.692Z
sensor.stormbreaker_surplus_ev_charge_computed_ev_power_w,4371.5,2026-02-27T10:22:38.693Z
sensor.stormbreaker_surplus_ev_charge_computed_ev_power_w,4361.0,2026-02-27T10:22:48.694Z
sensor.stormbreaker_surplus_ev_charge_computed_ev_power_w,4370.1,2026-02-27T10:22:58.694Z
sensor.stormbreaker_surplus_ev_charge_computed_ev_power_w,4397.5,2026-02-27T10:23:08.695Z
sensor.stormbreaker_surplus_ev_charge_computed_ev_power_w,4423.3,2026-02-27T10:23:18.695Z
sensor.stormbreaker_surplus_ev_charge_computed_ev_power_w,4371.3,2026-02-27T10:23:28.696Z
sensor.stormbreaker_surplus_ev_charge_computed_ev_power_w,4415.4,2026-02-27T10:23:38.696Z
sensor.stormbreaker_surplus_ev_charge_computed_ev_power_w,4359.5,2026-02-27T10:23:48.699Z
sensor.stormbreaker_surplus_ev_charge_computed_ev_power_w,4381.2,2026-02-27T10:23:58.701Z
sensor.stormbreaker_surplus_ev_charge_computed_ev_power_w,4368.2,2026-02-27T10:24:08.702Z
sensor.stormbreaker_surplus_ev_charge_computed_ev_power_w,4341.6,2026-02-27T10:24:18.703Z
sensor.stormbreaker_surplus_ev_charge_computed_ev_power_w,4411.2,2026-02-27T10:24:28.703Z
sensor.stormbreaker_surplus_ev_charge_computed_ev_power_w,4436.8,2026-02-27T10:24:38.704Z
sensor.stormbreaker_surplus_ev_charge_computed_ev_power_w,4378.8,2026-02-27T10:24:48.707Z
sensor.stormbreaker_surplus_ev_charge_computed_ev_power_w,4428.9,2026-02-27T10:24:58.710Z
sensor.stormbreaker_surplus_ev_charge_computed_ev_power_w,4426.3,2026-02-27T10:25:08.711Z
sensor.stormbreaker_surplus_ev_charge_computed_ev_power_w,4371.4,2026-02-27T10:25:18.711Z
sensor.stormbreaker_surplus_ev_charge_computed_ev_power_w,4437.2,2026-02-27T10:25:28.712Z
sensor.stormbreaker_surplus_ev_charge_computed_ev_power_w,4420.3,2026-02-27T10:25:38.713Z
sensor.stormbreaker_surplus_ev_charge_computed_ev_power_w,4422.2,2026-02-27T10:25:48.714Z
sensor.stormbreaker_surplus_ev_charge_computed_ev_power_w,4379.4,2026-02-27T10:25:58.715Z
sensor.stormbreaker_surplus_ev_charge_computed_ev_power_w,4355.9,2026-02-27T10:26:08.859Z
sensor.stormbreaker_surplus_ev_charge_computed_ev_power_w,4351.7,2026-02-27T10:26:20.991Z
sensor.stormbreaker_surplus_ev_charge_computed_ev_power_w,3645.9,2026-02-27T10:26:28.866Z
sensor.stormbreaker_surplus_ev_charge_computed_ev_power_w,3628.7,2026-02-27T10:26:38.863Z
sensor.stormbreaker_surplus_ev_charge_computed_ev_power_w,3630.2,2026-02-27T10:26:48.871Z
sensor.stormbreaker_surplus_ev_charge_computed_ev_power_w,3640.1,2026-02-27T10:26:58.865Z
sensor.stormbreaker_surplus_ev_charge_computed_ev_power_w,unavailable,2026-02-27T10:27:00.872Z
sensor.stormbreaker_surplus_ev_charge_computed_ev_power_w,3640.1,2026-02-27T10:27:00.886Z
sensor.stormbreaker_surplus_ev_charge_computed_ev_power_w,3633.3,2026-02-27T10:27:10.881Z
sensor.stormbreaker_surplus_ev_charge_computed_ev_power_w,3631.3,2026-02-27T10:27:20.883Z
sensor.stormbreaker_surplus_ev_charge_computed_ev_power_w,3623.6,2026-02-27T10:27:30.883Z
sensor.stormbreaker_surplus_ev_charge_computed_ev_power_w,3633.7,2026-02-27T10:27:40.883Z
sensor.stormbreaker_surplus_ev_charge_computed_ev_power_w,3637.1,2026-02-27T10:27:50.885Z
sensor.stormbreaker_surplus_ev_charge_computed_ev_power_w,5.8,2026-02-27T10:28:00.886Z
sensor.stormbreaker_surplus_ev_charge_computed_ev_power_w,5.6,2026-02-27T10:28:10.887Z
sensor.stormbreaker_surplus_ev_charge_computed_ev_power_w,181.9,2026-02-27T10:28:20.888Z
sensor.stormbreaker_surplus_ev_charge_computed_ev_power_w,2351.2,2026-02-27T10:28:30.890Z
sensor.stormbreaker_surplus_ev_charge_computed_ev_power_w,3542.5,2026-02-27T10:28:40.892Z
sensor.stormbreaker_surplus_ev_charge_computed_ev_power_w,3544.3,2026-02-27T10:28:50.892Z
sensor.stormbreaker_surplus_ev_charge_computed_ev_power_w,3541.1,2026-02-27T10:29:00.893Z
sensor.stormbreaker_surplus_ev_charge_computed_ev_power_w,3538.9,2026-02-27T10:29:16.195Z
sensor.stormbreaker_surplus_ev_charge_computed_ev_power_w,2842.5,2026-02-27T10:29:21.047Z
sensor.stormbreaker_surplus_ev_charge_computed_ev_power_w,2849.7,2026-02-27T10:29:31.037Z
sensor.stormbreaker_surplus_ev_charge_computed_ev_power_w,2843.1,2026-02-27T10:29:41.050Z
sensor.stormbreaker_surplus_ev_charge_computed_ev_power_w,2826.1,2026-02-27T10:29:50.900Z
sensor.stormbreaker_surplus_ev_charge_computed_ev_power_w,5.6,2026-02-27T10:30:00.898Z
sensor.stormbreaker_surplus_ev_charge_computed_ev_power_w,5.9,2026-02-27T10:30:10.902Z
sensor.stormbreaker_surplus_ev_charge_computed_ev_power_w,5.6,2026-02-27T10:30:20.903Z
sensor.stormbreaker_surplus_ev_charge_computed_ev_power_w,5.7,2026-02-27T10:30:30.904Z
sensor.stormbreaker_surplus_ev_charge_computed_ev_power_w,5.5,2026-02-27T10:30:40.902Z
sensor.stormbreaker_surplus_ev_charge_computed_ev_power_w,6.1,2026-02-27T10:30:50.905Z
sensor.stormbreaker_surplus_ev_charge_computed_ev_power_w,6.2,2026-02-27T10:31:00.907Z
sensor.stormbreaker_surplus_ev_charge_computed_ev_power_w,6.0,2026-02-27T10:31:20.907Z
sensor.stormbreaker_surplus_ev_charge_computed_ev_power_w,5.9,2026-02-27T10:31:30.906Z
sensor.stormbreaker_surplus_ev_charge_computed_ev_power_w,6.3,2026-02-27T10:31:40.909Z
sensor.stormbreaker_surplus_ev_charge_computed_ev_power_w,5.9,2026-02-27T10:31:50.909Z
sensor.stormbreaker_surplus_ev_charge_computed_ev_power_w,6.1,2026-02-27T10:32:00.910Z
sensor.stormbreaker_surplus_ev_charge_computed_ev_power_w,5.9,2026-02-27T10:32:10.911Z
sensor.stormbreaker_surplus_ev_charge_computed_ev_power_w,5.6,2026-02-27T10:32:20.912Z
sensor.stormbreaker_surplus_ev_charge_computed_ev_power_w,6.4,2026-02-27T10:32:30.911Z
sensor.stormbreaker_surplus_ev_charge_computed_ev_power_w,5.6,2026-02-27T10:32:40.912Z
sensor.stormbreaker_surplus_ev_charge_computed_ev_power_w,7.7,2026-02-27T10:32:50.913Z
sensor.stormbreaker_surplus_ev_charge_computed_ev_power_w,381.2,2026-02-27T10:33:01.070Z
sensor.stormbreaker_surplus_ev_charge_computed_ev_power_w,953.5,2026-02-27T10:33:10.916Z
sensor.stormbreaker_surplus_ev_charge_computed_ev_power_w,1431.2,2026-02-27T10:33:20.916Z
sensor.stormbreaker_surplus_ev_charge_computed_ev_power_w,1433.5,2026-02-27T10:33:30.918Z
sensor.stormbreaker_surplus_ev_charge_computed_ev_power_w,1433.2,2026-02-27T10:33:40.920Z
sensor.stormbreaker_surplus_ev_charge_computed_ev_power_w,1435.4,2026-02-27T10:33:50.921Z
sensor.stormbreaker_surplus_ev_charge_computed_ev_power_w,1435.6,2026-02-27T10:34:00.923Z
sensor.stormbreaker_surplus_ev_charge_computed_ev_power_w,1434.8,2026-02-27T10:34:10.923Z
sensor.stormbreaker_surplus_ev_charge_computed_ev_power_w,1436.1,2026-02-27T10:34:20.924Z
sensor.stormbreaker_surplus_ev_charge_computed_ev_power_w,1435.1,2026-02-27T10:34:30.926Z
sensor.stormbreaker_surplus_ev_charge_computed_ev_power_w,1436.1,2026-02-27T10:34:40.927Z
sensor.stormbreaker_surplus_ev_charge_computed_ev_power_w,1429.8,2026-02-27T10:34:50.929Z
sensor.stormbreaker_surplus_ev_charge_computed_ev_power_w,1433.0,2026-02-27T10:35:00.927Z
sensor.stormbreaker_surplus_ev_charge_computed_ev_power_w,1436.7,2026-02-27T10:35:10.929Z
sensor.stormbreaker_surplus_ev_charge_computed_ev_power_w,1428.9,2026-02-27T10:35:20.928Z
sensor.stormbreaker_surplus_ev_charge_computed_ev_power_w,1434.3,2026-02-27T10:35:30.930Z
sensor.stormbreaker_surplus_ev_charge_computed_ev_power_w,1436.7,2026-02-27T10:35:40.931Z
sensor.stormbreaker_surplus_ev_charge_computed_ev_power_w,1426.6,2026-02-27T10:35:50.931Z
sensor.stormbreaker_surplus_ev_charge_computed_ev_power_w,1434.2,2026-02-27T10:36:00.938Z
sensor.stormbreaker_surplus_ev_charge_computed_ev_power_w,1436.7,2026-02-27T10:36:10.933Z
sensor.stormbreaker_surplus_ev_charge_computed_ev_power_w,1424.2,2026-02-27T10:36:20.935Z
sensor.stormbreaker_surplus_ev_charge_computed_ev_power_w,1435.2,2026-02-27T10:36:30.936Z
sensor.stormbreaker_surplus_ev_charge_computed_ev_power_w,1427.7,2026-02-27T10:36:40.937Z
sensor.stormbreaker_surplus_ev_charge_computed_ev_power_w,1432.9,2026-02-27T10:36:50.938Z
sensor.stormbreaker_surplus_ev_charge_computed_ev_power_w,1428.8,2026-02-27T10:37:00.939Z
sensor.stormbreaker_surplus_ev_charge_computed_ev_power_w,1427.7,2026-02-27T10:37:10.938Z
sensor.stormbreaker_surplus_ev_charge_computed_ev_power_w,1434.5,2026-02-27T10:37:20.941Z
sensor.stormbreaker_surplus_ev_charge_computed_ev_power_w,1436.8,2026-02-27T10:37:30.941Z
sensor.stormbreaker_surplus_ev_charge_computed_ev_power_w,1426.5,2026-02-27T10:37:40.940Z
sensor.stormbreaker_surplus_ev_charge_computed_ev_power_w,1437.0,2026-02-27T10:37:50.941Z
sensor.stormbreaker_surplus_ev_charge_computed_ev_power_w,1431.2,2026-02-27T10:38:00.943Z
sensor.stormbreaker_surplus_ev_charge_computed_ev_power_w,1433.1,2026-02-27T10:38:10.944Z
sensor.stormbreaker_surplus_ev_charge_computed_ev_power_w,1439.6,2026-02-27T10:38:20.946Z
sensor.stormbreaker_surplus_ev_charge_computed_ev_power_w,1435.5,2026-02-27T10:38:30.947Z
sensor.stormbreaker_surplus_ev_charge_computed_ev_power_w,1428.4,2026-02-27T10:38:40.948Z
sensor.stormbreaker_surplus_ev_charge_computed_ev_power_w,1427.6,2026-02-27T10:38:50.949Z
sensor.stormbreaker_surplus_ev_charge_computed_ev_power_w,1434.0,2026-02-27T10:39:00.950Z
sensor.stormbreaker_surplus_ev_charge_computed_ev_power_w,1438.3,2026-02-27T10:39:10.951Z
sensor.stormbreaker_surplus_ev_charge_computed_ev_power_w,1438.7,2026-02-27T10:39:20.952Z
sensor.stormbreaker_surplus_ev_charge_computed_ev_power_w,1437.5,2026-02-27T10:39:30.953Z
sensor.stormbreaker_surplus_ev_charge_computed_ev_power_w,1433.6,2026-02-27T10:39:40.952Z
sensor.stormbreaker_surplus_ev_charge_computed_ev_power_w,1430.3,2026-02-27T10:39:50.954Z
sensor.stormbreaker_surplus_ev_charge_computed_ev_power_w,1434.3,2026-02-27T10:40:00.954Z
sensor.stormbreaker_surplus_ev_charge_computed_ev_power_w,1433.1,2026-02-27T10:40:10.957Z
sensor.stormbreaker_surplus_ev_charge_computed_ev_power_w,1428.2,2026-02-27T10:40:20.958Z
sensor.stormbreaker_surplus_ev_charge_computed_ev_power_w,1429.6,2026-02-27T10:40:30.960Z
sensor.stormbreaker_surplus_ev_charge_computed_ev_power_w,1427.1,2026-02-27T10:40:40.961Z
sensor.stormbreaker_surplus_ev_charge_computed_ev_power_w,1426.3,2026-02-27T10:40:50.962Z
sensor.stormbreaker_surplus_ev_charge_computed_ev_power_w,1426.7,2026-02-27T10:41:00.963Z
sensor.stormbreaker_surplus_ev_charge_computed_ev_power_w,1428.9,2026-02-27T10:41:10.964Z
sensor.stormbreaker_surplus_ev_charge_computed_ev_power_w,1433.0,2026-02-27T10:41:20.965Z
sensor.stormbreaker_surplus_ev_charge_computed_ev_power_w,1431.9,2026-02-27T10:41:30.966Z
sensor.stormbreaker_surplus_ev_charge_computed_ev_power_w,1434.4,2026-02-27T10:41:40.967Z
sensor.stormbreaker_surplus_ev_charge_computed_ev_power_w,1432.6,2026-02-27T10:41:50.967Z
sensor.stormbreaker_surplus_ev_charge_computed_ev_power_w,1437.7,2026-02-27T10:42:00.969Z
sensor.stormbreaker_surplus_ev_charge_computed_ev_power_w,1429.6,2026-02-27T10:42:10.970Z
sensor.stormbreaker_surplus_ev_charge_computed_ev_power_w,1435.6,2026-02-27T10:42:20.971Z
sensor.stormbreaker_surplus_ev_charge_computed_ev_power_w,1430.9,2026-02-27T10:42:30.972Z
sensor.stormbreaker_surplus_ev_charge_computed_ev_power_w,1435.1,2026-02-27T10:42:40.972Z
sensor.stormbreaker_surplus_ev_charge_computed_ev_power_w,1431.5,2026-02-27T10:42:50.970Z
sensor.stormbreaker_surplus_ev_charge_computed_ev_power_w,1434.8,2026-02-27T10:43:00.972Z
sensor.stormbreaker_surplus_ev_charge_computed_ev_power_w,1434.4,2026-02-27T10:43:10.974Z
sensor.stormbreaker_surplus_ev_charge_computed_ev_power_w,1432.0,2026-02-27T10:43:20.976Z
sensor.stormbreaker_surplus_ev_charge_computed_ev_power_w,1435.9,2026-02-27T10:43:30.976Z
sensor.stormbreaker_surplus_ev_charge_computed_ev_power_w,1432.1,2026-02-27T10:43:40.977Z
sensor.stormbreaker_surplus_ev_charge_computed_ev_power_w,1436.8,2026-02-27T10:43:50.978Z
sensor.stormbreaker_surplus_ev_charge_computed_ev_power_w,1434.4,2026-02-27T10:44:00.978Z
sensor.stormbreaker_surplus_ev_charge_computed_ev_power_w,1436.2,2026-02-27T10:44:10.981Z
sensor.stormbreaker_surplus_ev_charge_computed_ev_power_w,1431.9,2026-02-27T10:44:20.982Z
sensor.stormbreaker_surplus_ev_charge_computed_ev_power_w,1437.4,2026-02-27T10:44:30.982Z
sensor.stormbreaker_surplus_ev_charge_computed_ev_power_w,1433.5,2026-02-27T10:44:40.983Z
sensor.stormbreaker_surplus_ev_charge_computed_ev_power_w,1437.8,2026-02-27T10:44:50.984Z
sensor.stormbreaker_surplus_ev_charge_computed_ev_power_w,1433.0,2026-02-27T10:45:00.984Z
sensor.stormbreaker_surplus_ev_charge_computed_ev_power_w,1431.9,2026-02-27T10:45:10.988Z
sensor.stormbreaker_surplus_ev_charge_computed_ev_power_w,1433.5,2026-02-27T10:45:20.989Z
sensor.stormbreaker_surplus_ev_charge_computed_ev_power_w,1433.0,2026-02-27T10:45:30.989Z
sensor.stormbreaker_surplus_ev_charge_computed_ev_power_w,1431.7,2026-02-27T10:45:40.991Z
sensor.stormbreaker_surplus_ev_charge_computed_ev_power_w,1436.4,2026-02-27T10:45:50.992Z
sensor.stormbreaker_surplus_ev_charge_computed_ev_power_w,1437.4,2026-02-27T10:46:00.992Z
sensor.stormbreaker_surplus_ev_charge_computed_ev_power_w,1438.3,2026-02-27T10:46:10.994Z
sensor.stormbreaker_surplus_ev_charge_computed_ev_power_w,1434.9,2026-02-27T10:46:20.992Z
sensor.stormbreaker_surplus_ev_charge_computed_ev_power_w,1434.7,2026-02-27T10:46:30.993Z
sensor.stormbreaker_surplus_ev_charge_computed_ev_power_w,1432.0,2026-02-27T10:46:40.995Z
sensor.stormbreaker_surplus_ev_charge_computed_ev_power_w,1433.8,2026-02-27T10:46:50.996Z
sensor.stormbreaker_surplus_ev_charge_computed_ev_power_w,1432.0,2026-02-27T10:47:00.996Z
sensor.stormbreaker_surplus_ev_charge_computed_ev_power_w,1433.0,2026-02-27T10:47:10.995Z
sensor.stormbreaker_surplus_ev_charge_computed_ev_power_w,1432.9,2026-02-27T10:47:20.998Z
sensor.stormbreaker_surplus_ev_charge_computed_ev_power_w,1437.0,2026-02-27T10:47:30.998Z
sensor.stormbreaker_surplus_ev_charge_computed_ev_power_w,1436.0,2026-02-27T10:47:40.999Z
sensor.stormbreaker_surplus_ev_charge_computed_ev_power_w,1432.1,2026-02-27T10:47:51.000Z
sensor.stormbreaker_surplus_ev_charge_computed_ev_power_w,1434.5,2026-02-27T10:48:01.001Z
sensor.stormbreaker_surplus_ev_charge_computed_ev_power_w,1432.9,2026-02-27T10:48:11.003Z
sensor.stormbreaker_surplus_ev_charge_computed_ev_power_w,1437.2,2026-02-27T10:48:21.003Z
sensor.stormbreaker_surplus_ev_charge_computed_ev_power_w,1437.8,2026-02-27T10:48:31.003Z
sensor.stormbreaker_surplus_ev_charge_computed_ev_power_w,1434.8,2026-02-27T10:48:41.004Z
sensor.stormbreaker_surplus_ev_charge_computed_ev_power_w,1433.3,2026-02-27T10:48:51.005Z
sensor.stormbreaker_surplus_ev_charge_computed_ev_power_w,1435.9,2026-02-27T10:49:01.004Z
sensor.stormbreaker_surplus_ev_charge_computed_ev_power_w,1429.7,2026-02-27T10:49:11.102Z
sensor.stormbreaker_surplus_ev_charge_computed_ev_power_w,1437.6,2026-02-27T10:49:21.104Z
sensor.stormbreaker_surplus_ev_charge_computed_ev_power_w,1436.5,2026-02-27T10:49:31.108Z
sensor.stormbreaker_surplus_ev_charge_computed_ev_power_w,1430.8,2026-02-27T10:49:41.109Z
sensor.stormbreaker_surplus_ev_charge_computed_ev_power_w,1438.4,2026-02-27T10:49:51.109Z
sensor.stormbreaker_surplus_ev_charge_computed_ev_power_w,1435.2,2026-02-27T10:50:01.110Z
sensor.stormbreaker_surplus_ev_charge_computed_ev_power_w,1436.8,2026-02-27T10:50:11.111Z
sensor.stormbreaker_surplus_ev_charge_computed_ev_power_w,1437.2,2026-02-27T10:50:21.258Z
sensor.stormbreaker_surplus_ev_charge_computed_ev_power_w,1437.9,2026-02-27T10:50:31.262Z
sensor.stormbreaker_surplus_ev_charge_computed_ev_power_w,1435.8,2026-02-27T10:50:41.362Z
sensor.stormbreaker_surplus_ev_charge_computed_ev_power_w,1434.0,2026-02-27T10:50:51.367Z
sensor.stormbreaker_surplus_ev_charge_computed_ev_power_w,1435.0,2026-02-27T10:51:01.371Z
sensor.stormbreaker_surplus_ev_charge_computed_ev_power_w,1438.7,2026-02-27T10:51:11.371Z
sensor.stormbreaker_surplus_ev_charge_computed_ev_power_w,1432.6,2026-02-27T10:51:21.373Z
sensor.stormbreaker_surplus_ev_charge_computed_ev_power_w,1432.7,2026-02-27T10:51:31.374Z
sensor.stormbreaker_surplus_ev_charge_computed_ev_power_w,1428.3,2026-02-27T10:51:41.426Z
sensor.stormbreaker_surplus_ev_charge_computed_ev_power_w,1436.3,2026-02-27T10:51:51.433Z
sensor.stormbreaker_surplus_ev_charge_computed_ev_power_w,1435.1,2026-02-27T10:52:01.435Z
sensor.stormbreaker_surplus_ev_charge_computed_ev_power_w,1430.2,2026-02-27T10:52:11.436Z
sensor.stormbreaker_surplus_ev_charge_computed_ev_power_w,1435.2,2026-02-27T10:52:21.436Z
sensor.stormbreaker_surplus_ev_charge_computed_ev_power_w,1436.5,2026-02-27T10:52:31.437Z
sensor.stormbreaker_surplus_ev_charge_computed_ev_power_w,1435.9,2026-02-27T10:52:41.438Z
sensor.stormbreaker_surplus_ev_charge_computed_ev_power_w,1438.7,2026-02-27T10:52:51.439Z
sensor.stormbreaker_surplus_ev_charge_computed_ev_power_w,1432.0,2026-02-27T10:53:01.440Z
sensor.stormbreaker_surplus_ev_charge_computed_ev_power_w,1436.1,2026-02-27T10:53:11.441Z
sensor.stormbreaker_surplus_ev_charge_computed_ev_power_w,1434.2,2026-02-27T10:53:21.442Z
sensor.stormbreaker_surplus_ev_charge_computed_ev_power_w,1436.0,2026-02-27T10:53:31.442Z
sensor.stormbreaker_surplus_ev_charge_computed_ev_power_w,1434.3,2026-02-27T10:53:41.444Z
sensor.stormbreaker_surplus_ev_charge_computed_ev_power_w,1438.2,2026-02-27T10:53:51.444Z
sensor.stormbreaker_surplus_ev_charge_computed_ev_power_w,1437.3,2026-02-27T10:54:01.445Z
sensor.stormbreaker_surplus_ev_charge_computed_ev_power_w,1435.9,2026-02-27T10:54:11.445Z
sensor.stormbreaker_surplus_ev_charge_computed_ev_power_w,1430.9,2026-02-27T10:54:21.446Z
sensor.stormbreaker_surplus_ev_charge_computed_ev_power_w,1490.4,2026-02-27T10:54:31.446Z
sensor.stormbreaker_surplus_ev_charge_computed_ev_power_w,1436.7,2026-02-27T10:54:41.448Z
sensor.stormbreaker_surplus_ev_charge_computed_ev_power_w,1437.9,2026-02-27T10:54:51.449Z
sensor.stormbreaker_surplus_ev_charge_computed_ev_power_w,1431.4,2026-02-27T10:55:07.887Z
sensor.stormbreaker_surplus_ev_charge_computed_ev_power_w,2843.8,2026-02-27T10:55:11.449Z
sensor.stormbreaker_surplus_ev_charge_computed_ev_power_w,2850.9,2026-02-27T10:55:21.450Z
sensor.stormbreaker_surplus_ev_charge_computed_ev_power_w,2898.5,2026-02-27T10:55:31.450Z
sensor.stormbreaker_surplus_ev_charge_computed_ev_power_w,2903.6,2026-02-27T10:55:41.450Z
sensor.stormbreaker_surplus_ev_charge_computed_ev_power_w,2926.7,2026-02-27T10:55:51.453Z
sensor.stormbreaker_surplus_ev_charge_computed_ev_power_w,2936.4,2026-02-27T10:56:03.896Z
sensor.stormbreaker_surplus_ev_charge_computed_ev_power_w,3649.5,2026-02-27T10:56:11.457Z
sensor.stormbreaker_surplus_ev_charge_computed_ev_power_w,3622.6,2026-02-27T10:56:21.457Z
sensor.stormbreaker_surplus_ev_charge_computed_ev_power_w,3612.7,2026-02-27T10:56:31.459Z
sensor.stormbreaker_surplus_ev_charge_computed_ev_power_w,3623.1,2026-02-27T10:56:41.460Z
sensor.stormbreaker_surplus_ev_charge_computed_ev_power_w,3651.9,2026-02-27T10:56:51.461Z
sensor.stormbreaker_surplus_ev_charge_computed_ev_power_w,3630.7,2026-02-27T10:57:01.462Z
sensor.stormbreaker_surplus_ev_charge_computed_ev_power_w,3616.9,2026-02-27T10:57:19.404Z
sensor.stormbreaker_surplus_ev_charge_computed_ev_power_w,2843.4,2026-02-27T10:57:21.611Z
sensor.stormbreaker_surplus_ev_charge_computed_ev_power_w,2845.2,2026-02-27T10:57:31.613Z
sensor.stormbreaker_surplus_ev_charge_computed_ev_power_w,2852.4,2026-02-27T10:57:41.607Z
sensor.stormbreaker_surplus_ev_charge_computed_ev_power_w,2835.5,2026-02-27T10:57:51.465Z
sensor.stormbreaker_surplus_ev_charge_computed_ev_power_w,5.8,2026-02-27T10:58:01.468Z
sensor.stormbreaker_surplus_ev_charge_computed_ev_power_w,5.6,2026-02-27T10:58:11.468Z
sensor.stormbreaker_surplus_ev_charge_computed_ev_power_w,0.0,2026-02-27T10:58:21.468Z
sensor.stormbreaker_surplus_ev_charge_computed_ev_power_w,5.7,2026-02-27T10:58:31.470Z
sensor.stormbreaker_surplus_ev_charge_computed_ev_power_w,5.6,2026-02-27T10:58:41.471Z
sensor.stormbreaker_surplus_ev_charge_computed_ev_power_w,5.9,2026-02-27T10:58:51.472Z
sensor.stormbreaker_surplus_ev_charge_computed_ev_power_w,6.0,2026-02-27T10:59:01.477Z
sensor.stormbreaker_surplus_ev_charge_computed_ev_power_w,0.0,2026-02-27T10:59:11.478Z
sensor.stormbreaker_surplus_ev_charge_computed_ev_power_w,5.9,2026-02-27T10:59:21.482Z
sensor.stormbreaker_surplus_ev_charge_computed_ev_power_w,6.1,2026-02-27T10:59:31.484Z
sensor.stormbreaker_surplus_ev_charge_computed_ev_power_w,6.3,2026-02-27T10:59:41.485Z
sensor.stormbreaker_surplus_ev_charge_computed_ev_power_w,5.9,2026-02-27T10:59:51.485Z
sensor.stormbreaker_adaptivecharge_net_surplus_excl_ev_w,4090.6,2026-02-27T10:00:00.000Z
sensor.stormbreaker_adaptivecharge_net_surplus_excl_ev_w,4091.9,2026-02-27T10:00:08.500Z
sensor.stormbreaker_adaptivecharge_net_surplus_excl_ev_w,4093.8,2026-02-27T10:00:18.501Z
sensor.stormbreaker_adaptivecharge_net_surplus_excl_ev_w,4172.6,2026-02-27T10:00:28.502Z
sensor.stormbreaker_adaptivecharge_net_surplus_excl_ev_w,4163.3,2026-02-27T10:00:38.503Z
sensor.stormbreaker_adaptivecharge_net_surplus_excl_ev_w,4167.7,2026-02-27T10:00:48.504Z
sensor.stormbreaker_adaptivecharge_net_surplus_excl_ev_w,4166.9,2026-02-27T10:00:58.504Z
sensor.stormbreaker_adaptivecharge_net_surplus_excl_ev_w,4172.5,2026-02-27T10:01:08.505Z
sensor.stormbreaker_adaptivecharge_net_surplus_excl_ev_w,4171.6,2026-02-27T10:01:18.505Z
sensor.stormbreaker_adaptivecharge_net_surplus_excl_ev_w,4147.3,2026-02-27T10:01:28.505Z
sensor.stormbreaker_adaptivecharge_net_surplus_excl_ev_w,4150.6,2026-02-27T10:01:38.506Z
sensor.stormbreaker_adaptivecharge_net_surplus_excl_ev_w,4145.9,2026-02-27T10:01:48.506Z
sensor.stormbreaker_adaptivecharge_net_surplus_excl_ev_w,4156.9,2026-02-27T10:01:58.506Z
sensor.stormbreaker_adaptivecharge_net_surplus_excl_ev_w,4154.4,2026-02-27T10:02:08.507Z
sensor.stormbreaker_adaptivecharge_net_surplus_excl_ev_w,4152.7,2026-02-27T10:02:18.508Z
sensor.stormbreaker_adaptivecharge_net_surplus_excl_ev_w,4044.1,2026-02-27T10:02:28.507Z
sensor.stormbreaker_adaptivecharge_net_surplus_excl_ev_w,4049.3,2026-02-27T10:02:38.510Z
sensor.stormbreaker_adaptivecharge_net_surplus_excl_ev_w,4041.1,2026-02-27T10:02:48.510Z
sensor.stormbreaker_adaptivecharge_net_surplus_excl_ev_w,4042.0,2026-02-27T10:02:58.512Z
sensor.stormbreaker_adaptivecharge_net_surplus_excl_ev_w,4042.8,2026-02-27T10:03:08.513Z
sensor.stormbreaker_adaptivecharge_net_surplus_excl_ev_w,4047.5,2026-02-27T10:03:18.514Z
sensor.stormbreaker_adaptivecharge_net_surplus_excl_ev_w,4101.2,2026-02-27T10:03:28.515Z
sensor.stormbreaker_adaptivecharge_net_surplus_excl_ev_w,4089.0,2026-02-27T10:03:38.517Z
sensor.stormbreaker_adaptivecharge_net_surplus_excl_ev_w,4101.4,2026-02-27T10:03:48.519Z
sensor.stormbreaker_adaptivecharge_net_surplus_excl_ev_w,4097.6,2026-02-27T10:03:58.532Z
sensor.stormbreaker_adaptivecharge_net_surplus_excl_ev_w,4100.7,2026-02-27T10:04:08.533Z
sensor.stormbreaker_adaptivecharge_net_surplus_excl_ev_w,4096.1,2026-02-27T10:04:18.534Z
sensor.stormbreaker_adaptivecharge_net_surplus_excl_ev_w,4144.7,2026-02-27T10:04:28.535Z
sensor.stormbreaker_adaptivecharge_net_surplus_excl_ev_w,4144.6,2026-02-27T10:04:38.536Z
sensor.stormbreaker_adaptivecharge_net_surplus_excl_ev_w,4140.1,2026-02-27T10:04:48.537Z
sensor.stormbreaker_adaptivecharge_net_surplus_excl_ev_w,4148.3,2026-02-27T10:04:58.537Z
sensor.stormbreaker_adaptivecharge_net_surplus_excl_ev_w,4142.4,2026-02-27T10:05:08.537Z
sensor.stormbreaker_adaptivecharge_net_surplus_excl_ev_w,4133.9,2026-02-27T10:05:18.539Z
sensor.stormbreaker_adaptivecharge_net_surplus_excl_ev_w,3673.5,2026-02-27T10:05:28.541Z
sensor.stormbreaker_adaptivecharge_net_surplus_excl_ev_w,3684.9,2026-02-27T10:05:38.541Z
sensor.stormbreaker_adaptivecharge_net_surplus_excl_ev_w,3675.1,2026-02-27T10:05:48.542Z
sensor.stormbreaker_adaptivecharge_net_surplus_excl_ev_w,3678.5,2026-02-27T10:05:58.543Z
sensor.stormbreaker_adaptivecharge_net_surplus_excl_ev_w,3667.3,2026-02-27T10:06:08.551Z
sensor.stormbreaker_adaptivecharge_net_surplus_excl_ev_w,3662.4,2026-02-27T10:06:18.553Z
sensor.stormbreaker_adaptivecharge_net_surplus_excl_ev_w,3664.5,2026-02-27T10:06:28.553Z
sensor.stormbreaker_adaptivecharge_net_surplus_excl_ev_w,3146.2,2026-02-27T10:06:38.699Z
sensor.stormbreaker_adaptivecharge_net_surplus_excl_ev_w,3148.6,2026-02-27T10:06:54.829Z
sensor.stormbreaker_adaptivecharge_net_surplus_excl_ev_w,2414.3,2026-02-27T10:06:58.702Z
sensor.stormbreaker_adaptivecharge_net_surplus_excl_ev_w,2418.7,2026-02-27T10:07:08.713Z
sensor.stormbreaker_adaptivecharge_net_surplus_excl_ev_w,2420.3,2026-02-27T10:07:18.707Z
sensor.stormbreaker_adaptivecharge_net_surplus_excl_ev_w,2444.0,2026-02-27T10:07:28.559Z
sensor.stormbreaker_adaptivecharge_net_surplus_excl_ev_w,3205.6,2026-02-27T10:07:38.561Z
sensor.stormbreaker_adaptivecharge_net_surplus_excl_ev_w,3205.8,2026-02-27T10:07:48.563Z
sensor.stormbreaker_adaptivecharge_net_surplus_excl_ev_w,3200.0,2026-02-27T10:07:58.564Z
sensor.stormbreaker_adaptivecharge_net_surplus_excl_ev_w,3206.0,2026-02-27T10:08:08.565Z
sensor.stormbreaker_adaptivecharge_net_surplus_excl_ev_w,3205.6,2026-02-27T10:08:18.566Z
sensor.stormbreaker_adaptivecharge_net_surplus_excl_ev_w,4210.9,2026-02-27T10:08:38.567Z
sensor.stormbreaker_adaptivecharge_net_surplus_excl_ev_w,4210.7,2026-02-27T10:08:48.568Z
sensor.stormbreaker_adaptivecharge_net_surplus_excl_ev_w,4210.8,2026-02-27T10:08:58.568Z
sensor.stormbreaker_adaptivecharge_net_surplus_excl_ev_w,4210.9,2026-02-27T10:09:08.570Z
sensor.stormbreaker_adaptivecharge_net_surplus_excl_ev_w,4205.0,2026-02-27T10:09:18.571Z
sensor.stormbreaker_adaptivecharge_net_surplus_excl_ev_w,4210.7,2026-02-27T10:09:28.572Z
sensor.stormbreaker_adaptivecharge_net_surplus_excl_ev_w,4244.1,2026-02-27T10:09:38.573Z
sensor.stormbreaker_adaptivecharge_net_surplus_excl_ev_w,4243.6,2026-02-27T10:09:48.574Z
sensor.stormbreaker_adaptivecharge_net_surplus_excl_ev_w,4243.7,2026-02-27T10:09:58.575Z
sensor.stormbreaker_adaptivecharge_net_surplus_excl_ev_w,4243.9,2026-02-27T10:10:08.576Z
sensor.stormbreaker_adaptivecharge_net_surplus_excl_ev_w,4243.5,2026-02-27T10:10:18.577Z
sensor.stormbreaker_adaptivecharge_net_surplus_excl_ev_w,4284.5,2026-02-27T10:10:28.578Z
sensor.stormbreaker_adaptivecharge_net_surplus_excl_ev_w,4249.0,2026-02-27T10:10:38.578Z
sensor.stormbreaker_adaptivecharge_net_surplus_excl_ev_w,5473.5,2026-02-27T10:10:48.579Z
sensor.stormbreaker_adaptivecharge_net_surplus_excl_ev_w,5468.5,2026-02-27T10:10:58.722Z
sensor.stormbreaker_adaptivecharge_net_surplus_excl_ev_w,5492.6,2026-02-27T10:11:08.580Z
sensor.stormbreaker_adaptivecharge_net_surplus_excl_ev_w,5478.0,2026-02-27T10:11:18.581Z
sensor.stormbreaker_adaptivecharge_net_surplus_excl_ev_w,5473.8,2026-02-27T10:11:28.582Z
sensor.stormbreaker_adaptivecharge_net_surplus_excl_ev_w,5480.8,2026-02-27T10:11:38.583Z
sensor.stormbreaker_adaptivecharge_net_surplus_excl_ev_w,4257.0,2026-02-27T10:11:48.583Z
sensor.stormbreaker_adaptivecharge_net_surplus_excl_ev_w,4251.2,2026-02-27T10:11:58.586Z
sensor.stormbreaker_adaptivecharge_net_surplus_excl_ev_w,4249.4,2026-02-27T10:12:08.587Z
sensor.stormbreaker_adaptivecharge_net_surplus_excl_ev_w,4248.2,2026-02-27T10:12:18.588Z
sensor.stormbreaker_adaptivecharge_net_surplus_excl_ev_w,4241.9,2026-02-27T10:12:28.588Z
sensor.stormbreaker_adaptivecharge_net_surplus_excl_ev_w,4250.4,2026-02-27T10:12:38.589Z
sensor.stormbreaker_adaptivecharge_net_surplus_excl_ev_w,4293.4,2026-02-27T10:12:48.590Z
sensor.stormbreaker_adaptivecharge_net_surplus_excl_ev_w,4301.2,2026-02-27T10:12:58.589Z
sensor.stormbreaker_adaptivecharge_net_surplus_excl_ev_w,4292.1,2026-02-27T10:13:08.592Z
sensor.stormbreaker_adaptivecharge_net_surplus_excl_ev_w,4293.3,2026-02-27T10:13:18.593Z
sensor.stormbreaker_adaptivecharge_net_surplus_excl_ev_w,4289.3,2026-02-27T10:13:28.604Z
sensor.stormbreaker_adaptivecharge_net_surplus_excl_ev_w,4295.1,2026-02-27T10:13:38.606Z
sensor.stormbreaker_adaptivecharge_net_surplus_excl_ev_w,4376.3,2026-02-27T10:13:48.607Z
sensor.stormbreaker_adaptivecharge_net_surplus_excl_ev_w,4362.9,2026-02-27T10:13:58.607Z
sensor.stormbreaker_adaptivecharge_net_surplus_excl_ev_w,4371.6,2026-02-27T10:14:08.608Z
sensor.stormbreaker_adaptivecharge_net_surplus_excl_ev_w,4396.2,2026-02-27T10:14:18.609Z
sensor.stormbreaker_adaptivecharge_net_surplus_excl_ev_w,4399.8,2026-02-27T10:14:28.610Z
sensor.stormbreaker_adaptivecharge_net_surplus_excl_ev_w,4391.7,2026-02-27T10:14:38.611Z
sensor.stormbreaker_adaptivecharge_net_surplus_excl_ev_w,4416.8,2026-02-27T10:14:48.612Z
sensor.stormbreaker_adaptivecharge_net_surplus_excl_ev_w,4433.8,2026-02-27T10:14:58.615Z
sensor.stormbreaker_adaptivecharge_net_surplus_excl_ev_w,4440.6,2026-02-27T10:15:08.615Z
sensor.stormbreaker_adaptivecharge_net_surplus_excl_ev_w,4431.1,2026-02-27T10:15:18.616Z
sensor.stormbreaker_adaptivecharge_net_surplus_excl_ev_w,4418.3,2026-02-27T10:15:28.617Z
sensor.stormbreaker_adaptivecharge_net_surplus_excl_ev_w,4414.0,2026-02-27T10:15:38.619Z
sensor.stormbreaker_adaptivecharge_net_surplus_excl_ev_w,4562.6,2026-02-27T10:15:48.620Z
sensor.stormbreaker_adaptivecharge_net_surplus_excl_ev_w,4582.7,2026-02-27T10:15:58.622Z
sensor.stormbreaker_adaptivecharge_net_surplus_excl_ev_w,4565.8,2026-02-27T10:16:08.622Z
sensor.stormbreaker_adaptivecharge_net_surplus_excl_ev_w,4566.1,2026-02-27T10:16:18.623Z
sensor.stormbreaker_adaptivecharge_net_surplus_excl_ev_w,4580.7,2026-02-27T10:16:28.626Z
sensor.stormbreaker_adaptivecharge_net_surplus_excl_ev_w,4567.7,2026-02-27T10:16:38.628Z
sensor.stormbreaker_adaptivecharge_net_surplus_excl_ev_w,4573.6,2026-02-27T10:16:48.628Z
sensor.stormbreaker_adaptivecharge_net_surplus_excl_ev_w,4557.9,2026-02-27T10:16:58.630Z
sensor.stormbreaker_adaptivecharge_net_surplus_excl_ev_w,4562.6,2026-02-27T10:17:08.630Z
sensor.stormbreaker_adaptivecharge_net_surplus_excl_ev_w,4557.7,2026-02-27T10:17:18.632Z
sensor.stormbreaker_adaptivecharge_net_surplus_excl_ev_w,4557.4,2026-02-27T10:17:28.633Z
sensor.stormbreaker_adaptivecharge_net_surplus_excl_ev_w,4568.7,2026-02-27T10:17:38.634Z
sensor.stormbreaker_adaptivecharge_net_surplus_excl_ev_w,4557.2,2026-02-27T10:17:48.635Z
sensor.stormbreaker_adaptivecharge_net_surplus_excl_ev_w,4776.6,2026-02-27T10:17:58.635Z
sensor.stormbreaker_adaptivecharge_net_surplus_excl_ev_w,4780.2,2026-02-27T10:18:08.637Z
sensor.stormbreaker_adaptivecharge_net_surplus_excl_ev_w,4770.9,2026-02-27T10:18:18.639Z
sensor.stormbreaker_adaptivecharge_net_surplus_excl_ev_w,4773.9,2026-02-27T10:18:28.661Z
sensor.stormbreaker_adaptivecharge_net_surplus_excl_ev_w,4775.8,2026-02-27T10:18:38.662Z
sensor.stormbreaker_adaptivecharge_net_surplus_excl_ev_w,4756.4,2026-02-27T10:18:48.663Z
sensor.stormbreaker_adaptivecharge_net_surplus_excl_ev_w,3486.8,2026-02-27T10:18:58.814Z
sensor.stormbreaker_adaptivecharge_net_surplus_excl_ev_w,3561.4,2026-02-27T10:19:08.664Z
sensor.stormbreaker_adaptivecharge_net_surplus_excl_ev_w,3562.1,2026-02-27T10:19:18.666Z
sensor.stormbreaker_adaptivecharge_net_surplus_excl_ev_w,3561.3,2026-02-27T10:19:28.667Z
sensor.stormbreaker_adaptivecharge_net_surplus_excl_ev_w,3580.8,2026-02-27T10:19:38.667Z
sensor.stormbreaker_adaptivecharge_net_surplus_excl_ev_w,3573.1,2026-02-27T10:19:48.668Z
sensor.stormbreaker_adaptivecharge_net_surplus_excl_ev_w,4991.3,2026-02-27T10:20:00.677Z
sensor.stormbreaker_adaptivecharge_net_surplus_excl_ev_w,5729.7,2026-02-27T10:20:08.671Z
sensor.stormbreaker_adaptivecharge_net_surplus_excl_ev_w,5685.8,2026-02-27T10:20:18.671Z
sensor.stormbreaker_adaptivecharge_net_surplus_excl_ev_w,5727.6,2026-02-27T10:20:28.672Z
sensor.stormbreaker_adaptivecharge_net_surplus_excl_ev_w,5674.7,2026-02-27T10:20:38.673Z
sensor.stormbreaker_adaptivecharge_net_surplus_excl_ev_w,5694.1,2026-02-27T10:20:48.824Z
sensor.stormbreaker_adaptivecharge_net_surplus_excl_ev_w,5089.9,2026-02-27T10:20:58.675Z
sensor.stormbreaker_adaptivecharge_net_surplus_excl_ev_w,5097.8,2026-02-27T10:21:08.677Z
sensor.stormbreaker_adaptivecharge_net_surplus_excl_ev_w,5090.1,2026-02-27T10:21:18.679Z
sensor.stormbreaker_adaptivecharge_net_surplus_excl_ev_w,5080.2,2026-02-27T10:21:28.681Z
sensor.stormbreaker_adaptivecharge_net_surplus_excl_ev_w,5085.2,2026-02-27T10:21:38.682Z
sensor.stormbreaker_adaptivecharge_net_surplus_excl_ev_w,5085.7,2026-02-27T10:21:48.684Z
sensor.stormbreaker_adaptivecharge_net_surplus_excl_ev_w,5129.6,2026-02-27T10:21:58.686Z
sensor.stormbreaker_adaptivecharge_net_surplus_excl_ev_w,5079.5,2026-02-27T10:22:08.687Z
sensor.stormbreaker_adaptivecharge_net_surplus_excl_ev_w,5132.8,2026-02-27T10:22:18.688Z
sensor.stormbreaker_adaptivecharge_net_surplus_excl_ev_w,5090.0,2026-02-27T10:22:28.689Z
sensor.stormbreaker_adaptivecharge_net_surplus_excl_ev_w,5095.5,2026-02-27T10:22:38.690Z
sensor.stormbreaker_adaptivecharge_net_surplus_excl_ev_w,5085.0,2026-02-27T10:22:48.691Z
sensor.stormbreaker_adaptivecharge_net_surplus_excl_ev_w,5094.1,2026-02-27T10:22:58.691Z
sensor.stormbreaker_adaptivecharge_net_surplus_excl_ev_w,4504.5,2026-02-27T10:23:08.692Z
sensor.stormbreaker_adaptivecharge_net_surplus_excl_ev_w,4530.3,2026-02-27T10:23:18.693Z
sensor.stormbreaker_adaptivecharge_net_surplus_excl_ev_w,4478.3,2026-02-27T10:23:28.693Z
sensor.stormbreaker_adaptivecharge_net_surplus_excl_ev_w,4522.4,2026-02-27T10:23:38.694Z
sensor.stormbreaker_adaptivecharge_net_surplus_excl_ev_w,4466.5,2026-02-27T10:23:48.696Z
sensor.stormbreaker_adaptivecharge_net_surplus_excl_ev_w,4488.2,2026-02-27T10:23:58.698Z
sensor.stormbreaker_adaptivecharge_net_surplus_excl_ev_w,4410.2,2026-02-27T10:24:08.699Z
sensor.stormbreaker_adaptivecharge_net_surplus_excl_ev_w,4383.6,2026-02-27T10:24:18.700Z
sensor.stormbreaker_adaptivecharge_net_surplus_excl_ev_w,4453.2,2026-02-27T10:24:28.700Z
sensor.stormbreaker_adaptivecharge_net_surplus_excl_ev_w,4478.8,2026-02-27T10:24:38.701Z
sensor.stormbreaker_adaptivecharge_net_surplus_excl_ev_w,4420.8,2026-02-27T10:24:48.706Z
sensor.stormbreaker_adaptivecharge_net_surplus_excl_ev_w,4470.9,2026-02-27T10:24:58.707Z
sensor.stormbreaker_adaptivecharge_net_surplus_excl_ev_w,5207.3,2026-02-27T10:25:08.709Z
sensor.stormbreaker_adaptivecharge_net_surplus_excl_ev_w,5152.4,2026-02-27T10:25:18.709Z
sensor.stormbreaker_adaptivecharge_net_surplus_excl_ev_w,5218.2,2026-02-27T10:25:28.710Z
sensor.stormbreaker_adaptivecharge_net_surplus_excl_ev_w,5201.3,2026-02-27T10:25:38.711Z
sensor.stormbreaker_adaptivecharge_net_surplus_excl_ev_w,5203.2,2026-02-27T10:25:48.712Z
sensor.stormbreaker_adaptivecharge_net_surplus_excl_ev_w,5160.4,2026-02-27T10:25:58.713Z
sensor.stormbreaker_adaptivecharge_net_surplus_excl_ev_w,3350.9,2026-02-27T10:26:08.858Z
sensor.stormbreaker_adaptivecharge_net_surplus_excl_ev_w,3346.7,2026-02-27T10:26:20.989Z
sensor.stormbreaker_adaptivecharge_net_surplus_excl_ev_w,2640.9,2026-02-27T10:26:28.864Z
sensor.stormbreaker_adaptivecharge_net_surplus_excl_ev_w,2623.7,2026-02-27T10:26:38.861Z
sensor.stormbreaker_adaptivecharge_net_surplus_excl_ev_w,2625.2,2026-02-27T10:26:48.870Z
sensor.stormbreaker_adaptivecharge_net_surplus_excl_ev_w,2635.1,2026-02-27T10:26:58.863Z
sensor.stormbreaker_adaptivecharge_net_surplus_excl_ev_w,unavailable,2026-02-27T10:27:00.870Z
sensor.stormbreaker_adaptivecharge_net_surplus_excl_ev_w,2635.1,2026-02-27T10:27:00.880Z
sensor.stormbreaker_adaptivecharge_net_surplus_excl_ev_w,3838.3,2026-02-27T10:27:10.880Z
sensor.stormbreaker_adaptivecharge_net_surplus_excl_ev_w,3836.3,2026-02-27T10:27:20.881Z
sensor.stormbreaker_adaptivecharge_net_surplus_excl_ev_w,3828.6,2026-02-27T10:27:30.881Z
sensor.stormbreaker_adaptivecharge_net_surplus_excl_ev_w,3838.7,2026-02-27T10:27:40.882Z
sensor.stormbreaker_adaptivecharge_net_surplus_excl_ev_w,3842.1,2026-02-27T10:27:50.883Z
sensor.stormbreaker_adaptivecharge_net_surplus_excl_ev_w,210.8,2026-02-27T10:28:00.884Z
sensor.stormbreaker_adaptivecharge_net_surplus_excl_ev_w,3789.6,2026-02-27T10:28:10.885Z
sensor.stormbreaker_adaptivecharge_net_surplus_excl_ev_w,3965.9,2026-02-27T10:28:20.886Z
sensor.stormbreaker_adaptivecharge_net_surplus_excl_ev_w,6135.2,2026-02-27T10:28:30.888Z
sensor.stormbreaker_adaptivecharge_net_surplus_excl_ev_w,7326.5,2026-02-27T10:28:40.890Z
sensor.stormbreaker_adaptivecharge_net_surplus_excl_ev_w,7328.3,2026-02-27T10:28:50.890Z
sensor.stormbreaker_adaptivecharge_net_surplus_excl_ev_w,7325.1,2026-02-27T10:29:00.891Z
sensor.stormbreaker_adaptivecharge_net_surplus_excl_ev_w,2091.9,2026-02-27T10:29:16.193Z
sensor.stormbreaker_adaptivecharge_net_surplus_excl_ev_w,1395.5,2026-02-27T10:29:21.045Z
sensor.stormbreaker_adaptivecharge_net_surplus_excl_ev_w,1402.7,2026-02-27T10:29:31.035Z
sensor.stormbreaker_adaptivecharge_net_surplus_excl_ev_w,1396.1,2026-02-27T10:29:41.047Z
sensor.stormbreaker_adaptivecharge_net_surplus_excl_ev_w,1379.1,2026-02-27T10:29:50.897Z
sensor.stormbreaker_adaptivecharge_net_surplus_excl_ev_w,-1441.4,2026-02-27T10:30:00.896Z
sensor.stormbreaker_adaptivecharge_net_surplus_excl_ev_w,-1441.1,2026-02-27T10:30:10.899Z
sensor.stormbreaker_adaptivecharge_net_surplus_excl_ev_w,1880.6,2026-02-27T10:30:20.900Z
sensor.stormbreaker_adaptivecharge_net_surplus_excl_ev_w,1880.7,2026-02-27T10:30:30.901Z
sensor.stormbreaker_adaptivecharge_net_surplus_excl_ev_w,1880.5,2026-02-27T10:30:40.900Z
sensor.stormbreaker_adaptivecharge_net_surplus_excl_ev_w,1881.1,2026-02-27T10:30:50.902Z
sensor.stormbreaker_adaptivecharge_net_surplus_excl_ev_w,1881.2,2026-02-27T10:31:00.904Z
sensor.stormbreaker_adaptivecharge_net_surplus_excl_ev_w,1777.0,2026-02-27T10:31:20.904Z
sensor.stormbreaker_adaptivecharge_net_surplus_excl_ev_w,1776.9,2026-02-27T10:31:30.904Z
sensor.stormbreaker_adaptivecharge_net_surplus_excl_ev_w,1777.3,2026-02-27T10:31:40.906Z
sensor.stormbreaker_adaptivecharge_net_surplus_excl_ev_w,1776.9,2026-02-27T10:31:50.906Z
sensor.stormbreaker_adaptivecharge_net_surplus_excl_ev_w,1777.1,2026-02-27T10:32:00.907Z
sensor.stormbreaker_adaptivecharge_net_surplus_excl_ev_w,1776.9,2026-02-27T10:32:10.907Z
sensor.stormbreaker_adaptivecharge_net_surplus_excl_ev_w,1757.6,2026-02-27T10:32:20.908Z
sensor.stormbreaker_adaptivecharge_net_surplus_excl_ev_w,1758.4,2026-02-27T10:32:30.908Z
sensor.stormbreaker_adaptivecharge_net_surplus_excl_ev_w,1757.6,2026-02-27T10:32:40.909Z
sensor.stormbreaker_adaptivecharge_net_surplus_excl_ev_w,1759.7,2026-02-27T10:32:50.910Z
sensor.stormbreaker_adaptivecharge_net_surplus_excl_ev_w,2133.2,2026-02-27T10:33:01.067Z
sensor.stormbreaker_adaptivecharge_net_surplus_excl_ev_w,2705.5,2026-02-27T10:33:10.913Z
sensor.stormbreaker_adaptivecharge_net_surplus_excl_ev_w,1791.2,2026-02-27T10:33:20.913Z
sensor.stormbreaker_adaptivecharge_net_surplus_excl_ev_w,1793.5,2026-02-27T10:33:30.915Z
sensor.stormbreaker_adaptivecharge_net_surplus_excl_ev_w,1793.2,2026-02-27T10:33:40.916Z
sensor.stormbreaker_adaptivecharge_net_surplus_excl_ev_w,1795.4,2026-02-27T10:33:50.918Z
sensor.stormbreaker_adaptivecharge_net_surplus_excl_ev_w,1795.6,2026-02-27T10:34:00.919Z
sensor.stormbreaker_adaptivecharge_net_surplus_excl_ev_w,1794.8,2026-02-27T10:34:10.920Z
sensor.stormbreaker_adaptivecharge_net_surplus_excl_ev_w,1802.1,2026-02-27T10:34:20.921Z
sensor.stormbreaker_adaptivecharge_net_surplus_excl_ev_w,1801.1,2026-02-27T10:34:30.923Z
sensor.stormbreaker_adaptivecharge_net_surplus_excl_ev_w,1802.1,2026-02-27T10:34:40.924Z
sensor.stormbreaker_adaptivecharge_net_surplus_excl_ev_w,1795.8,2026-02-27T10:34:50.925Z
sensor.stormbreaker_adaptivecharge_net_surplus_excl_ev_w,1799.0,2026-02-27T10:35:00.925Z
sensor.stormbreaker_adaptivecharge_net_surplus_excl_ev_w,1802.7,2026-02-27T10:35:10.926Z
sensor.stormbreaker_adaptivecharge_net_surplus_excl_ev_w,1502.9,2026-02-27T10:35:20.926Z
sensor.stormbreaker_adaptivecharge_net_surplus_excl_ev_w,1508.3,2026-02-27T10:35:30.927Z
sensor.stormbreaker_adaptivecharge_net_surplus_excl_ev_w,1510.7,2026-02-27T10:35:40.927Z
sensor.stormbreaker_adaptivecharge_net_surplus_excl_ev_w,1500.6,2026-02-27T10:35:50.928Z
sensor.stormbreaker_adaptivecharge_net_surplus_excl_ev_w,1508.2,2026-02-27T10:36:00.929Z
sensor.stormbreaker_adaptivecharge_net_surplus_excl_ev_w,1510.7,2026-02-27T10:36:10.930Z
sensor.stormbreaker_adaptivecharge_net_surplus_excl_ev_w,1498.2,2026-02-27T10:36:20.932Z
sensor.stormbreaker_adaptivecharge_net_surplus_excl_ev_w,1757.2,2026-02-27T10:36:30.933Z
sensor.stormbreaker_adaptivecharge_net_surplus_excl_ev_w,1749.7,2026-02-27T10:36:40.934Z
sensor.stormbreaker_adaptivecharge_net_surplus_excl_ev_w,1754.9,2026-02-27T10:36:50.935Z
sensor.stormbreaker_adaptivecharge_net_surplus_excl_ev_w,1750.8,2026-02-27T10:37:00.936Z
sensor.stormbreaker_adaptivecharge_net_surplus_excl_ev_w,1749.7,2026-02-27T10:37:10.936Z
sensor.stormbreaker_adaptivecharge_net_surplus_excl_ev_w,1756.5,2026-02-27T10:37:20.937Z
sensor.stormbreaker_adaptivecharge_net_surplus_excl_ev_w,1751.8,2026-02-27T10:37:30.938Z
sensor.stormbreaker_adaptivecharge_net_surplus_excl_ev_w,1741.5,2026-02-27T10:37:40.938Z
sensor.stormbreaker_adaptivecharge_net_surplus_excl_ev_w,1752.0,2026-02-27T10:37:50.939Z
sensor.stormbreaker_adaptivecharge_net_surplus_excl_ev_w,1746.2,2026-02-27T10:38:00.940Z
sensor.stormbreaker_adaptivecharge_net_surplus_excl_ev_w,1748.1,2026-02-27T10:38:10.941Z
sensor.stormbreaker_adaptivecharge_net_surplus_excl_ev_w,1754.6,2026-02-27T10:38:20.943Z
sensor.stormbreaker_adaptivecharge_net_surplus_excl_ev_w,1563.5,2026-02-27T10:38:30.944Z
sensor.stormbreaker_adaptivecharge_net_surplus_excl_ev_w,1556.4,2026-02-27T10:38:40.945Z
sensor.stormbreaker_adaptivecharge_net_surplus_excl_ev_w,1555.6,2026-02-27T10:38:50.946Z
sensor.stormbreaker_adaptivecharge_net_surplus_excl_ev_w,1562.0,2026-02-27T10:39:00.947Z
sensor.stormbreaker_adaptivecharge_net_surplus_excl_ev_w,1566.3,2026-02-27T10:39:10.948Z
sensor.stormbreaker_adaptivecharge_net_surplus_excl_ev_w,1566.7,2026-02-27T10:39:20.949Z
sensor.stormbreaker_adaptivecharge_net_surplus_excl_ev_w,1595.5,2026-02-27T10:39:30.950Z
sensor.stormbreaker_adaptivecharge_net_surplus_excl_ev_w,1591.6,2026-02-27T10:39:40.951Z
sensor.stormbreaker_adaptivecharge_net_surplus_excl_ev_w,1588.3,2026-02-27T10:39:50.952Z
sensor.stormbreaker_adaptivecharge_net_surplus_excl_ev_w,1592.3,2026-02-27T10:40:00.952Z
sensor.stormbreaker_adaptivecharge_net_surplus_excl_ev_w,1591.1,2026-02-27T10:40:10.953Z
sensor.stormbreaker_adaptivecharge_net_surplus_excl_ev_w,1586.2,2026-02-27T10:40:20.955Z
sensor.stormbreaker_adaptivecharge_net_surplus_excl_ev_w,1574.6,2026-02-27T10:40:30.957Z
sensor.stormbreaker_adaptivecharge_net_surplus_excl_ev_w,1572.1,2026-02-27T10:40:40.958Z
sensor.stormbreaker_adaptivecharge_net_surplus_excl_ev_w,1571.3,2026-02-27T10:40:50.959Z
sensor.stormbreaker_adaptivecharge_net_surplus_excl_ev_w,1571.7,2026-02-27T10:41:00.960Z
sensor.stormbreaker_adaptivecharge_net_surplus_excl_ev_w,1573.9,2026-02-27T10:41:10.961Z
sensor.stormbreaker_adaptivecharge_net_surplus_excl_ev_w,1578.0,2026-02-27T10:41:20.962Z
sensor.stormbreaker_adaptivecharge_net_surplus_excl_ev_w,1618.9,2026-02-27T10:41:30.963Z
sensor.stormbreaker_adaptivecharge_net_surplus_excl_ev_w,1621.4,2026-02-27T10:41:40.964Z
sensor.stormbreaker_adaptivecharge_net_surplus_excl_ev_w,1619.6,2026-02-27T10:41:50.964Z
sensor.stormbreaker_adaptivecharge_net_surplus_excl_ev_w,1624.7,2026-02-27T10:42:00.966Z
sensor.stormbreaker_adaptivecharge_net_surplus_excl_ev_w,1616.6,2026-02-27T10:42:10.967Z
sensor.stormbreaker_adaptivecharge_net_surplus_excl_ev_w,1622.6,2026-02-27T10:42:20.968Z
sensor.stormbreaker_adaptivecharge_net_surplus_excl_ev_w,1617.9,2026-02-27T10:42:30.968Z
sensor.stormbreaker_adaptivecharge_net_surplus_excl_ev_w,1664.1,2026-02-27T10:42:40.969Z
sensor.stormbreaker_adaptivecharge_net_surplus_excl_ev_w,1660.5,2026-02-27T10:42:50.969Z
sensor.stormbreaker_adaptivecharge_net_surplus_excl_ev_w,1663.8,2026-02-27T10:43:00.970Z
sensor.stormbreaker_adaptivecharge_net_surplus_excl_ev_w,1663.4,2026-02-27T10:43:10.971Z
sensor.stormbreaker_adaptivecharge_net_surplus_excl_ev_w,1661.0,2026-02-27T10:43:20.972Z
sensor.stormbreaker_adaptivecharge_net_surplus_excl_ev_w,1664.9,2026-02-27T10:43:30.973Z
sensor.stormbreaker_adaptivecharge_net_surplus_excl_ev_w,1961.1,2026-02-27T10:43:40.974Z
sensor.stormbreaker_adaptivecharge_net_surplus_excl_ev_w,1965.8,2026-02-27T10:43:50.975Z
sensor.stormbreaker_adaptivecharge_net_surplus_excl_ev_w,1963.4,2026-02-27T10:44:00.975Z
sensor.stormbreaker_adaptivecharge_net_surplus_excl_ev_w,1965.2,2026-02-27T10:44:10.977Z
sensor.stormbreaker_adaptivecharge_net_surplus_excl_ev_w,1960.9,2026-02-27T10:44:20.979Z
sensor.stormbreaker_adaptivecharge_net_surplus_excl_ev_w,1966.4,2026-02-27T10:44:30.979Z
sensor.stormbreaker_adaptivecharge_net_surplus_excl_ev_w,2330.5,2026-02-27T10:44:40.980Z
sensor.stormbreaker_adaptivecharge_net_surplus_excl_ev_w,2334.8,2026-02-27T10:44:50.981Z
sensor.stormbreaker_adaptivecharge_net_surplus_excl_ev_w,2330.0,2026-02-27T10:45:00.982Z
sensor.stormbreaker_adaptivecharge_net_surplus_excl_ev_w,2328.9,2026-02-27T10:45:10.985Z
sensor.stormbreaker_adaptivecharge_net_surplus_excl_ev_w,2330.5,2026-02-27T10:45:20.986Z
sensor.stormbreaker_adaptivecharge_net_surplus_excl_ev_w,2330.0,2026-02-27T10:45:30.987Z
sensor.stormbreaker_adaptivecharge_net_surplus_excl_ev_w,2226.7,2026-02-27T10:45:40.988Z
sensor.stormbreaker_adaptivecharge_net_surplus_excl_ev_w,2231.4,2026-02-27T10:45:50.989Z
sensor.stormbreaker_adaptivecharge_net_surplus_excl_ev_w,2232.4,2026-02-27T10:46:00.989Z
sensor.stormbreaker_adaptivecharge_net_surplus_excl_ev_w,2233.3,2026-02-27T10:46:10.990Z
sensor.stormbreaker_adaptivecharge_net_surplus_excl_ev_w,2229.9,2026-02-27T10:46:20.990Z
sensor.stormbreaker_adaptivecharge_net_surplus_excl_ev_w,2229.7,2026-02-27T10:46:30.991Z
sensor.stormbreaker_adaptivecharge_net_surplus_excl_ev_w,2227.0,2026-02-27T10:46:40.992Z
sensor.stormbreaker_adaptivecharge_net_surplus_excl_ev_w,2180.8,2026-02-27T10:46:50.993Z
sensor.stormbreaker_adaptivecharge_net_surplus_excl_ev_w,2179.0,2026-02-27T10:47:00.994Z
sensor.stormbreaker_adaptivecharge_net_surplus_excl_ev_w,2180.0,2026-02-27T10:47:10.994Z
sensor.stormbreaker_adaptivecharge_net_surplus_excl_ev_w,2179.9,2026-02-27T10:47:20.995Z
sensor.stormbreaker_adaptivecharge_net_surplus_excl_ev_w,2184.0,2026-02-27T10:47:30.996Z
sensor.stormbreaker_adaptivecharge_net_surplus_excl_ev_w,2183.0,2026-02-27T10:47:40.996Z
sensor.stormbreaker_adaptivecharge_net_surplus_excl_ev_w,2574.1,2026-02-27T10:47:50.997Z
sensor.stormbreaker_adaptivecharge_net_surplus_excl_ev_w,2576.5,2026-02-27T10:48:00.998Z
sensor.stormbreaker_adaptivecharge_net_surplus_excl_ev_w,2574.9,2026-02-27T10:48:11.000Z
sensor.stormbreaker_adaptivecharge_net_surplus_excl_ev_w,2579.2,2026-02-27T10:48:21.000Z
sensor.stormbreaker_adaptivecharge_net_surplus_excl_ev_w,2579.8,2026-02-27T10:48:31.001Z
sensor.stormbreaker_adaptivecharge_net_surplus_excl_ev_w,2576.8,2026-02-27T10:48:41.001Z
sensor.stormbreaker_adaptivecharge_net_surplus_excl_ev_w,2681.3,2026-02-27T10:48:51.002Z
sensor.stormbreaker_adaptivecharge_net_surplus_excl_ev_w,2683.9,2026-02-27T10:49:01.002Z
sensor.stormbreaker_adaptivecharge_net_surplus_excl_ev_w,2677.7,2026-02-27T10:49:11.101Z
sensor.stormbreaker_adaptivecharge_net_surplus_excl_ev_w,2685.6,2026-02-27T10:49:21.103Z
sensor.stormbreaker_adaptivecharge_net_surplus_excl_ev_w,2684.5,2026-02-27T10:49:31.105Z
sensor.stormbreaker_adaptivecharge_net_surplus_excl_ev_w,2678.8,2026-02-27T10:49:41.106Z
sensor.stormbreaker_adaptivecharge_net_surplus_excl_ev_w,2560.4,2026-02-27T10:49:51.106Z
sensor.stormbreaker_adaptivecharge_net_surplus_excl_ev_w,2557.2,2026-02-27T10:50:01.107Z
sensor.stormbreaker_adaptivecharge_net_surplus_excl_ev_w,2558.8,2026-02-27T10:50:11.108Z
sensor.stormbreaker_adaptivecharge_net_surplus_excl_ev_w,2559.2,2026-02-27T10:50:21.257Z
sensor.stormbreaker_adaptivecharge_net_surplus_excl_ev_w,2559.9,2026-02-27T10:50:31.259Z
sensor.stormbreaker_adaptivecharge_net_surplus_excl_ev_w,2557.8,2026-02-27T10:50:41.361Z
sensor.stormbreaker_adaptivecharge_net_surplus_excl_ev_w,2364.0,2026-02-27T10:50:51.367Z
sensor.stormbreaker_adaptivecharge_net_surplus_excl_ev_w,2365.0,2026-02-27T10:51:01.368Z
sensor.stormbreaker_adaptivecharge_net_surplus_excl_ev_w,2368.7,2026-02-27T10:51:11.368Z
sensor.stormbreaker_adaptivecharge_net_surplus_excl_ev_w,2362.6,2026-02-27T10:51:21.370Z
sensor.stormbreaker_adaptivecharge_net_surplus_excl_ev_w,2362.7,2026-02-27T10:51:31.371Z
sensor.stormbreaker_adaptivecharge_net_surplus_excl_ev_w,2358.3,2026-02-27T10:51:41.425Z
sensor.stormbreaker_adaptivecharge_net_surplus_excl_ev_w,2366.3,2026-02-27T10:51:51.431Z
sensor.stormbreaker_adaptivecharge_net_surplus_excl_ev_w,2136.1,2026-02-27T10:52:01.432Z
sensor.stormbreaker_adaptivecharge_net_surplus_excl_ev_w,2131.2,2026-02-27T10:52:11.433Z
sensor.stormbreaker_adaptivecharge_net_surplus_excl_ev_w,2136.2,2026-02-27T10:52:21.433Z
sensor.stormbreaker_adaptivecharge_net_surplus_excl_ev_w,2137.5,2026-02-27T10:52:31.434Z
sensor.stormbreaker_adaptivecharge_net_surplus_excl_ev_w,2136.9,2026-02-27T10:52:41.435Z
sensor.stormbreaker_adaptivecharge_net_surplus_excl_ev_w,2139.7,2026-02-27T10:52:51.436Z
sensor.stormbreaker_adaptivecharge_net_surplus_excl_ev_w,2068.0,2026-02-27T10:53:01.437Z
sensor.stormbreaker_adaptivecharge_net_surplus_excl_ev_w,2072.1,2026-02-27T10:53:11.438Z
sensor.stormbreaker_adaptivecharge_net_surplus_excl_ev_w,2070.2,2026-02-27T10:53:21.438Z
sensor.stormbreaker_adaptivecharge_net_surplus_excl_ev_w,2072.0,2026-02-27T10:53:31.439Z
sensor.stormbreaker_adaptivecharge_net_surplus_excl_ev_w,2070.3,2026-02-27T10:53:41.440Z
sensor.stormbreaker_adaptivecharge_net_surplus_excl_ev_w,2074.2,2026-02-27T10:53:51.441Z
sensor.stormbreaker_adaptivecharge_net_surplus_excl_ev_w,2542.3,2026-02-27T10:54:01.442Z
sensor.stormbreaker_adaptivecharge_net_surplus_excl_ev_w,2540.9,2026-02-27T10:54:11.442Z
sensor.stormbreaker_adaptivecharge_net_surplus_excl_ev_w,2535.9,2026-02-27T10:54:21.443Z
sensor.stormbreaker_adaptivecharge_net_surplus_excl_ev_w,2595.4,2026-02-27T10:54:31.443Z
sensor.stormbreaker_adaptivecharge_net_surplus_excl_ev_w,2541.7,2026-02-27T10:54:41.445Z
sensor.stormbreaker_adaptivecharge_net_surplus_excl_ev_w,2542.9,2026-02-27T10:54:51.446Z
sensor.stormbreaker_adaptivecharge_net_surplus_excl_ev_w,4478.4,2026-02-27T10:55:07.886Z
sensor.stormbreaker_adaptivecharge_net_surplus_excl_ev_w,5890.8,2026-02-27T10:55:11.446Z
sensor.stormbreaker_adaptivecharge_net_surplus_excl_ev_w,5897.9,2026-02-27T10:55:21.447Z
sensor.stormbreaker_adaptivecharge_net_surplus_excl_ev_w,5945.5,2026-02-27T10:55:31.447Z
sensor.stormbreaker_adaptivecharge_net_surplus_excl_ev_w,5950.6,2026-02-27T10:55:41.447Z
sensor.stormbreaker_adaptivecharge_net_surplus_excl_ev_w,5973.7,2026-02-27T10:55:51.450Z
sensor.stormbreaker_adaptivecharge_net_surplus_excl_ev_w,3968.4,2026-02-27T10:56:03.894Z
sensor.stormbreaker_adaptivecharge_net_surplus_excl_ev_w,4681.5,2026-02-27T10:56:11.455Z
sensor.stormbreaker_adaptivecharge_net_surplus_excl_ev_w,4654.6,2026-02-27T10:56:21.455Z
sensor.stormbreaker_adaptivecharge_net_surplus_excl_ev_w,4644.7,2026-02-27T10:56:31.457Z
sensor.stormbreaker_adaptivecharge_net_surplus_excl_ev_w,4655.1,2026-02-27T10:56:41.457Z
sensor.stormbreaker_adaptivecharge_net_surplus_excl_ev_w,4683.9,2026-02-27T10:56:51.458Z
sensor.stormbreaker_adaptivecharge_net_surplus_excl_ev_w,2962.7,2026-02-27T10:57:01.459Z
sensor.stormbreaker_adaptivecharge_net_surplus_excl_ev_w,2948.9,2026-02-27T10:57:19.402Z
sensor.stormbreaker_adaptivecharge_net_surplus_excl_ev_w,2175.4,2026-02-27T10:57:21.609Z
sensor.stormbreaker_adaptivecharge_net_surplus_excl_ev_w,2177.2,2026-02-27T10:57:31.611Z
sensor.stormbreaker_adaptivecharge_net_surplus_excl_ev_w,2184.4,2026-02-27T10:57:41.606Z
sensor.stormbreaker_adaptivecharge_net_surplus_excl_ev_w,2167.5,2026-02-27T10:57:51.463Z
sensor.stormbreaker_adaptivecharge_net_surplus_excl_ev_w,-662.2,2026-02-27T10:58:01.465Z
sensor.stormbreaker_adaptivecharge_net_surplus_excl_ev_w,2329.6,2026-02-27T10:58:11.465Z
sensor.stormbreaker_adaptivecharge_net_surplus_excl_ev_w,2324.0,2026-02-27T10:58:21.466Z
sensor.stormbreaker_adaptivecharge_net_surplus_excl_ev_w,2329.7,2026-02-27T10:58:31.467Z
sensor.stormbreaker_adaptivecharge_net_surplus_excl_ev_w,2329.6,2026-02-27T10:58:41.468Z
sensor.stormbreaker_adaptivecharge_net_surplus_excl_ev_w,2329.9,2026-02-27T10:58:51.468Z
sensor.stormbreaker_adaptivecharge_net_surplus_excl_ev_w,2330.0,2026-02-27T10:59:01.472Z
sensor.stormbreaker_adaptivecharge_net_surplus_excl_ev_w,1898.0,2026-02-27T10:59:11.477Z
sensor.stormbreaker_adaptivecharge_net_surplus_excl_ev_w,1903.9,2026-02-27T10:59:21.479Z
sensor.stormbreaker_adaptivecharge_net_surplus_excl_ev_w,1904.1,2026-02-27T10:59:31.481Z
sensor.stormbreaker_adaptivecharge_net_surplus_excl_ev_w,1904.3,2026-02-27T10:59:41.482Z
sensor.stormbreaker_adaptivecharge_net_surplus_excl_ev_w,1903.9,2026-02-27T10:59:51.482Z
sensor.stormbreaker_adaptivecharge_import_watts_w,0.0,2026-02-27T10:00:00.000Z
sensor.stormbreaker_adaptivecharge_import_watts_w,481.0,2026-02-27T10:06:38.702Z
sensor.stormbreaker_adaptivecharge_import_watts_w,0.0,2026-02-27T10:07:38.565Z
sensor.stormbreaker_adaptivecharge_import_watts_w,66.0,2026-02-27T10:18:58.821Z
sensor.stormbreaker_adaptivecharge_import_watts_w,0.0,2026-02-27T10:20:00.683Z
sensor.stormbreaker_adaptivecharge_import_watts_w,1005.0,2026-02-27T10:26:08.861Z
sensor.stormbreaker_adaptivecharge_import_watts_w,unavailable,2026-02-27T10:27:00.873Z
sensor.stormbreaker_adaptivecharge_import_watts_w,1005.0,2026-02-27T10:27:00.889Z
sensor.stormbreaker_adaptivecharge_import_watts_w,0.0,2026-02-27T10:27:10.883Z
sensor.stormbreaker_adaptivecharge_import_watts_w,1447.0,2026-02-27T10:29:16.197Z
sensor.stormbreaker_adaptivecharge_import_watts_w,0.0,2026-02-27T10:30:20.904Z
sensor.stormbreaker_adaptivecharge_import_watts_w,668.0,2026-02-27T10:57:01.463Z
sensor.stormbreaker_adaptivecharge_import_watts_w,0.0,2026-02-27T10:58:11.470Z
sensor.stormbreaker_surplus_ev_charge_voltage_used_v,238.0,2026-02-27T10:00:00.000Z
sensor.stormbreaker_surplus_ev_charge_voltage_used_v,239.1,2026-02-27T10:00:08.503Z
sensor.stormbreaker_surplus_ev_charge_voltage_used_v,239.0,2026-02-27T10:00:38.505Z
sensor.stormbreaker_surplus_ev_charge_voltage_used_v,239.2,2026-02-27T10:01:08.507Z
sensor.stormbreaker_surplus_ev_charge_voltage_used_v,239.7,2026-02-27T10:01:38.507Z
sensor.stormbreaker_surplus_ev_charge_voltage_used_v,239.6,2026-02-27T10:02:08.509Z
sensor.stormbreaker_surplus_ev_charge_voltage_used_v,239.9,2026-02-27T10:02:38.512Z
sensor.stormbreaker_surplus_ev_charge_voltage_used_v,239.8,2026-02-27T10:03:08.515Z
sensor.stormbreaker_surplus_ev_charge_voltage_used_v,239.9,2026-02-27T10:03:38.520Z
sensor.stormbreaker_surplus_ev_charge_voltage_used_v,239.8,2026-02-27T10:04:08.536Z
sensor.stormbreaker_surplus_ev_charge_voltage_used_v,239.6,2026-02-27T10:05:18.541Z
sensor.stormbreaker_surplus_ev_charge_voltage_used_v,238.8,2026-02-27T10:05:48.544Z
sensor.stormbreaker_surplus_ev_charge_voltage_used_v,238.1,2026-02-27T10:06:18.555Z
sensor.stormbreaker_surplus_ev_charge_voltage_used_v,238.4,2026-02-27T10:06:54.831Z
sensor.stormbreaker_surplus_ev_charge_voltage_used_v,237.6,2026-02-27T10:07:18.709Z
sensor.stormbreaker_surplus_ev_charge_voltage_used_v,240.7,2026-02-27T10:07:48.565Z
sensor.stormbreaker_surplus_ev_charge_voltage_used_v,240.1,2026-02-27T10:08:18.567Z
sensor.stormbreaker_surplus_ev_charge_voltage_used_v,240.9,2026-02-27T10:08:48.570Z
sensor.stormbreaker_surplus_ev_charge_voltage_used_v,240.5,2026-02-27T10:09:18.573Z
sensor.stormbreaker_surplus_ev_charge_voltage_used_v,240.8,2026-02-27T10:09:48.576Z
sensor.stormbreaker_surplus_ev_charge_voltage_used_v,240.6,2026-02-27T10:10:18.579Z
sensor.stormbreaker_surplus_ev_charge_voltage_used_v,240.1,2026-02-27T10:10:48.581Z
sensor.stormbreaker_surplus_ev_charge_voltage_used_v,239.9,2026-02-27T10:11:48.585Z
sensor.stormbreaker_surplus_ev_charge_voltage_used_v,239.8,2026-02-27T10:12:18.590Z
sensor.stormbreaker_surplus_ev_charge_voltage_used_v,239.7,2026-02-27T10:12:48.592Z
sensor.stormbreaker_surplus_ev_charge_voltage_used_v,239.3,2026-02-27T10:13:18.595Z
sensor.stormbreaker_surplus_ev_charge_voltage_used_v,239.5,2026-02-27T10:13:58.610Z
sensor.stormbreaker_surplus_ev_charge_voltage_used_v,240.4,2026-02-27T10:14:28.613Z
sensor.stormbreaker_surplus_ev_charge_voltage_used_v,240.7,2026-02-27T10:14:58.617Z
sensor.stormbreaker_surplus_ev_charge_voltage_used_v,241.2,2026-02-27T10:15:28.619Z
sensor.stormbreaker_surplus_ev_charge_voltage_used_v,240.7,2026-02-27T10:15:58.625Z
sensor.stormbreaker_surplus_ev_charge_voltage_used_v,240.6,2026-02-27T10:16:28.628Z
sensor.stormbreaker_surplus_ev_charge_voltage_used_v,240.0,2026-02-27T10:16:58.632Z
sensor.stormbreaker_surplus_ev_charge_voltage_used_v,240.6,2026-02-27T10:17:28.635Z
sensor.stormbreaker_surplus_ev_charge_voltage_used_v,239.7,2026-02-27T10:17:58.636Z
sensor.stormbreaker_surplus_ev_charge_voltage_used_v,237.0,2026-02-27T10:18:58.817Z
sensor.stormbreaker_surplus_ev_charge_voltage_used_v,238.2,2026-02-27T10:19:28.670Z
sensor.stormbreaker_surplus_ev_charge_voltage_used_v,240.8,2026-02-27T10:20:00.680Z
sensor.stormbreaker_surplus_ev_charge_voltage_used_v,241.4,2026-02-27T10:20:28.676Z
sensor.stormbreaker_surplus_ev_charge_voltage_used_v,241.8,2026-02-27T10:20:58.678Z
sensor.stormbreaker_surplus_ev_charge_voltage_used_v,240.9,2026-02-27T10:21:38.685Z
sensor.stormbreaker_surplus_ev_charge_voltage_used_v,241.6,2026-02-27T10:22:08.691Z
sensor.stormbreaker_surplus_ev_charge_voltage_used_v,240.1,2026-02-27T10:23:08.695Z
sensor.stormbreaker_surplus_ev_charge_voltage_used_v,241.6,2026-02-27T10:23:38.697Z
sensor.stormbreaker_surplus_ev_charge_voltage_used_v,240.3,2026-02-27T10:24:08.702Z
sensor.stormbreaker_surplus_ev_charge_voltage_used_v,242.4,2026-02-27T10:24:38.704Z
sensor.stormbreaker_surplus_ev_charge_voltage_used_v,242.7,2026-02-27T10:25:38.713Z
sensor.stormbreaker_surplus_ev_charge_voltage_used_v,239.1,2026-02-27T10:26:08.859Z
sensor.stormbreaker_surplus_ev_charge_voltage_used_v,238.4,2026-02-27T10:26:38.863Z
sensor.stormbreaker_surplus_ev_charge_voltage_used_v,unavailable,2026-02-27T10:27:00.872Z
sensor.stormbreaker_surplus_ev_charge_voltage_used_v,238.4,2026-02-27T10:27:00.886Z
sensor.stormbreaker_surplus_ev_charge_voltage_used_v,238.9,2026-02-27T10:27:10.882Z
sensor.stormbreaker_surplus_ev_charge_voltage_used_v,238.6,2026-02-27T10:27:40.883Z
sensor.stormbreaker_surplus_ev_charge_voltage_used_v,238.0,2026-02-27T10:28:10.888Z
sensor.stormbreaker_surplus_ev_charge_voltage_used_v,235.8,2026-02-27T10:28:40.892Z
sensor.stormbreaker_surplus_ev_charge_voltage_used_v,232.7,2026-02-27T10:29:16.195Z
sensor.stormbreaker_surplus_ev_charge_voltage_used_v,234.4,2026-02-27T10:29:41.050Z
sensor.stormbreaker_surplus_ev_charge_voltage_used_v,234.8,2026-02-27T10:30:10.902Z
sensor.stormbreaker_surplus_ev_charge_voltage_used_v,235.4,2026-02-27T10:30:40.902Z
sensor.stormbreaker_surplus_ev_charge_voltage_used_v,234.9,2026-02-27T10:31:10.908Z
sensor.stormbreaker_surplus_ev_charge_voltage_used_v,235.2,2026-02-27T10:32:20.912Z
sensor.stormbreaker_surplus_ev_charge_voltage_used_v,235.0,2026-02-27T10:32:50.914Z
sensor.stormbreaker_surplus_ev_charge_voltage_used_v,234.8,2026-02-27T10:33:20.916Z
sensor.stormbreaker_surplus_ev_charge_voltage_used_v,234.4,2026-02-27T10:33:50.922Z
sensor.stormbreaker_surplus_ev_charge_voltage_used_v,234.2,2026-02-27T10:34:20.924Z
sensor.stormbreaker_surplus_ev_charge_voltage_used_v,234.4,2026-02-27T10:34:50.929Z
sensor.stormbreaker_surplus_ev_charge_voltage_used_v,234.3,2026-02-27T10:35:20.928Z
sensor.stormbreaker_surplus_ev_charge_voltage_used_v,233.9,2026-02-27T10:35:50.931Z
sensor.stormbreaker_surplus_ev_charge_voltage_used_v,233.7,2026-02-27T10:36:20.936Z
sensor.stormbreaker_surplus_ev_charge_voltage_used_v,233.8,2026-02-27T10:36:50.938Z
sensor.stormbreaker_surplus_ev_charge_voltage_used_v,233.9,2026-02-27T10:37:20.941Z
sensor.stormbreaker_surplus_ev_charge_voltage_used_v,234.0,2026-02-27T10:37:50.941Z
sensor.stormbreaker_surplus_ev_charge_voltage_used_v,234.1,2026-02-27T10:38:20.946Z
sensor.stormbreaker_surplus_ev_charge_voltage_used_v,233.6,2026-02-27T10:38:50.949Z
sensor.stormbreaker_surplus_ev_charge_voltage_used_v,234.1,2026-02-27T10:39:20.952Z
sensor.stormbreaker_surplus_ev_charge_voltage_used_v,234.3,2026-02-27T10:40:30.960Z
sensor.stormbreaker_surplus_ev_charge_voltage_used_v,234.5,2026-02-27T10:41:00.963Z
sensor.stormbreaker_surplus_ev_charge_voltage_used_v,234.7,2026-02-27T10:42:00.969Z
sensor.stormbreaker_surplus_ev_charge_voltage_used_v,234.5,2026-02-27T10:42:30.972Z
sensor.stormbreaker_surplus_ev_charge_voltage_used_v,234.3,2026-02-27T10:43:00.972Z
sensor.stormbreaker_surplus_ev_charge_voltage_used_v,234.9,2026-02-27T10:43:30.977Z
sensor.stormbreaker_surplus_ev_charge_voltage_used_v,235.2,2026-02-27T10:44:00.978Z
sensor.stormbreaker_surplus_ev_charge_voltage_used_v,236.0,2026-02-27T10:44:30.982Z
sensor.stormbreaker_surplus_ev_charge_voltage_used_v,235.9,2026-02-27T10:45:00.984Z
sensor.stormbreaker_surplus_ev_charge_voltage_used_v,235.8,2026-02-27T10:45:30.989Z
sensor.stormbreaker_surplus_ev_charge_voltage_used_v,236.3,2026-02-27T10:46:00.992Z
sensor.stormbreaker_surplus_ev_charge_voltage_used_v,235.8,2026-02-27T10:46:30.994Z
sensor.stormbreaker_surplus_ev_charge_voltage_used_v,235.7,2026-02-27T10:47:00.996Z
sensor.stormbreaker_surplus_ev_charge_voltage_used_v,236.2,2026-02-27T10:47:41.000Z
sensor.stormbreaker_surplus_ev_charge_voltage_used_v,236.4,2026-02-27T10:48:11.003Z
sensor.stormbreaker_surplus_ev_charge_voltage_used_v,236.5,2026-02-27T10:48:41.005Z
sensor.stormbreaker_surplus_ev_charge_voltage_used_v,236.1,2026-02-27T10:49:11.102Z
sensor.stormbreaker_surplus_ev_charge_voltage_used_v,237.0,2026-02-27T10:49:41.110Z
sensor.stormbreaker_surplus_ev_charge_voltage_used_v,236.3,2026-02-27T10:50:11.111Z
sensor.stormbreaker_surplus_ev_charge_voltage_used_v,236.4,2026-02-27T10:50:41.362Z
sensor.stormbreaker_surplus_ev_charge_voltage_used_v,236.1,2026-02-27T10:51:11.371Z
sensor.stormbreaker_surplus_ev_charge_voltage_used_v,235.6,2026-02-27T10:51:41.426Z
sensor.stormbreaker_surplus_ev_charge_voltage_used_v,235.2,2026-02-27T10:52:11.436Z
sensor.stormbreaker_surplus_ev_charge_voltage_used_v,235.4,2026-02-27T10:52:41.438Z
sensor.stormbreaker_surplus_ev_charge_voltage_used_v,237.8,2026-02-27T10:53:41.444Z
sensor.stormbreaker_surplus_ev_charge_voltage_used_v,239.5,2026-02-27T10:54:11.445Z
sensor.stormbreaker_surplus_ev_charge_voltage_used_v,241.2,2026-02-27T10:54:41.448Z
sensor.stormbreaker_surplus_ev_charge_voltage_used_v,237.3,2026-02-27T10:55:11.450Z
sensor.stormbreaker_surplus_ev_charge_voltage_used_v,238.0,2026-02-27T10:55:51.453Z
sensor.stormbreaker_surplus_ev_charge_voltage_used_v,240.2,2026-02-27T10:56:21.457Z
sensor.stormbreaker_surplus_ev_charge_voltage_used_v,238.1,2026-02-27T10:56:51.462Z
sensor.stormbreaker_surplus_ev_charge_voltage_used_v,237.7,2026-02-27T10:57:21.611Z
sensor.stormbreaker_surplus_ev_charge_voltage_used_v,236.3,2026-02-27T10:57:51.466Z
sensor.stormbreaker_surplus_ev_charge_voltage_used_v,235.8,2026-02-27T10:58:21.469Z
sensor.stormbreaker_surplus_ev_charge_voltage_used_v,236.2,2026-02-27T10:58:51.472Z
sensor.stormbreaker_surplus_ev_charge_voltage_used_v,236.9,2026-02-27T10:59:21.482Z
sensor.stormbreaker_surplus_ev_charge_voltage_used_v,238.9,2026-02-27T10:59:51.486Z
number.stormbreaker_adaptivecharge_desired_range_km,250.0,2026-02-27T10:00:00.000Z
number.stormbreaker_adaptivecharge_desired_range_km,unavailable,2026-02-27T10:27:00.873Z
number.stormbreaker_adaptivecharge_desired_range_km,250.0,2026-02-27T10:27:00.890Z
number.stormbreaker_adaptivecharge_max_current_limit_a,16.0,2026-02-27T10:00:00.000Z
number.stormbreaker_adaptivecharge_max_current_limit_a,unavailable,2026-02-27T10:27:00.873Z
number.stormbreaker_adaptivecharge_max_current_limit_a,16.0,2026-02-27T10:27:00.890Z
sensor.stormbreaker_adaptivecharge_input_skew_s,0.0,2026-02-27T10:00:00.000Z
sensor.stormbreaker_adaptivecharge_input_skew_s,unavailable,2026-02-27T10:27:00.872Z
sensor.stormbreaker_adaptivecharge_input_skew_s,0.0,2026-02-27T10:27:00.888Z
sensor.stormbreaker_surplus_ev_charge_net_update_interval_s,10.0,2026-02-27T10:00:00.000Z
sensor.stormbreaker_surplus_ev_charge_net_update_interval_s,unavailable,2026-02-27T10:27:00.873Z
sensor.stormbreaker_surplus_ev_charge_net_update_interval_s,unknown,2026-02-27T10:27:00.888Z
sensor.stormbreaker_surplus_ev_charge_net_update_interval_s,10.0,2026-02-27T10:27:10.882Z
sensor.stormbreaker_surplus_ev_charge_net_update_interval_s,10.02,2026-02-27T10:49:11.103Z
sensor.stormbreaker_surplus_ev_charge_net_update_interval_s,10.01,2026-02-27T10:49:21.104Z
sensor.stormbreaker_surplus_ev_charge_net_update_interval_s,10.03,2026-02-27T10:50:21.259Z
sensor.stormbreaker_surplus_ev_charge_net_update_interval_s,10.02,2026-02-27T10:50:31.263Z
sensor.stormbreaker_surplus_ev_charge_net_update_interval_s,10.04,2026-02-27T10:50:41.363Z
sensor.stormbreaker_surplus_ev_charge_net_update_interval_s,10.03,2026-02-27T10:50:51.368Z
sensor.stormbreaker_surplus_ev_charge_net_update_interval_s,10.02,2026-02-27T10:51:11.373Z
sensor.stormbreaker_surplus_ev_charge_net_update_interval_s,10.01,2026-02-27T10:52:11.439Z
sensor.stormbreaker_surplus_ev_charge_net_update_interval_s,10.0,2026-02-27T10:53:31.444Z
sensor.stormbreaker_surplus_ev_charge_ev_update_interval_s,10.0,2026-02-27T10:00:00.000Z
sensor.stormbreaker_surplus_ev_charge_ev_update_interval_s,unavailable,2026-02-27T10:27:00.873Z
sensor.stormbreaker_surplus_ev_charge_ev_update_interval_s,unknown,2026-02-27T10:27:00.888Z
sensor.stormbreaker_surplus_ev_charge_ev_update_interval_s,10.0,2026-02-27T10:27:10.883Z
sensor.stormbreaker_surplus_ev_charge_ev_update_interval_s,10.02,2026-02-27T10:49:11.103Z
sensor.stormbreaker_surplus_ev_charge_ev_update_interval_s,10.01,2026-02-27T10:49:21.104Z
sensor.stormbreaker_surplus_ev_charge_ev_update_interval_s,10.03,2026-02-27T10:50:21.259Z
sensor.stormbreaker_surplus_ev_charge_ev_update_interval_s,10.02,2026-02-27T10:50:31.264Z
sensor.stormbreaker_surplus_ev_charge_ev_update_interval_s,10.04,2026-02-27T10:50:41.363Z
sensor.stormbreaker_surplus_ev_charge_ev_update_interval_s,10.03,2026-02-27T10:50:51.368Z
sensor.stormbreaker_surplus_ev_charge_ev_update_interval_s,10.02,2026-02-27T10:51:11.373Z
sensor.stormbreaker_surplus_ev_charge_ev_update_interval_s,10.01,2026-02-27T10:52:11.440Z
sensor.stormbreaker_surplus_ev_charge_ev_update_interval_s,10.0,2026-02-27T10:53:31.444Z
binary_sensor.stormbreaker_tessie_charging,on,2026-02-27T10:00:00.000Z
binary_sensor.stormbreaker_tessie_charging,off,2026-02-27T10:07:37.647Z
binary_sensor.stormbreaker_tessie_charging,on,2026-02-27T10:10:28.636Z
binary_sensor.stormbreaker_tessie_charging,off,2026-02-27T10:28:00.646Z
binary_sensor.stormbreaker_tessie_charging,on,2026-02-27T10:28:10.637Z
binary_sensor.stormbreaker_tessie_charging,off,2026-02-27T10:30:00.680Z
binary_sensor.stormbreaker_tessie_charging,on,2026-02-27T10:32:50.638Z
binary_sensor.stormbreaker_tessie_charging,off,2026-02-27T10:58:02.658Z
sensor.stormbreaker_surplus_ev_charge_solar_done_status,off,2026-02-27T10:00:00.000Z
sensor.stormbreaker_surplus_ev_charge_solar_done_status,unavailable,2026-02-27T10:27:00.872Z
sensor.stormbreaker_surplus_ev_charge_solar_done_status,off,2026-02-27T10:27:00.887Z
sensor.stormbreaker_surplus_ev_charge_alignment_diagnostics,high,2026-02-27T10:00:00.000Z
sensor.stormbreaker_surplus_ev_charge_alignment_diagnostics,medium,2026-02-27T10:06:58.704Z
sensor.stormbreaker_surplus_ev_charge_alignment_diagnostics,high,2026-02-27T10:07:08.716Z
sensor.stormbreaker_surplus_ev_charge_alignment_diagnostics,medium,2026-02-27T10:07:28.562Z
sensor.stormbreaker_surplus_ev_charge_alignment_diagnostics,high,2026-02-27T10:07:48.565Z
sensor.stormbreaker_surplus_ev_charge_alignment_diagnostics,medium,2026-02-27T10:10:38.580Z
sensor.stormbreaker_surplus_ev_charge_alignment_diagnostics,low,2026-02-27T10:10:48.581Z
sensor.stormbreaker_surplus_ev_charge_alignment_diagnostics,medium,2026-02-27T10:10:58.725Z
sensor.stormbreaker_surplus_ev_charge_alignment_diagnostics,high,2026-02-27T10:11:08.582Z
sensor.stormbreaker_surplus_ev_charge_alignment_diagnostics,medium,2026-02-27T10:20:08.677Z
sensor.stormbreaker_surplus_ev_charge_alignment_diagnostics,high,2026-02-27T10:20:18.675Z
sensor.stormbreaker_surplus_ev_charge_alignment_diagnostics,medium,2026-02-27T10:26:08.860Z
sensor.stormbreaker_surplus_ev_charge_alignment_diagnostics,high,2026-02-27T10:26:20.991Z
sensor.stormbreaker_surplus_ev_charge_alignment_diagnostics,medium,2026-02-27T10:26:28.866Z
sensor.stormbreaker_surplus_ev_charge_alignment_diagnostics,high,2026-02-27T10:26:38.863Z
sensor.stormbreaker_surplus_ev_charge_alignment_diagnostics,unavailable,2026-02-27T10:27:00.872Z
sensor.stormbreaker_surplus_ev_charge_alignment_diagnostics,high,2026-02-27T10:27:00.887Z
sensor.stormbreaker_surplus_ev_charge_alignment_diagnostics,low,2026-02-27T10:28:00.886Z
sensor.stormbreaker_surplus_ev_charge_alignment_diagnostics,high,2026-02-27T10:28:10.888Z
sensor.stormbreaker_surplus_ev_charge_alignment_diagnostics,low,2026-02-27T10:28:30.890Z
sensor.stormbreaker_surplus_ev_charge_alignment_diagnostics,medium,2026-02-27T10:29:16.196Z
sensor.stormbreaker_surplus_ev_charge_alignment_diagnostics,low,2026-02-27T10:29:21.048Z
sensor.stormbreaker_surplus_ev_charge_alignment_diagnostics,medium,2026-02-27T10:29:31.038Z
sensor.stormbreaker_surplus_ev_charge_alignment_diagnostics,high,2026-02-27T10:30:20.904Z
sensor.stormbreaker_surplus_ev_charge_alignment_diagnostics,medium,2026-02-27T10:33:10.919Z
sensor.stormbreaker_surplus_ev_charge_alignment_diagnostics,high,2026-02-27T10:34:00.925Z
sensor.stormbreaker_surplus_ev_charge_alignment_diagnostics,medium,2026-02-27T10:55:07.888Z
sensor.stormbreaker_surplus_ev_charge_alignment_diagnostics,low,2026-02-27T10:55:11.450Z
sensor.stormbreaker_surplus_ev_charge_alignment_diagnostics,high,2026-02-27T10:56:03.896Z
sensor.stormbreaker_surplus_ev_charge_alignment_diagnostics,medium,2026-02-27T10:56:11.457Z
sensor.stormbreaker_surplus_ev_charge_alignment_diagnostics,high,2026-02-27T10:57:01.462Z
sensor.stormbreaker_surplus_ev_charge_alignment_diagnostics,medium,2026-02-27T10:57:21.612Z
sensor.stormbreaker_surplus_ev_charge_alignment_diagnostics,low,2026-02-27T10:57:51.466Z
sensor.stormbreaker_surplus_ev_charge_alignment_diagnostics,medium,2026-02-27T10:58:01.469Z
sensor.stormbreaker_surplus_ev_charge_alignment_diagnostics,high,2026-02-27T10:58:11.469Z
binary_sensor.stormbreaker_adaptivecharge_force_charge,off,2026-02-27T10:00:00.000Z
binary_sensor.stormbreaker_adaptivecharge_force_charge,unavailable,2026-02-27T10:27:00.873Z
binary_sensor.stormbreaker_adaptivecharge_force_charge,off,2026-02-27T10:27:00.890Z
switch.stormbreaker_adaptivecharge_charge_now,off,2026-02-27T10:00:00.000Z
switch.stormbreaker_adaptivecharge_charge_now,unavailable,2026-02-27T10:27:00.873Z
switch.stormbreaker_adaptivecharge_charge_now,off,2026-02-27T10:27:00.891Z
switch.stormbreaker_adaptivecharge_charge_tonight,off,2026-02-27T10:00:00.000Z
switch.stormbreaker_adaptivecharge_charge_tonight,unavailable,2026-02-27T10:27:00.874Z
switch.stormbreaker_adaptivecharge_charge_tonight,off,2026-02-27T10:27:00.891Z
sensor.stormbreaker_adaptivecharge_mode,surplus,2026-02-27T10:00:00.000Z
sensor.stormbreaker_adaptivecharge_mode,stopped,2026-02-27T10:07:38.564Z
sensor.stormbreaker_adaptivecharge_mode,surplus,2026-02-27T10:10:18.580Z
sensor.stormbreaker_adaptivecharge_mode,unavailable,2026-02-27T10:27:00.872Z
sensor.stormbreaker_adaptivecharge_mode,off,2026-02-27T10:27:00.887Z
sensor.stormbreaker_adaptivecharge_mode,stopped,2026-02-27T10:27:10.882Z
sensor.stormbreaker_adaptivecharge_mode,surplus,2026-02-27T10:27:50.885Z
sensor.stormbreaker_adaptivecharge_mode,stopped,2026-02-27T10:30:00.898Z
sensor.stormbreaker_adaptivecharge_mode,surplus,2026-02-27T10:32:50.915Z
sensor.stormbreaker_adaptivecharge_mode,stopped,2026-02-27T10:58:01.471Z
sensor.stormbreaker_adaptivecharge_import_guard_state,ok,2026-02-27T10:00:00.000Z
sensor.stormbreaker_adaptivecharge_import_guard_state,active,2026-02-27T10:06:54.832Z
sensor.stormbreaker_adaptivecharge_import_guard_state,ok,2026-02-27T10:07:38.565Z
sensor.stormbreaker_adaptivecharge_import_guard_state,active,2026-02-27T10:26:20.991Z
sensor.stormbreaker_adaptivecharge_import_guard_state,unavailable,2026-02-27T10:27:00.873Z
sensor.stormbreaker_adaptivecharge_import_guard_state,ok,2026-02-27T10:27:00.888Z
sensor.stormbreaker_adaptivecharge_import_guard_state,active,2026-02-27T10:29:21.048Z
sensor.stormbreaker_adaptivecharge_import_guard_state,ok,2026-02-27T10:30:20.904Z
sensor.stormbreaker_adaptivecharge_import_guard_state,active,2026-02-27T10:57:19.405Z
sensor.stormbreaker_adaptivecharge_import_guard_state,ok,2026-02-27T10:58:11.469Z
sensor.stormbreaker_adaptivecharge_last_action,modulate_6A,2026-02-27T10:00:00.000Z
sensor.stormbreaker_adaptivecharge_last_action,modulate_5A,2026-02-27T10:06:38.702Z
sensor.stormbreaker_adaptivecharge_last_action,modulate_4A,2026-02-27T10:06:54.832Z
sensor.stormbreaker_adaptivecharge_last_action,modulate_3A,2026-02-27T10:06:58.705Z
sensor.stormbreaker_adaptivecharge_last_action,modulate_2A,2026-02-27T10:07:08.717Z
sensor.stormbreaker_adaptivecharge_last_action,modulate_1A,2026-02-27T10:07:18.711Z
sensor.stormbreaker_adaptivecharge_last_action,stop_surplus,2026-02-27T10:07:38.565Z
sensor.stormbreaker_adaptivecharge_last_action,start_surplus_5A,2026-02-27T10:10:18.581Z
sensor.stormbreaker_adaptivecharge_last_action,modulate_6A,2026-02-27T10:10:58.726Z
sensor.stormbreaker_adaptivecharge_last_action,modulate_5A,2026-02-27T10:18:58.821Z
sensor.stormbreaker_adaptivecharge_last_action,modulate_6A,2026-02-27T10:20:00.683Z
sensor.stormbreaker_adaptivecharge_last_action,modulate_7A,2026-02-27T10:20:48.830Z
sensor.stormbreaker_adaptivecharge_last_action,modulate_6A,2026-02-27T10:26:08.861Z
sensor.stormbreaker_adaptivecharge_last_action,modulate_5A,2026-02-27T10:26:20.991Z
sensor.stormbreaker_adaptivecharge_last_action,modulate_4A,2026-02-27T10:26:28.867Z
sensor.stormbreaker_adaptivecharge_last_action,modulate_3A,2026-02-27T10:26:38.864Z
sensor.stormbreaker_adaptivecharge_last_action,modulate_2A,2026-02-27T10:26:48.871Z
sensor.stormbreaker_adaptivecharge_last_action,modulate_1A,2026-02-27T10:26:58.866Z
sensor.stormbreaker_adaptivecharge_last_action,unavailable,2026-02-27T10:27:00.873Z
sensor.stormbreaker_adaptivecharge_last_action,none,2026-02-27T10:27:00.889Z
sensor.stormbreaker_adaptivecharge_last_action,start_surplus_5A,2026-02-27T10:27:50.886Z
sensor.stormbreaker_adaptivecharge_last_action,modulate_4A,2026-02-27T10:29:16.197Z
sensor.stormbreaker_adaptivecharge_last_action,modulate_3A,2026-02-27T10:29:21.049Z
sensor.stormbreaker_adaptivecharge_last_action,modulate_2A,2026-02-27T10:29:31.041Z
sensor.stormbreaker_adaptivecharge_last_action,modulate_1A,2026-02-27T10:29:41.054Z
sensor.stormbreaker_adaptivecharge_last_action,stop_surplus,2026-02-27T10:30:00.899Z
sensor.stormbreaker_adaptivecharge_last_action,start_surplus_2A,2026-02-27T10:32:50.918Z
sensor.stormbreaker_adaptivecharge_last_action,modulate_3A,2026-02-27T10:33:01.074Z
sensor.stormbreaker_adaptivecharge_last_action,modulate_4A,2026-02-27T10:55:07.889Z
sensor.stormbreaker_adaptivecharge_last_action,modulate_5A,2026-02-27T10:56:03.897Z
sensor.stormbreaker_adaptivecharge_last_action,modulate_4A,2026-02-27T10:57:19.405Z
sensor.stormbreaker_adaptivecharge_last_action,modulate_3A,2026-02-27T10:57:21.614Z
sensor.stormbreaker_adaptivecharge_last_action,modulate_2A,2026-02-27T10:57:31.615Z
sensor.stormbreaker_adaptivecharge_last_action,modulate_1A,2026-02-27T10:57:41.608Z
sensor.stormbreaker_adaptivecharge_last_action,stop_surplus,2026-02-27T10:58:01.473Z
sensor.stormbreaker_adaptivecharge_last_reason,modulate_up,2026-02-27T10:00:00.000Z
sensor.stormbreaker_adaptivecharge_last_reason,modulate_down,2026-02-27T10:06:38.702Z
sensor.stormbreaker_adaptivecharge_last_reason,import_guard_reduce,2026-02-27T10:06:54.833Z
sensor.stormbreaker_adaptivecharge_last_reason,import_guard,2026-02-27T10:07:28.563Z
sensor.stormbreaker_adaptivecharge_last_reason,surplus_below_threshold,2026-02-27T10:07:38.565Z
sensor.stormbreaker_adaptivecharge_last_reason,surplus_above_threshold,2026-02-27T10:10:18.581Z
sensor.stormbreaker_adaptivecharge_last_reason,modulate_up,2026-02-27T10:10:58.726Z
sensor.stormbreaker_adaptivecharge_last_reason,modulate_down,2026-02-27T10:18:58.821Z
sensor.stormbreaker_adaptivecharge_last_reason,modulate_up,2026-02-27T10:20:00.683Z
sensor.stormbreaker_adaptivecharge_last_reason,modulate_down,2026-02-27T10:26:08.861Z
sensor.stormbreaker_adaptivecharge_last_reason,import_guard_reduce,2026-02-27T10:26:20.991Z
sensor.stormbreaker_adaptivecharge_last_reason,unavailable,2026-02-27T10:27:00.873Z
sensor.stormbreaker_adaptivecharge_last_reason,none,2026-02-27T10:27:00.889Z
sensor.stormbreaker_adaptivecharge_last_reason,surplus_above_threshold,2026-02-27T10:27:50.886Z
sensor.stormbreaker_adaptivecharge_last_reason,modulate_down,2026-02-27T10:29:16.197Z
sensor.stormbreaker_adaptivecharge_last_reason,import_guard_reduce,2026-02-27T10:29:21.049Z
sensor.stormbreaker_adaptivecharge_last_reason,import_guard,2026-02-27T10:29:50.901Z
sensor.stormbreaker_adaptivecharge_last_reason,surplus_below_threshold,2026-02-27T10:30:00.900Z
sensor.stormbreaker_adaptivecharge_last_reason,surplus_above_threshold,2026-02-27T10:32:50.918Z
sensor.stormbreaker_adaptivecharge_last_reason,modulate_up,2026-02-27T10:33:01.074Z
sensor.stormbreaker_adaptivecharge_last_reason,import_guard_reduce,2026-02-27T10:57:19.405Z
sensor.stormbreaker_adaptivecharge_last_reason,import_guard,2026-02-27T10:57:51.467Z
sensor.stormbreaker_adaptivecharge_last_reason,surplus_below_threshold,2026-02-27T10:58:01.473Z
binary_sensor.stormbreaker_adaptivecharge_charging_active,on,2026-02-27T10:00:00.000Z
binary_sensor.stormbreaker_adaptivecharge_charging_active,off,2026-02-27T10:07:38.565Z
binary_sensor.stormbreaker_adaptivecharge_charging_active,on,2026-02-27T10:10:18.582Z
binary_sensor.stormbreaker_adaptivecharge_charging_active,unavailable,2026-02-27T10:27:00.873Z
binary_sensor.stormbreaker_adaptivecharge_charging_active,off,2026-02-27T10:27:00.890Z
binary_sensor.stormbreaker_adaptivecharge_charging_active,on,2026-02-27T10:27:50.887Z
binary_sensor.stormbreaker_adaptivecharge_charging_active,off,2026-02-27T10:30:00.900Z
binary_sensor.stormbreaker_adaptivecharge_charging_active,on,2026-02-27T10:32:50.919Z
binary_sensor.stormbreaker_adaptivecharge_charging_active,off,2026-02-27T10:58:01.474Z
switch.stormbreaker_adaptivecharge_controller_enabled,on,2026-02-27T10:00:00.000Z
switch.stormbreaker_adaptivecharge_controller_enabled,unavailable,2026-02-27T10:27:00.873Z
switch.stormbreaker_adaptivecharge_controller_enabled,on,2026-02-27T10:27:00.891Z
