entity_id,state,last_changed
sensor.energy_grid_electricity_meter_power_consumption_electricity_meter_power_production_net_power,-503.0,2026-03-08T08:45:00.000Z
sensor.energy_grid_electricity_meter_power_consumption_electricity_meter_power_production_net_power,-651.0,2026-03-08T08:45:16.339Z
sensor.energy_grid_electricity_meter_power_consumption_electricity_meter_power_production_net_power,-737.0,2026-03-08T08:45:46.343Z
sensor.energy_grid_electricity_meter_power_consumption_electricity_meter_power_production_net_power,-761.0,2026-03-08T08:46:17.345Z
sensor.energy_grid_electricity_meter_power_consumption_electricity_meter_power_production_net_power,-697.0,2026-03-08T08:46:48.321Z
sensor.energy_grid_electricity_meter_power_consumption_electricity_meter_power_production_net_power,-727.0,2026-03-08T08:47:18.345Z
sensor.energy_grid_electricity_meter_power_consumption_electricity_meter_power_production_net_power,-815.0,2026-03-08T08:47:49.325Z
sensor.energy_grid_electricity_meter_power_consumption_electricity_meter_power_production_net_power,-877.0,2026-03-08T08:48:19.342Z
sensor.energy_grid_electricity_meter_power_consumption_electricity_meter_power_production_net_power,-1094.0,2026-03-08T08:48:50.337Z
sensor.energy_grid_electricity_meter_power_consumption_electricity_meter_power_production_net_power,273.0,2026-03-08T08:49:20.339Z
sensor.energy_grid_electricity_meter_power_consumption_electricity_meter_power_production_net_power,378.0,2026-03-08T08:49:51.337Z
sensor.energy_grid_electricity_meter_power_consumption_electricity_meter_power_production_net_power,1027.0,2026-03-08T08:50:21.340Z
sensor.energy_grid_electricity_meter_power_consumption_electricity_meter_power_production_net_power,997.0,2026-03-08T08:50:52.332Z
sensor.energy_grid_electricity_meter_power_consumption_electricity_meter_power_production_net_power,-633.0,2026-03-08T08:51:23.332Z
sensor.energy_grid_electricity_meter_power_consumption_electricity_meter_power_production_net_power,-698.0,2026-03-08T08:51:54.333Z
sensor.energy_grid_electricity_meter_power_consumption_electricity_meter_power_production_net_power,346.0,2026-03-08T08:52:24.337Z
sensor.energy_grid_electricity_meter_power_consumption_electricity_meter_power_production_net_power,471.0,2026-03-08T08:52:55.323Z
sensor.energy_grid_electricity_meter_power_consumption_electricity_meter_power_production_net_power,-15.0,2026-03-08T08:53:26.329Z
sensor.energy_grid_electricity_meter_power_consumption_electricity_meter_power_production_net_power,-184.0,2026-03-08T08:53:57.338Z
sensor.energy_grid_electricity_meter_power_consumption_electricity_meter_power_production_net_power,-90.0,2026-03-08T08:54:27.341Z
sensor.energy_grid_electricity_meter_power_consumption_electricity_meter_power_production_net_power,-80.0,2026-03-08T08:54:58.330Z
sensor.energy_grid_electricity_meter_power_consumption_electricity_meter_power_production_net_power,250.0,2026-03-08T08:55:29.331Z
sensor.energy_grid_electricity_meter_power_consumption_electricity_meter_power_production_net_power,-177.0,2026-03-08T08:56:00.330Z
sensor.energy_grid_electricity_meter_power_consumption_electricity_meter_power_production_net_power,-305.0,2026-03-08T08:56:31.327Z
sensor.energy_grid_electricity_meter_power_consumption_electricity_meter_power_production_net_power,-361.0,2026-03-08T08:57:01.339Z
sensor.energy_grid_electricity_meter_power_consumption_electricity_meter_power_production_net_power,-587.0,2026-03-08T08:57:32.335Z
sensor.energy_grid_electricity_meter_power_consumption_electricity_meter_power_production_net_power,-1033.0,2026-03-08T08:58:03.337Z
sensor.energy_grid_electricity_meter_power_consumption_electricity_meter_power_production_net_power,516.0,2026-03-08T08:58:34.332Z
sensor.energy_grid_electricity_meter_power_consumption_electricity_meter_power_production_net_power,447.0,2026-03-08T08:59:05.335Z
sensor.energy_grid_electricity_meter_power_consumption_electricity_meter_power_production_net_power,1331.0,2026-03-08T08:59:36.324Z
sensor.energy_grid_electricity_meter_power_consumption_electricity_meter_power_production_net_power,1329.0,2026-03-08T09:00:06.342Z
sensor.energy_grid_electricity_meter_power_consumption_electricity_meter_power_production_net_power,-241.0,2026-03-08T09:00:37.331Z
sensor.energy_grid_electricity_meter_power_consumption_electricity_meter_power_production_net_power,-200.0,2026-03-08T09:01:08.334Z
sensor.energy_grid_electricity_meter_power_consumption_electricity_meter_power_production_net_power,225.0,2026-03-08T09:01:39.329Z
sensor.energy_grid_electricity_meter_power_consumption_electricity_meter_power_production_net_power,123.0,2026-03-08T09:02:10.323Z
sensor.energy_grid_electricity_meter_power_consumption_electricity_meter_power_production_net_power,-275.0,2026-03-08T09:02:41.322Z
sensor.energy_grid_electricity_meter_power_consumption_electricity_meter_power_production_net_power,-116.0,2026-03-08T09:03:12.332Z
sensor.energy_grid_electricity_meter_power_consumption_electricity_meter_power_production_net_power,716.0,2026-03-08T09:03:42.383Z
sensor.energy_grid_electricity_meter_power_consumption_electricity_meter_power_production_net_power,1006.0,2026-03-08T09:04:13.327Z
sensor.energy_grid_electricity_meter_power_consumption_electricity_meter_power_production_net_power,530.0,2026-03-08T09:04:43.331Z
sensor.energy_grid_electricity_meter_power_consumption_electricity_meter_power_production_net_power,374.0,2026-03-08T09:05:14.326Z
sensor.energy_grid_electricity_meter_power_consumption_electricity_meter_power_production_net_power,208.0,2026-03-08T09:05:44.329Z
sensor.energy_grid_electricity_meter_power_consumption_electricity_meter_power_production_net_power,-1991.0,2026-03-08T09:06:14.341Z
sensor.energy_grid_electricity_meter_power_consumption_electricity_meter_power_production_net_power,-2314.0,2026-03-08T09:06:45.318Z
sensor.energy_grid_electricity_meter_power_consumption_electricity_meter_power_production_net_power,-996.0,2026-03-08T09:07:16.320Z
sensor.energy_grid_electricity_meter_power_consumption_electricity_meter_power_production_net_power,-895.0,2026-03-08T09:07:46.329Z
sensor.energy_grid_electricity_meter_power_consumption_electricity_meter_power_production_net_power,-1013.0,2026-03-08T09:08:16.341Z
sensor.energy_grid_electricity_meter_power_consumption_electricity_meter_power_production_net_power,-985.0,2026-03-08T09:08:47.325Z
sensor.energy_grid_electricity_meter_power_consumption_electricity_meter_power_production_net_power,-1086.0,2026-03-08T09:09:18.330Z
sensor.energy_grid_electricity_meter_power_consumption_electricity_meter_power_production_net_power,-1135.0,2026-03-08T09:09:49.336Z
sensor.energy_grid_electricity_meter_power_consumption_electricity_meter_power_production_net_power,-1079.0,2026-03-08T09:10:20.343Z
sensor.adaptivecharge_stormbreaker_net_surplus_excl_ev,1192.7,2026-03-08T08:45:00.000Z
sensor.adaptivecharge_stormbreaker_net_surplus_excl_ev,1197.5,2026-03-08T08:45:03.166Z
sensor.adaptivecharge_stormbreaker_net_surplus_excl_ev,1194.7,2026-03-08T08:45:13.166Z
sensor.adaptivecharge_stormbreaker_net_surplus_excl_ev,1196.3,2026-03-08T08:45:23.167Z
sensor.adaptivecharge_stormbreaker_net_surplus_excl_ev,1193.4,2026-03-08T08:45:33.167Z
sensor.adaptivecharge_stormbreaker_net_surplus_excl_ev,1470.8,2026-03-08T08:45:43.169Z
sensor.adaptivecharge_stormbreaker_net_surplus_excl_ev,1471.6,2026-03-08T08:45:53.171Z
sensor.adaptivecharge_stormbreaker_net_surplus_excl_ev,1469.4,2026-03-08T08:46:03.171Z
sensor.adaptivecharge_stormbreaker_net_surplus_excl_ev,1468.0,2026-03-08T08:46:13.172Z
sensor.adaptivecharge_stormbreaker_net_surplus_excl_ev,1466.7,2026-03-08T08:46:23.174Z
sensor.adaptivecharge_stormbreaker_net_surplus_excl_ev,1464.7,2026-03-08T08:46:33.186Z
sensor.adaptivecharge_stormbreaker_net_surplus_excl_ev,1431.7,2026-03-08T08:46:43.203Z
sensor.adaptivecharge_stormbreaker_net_surplus_excl_ev,1437.0,2026-03-08T08:46:53.205Z
sensor.adaptivecharge_stormbreaker_net_surplus_excl_ev,1431.7,2026-03-08T08:47:03.204Z
sensor.adaptivecharge_stormbreaker_net_surplus_excl_ev,1435.2,2026-03-08T08:47:13.206Z
sensor.adaptivecharge_stormbreaker_net_surplus_excl_ev,1437.2,2026-03-08T08:47:23.208Z
sensor.adaptivecharge_stormbreaker_net_surplus_excl_ev,1437.9,2026-03-08T08:47:33.208Z
sensor.adaptivecharge_stormbreaker_net_surplus_excl_ev,1436.4,2026-03-08T08:47:43.208Z
sensor.adaptivecharge_stormbreaker_net_surplus_excl_ev,1531.0,2026-03-08T08:47:53.209Z
sensor.adaptivecharge_stormbreaker_net_surplus_excl_ev,1527.9,2026-03-08T08:48:13.211Z
sensor.adaptivecharge_stormbreaker_net_surplus_excl_ev,1527.1,2026-03-08T08:48:23.212Z
sensor.adaptivecharge_stormbreaker_net_surplus_excl_ev,1525.6,2026-03-08T08:48:33.213Z
sensor.adaptivecharge_stormbreaker_net_surplus_excl_ev,1525.0,2026-03-08T08:48:43.214Z
sensor.adaptivecharge_stormbreaker_net_surplus_excl_ev,1805.6,2026-03-08T08:48:59.141Z
sensor.adaptivecharge_stormbreaker_net_surplus_excl_ev,3206.1,2026-03-08T08:49:03.216Z
sensor.adaptivecharge_stormbreaker_net_surplus_excl_ev,3211.7,2026-03-08T08:49:13.370Z
sensor.adaptivecharge_stormbreaker_net_surplus_excl_ev,3225.4,2026-03-08T08:49:23.218Z
sensor.adaptivecharge_stormbreaker_net_surplus_excl_ev,3217.4,2026-03-08T08:49:33.368Z
sensor.adaptivecharge_stormbreaker_net_surplus_excl_ev,3217.2,2026-03-08T08:49:43.220Z
sensor.adaptivecharge_stormbreaker_net_surplus_excl_ev,1795.2,2026-03-08T08:49:59.513Z
sensor.adaptivecharge_stormbreaker_net_surplus_excl_ev,2485.6,2026-03-08T08:50:03.223Z
sensor.adaptivecharge_stormbreaker_net_surplus_excl_ev,2489.1,2026-03-08T08:50:13.224Z
sensor.adaptivecharge_stormbreaker_net_surplus_excl_ev,2497.5,2026-03-08T08:50:23.375Z
sensor.adaptivecharge_stormbreaker_net_surplus_excl_ev,2486.8,2026-03-08T08:50:33.225Z
sensor.adaptivecharge_stormbreaker_net_surplus_excl_ev,2475.6,2026-03-08T08:50:43.225Z
sensor.adaptivecharge_stormbreaker_net_surplus_excl_ev,1838.2,2026-03-08T08:51:00.518Z
sensor.adaptivecharge_stormbreaker_net_surplus_excl_ev,429.7,2026-03-08T08:51:03.229Z
sensor.adaptivecharge_stormbreaker_net_surplus_excl_ev,420.9,2026-03-08T08:51:13.231Z
sensor.adaptivecharge_stormbreaker_net_surplus_excl_ev,425.9,2026-03-08T08:51:23.380Z
sensor.adaptivecharge_stormbreaker_net_surplus_excl_ev,424.8,2026-03-08T08:51:33.232Z
sensor.adaptivecharge_stormbreaker_net_surplus_excl_ev,423.7,2026-03-08T08:51:43.233Z
sensor.adaptivecharge_stormbreaker_net_surplus_excl_ev,2167.3,2026-03-08T08:51:53.387Z
sensor.adaptivecharge_stormbreaker_net_surplus_excl_ev,2159.8,2026-03-08T08:52:03.235Z
sensor.adaptivecharge_stormbreaker_net_surplus_excl_ev,2166.8,2026-03-08T08:52:19.508Z
sensor.adaptivecharge_stormbreaker_net_surplus_excl_ev,2863.5,2026-03-08T08:52:23.238Z
sensor.adaptivecharge_stormbreaker_net_surplus_excl_ev,2877.3,2026-03-08T08:52:33.392Z
sensor.adaptivecharge_stormbreaker_net_surplus_excl_ev,2870.0,2026-03-08T08:52:43.240Z
sensor.adaptivecharge_stormbreaker_net_surplus_excl_ev,1680.4,2026-03-08T08:52:53.394Z
sensor.adaptivecharge_stormbreaker_net_surplus_excl_ev,1682.5,2026-03-08T08:53:03.240Z
sensor.adaptivecharge_stormbreaker_net_surplus_excl_ev,1682.1,2026-03-08T08:53:13.241Z
sensor.adaptivecharge_stormbreaker_net_surplus_excl_ev,1684.3,2026-03-08T08:53:28.794Z
sensor.adaptivecharge_stormbreaker_net_surplus_excl_ev,976.5,2026-03-08T08:53:33.243Z
sensor.adaptivecharge_stormbreaker_net_surplus_excl_ev,973.0,2026-03-08T08:53:43.244Z
sensor.adaptivecharge_stormbreaker_net_surplus_excl_ev,1647.1,2026-03-08T08:53:53.393Z
sensor.adaptivecharge_stormbreaker_net_surplus_excl_ev,1637.0,2026-03-08T08:54:03.245Z
sensor.adaptivecharge_stormbreaker_net_surplus_excl_ev,1637.8,2026-03-08T08:54:13.246Z
sensor.adaptivecharge_stormbreaker_net_surplus_excl_ev,1641.1,2026-03-08T08:54:23.246Z
sensor.adaptivecharge_stormbreaker_net_surplus_excl_ev,1642.4,2026-03-08T08:54:33.246Z
sensor.adaptivecharge_stormbreaker_net_surplus_excl_ev,1634.8,2026-03-08T08:54:43.247Z
sensor.adaptivecharge_stormbreaker_net_surplus_excl_ev,1642.2,2026-03-08T08:54:53.248Z
sensor.adaptivecharge_stormbreaker_net_surplus_excl_ev,1528.3,2026-03-08T08:55:03.249Z
sensor.adaptivecharge_stormbreaker_net_surplus_excl_ev,1529.6,2026-03-08T08:55:13.250Z
sensor.adaptivecharge_stormbreaker_net_surplus_excl_ev,1539.5,2026-03-08T08:55:23.251Z
sensor.adaptivecharge_stormbreaker_net_surplus_excl_ev,1537.5,2026-03-08T08:55:33.251Z
sensor.adaptivecharge_stormbreaker_net_surplus_excl_ev,1531.7,2026-03-08T08:55:43.252Z
sensor.adaptivecharge_stormbreaker_net_surplus_excl_ev,1533.2,2026-03-08T08:55:53.260Z
sensor.adaptivecharge_stormbreaker_net_surplus_excl_ev,1597.7,2026-03-08T08:56:03.261Z
sensor.adaptivecharge_stormbreaker_net_surplus_excl_ev,1597.9,2026-03-08T08:56:13.263Z
sensor.adaptivecharge_stormbreaker_net_surplus_excl_ev,1602.6,2026-03-08T08:56:23.263Z
sensor.adaptivecharge_stormbreaker_net_surplus_excl_ev,1601.4,2026-03-08T08:56:33.264Z
sensor.adaptivecharge_stormbreaker_net_surplus_excl_ev,1601.9,2026-03-08T08:56:43.265Z
sensor.adaptivecharge_stormbreaker_net_surplus_excl_ev,1603.4,2026-03-08T08:56:53.265Z
sensor.adaptivecharge_stormbreaker_net_surplus_excl_ev,1782.9,2026-03-08T08:57:03.267Z
sensor.adaptivecharge_stormbreaker_net_surplus_excl_ev,1783.5,2026-03-08T08:57:13.267Z
sensor.adaptivecharge_stormbreaker_net_surplus_excl_ev,1783.1,2026-03-08T08:57:23.267Z
sensor.adaptivecharge_stormbreaker_net_surplus_excl_ev,1776.0,2026-03-08T08:57:33.269Z
sensor.adaptivecharge_stormbreaker_net_surplus_excl_ev,1776.5,2026-03-08T08:57:43.270Z
sensor.adaptivecharge_stormbreaker_net_surplus_excl_ev,1779.7,2026-03-08T08:57:53.271Z
sensor.adaptivecharge_stormbreaker_net_surplus_excl_ev,2277.6,2026-03-08T08:58:08.569Z
sensor.adaptivecharge_stormbreaker_net_surplus_excl_ev,3668.6,2026-03-08T08:58:13.274Z
sensor.adaptivecharge_stormbreaker_net_surplus_excl_ev,3676.2,2026-03-08T08:58:23.432Z
sensor.adaptivecharge_stormbreaker_net_surplus_excl_ev,3687.4,2026-03-08T08:58:33.275Z
sensor.adaptivecharge_stormbreaker_net_surplus_excl_ev,3671.8,2026-03-08T08:58:43.430Z
sensor.adaptivecharge_stormbreaker_net_surplus_excl_ev,3683.6,2026-03-08T08:58:53.276Z
sensor.adaptivecharge_stormbreaker_net_surplus_excl_ev,2383.8,2026-03-08T08:59:05.666Z
sensor.adaptivecharge_stormbreaker_net_surplus_excl_ev,3102.3,2026-03-08T08:59:13.277Z
sensor.adaptivecharge_stormbreaker_net_surplus_excl_ev,3084.6,2026-03-08T08:59:23.278Z
sensor.adaptivecharge_stormbreaker_net_surplus_excl_ev,3087.6,2026-03-08T08:59:33.429Z
sensor.adaptivecharge_stormbreaker_net_surplus_excl_ev,3102.3,2026-03-08T08:59:43.279Z
sensor.adaptivecharge_stormbreaker_net_surplus_excl_ev,3092.9,2026-03-08T08:59:53.281Z
sensor.adaptivecharge_stormbreaker_net_surplus_excl_ev,2077.5,2026-03-08T09:00:10.086Z
sensor.adaptivecharge_stormbreaker_net_surplus_excl_ev,677.1,2026-03-08T09:00:13.457Z
sensor.adaptivecharge_stormbreaker_net_surplus_excl_ev,664.0,2026-03-08T09:00:23.457Z
sensor.adaptivecharge_stormbreaker_net_surplus_excl_ev,683.9,2026-03-08T09:00:33.611Z
sensor.adaptivecharge_stormbreaker_net_surplus_excl_ev,675.2,2026-03-08T09:00:43.459Z
sensor.adaptivecharge_stormbreaker_net_surplus_excl_ev,683.7,2026-03-08T09:00:53.460Z
sensor.adaptivecharge_stormbreaker_net_surplus_excl_ev,2487.2,2026-03-08T09:01:03.615Z
sensor.adaptivecharge_stormbreaker_net_surplus_excl_ev,2494.0,2026-03-08T09:01:13.462Z
sensor.adaptivecharge_stormbreaker_net_surplus_excl_ev,2482.7,2026-03-08T09:01:29.852Z
sensor.adaptivecharge_stormbreaker_net_surplus_excl_ev,3193.7,2026-03-08T09:01:33.465Z
sensor.adaptivecharge_stormbreaker_net_surplus_excl_ev,3185.8,2026-03-08T09:01:43.623Z
sensor.adaptivecharge_stormbreaker_net_surplus_excl_ev,3195.7,2026-03-08T09:01:53.466Z
sensor.adaptivecharge_stormbreaker_net_surplus_excl_ev,3236.3,2026-03-08T09:02:03.468Z
sensor.adaptivecharge_stormbreaker_net_surplus_excl_ev,2661.4,2026-03-08T09:02:13.619Z
sensor.adaptivecharge_stormbreaker_net_surplus_excl_ev,2641.9,2026-03-08T09:02:23.469Z
sensor.adaptivecharge_stormbreaker_net_surplus_excl_ev,2658.0,2026-03-08T09:02:33.470Z
sensor.adaptivecharge_stormbreaker_net_surplus_excl_ev,2643.5,2026-03-08T09:02:43.471Z
sensor.adaptivecharge_stormbreaker_net_surplus_excl_ev,2652.7,2026-03-08T09:02:53.472Z
sensor.adaptivecharge_stormbreaker_net_surplus_excl_ev,2660.0,2026-03-08T09:03:03.473Z
sensor.adaptivecharge_stormbreaker_net_surplus_excl_ev,3222.2,2026-03-08T09:03:15.664Z
sensor.adaptivecharge_stormbreaker_net_surplus_excl_ev,3916.0,2026-03-08T09:03:23.475Z
sensor.adaptivecharge_stormbreaker_net_surplus_excl_ev,3931.7,2026-03-08T09:03:33.644Z
sensor.adaptivecharge_stormbreaker_net_surplus_excl_ev,3942.3,2026-03-08T09:03:43.478Z
sensor.adaptivecharge_stormbreaker_net_surplus_excl_ev,3915.2,2026-03-08T09:03:53.478Z
sensor.adaptivecharge_stormbreaker_net_surplus_excl_ev,3924.2,2026-03-08T09:04:03.479Z
sensor.adaptivecharge_stormbreaker_net_surplus_excl_ev,2675.1,2026-03-08T09:04:13.671Z
sensor.adaptivecharge_stormbreaker_net_surplus_excl_ev,2687.6,2026-03-08T09:04:29.756Z
sensor.adaptivecharge_stormbreaker_net_surplus_excl_ev,1981.5,2026-03-08T09:04:33.632Z
sensor.adaptivecharge_stormbreaker_net_surplus_excl_ev,1978.9,2026-03-08T09:04:43.634Z
sensor.adaptivecharge_stormbreaker_net_surplus_excl_ev,1981.3,2026-03-08T09:04:53.483Z
sensor.adaptivecharge_stormbreaker_net_surplus_excl_ev,1960.5,2026-03-08T09:05:03.483Z
sensor.adaptivecharge_stormbreaker_net_surplus_excl_ev,2403.6,2026-03-08T09:05:13.638Z
sensor.adaptivecharge_stormbreaker_net_surplus_excl_ev,2394.2,2026-03-08T09:05:23.485Z
sensor.adaptivecharge_stormbreaker_net_surplus_excl_ev,2403.3,2026-03-08T09:05:33.487Z
sensor.adaptivecharge_stormbreaker_net_surplus_excl_ev,2411.5,2026-03-08T09:05:50.086Z
sensor.adaptivecharge_stormbreaker_net_surplus_excl_ev,-2.7,2026-03-08T09:05:53.487Z
sensor.adaptivecharge_stormbreaker_net_surplus_excl_ev,-4.1,2026-03-08T09:06:03.489Z
sensor.adaptivecharge_stormbreaker_net_surplus_excl_ev,2333.5,2026-03-08T09:06:13.646Z
sensor.adaptivecharge_stormbreaker_net_surplus_excl_ev,2334.9,2026-03-08T09:06:23.491Z
sensor.adaptivecharge_stormbreaker_net_surplus_excl_ev,2332.2,2026-03-08T09:06:33.649Z
sensor.adaptivecharge_stormbreaker_net_surplus_excl_ev,2337.5,2026-03-08T09:06:43.493Z
sensor.adaptivecharge_stormbreaker_net_surplus_excl_ev,2334.3,2026-03-08T09:07:00.092Z
sensor.adaptivecharge_stormbreaker_net_surplus_excl_ev,4047.8,2026-03-08T09:07:03.493Z
sensor.adaptivecharge_stormbreaker_net_surplus_excl_ev,3205.7,2026-03-08T09:07:13.644Z
sensor.adaptivecharge_stormbreaker_net_surplus_excl_ev,3209.8,2026-03-08T09:07:23.494Z
sensor.adaptivecharge_stormbreaker_net_surplus_excl_ev,3213.1,2026-03-08T09:07:33.651Z
sensor.adaptivecharge_stormbreaker_net_surplus_excl_ev,3211.2,2026-03-08T09:07:43.499Z
sensor.adaptivecharge_stormbreaker_net_surplus_excl_ev,3199.1,2026-03-08T09:07:53.499Z
sensor.adaptivecharge_stormbreaker_net_surplus_excl_ev,3193.7,2026-03-08T09:08:03.500Z
sensor.adaptivecharge_stormbreaker_net_surplus_excl_ev,3194.9,2026-03-08T09:08:13.501Z
sensor.adaptivecharge_stormbreaker_net_surplus_excl_ev,3158.9,2026-03-08T09:08:23.502Z
sensor.adaptivecharge_stormbreaker_net_surplus_excl_ev,3159.8,2026-03-08T09:08:33.503Z
sensor.adaptivecharge_stormbreaker_net_surplus_excl_ev,3170.3,2026-03-08T09:08:43.504Z
sensor.adaptivecharge_stormbreaker_net_surplus_excl_ev,3164.4,2026-03-08T09:08:53.506Z
sensor.adaptivecharge_stormbreaker_net_surplus_excl_ev,3166.4,2026-03-08T09:09:03.505Z
sensor.adaptivecharge_stormbreaker_net_surplus_excl_ev,3167.2,2026-03-08T09:09:13.506Z
sensor.adaptivecharge_stormbreaker_net_surplus_excl_ev,3211.0,2026-03-08T09:09:23.506Z
sensor.adaptivecharge_stormbreaker_net_surplus_excl_ev,3212.8,2026-03-08T09:09:33.508Z
sensor.adaptivecharge_stormbreaker_net_surplus_excl_ev,3204.2,2026-03-08T09:09:43.508Z
sensor.adaptivecharge_stormbreaker_net_surplus_excl_ev,3202.7,2026-03-08T09:09:53.509Z
sensor.adaptivecharge_stormbreaker_net_surplus_excl_ev,3200.3,2026-03-08T09:10:03.510Z
sensor.adaptivecharge_stormbreaker_net_surplus_excl_ev,3203.5,2026-03-08T09:10:13.510Z
sensor.adaptivecharge_stormbreaker_net_surplus_excl_ev,3214.5,2026-03-08T09:10:23.512Z
sensor.adaptivecharge_stormbreaker_net_surplus_excl_ev,3223.5,2026-03-08T09:10:33.514Z
sensor.adaptivecharge_stormbreaker_net_surplus_excl_ev,3222.0,2026-03-08T09:10:43.516Z
sensor.envoy_122252032811_balanced_net_power_consumption,-0.474,2026-03-08T08:45:00.000Z
sensor.envoy_122252032811_balanced_net_power_consumption,-0.747,2026-03-08T08:45:40.062Z
sensor.envoy_122252032811_balanced_net_power_consumption,-0.711,2026-03-08T08:46:41.404Z
sensor.envoy_122252032811_balanced_net_power_consumption,-0.803,2026-03-08T08:47:43.526Z
sensor.envoy_122252032811_balanced_net_power_consumption,-1.084,2026-03-08T08:48:45.209Z
sensor.envoy_122252032811_balanced_net_power_consumption,0.351,2026-03-08T08:49:47.660Z
sensor.envoy_122252032811_balanced_net_power_consumption,1.007,2026-03-08T08:50:49.231Z
sensor.envoy_122252032811_balanced_net_power_consumption,-0.73,2026-03-08T08:51:50.851Z
sensor.envoy_122252032811_balanced_net_power_consumption,0.459,2026-03-08T08:52:51.449Z
sensor.envoy_122252032811_balanced_net_power_consumption,-0.208,2026-03-08T08:53:52.217Z
sensor.envoy_122252032811_balanced_net_power_consumption,-0.102,2026-03-08T08:54:53.632Z
sensor.envoy_122252032811_balanced_net_power_consumption,-0.167,2026-03-08T08:55:54.847Z
sensor.envoy_122252032811_balanced_net_power_consumption,-0.345,2026-03-08T08:56:55.968Z
sensor.envoy_122252032811_balanced_net_power_consumption,-0.839,2026-03-08T08:57:57.199Z
sensor.envoy_122252032811_balanced_net_power_consumption,0.452,2026-03-08T08:58:58.831Z
sensor.envoy_122252032811_balanced_net_power_consumption,1.464,2026-03-08T09:00:00.116Z
sensor.envoy_122252032811_balanced_net_power_consumption,-0.348,2026-03-08T09:01:01.291Z
sensor.envoy_122252032811_balanced_net_power_consumption,0.191,2026-03-08T09:02:03.521Z
sensor.envoy_122252032811_balanced_net_power_consumption,-0.379,2026-03-08T09:03:05.473Z
sensor.envoy_122252032811_balanced_net_power_consumption,0.858,2026-03-08T09:04:08.038Z
sensor.envoy_122252032811_balanced_net_power_consumption,0.432,2026-03-08T09:05:10.149Z
sensor.envoy_122252032811_balanced_net_power_consumption,-1.911,2026-03-08T09:06:11.638Z
sensor.envoy_122252032811_balanced_net_power_consumption,-1.068,2026-03-08T09:07:12.994Z
sensor.envoy_122252032811_balanced_net_power_consumption,-1.034,2026-03-08T09:08:15.226Z
sensor.envoy_122252032811_balanced_net_power_consumption,-1.083,2026-03-08T09:09:17.385Z
sensor.envoy_122252032811_balanced_net_power_consumption,-1.098,2026-03-08T09:10:18.825Z
sensor.adaptivecharge_stormbreaker_input_skew,0.0,2026-03-08T08:45:00.000Z
sensor.adaptivecharge_stormbreaker_current_setting,2,2026-03-08T08:45:00.000Z
sensor.adaptivecharge_stormbreaker_current_setting,3,2026-03-08T08:48:59.141Z
sensor.adaptivecharge_stormbreaker_current_setting,4,2026-03-08T08:49:13.371Z
sensor.adaptivecharge_stormbreaker_current_setting,5,2026-03-08T08:49:33.369Z
sensor.adaptivecharge_stormbreaker_current_setting,4,2026-03-08T08:49:59.514Z
sensor.adaptivecharge_stormbreaker_current_setting,3,2026-03-08T08:50:23.376Z
sensor.adaptivecharge_stormbreaker_current_setting,2,2026-03-08T08:51:00.519Z
sensor.adaptivecharge_stormbreaker_current_setting,1,2026-03-08T08:51:23.382Z
sensor.adaptivecharge_stormbreaker_current_setting,2,2026-03-08T08:51:53.389Z
sensor.adaptivecharge_stormbreaker_current_setting,3,2026-03-08T08:52:19.509Z
sensor.adaptivecharge_stormbreaker_current_setting,4,2026-03-08T08:52:33.392Z
sensor.adaptivecharge_stormbreaker_current_setting,3,2026-03-08T08:52:53.395Z
sensor.adaptivecharge_stormbreaker_current_setting,2,2026-03-08T08:53:28.796Z
sensor.adaptivecharge_stormbreaker_current_setting,3,2026-03-08T08:53:53.394Z
sensor.adaptivecharge_stormbreaker_current_setting,4,2026-03-08T08:58:08.571Z
sensor.adaptivecharge_stormbreaker_current_setting,5,2026-03-08T08:58:23.432Z
sensor.adaptivecharge_stormbreaker_current_setting,6,2026-03-08T08:58:43.431Z
sensor.adaptivecharge_stormbreaker_current_setting,5,2026-03-08T08:59:05.668Z
sensor.adaptivecharge_stormbreaker_current_setting,4,2026-03-08T08:59:33.431Z
sensor.adaptivecharge_stormbreaker_current_setting,3,2026-03-08T09:00:10.087Z
sensor.adaptivecharge_stormbreaker_current_setting,2,2026-03-08T09:00:33.612Z
sensor.adaptivecharge_stormbreaker_current_setting,3,2026-03-08T09:01:03.616Z
sensor.adaptivecharge_stormbreaker_current_setting,4,2026-03-08T09:01:29.854Z
sensor.adaptivecharge_stormbreaker_current_setting,5,2026-03-08T09:01:43.624Z
sensor.adaptivecharge_stormbreaker_current_setting,4,2026-03-08T09:02:13.620Z
sensor.adaptivecharge_stormbreaker_current_setting,5,2026-03-08T09:03:15.665Z
sensor.adaptivecharge_stormbreaker_current_setting,6,2026-03-08T09:03:33.645Z
sensor.adaptivecharge_stormbreaker_current_setting,5,2026-03-08T09:04:13.672Z
sensor.adaptivecharge_stormbreaker_current_setting,4,2026-03-08T09:04:29.758Z
sensor.adaptivecharge_stormbreaker_current_setting,3,2026-03-08T09:04:33.632Z
sensor.adaptivecharge_stormbreaker_current_setting,2,2026-03-08T09:04:43.635Z
sensor.adaptivecharge_stormbreaker_current_setting,1,2026-03-08T09:05:13.639Z
sensor.adaptivecharge_stormbreaker_current_setting,0,2026-03-08T09:05:50.088Z
sensor.adaptivecharge_stormbreaker_current_setting,1,2026-03-08T09:06:13.648Z
sensor.adaptivecharge_stormbreaker_current_setting,2,2026-03-08T09:06:33.650Z
sensor.adaptivecharge_stormbreaker_current_setting,3,2026-03-08T09:07:00.093Z
sensor.adaptivecharge_stormbreaker_current_setting,4,2026-03-08T09:07:13.645Z
sensor.adaptivecharge_stormbreaker_current_setting,5,2026-03-08T09:07:33.652Z
sensor.adaptivecharge_stormbreaker_available_current_decision,1.71,2026-03-08T08:45:00.000Z
sensor.adaptivecharge_stormbreaker_available_current_decision,2.1,2026-03-08T08:45:43.171Z
sensor.adaptivecharge_stormbreaker_available_current_decision,2.05,2026-03-08T08:46:43.203Z
sensor.adaptivecharge_stormbreaker_available_current_decision,2.04,2026-03-08T08:47:03.205Z
sensor.adaptivecharge_stormbreaker_available_current_decision,2.05,2026-03-08T08:47:13.208Z
sensor.adaptivecharge_stormbreaker_available_current_decision,2.18,2026-03-08T08:47:53.211Z
sensor.adaptivecharge_stormbreaker_available_current_decision,2.17,2026-03-08T08:48:33.214Z
sensor.adaptivecharge_stormbreaker_available_current_decision,2.18,2026-03-08T08:48:43.216Z
sensor.adaptivecharge_stormbreaker_available_current_decision,2.57,2026-03-08T08:48:59.142Z
sensor.adaptivecharge_stormbreaker_available_current_decision,4.57,2026-03-08T08:49:03.217Z
sensor.adaptivecharge_stormbreaker_available_current_decision,4.58,2026-03-08T08:49:13.371Z
sensor.adaptivecharge_stormbreaker_available_current_decision,4.59,2026-03-08T08:49:23.220Z
sensor.adaptivecharge_stormbreaker_available_current_decision,4.58,2026-03-08T08:49:33.369Z
sensor.adaptivecharge_stormbreaker_available_current_decision,2.56,2026-03-08T08:49:59.515Z
sensor.adaptivecharge_stormbreaker_available_current_decision,3.54,2026-03-08T08:50:03.224Z
sensor.adaptivecharge_stormbreaker_available_current_decision,3.55,2026-03-08T08:50:13.226Z
sensor.adaptivecharge_stormbreaker_available_current_decision,3.56,2026-03-08T08:50:23.377Z
sensor.adaptivecharge_stormbreaker_available_current_decision,3.55,2026-03-08T08:50:33.226Z
sensor.adaptivecharge_stormbreaker_available_current_decision,3.53,2026-03-08T08:50:43.227Z
sensor.adaptivecharge_stormbreaker_available_current_decision,2.62,2026-03-08T08:51:00.519Z
sensor.adaptivecharge_stormbreaker_available_current_decision,0.61,2026-03-08T08:51:03.230Z
sensor.adaptivecharge_stormbreaker_available_current_decision,0.6,2026-03-08T08:51:13.233Z
sensor.adaptivecharge_stormbreaker_available_current_decision,0.61,2026-03-08T08:51:23.382Z
sensor.adaptivecharge_stormbreaker_available_current_decision,0.6,2026-03-08T08:51:33.234Z
sensor.adaptivecharge_stormbreaker_available_current_decision,3.08,2026-03-08T08:51:53.389Z
sensor.adaptivecharge_stormbreaker_available_current_decision,3.07,2026-03-08T08:52:03.236Z
sensor.adaptivecharge_stormbreaker_available_current_decision,4.07,2026-03-08T08:52:23.239Z
sensor.adaptivecharge_stormbreaker_available_current_decision,4.09,2026-03-08T08:52:33.393Z
sensor.adaptivecharge_stormbreaker_available_current_decision,4.08,2026-03-08T08:52:43.242Z
sensor.adaptivecharge_stormbreaker_available_current_decision,2.39,2026-03-08T08:52:53.395Z
sensor.adaptivecharge_stormbreaker_available_current_decision,2.4,2026-03-08T08:53:28.796Z
sensor.adaptivecharge_stormbreaker_available_current_decision,1.39,2026-03-08T08:53:33.245Z
sensor.adaptivecharge_stormbreaker_available_current_decision,2.35,2026-03-08T08:53:53.394Z
sensor.adaptivecharge_stormbreaker_available_current_decision,2.33,2026-03-08T08:54:03.246Z
sensor.adaptivecharge_stormbreaker_available_current_decision,2.34,2026-03-08T08:54:23.247Z
sensor.adaptivecharge_stormbreaker_available_current_decision,2.33,2026-03-08T08:54:43.248Z
sensor.adaptivecharge_stormbreaker_available_current_decision,2.34,2026-03-08T08:54:53.250Z
sensor.adaptivecharge_stormbreaker_available_current_decision,2.18,2026-03-08T08:55:03.250Z
sensor.adaptivecharge_stormbreaker_available_current_decision,2.19,2026-03-08T08:55:23.253Z
sensor.adaptivecharge_stormbreaker_available_current_decision,2.18,2026-03-08T08:55:43.254Z
sensor.adaptivecharge_stormbreaker_available_current_decision,2.27,2026-03-08T08:56:03.263Z
sensor.adaptivecharge_stormbreaker_available_current_decision,2.28,2026-03-08T08:56:53.267Z
sensor.adaptivecharge_stormbreaker_available_current_decision,2.53,2026-03-08T08:57:03.268Z
sensor.adaptivecharge_stormbreaker_available_current_decision,2.51,2026-03-08T08:57:33.271Z
sensor.adaptivecharge_stormbreaker_available_current_decision,2.52,2026-03-08T08:57:43.271Z
sensor.adaptivecharge_stormbreaker_available_current_decision,3.22,2026-03-08T08:58:08.571Z
sensor.adaptivecharge_stormbreaker_available_current_decision,5.2,2026-03-08T08:58:13.276Z
sensor.adaptivecharge_stormbreaker_available_current_decision,5.21,2026-03-08T08:58:23.433Z
sensor.adaptivecharge_stormbreaker_available_current_decision,5.23,2026-03-08T08:58:33.277Z
sensor.adaptivecharge_stormbreaker_available_current_decision,5.21,2026-03-08T08:58:43.432Z
sensor.adaptivecharge_stormbreaker_available_current_decision,5.24,2026-03-08T08:58:53.278Z
sensor.adaptivecharge_stormbreaker_available_current_decision,3.39,2026-03-08T08:59:05.668Z
sensor.adaptivecharge_stormbreaker_available_current_decision,4.4,2026-03-08T08:59:13.278Z
sensor.adaptivecharge_stormbreaker_available_current_decision,4.37,2026-03-08T08:59:23.280Z
sensor.adaptivecharge_stormbreaker_available_current_decision,4.38,2026-03-08T08:59:33.431Z
sensor.adaptivecharge_stormbreaker_available_current_decision,4.39,2026-03-08T08:59:43.281Z
sensor.adaptivecharge_stormbreaker_available_current_decision,2.95,2026-03-08T09:00:10.087Z
sensor.adaptivecharge_stormbreaker_available_current_decision,0.96,2026-03-08T09:00:13.458Z
sensor.adaptivecharge_stormbreaker_available_current_decision,0.94,2026-03-08T09:00:23.458Z
sensor.adaptivecharge_stormbreaker_available_current_decision,0.97,2026-03-08T09:00:33.612Z
sensor.adaptivecharge_stormbreaker_available_current_decision,0.95,2026-03-08T09:00:43.461Z
sensor.adaptivecharge_stormbreaker_available_current_decision,0.97,2026-03-08T09:00:53.462Z
sensor.adaptivecharge_stormbreaker_available_current_decision,3.51,2026-03-08T09:01:03.616Z
sensor.adaptivecharge_stormbreaker_available_current_decision,3.52,2026-03-08T09:01:13.464Z
sensor.adaptivecharge_stormbreaker_available_current_decision,3.5,2026-03-08T09:01:29.854Z
sensor.adaptivecharge_stormbreaker_available_current_decision,4.51,2026-03-08T09:01:33.467Z
sensor.adaptivecharge_stormbreaker_available_current_decision,4.5,2026-03-08T09:01:43.625Z
sensor.adaptivecharge_stormbreaker_available_current_decision,4.56,2026-03-08T09:02:03.470Z
sensor.adaptivecharge_stormbreaker_available_current_decision,3.78,2026-03-08T09:02:13.620Z
sensor.adaptivecharge_stormbreaker_available_current_decision,3.75,2026-03-08T09:02:23.471Z
sensor.adaptivecharge_stormbreaker_available_current_decision,3.77,2026-03-08T09:02:33.471Z
sensor.adaptivecharge_stormbreaker_available_current_decision,3.75,2026-03-08T09:02:43.473Z
sensor.adaptivecharge_stormbreaker_available_current_decision,3.76,2026-03-08T09:02:53.473Z
sensor.adaptivecharge_stormbreaker_available_current_decision,3.78,2026-03-08T09:03:03.475Z
sensor.adaptivecharge_stormbreaker_available_current_decision,4.59,2026-03-08T09:03:15.666Z
sensor.adaptivecharge_stormbreaker_available_current_decision,5.6,2026-03-08T09:03:23.476Z
sensor.adaptivecharge_stormbreaker_available_current_decision,5.62,2026-03-08T09:03:33.646Z
sensor.adaptivecharge_stormbreaker_available_current_decision,5.59,2026-03-08T09:03:53.480Z
sensor.adaptivecharge_stormbreaker_available_current_decision,5.61,2026-03-08T09:04:03.480Z
sensor.adaptivecharge_stormbreaker_available_current_decision,3.83,2026-03-08T09:04:13.673Z
sensor.adaptivecharge_stormbreaker_available_current_decision,3.84,2026-03-08T09:04:29.758Z
sensor.adaptivecharge_stormbreaker_available_current_decision,2.84,2026-03-08T09:04:33.633Z
sensor.adaptivecharge_stormbreaker_available_current_decision,2.83,2026-03-08T09:04:43.636Z
sensor.adaptivecharge_stormbreaker_available_current_decision,2.81,2026-03-08T09:05:03.484Z
sensor.adaptivecharge_stormbreaker_available_current_decision,3.44,2026-03-08T09:05:13.639Z
sensor.adaptivecharge_stormbreaker_available_current_decision,3.43,2026-03-08T09:05:23.487Z
sensor.adaptivecharge_stormbreaker_available_current_decision,3.44,2026-03-08T09:05:33.489Z
sensor.adaptivecharge_stormbreaker_available_current_decision,3.45,2026-03-08T09:05:50.088Z
sensor.adaptivecharge_stormbreaker_available_current_decision,0.0,2026-03-08T09:05:53.489Z
sensor.adaptivecharge_stormbreaker_available_current_decision,3.33,2026-03-08T09:06:13.648Z
sensor.adaptivecharge_stormbreaker_available_current_decision,3.32,2026-03-08T09:06:33.650Z
sensor.adaptivecharge_stormbreaker_available_current_decision,3.31,2026-03-08T09:07:00.093Z
sensor.adaptivecharge_stormbreaker_available_current_decision,5.75,2026-03-08T09:07:03.495Z
sensor.adaptivecharge_stormbreaker_available_current_decision,4.55,2026-03-08T09:07:13.645Z
sensor.adaptivecharge_stormbreaker_available_current_decision,4.56,2026-03-08T09:07:23.495Z
sensor.adaptivecharge_stormbreaker_available_current_decision,4.55,2026-03-08T09:07:43.501Z
sensor.adaptivecharge_stormbreaker_available_current_decision,4.53,2026-03-08T09:07:53.501Z
sensor.adaptivecharge_stormbreaker_available_current_decision,4.47,2026-03-08T09:08:23.503Z
sensor.adaptivecharge_stormbreaker_available_current_decision,4.48,2026-03-08T09:08:33.505Z
sensor.adaptivecharge_stormbreaker_available_current_decision,4.49,2026-03-08T09:08:43.506Z
sensor.adaptivecharge_stormbreaker_available_current_decision,4.55,2026-03-08T09:09:23.508Z
sensor.adaptivecharge_stormbreaker_available_current_decision,4.54,2026-03-08T09:09:43.510Z
sensor.adaptivecharge_stormbreaker_available_current_decision,4.53,2026-03-08T09:09:53.510Z
sensor.adaptivecharge_stormbreaker_available_current_decision,4.55,2026-03-08T09:10:13.511Z
sensor.adaptivecharge_stormbreaker_available_current_decision,4.56,2026-03-08T09:10:23.513Z
sensor.adaptivecharge_stormbreaker_energy_charged,21.546,2026-03-08T08:45:00.000Z
sensor.adaptivecharge_stormbreaker_energy_charged,21.548,2026-03-08T08:45:03.168Z
sensor.adaptivecharge_stormbreaker_energy_charged,21.55,2026-03-08T08:45:13.168Z
sensor.adaptivecharge_stormbreaker_energy_charged,21.552,2026-03-08T08:45:23.168Z
sensor.adaptivecharge_stormbreaker_energy_charged,21.554,2026-03-08T08:45:33.170Z
sensor.adaptivecharge_stormbreaker_energy_charged,21.556,2026-03-08T08:45:43.172Z
sensor.adaptivecharge_stormbreaker_energy_charged,21.558,2026-03-08T08:45:53.174Z
sensor.adaptivecharge_stormbreaker_energy_charged,21.56,2026-03-08T08:46:03.172Z
sensor.adaptivecharge_stormbreaker_energy_charged,21.562,2026-03-08T08:46:13.175Z
sensor.adaptivecharge_stormbreaker_energy_charged,21.564,2026-03-08T08:46:23.176Z
sensor.adaptivecharge_stormbreaker_energy_charged,21.566,2026-03-08T08:46:33.186Z
sensor.adaptivecharge_stormbreaker_energy_charged,21.568,2026-03-08T08:46:43.204Z
sensor.adaptivecharge_stormbreaker_energy_charged,21.57,2026-03-08T08:46:53.207Z
sensor.adaptivecharge_stormbreaker_energy_charged,21.572,2026-03-08T08:47:03.206Z
sensor.adaptivecharge_stormbreaker_energy_charged,21.574,2026-03-08T08:47:13.209Z
sensor.adaptivecharge_stormbreaker_energy_charged,21.576,2026-03-08T08:47:23.210Z
sensor.adaptivecharge_stormbreaker_energy_charged,21.578,2026-03-08T08:47:33.210Z
sensor.adaptivecharge_stormbreaker_energy_charged,21.58,2026-03-08T08:47:43.211Z
sensor.adaptivecharge_stormbreaker_energy_charged,21.582,2026-03-08T08:47:53.212Z
sensor.adaptivecharge_stormbreaker_energy_charged,21.584,2026-03-08T08:48:03.211Z
sensor.adaptivecharge_stormbreaker_energy_charged,21.586,2026-03-08T08:48:13.214Z
sensor.adaptivecharge_stormbreaker_energy_charged,21.588,2026-03-08T08:48:23.214Z
sensor.adaptivecharge_stormbreaker_energy_charged,21.59,2026-03-08T08:48:33.215Z
sensor.adaptivecharge_stormbreaker_energy_charged,21.592,2026-03-08T08:48:43.216Z
sensor.adaptivecharge_stormbreaker_energy_charged,21.594,2026-03-08T08:48:59.142Z
sensor.adaptivecharge_stormbreaker_energy_charged,21.6,2026-03-08T08:49:03.217Z
sensor.adaptivecharge_stormbreaker_energy_charged,21.606,2026-03-08T08:49:13.372Z
sensor.adaptivecharge_stormbreaker_energy_charged,21.612,2026-03-08T08:49:23.220Z
sensor.adaptivecharge_stormbreaker_energy_charged,21.618,2026-03-08T08:49:33.369Z
sensor.adaptivecharge_stormbreaker_energy_charged,21.624,2026-03-08T08:49:43.222Z
sensor.adaptivecharge_stormbreaker_energy_charged,21.63,2026-03-08T08:49:59.515Z
sensor.adaptivecharge_stormbreaker_energy_charged,21.638,2026-03-08T08:50:03.224Z
sensor.adaptivecharge_stormbreaker_energy_charged,21.645,2026-03-08T08:50:13.227Z
sensor.adaptivecharge_stormbreaker_energy_charged,21.653,2026-03-08T08:50:23.377Z
sensor.adaptivecharge_stormbreaker_energy_charged,21.661,2026-03-08T08:50:33.226Z
sensor.adaptivecharge_stormbreaker_energy_charged,21.669,2026-03-08T08:50:43.228Z
sensor.adaptivecharge_stormbreaker_energy_charged,21.677,2026-03-08T08:51:00.520Z
sensor.adaptivecharge_stormbreaker_energy_charged,21.681,2026-03-08T08:51:03.231Z
sensor.adaptivecharge_stormbreaker_energy_charged,21.685,2026-03-08T08:51:13.234Z
sensor.adaptivecharge_stormbreaker_energy_charged,21.689,2026-03-08T08:51:23.382Z
sensor.adaptivecharge_stormbreaker_energy_charged,21.693,2026-03-08T08:51:33.234Z
sensor.adaptivecharge_stormbreaker_energy_charged,21.697,2026-03-08T08:51:43.236Z
sensor.adaptivecharge_stormbreaker_energy_charged,21.701,2026-03-08T08:51:53.390Z
sensor.adaptivecharge_stormbreaker_energy_charged,21.705,2026-03-08T08:52:03.237Z
sensor.adaptivecharge_stormbreaker_energy_charged,21.709,2026-03-08T08:52:19.510Z
sensor.adaptivecharge_stormbreaker_energy_charged,21.715,2026-03-08T08:52:23.239Z
sensor.adaptivecharge_stormbreaker_energy_charged,21.721,2026-03-08T08:52:33.393Z
sensor.adaptivecharge_stormbreaker_energy_charged,21.727,2026-03-08T08:52:43.243Z
sensor.adaptivecharge_stormbreaker_energy_charged,21.733,2026-03-08T08:52:53.396Z
sensor.adaptivecharge_stormbreaker_energy_charged,21.739,2026-03-08T08:53:03.242Z
sensor.adaptivecharge_stormbreaker_energy_charged,21.745,2026-03-08T08:53:13.242Z
sensor.adaptivecharge_stormbreaker_energy_charged,21.75,2026-03-08T08:53:28.796Z
sensor.adaptivecharge_stormbreaker_energy_charged,21.754,2026-03-08T08:53:33.245Z
sensor.adaptivecharge_stormbreaker_energy_charged,21.758,2026-03-08T08:53:43.246Z
sensor.adaptivecharge_stormbreaker_energy_charged,21.762,2026-03-08T08:53:53.395Z
sensor.adaptivecharge_stormbreaker_energy_charged,21.766,2026-03-08T08:54:03.247Z
sensor.adaptivecharge_stormbreaker_energy_charged,21.77,2026-03-08T08:54:13.248Z
sensor.adaptivecharge_stormbreaker_energy_charged,21.774,2026-03-08T08:54:23.248Z
sensor.adaptivecharge_stormbreaker_energy_charged,21.778,2026-03-08T08:54:33.249Z
sensor.adaptivecharge_stormbreaker_energy_charged,21.782,2026-03-08T08:54:43.248Z
sensor.adaptivecharge_stormbreaker_energy_charged,21.786,2026-03-08T08:54:53.251Z
sensor.adaptivecharge_stormbreaker_energy_charged,21.79,2026-03-08T08:55:03.251Z
sensor.adaptivecharge_stormbreaker_energy_charged,21.794,2026-03-08T08:55:13.252Z
sensor.adaptivecharge_stormbreaker_energy_charged,21.798,2026-03-08T08:55:23.253Z
sensor.adaptivecharge_stormbreaker_energy_charged,21.802,2026-03-08T08:55:33.254Z
sensor.adaptivecharge_stormbreaker_energy_charged,21.806,2026-03-08T08:55:43.254Z
sensor.adaptivecharge_stormbreaker_energy_charged,21.81,2026-03-08T08:55:53.261Z
sensor.adaptivecharge_stormbreaker_energy_charged,21.814,2026-03-08T08:56:03.263Z
sensor.adaptivecharge_stormbreaker_energy_charged,21.818,2026-03-08T08:56:13.265Z
sensor.adaptivecharge_stormbreaker_energy_charged,21.822,2026-03-08T08:56:23.265Z
sensor.adaptivecharge_stormbreaker_energy_charged,21.826,2026-03-08T08:56:33.266Z
sensor.adaptivecharge_stormbreaker_energy_charged,21.83,2026-03-08T08:56:43.266Z
sensor.adaptivecharge_stormbreaker_energy_charged,21.834,2026-03-08T08:56:53.268Z
sensor.adaptivecharge_stormbreaker_energy_charged,21.838,2026-03-08T08:57:03.269Z
sensor.adaptivecharge_stormbreaker_energy_charged,21.842,2026-03-08T08:57:13.269Z
sensor.adaptivecharge_stormbreaker_energy_charged,21.846,2026-03-08T08:57:23.269Z
sensor.adaptivecharge_stormbreaker_energy_charged,21.85,2026-03-08T08:57:33.271Z
sensor.adaptivecharge_stormbreaker_energy_charged,21.854,2026-03-08T08:57:43.272Z
sensor.adaptivecharge_stormbreaker_energy_charged,21.858,2026-03-08T08:57:53.273Z
sensor.adaptivecharge_stormbreaker_energy_charged,21.862,2026-03-08T08:58:08.572Z
sensor.adaptivecharge_stormbreaker_energy_charged,21.87,2026-03-08T08:58:13.276Z
sensor.adaptivecharge_stormbreaker_energy_charged,21.878,2026-03-08T08:58:23.433Z
sensor.adaptivecharge_stormbreaker_energy_charged,21.886,2026-03-08T08:58:33.277Z
sensor.adaptivecharge_stormbreaker_energy_charged,21.893,2026-03-08T08:58:43.432Z
sensor.adaptivecharge_stormbreaker_energy_charged,21.901,2026-03-08T08:58:53.279Z
sensor.adaptivecharge_stormbreaker_energy_charged,21.909,2026-03-08T08:59:05.668Z
sensor.adaptivecharge_stormbreaker_energy_charged,21.919,2026-03-08T08:59:13.279Z
sensor.adaptivecharge_stormbreaker_energy_charged,21.929,2026-03-08T08:59:23.280Z
sensor.adaptivecharge_stormbreaker_energy_charged,21.939,2026-03-08T08:59:33.431Z
sensor.adaptivecharge_stormbreaker_energy_charged,21.949,2026-03-08T08:59:43.282Z
sensor.adaptivecharge_stormbreaker_energy_charged,21.959,2026-03-08T08:59:53.283Z
sensor.adaptivecharge_stormbreaker_energy_charged,21.969,2026-03-08T09:00:10.088Z
sensor.adaptivecharge_stormbreaker_energy_charged,21.974,2026-03-08T09:00:13.459Z
sensor.adaptivecharge_stormbreaker_energy_charged,21.98,2026-03-08T09:00:23.459Z
sensor.adaptivecharge_stormbreaker_energy_charged,21.986,2026-03-08T09:00:33.612Z
sensor.adaptivecharge_stormbreaker_energy_charged,21.992,2026-03-08T09:00:43.462Z
sensor.adaptivecharge_stormbreaker_energy_charged,21.998,2026-03-08T09:00:53.463Z
sensor.adaptivecharge_stormbreaker_energy_charged,22.004,2026-03-08T09:01:03.617Z
sensor.adaptivecharge_stormbreaker_energy_charged,22.01,2026-03-08T09:01:13.465Z
sensor.adaptivecharge_stormbreaker_energy_charged,22.016,2026-03-08T09:01:29.855Z
sensor.adaptivecharge_stormbreaker_energy_charged,22.024,2026-03-08T09:01:33.468Z
sensor.adaptivecharge_stormbreaker_energy_charged,22.032,2026-03-08T09:01:43.625Z
sensor.adaptivecharge_stormbreaker_energy_charged,22.04,2026-03-08T09:01:53.469Z
sensor.adaptivecharge_stormbreaker_energy_charged,22.048,2026-03-08T09:02:03.470Z
sensor.adaptivecharge_stormbreaker_energy_charged,22.056,2026-03-08T09:02:13.621Z
sensor.adaptivecharge_stormbreaker_energy_charged,22.064,2026-03-08T09:02:23.472Z
sensor.adaptivecharge_stormbreaker_energy_charged,22.072,2026-03-08T09:02:33.472Z
sensor.adaptivecharge_stormbreaker_energy_charged,22.079,2026-03-08T09:02:43.474Z
sensor.adaptivecharge_stormbreaker_energy_charged,22.087,2026-03-08T09:02:53.474Z
sensor.adaptivecharge_stormbreaker_energy_charged,22.095,2026-03-08T09:03:03.475Z
sensor.adaptivecharge_stormbreaker_energy_charged,22.103,2026-03-08T09:03:15.666Z
sensor.adaptivecharge_stormbreaker_energy_charged,22.113,2026-03-08T09:03:23.477Z
sensor.adaptivecharge_stormbreaker_energy_charged,22.123,2026-03-08T09:03:33.646Z
sensor.adaptivecharge_stormbreaker_energy_charged,22.133,2026-03-08T09:03:43.480Z
sensor.adaptivecharge_stormbreaker_energy_charged,22.143,2026-03-08T09:03:53.481Z
sensor.adaptivecharge_stormbreaker_energy_charged,22.152,2026-03-08T09:04:03.480Z
sensor.adaptivecharge_stormbreaker_energy_charged,22.162,2026-03-08T09:04:13.673Z
sensor.adaptivecharge_stormbreaker_energy_charged,22.172,2026-03-08T09:04:29.759Z
sensor.adaptivecharge_stormbreaker_energy_charged,22.18,2026-03-08T09:04:33.633Z
sensor.adaptivecharge_stormbreaker_energy_charged,22.188,2026-03-08T09:04:43.636Z
sensor.adaptivecharge_stormbreaker_energy_charged,22.196,2026-03-08T09:04:53.485Z
sensor.adaptivecharge_stormbreaker_energy_charged,22.204,2026-03-08T09:05:03.485Z
sensor.adaptivecharge_stormbreaker_energy_charged,22.211,2026-03-08T09:05:13.639Z
sensor.adaptivecharge_stormbreaker_energy_charged,22.219,2026-03-08T09:05:23.488Z
sensor.adaptivecharge_stormbreaker_energy_charged,22.227,2026-03-08T09:05:33.489Z
sensor.adaptivecharge_stormbreaker_energy_charged,22.235,2026-03-08T09:05:50.089Z
sensor.adaptivecharge_stormbreaker_energy_charged,22.236,2026-03-08T09:05:53.489Z
sensor.adaptivecharge_stormbreaker_energy_charged,22.237,2026-03-08T09:06:03.492Z
sensor.adaptivecharge_stormbreaker_energy_charged,22.239,2026-03-08T09:06:13.648Z
sensor.adaptivecharge_stormbreaker_energy_charged,22.24,2026-03-08T09:06:23.494Z
sensor.adaptivecharge_stormbreaker_energy_charged,22.241,2026-03-08T09:06:33.651Z
sensor.adaptivecharge_stormbreaker_energy_charged,22.242,2026-03-08T09:06:43.495Z
sensor.adaptivecharge_stormbreaker_energy_charged,22.243,2026-03-08T09:07:00.093Z
sensor.adaptivecharge_stormbreaker_energy_charged,22.249,2026-03-08T09:07:03.495Z
sensor.adaptivecharge_stormbreaker_energy_charged,22.255,2026-03-08T09:07:13.646Z
sensor.adaptivecharge_stormbreaker_energy_charged,22.261,2026-03-08T09:07:23.495Z
sensor.adaptivecharge_stormbreaker_energy_charged,22.267,2026-03-08T09:07:33.653Z
sensor.adaptivecharge_stormbreaker_energy_charged,22.273,2026-03-08T09:07:43.501Z
sensor.adaptivecharge_stormbreaker_energy_charged,22.279,2026-03-08T09:07:53.501Z
sensor.adaptivecharge_stormbreaker_energy_charged,22.285,2026-03-08T09:08:03.502Z
sensor.adaptivecharge_stormbreaker_energy_charged,22.291,2026-03-08T09:08:13.503Z
sensor.adaptivecharge_stormbreaker_energy_charged,22.297,2026-03-08T09:08:23.504Z
sensor.adaptivecharge_stormbreaker_energy_charged,22.303,2026-03-08T09:08:33.505Z
sensor.adaptivecharge_stormbreaker_energy_charged,22.309,2026-03-08T09:08:43.506Z
sensor.adaptivecharge_stormbreaker_energy_charged,22.314,2026-03-08T09:08:53.508Z
sensor.adaptivecharge_stormbreaker_energy_charged,22.32,2026-03-08T09:09:03.506Z
sensor.adaptivecharge_stormbreaker_energy_charged,22.326,2026-03-08T09:09:13.509Z
sensor.adaptivecharge_stormbreaker_energy_charged,22.332,2026-03-08T09:09:23.508Z
sensor.adaptivecharge_stormbreaker_energy_charged,22.338,2026-03-08T09:09:33.510Z
sensor.adaptivecharge_stormbreaker_energy_charged,22.344,2026-03-08T09:09:43.511Z
sensor.adaptivecharge_stormbreaker_energy_charged,22.35,2026-03-08T09:09:53.511Z
sensor.adaptivecharge_stormbreaker_energy_charged,22.356,2026-03-08T09:10:03.512Z
sensor.adaptivecharge_stormbreaker_energy_charged,22.362,2026-03-08T09:10:13.512Z
sensor.adaptivecharge_stormbreaker_energy_charged,22.368,2026-03-08T09:10:23.514Z
sensor.adaptivecharge_stormbreaker_energy_charged,22.373,2026-03-08T09:10:33.516Z
sensor.adaptivecharge_stormbreaker_energy_charged,22.379,2026-03-08T09:10:43.518Z
sensor.adaptivecharge_stormbreaker_battery_energy_delta,0.0,2026-03-08T08:45:00.000Z
sensor.adaptivecharge_stormbreaker_battery_energy_delta,0.12,2026-03-08T08:50:43.229Z
sensor.adaptivecharge_stormbreaker_battery_energy_delta,0.24,2026-03-08T08:56:23.265Z
sensor.adaptivecharge_stormbreaker_battery_energy_delta,0.38,2026-03-08T09:00:33.613Z
sensor.adaptivecharge_stormbreaker_battery_energy_delta,0.36,2026-03-08T09:01:29.856Z
sensor.adaptivecharge_stormbreaker_battery_energy_delta,0.5,2026-03-08T09:04:29.759Z
sensor.adaptivecharge_stormbreaker_battery_energy_delta,0.62,2026-03-08T09:08:13.504Z
sensor.adaptivecharge_stormbreaker_energy_charged_daily,0.307,2026-03-08T08:45:00.000Z
sensor.adaptivecharge_stormbreaker_energy_charged_daily,0.309,2026-03-08T08:45:03.173Z
sensor.adaptivecharge_stormbreaker_energy_charged_daily,0.311,2026-03-08T08:45:13.170Z
sensor.adaptivecharge_stormbreaker_energy_charged_daily,0.313,2026-03-08T08:45:23.170Z
sensor.adaptivecharge_stormbreaker_energy_charged_daily,0.315,2026-03-08T08:45:33.172Z
sensor.adaptivecharge_stormbreaker_energy_charged_daily,0.317,2026-03-08T08:45:43.173Z
sensor.adaptivecharge_stormbreaker_energy_charged_daily,0.319,2026-03-08T08:45:53.175Z
sensor.adaptivecharge_stormbreaker_energy_charged_daily,0.321,2026-03-08T08:46:03.173Z
sensor.adaptivecharge_stormbreaker_energy_charged_daily,0.323,2026-03-08T08:46:13.176Z
sensor.adaptivecharge_stormbreaker_energy_charged_daily,0.325,2026-03-08T08:46:23.177Z
sensor.adaptivecharge_stormbreaker_energy_charged_daily,0.327,2026-03-08T08:46:33.189Z
sensor.adaptivecharge_stormbreaker_energy_charged_daily,0.329,2026-03-08T08:46:43.205Z
sensor.adaptivecharge_stormbreaker_energy_charged_daily,0.331,2026-03-08T08:46:53.208Z
sensor.adaptivecharge_stormbreaker_energy_charged_daily,0.333,2026-03-08T08:47:03.207Z
sensor.adaptivecharge_stormbreaker_energy_charged_daily,0.335,2026-03-08T08:47:13.210Z
sensor.adaptivecharge_stormbreaker_energy_charged_daily,0.337,2026-03-08T08:47:23.212Z
sensor.adaptivecharge_stormbreaker_energy_charged_daily,0.339,2026-03-08T08:47:33.211Z
sensor.adaptivecharge_stormbreaker_energy_charged_daily,0.341,2026-03-08T08:47:43.213Z
sensor.adaptivecharge_stormbreaker_energy_charged_daily,0.343,2026-03-08T08:47:53.213Z
sensor.adaptivecharge_stormbreaker_energy_charged_daily,0.345,2026-03-08T08:48:03.213Z
sensor.adaptivecharge_stormbreaker_energy_charged_daily,0.347,2026-03-08T08:48:13.216Z
sensor.adaptivecharge_stormbreaker_energy_charged_daily,0.349,2026-03-08T08:48:23.216Z
sensor.adaptivecharge_stormbreaker_energy_charged_daily,0.351,2026-03-08T08:48:33.216Z
sensor.adaptivecharge_stormbreaker_energy_charged_daily,0.353,2026-03-08T08:48:43.218Z
sensor.adaptivecharge_stormbreaker_energy_charged_daily,0.355,2026-03-08T08:48:59.155Z
sensor.adaptivecharge_stormbreaker_energy_charged_daily,0.361,2026-03-08T08:49:03.227Z
sensor.adaptivecharge_stormbreaker_energy_charged_daily,0.367,2026-03-08T08:49:13.382Z
sensor.adaptivecharge_stormbreaker_energy_charged_daily,0.373,2026-03-08T08:49:23.222Z
sensor.adaptivecharge_stormbreaker_energy_charged_daily,0.379,2026-03-08T08:49:33.376Z
sensor.adaptivecharge_stormbreaker_energy_charged_daily,0.385,2026-03-08T08:49:43.224Z
sensor.adaptivecharge_stormbreaker_energy_charged_daily,0.391,2026-03-08T08:49:59.531Z
sensor.adaptivecharge_stormbreaker_energy_charged_daily,0.399,2026-03-08T08:50:03.225Z
sensor.adaptivecharge_stormbreaker_energy_charged_daily,0.406,2026-03-08T08:50:13.228Z
sensor.adaptivecharge_stormbreaker_energy_charged_daily,0.414,2026-03-08T08:50:23.388Z
sensor.adaptivecharge_stormbreaker_energy_charged_daily,0.422,2026-03-08T08:50:33.228Z
sensor.adaptivecharge_stormbreaker_energy_charged_daily,0.430,2026-03-08T08:50:43.229Z
sensor.adaptivecharge_stormbreaker_energy_charged_daily,0.438,2026-03-08T08:51:00.534Z
sensor.adaptivecharge_stormbreaker_energy_charged_daily,0.442,2026-03-08T08:51:03.242Z
sensor.adaptivecharge_stormbreaker_energy_charged_daily,0.446,2026-03-08T08:51:13.235Z
sensor.adaptivecharge_stormbreaker_energy_charged_daily,0.450,2026-03-08T08:51:23.393Z
sensor.adaptivecharge_stormbreaker_energy_charged_daily,0.454,2026-03-08T08:51:33.236Z
sensor.adaptivecharge_stormbreaker_energy_charged_daily,0.458,2026-03-08T08:51:43.237Z
sensor.adaptivecharge_stormbreaker_energy_charged_daily,0.462,2026-03-08T08:51:53.399Z
sensor.adaptivecharge_stormbreaker_energy_charged_daily,0.466,2026-03-08T08:52:03.238Z
sensor.adaptivecharge_stormbreaker_energy_charged_daily,0.470,2026-03-08T08:52:19.523Z
sensor.adaptivecharge_stormbreaker_energy_charged_daily,0.476,2026-03-08T08:52:23.240Z
sensor.adaptivecharge_stormbreaker_energy_charged_daily,0.482,2026-03-08T08:52:33.402Z
sensor.adaptivecharge_stormbreaker_energy_charged_daily,0.488,2026-03-08T08:52:43.244Z
sensor.adaptivecharge_stormbreaker_energy_charged_daily,0.494,2026-03-08T08:52:53.405Z
sensor.adaptivecharge_stormbreaker_energy_charged_daily,0.500,2026-03-08T08:53:03.243Z
sensor.adaptivecharge_stormbreaker_energy_charged_daily,0.506,2026-03-08T08:53:13.244Z
sensor.adaptivecharge_stormbreaker_energy_charged_daily,0.511,2026-03-08T08:53:28.806Z
sensor.adaptivecharge_stormbreaker_energy_charged_daily,0.515,2026-03-08T08:53:33.247Z
sensor.adaptivecharge_stormbreaker_energy_charged_daily,0.519,2026-03-08T08:53:43.248Z
sensor.adaptivecharge_stormbreaker_energy_charged_daily,0.523,2026-03-08T08:53:53.417Z
sensor.adaptivecharge_stormbreaker_energy_charged_daily,0.527,2026-03-08T08:54:03.248Z
sensor.adaptivecharge_stormbreaker_energy_charged_daily,0.531,2026-03-08T08:54:13.250Z
sensor.adaptivecharge_stormbreaker_energy_charged_daily,0.535,2026-03-08T08:54:23.250Z
sensor.adaptivecharge_stormbreaker_energy_charged_daily,0.539,2026-03-08T08:54:33.250Z
sensor.adaptivecharge_stormbreaker_energy_charged_daily,0.543,2026-03-08T08:54:43.250Z
sensor.adaptivecharge_stormbreaker_energy_charged_daily,0.547,2026-03-08T08:54:53.252Z
sensor.adaptivecharge_stormbreaker_energy_charged_daily,0.551,2026-03-08T08:55:03.252Z
sensor.adaptivecharge_stormbreaker_energy_charged_daily,0.555,2026-03-08T08:55:13.254Z
sensor.adaptivecharge_stormbreaker_energy_charged_daily,0.559,2026-03-08T08:55:23.255Z
sensor.adaptivecharge_stormbreaker_energy_charged_daily,0.563,2026-03-08T08:55:33.255Z
sensor.adaptivecharge_stormbreaker_energy_charged_daily,0.567,2026-03-08T08:55:43.256Z
sensor.adaptivecharge_stormbreaker_energy_charged_daily,0.571,2026-03-08T08:55:53.262Z
sensor.adaptivecharge_stormbreaker_energy_charged_daily,0.575,2026-03-08T08:56:03.265Z
sensor.adaptivecharge_stormbreaker_energy_charged_daily,0.579,2026-03-08T08:56:13.267Z
sensor.adaptivecharge_stormbreaker_energy_charged_daily,0.583,2026-03-08T08:56:23.266Z
sensor.adaptivecharge_stormbreaker_energy_charged_daily,0.587,2026-03-08T08:56:33.268Z
sensor.adaptivecharge_stormbreaker_energy_charged_daily,0.591,2026-03-08T08:56:43.268Z
sensor.adaptivecharge_stormbreaker_energy_charged_daily,0.595,2026-03-08T08:56:53.269Z
sensor.adaptivecharge_stormbreaker_energy_charged_daily,0.599,2026-03-08T08:57:03.271Z
sensor.adaptivecharge_stormbreaker_energy_charged_daily,0.603,2026-03-08T08:57:13.270Z
sensor.adaptivecharge_stormbreaker_energy_charged_daily,0.607,2026-03-08T08:57:23.270Z
sensor.adaptivecharge_stormbreaker_energy_charged_daily,0.611,2026-03-08T08:57:33.273Z
sensor.adaptivecharge_stormbreaker_energy_charged_daily,0.615,2026-03-08T08:57:43.274Z
sensor.adaptivecharge_stormbreaker_energy_charged_daily,0.619,2026-03-08T08:57:53.274Z
sensor.adaptivecharge_stormbreaker_energy_charged_daily,0.623,2026-03-08T08:58:08.580Z
sensor.adaptivecharge_stormbreaker_energy_charged_daily,0.631,2026-03-08T08:58:13.278Z
sensor.adaptivecharge_stormbreaker_energy_charged_daily,0.639,2026-03-08T08:58:23.445Z
sensor.adaptivecharge_stormbreaker_energy_charged_daily,0.647,2026-03-08T08:58:33.279Z
sensor.adaptivecharge_stormbreaker_energy_charged_daily,0.654,2026-03-08T08:58:43.443Z
sensor.adaptivecharge_stormbreaker_energy_charged_daily,0.662,2026-03-08T08:58:53.281Z
sensor.adaptivecharge_stormbreaker_energy_charged_daily,0.670,2026-03-08T08:59:05.682Z
sensor.adaptivecharge_stormbreaker_energy_charged_daily,0.680,2026-03-08T08:59:13.280Z
sensor.adaptivecharge_stormbreaker_energy_charged_daily,0.690,2026-03-08T08:59:23.282Z
sensor.adaptivecharge_stormbreaker_energy_charged_daily,0.700,2026-03-08T08:59:33.449Z
sensor.adaptivecharge_stormbreaker_energy_charged_daily,0.710,2026-03-08T08:59:43.283Z
sensor.adaptivecharge_stormbreaker_energy_charged_daily,0.720,2026-03-08T08:59:53.285Z
sensor.adaptivecharge_stormbreaker_energy_charged_daily,0.730,2026-03-08T09:00:10.104Z
sensor.adaptivecharge_stormbreaker_energy_charged_daily,0.735,2026-03-08T09:00:13.461Z
sensor.adaptivecharge_stormbreaker_energy_charged_daily,0.741,2026-03-08T09:00:23.461Z
sensor.adaptivecharge_stormbreaker_energy_charged_daily,0.747,2026-03-08T09:00:33.616Z
sensor.adaptivecharge_stormbreaker_energy_charged_daily,0.753,2026-03-08T09:00:43.463Z
sensor.adaptivecharge_stormbreaker_energy_charged_daily,0.759,2026-03-08T09:00:53.465Z
sensor.adaptivecharge_stormbreaker_energy_charged_daily,0.765,2026-03-08T09:01:03.630Z
sensor.adaptivecharge_stormbreaker_energy_charged_daily,0.771,2026-03-08T09:01:13.466Z
sensor.adaptivecharge_stormbreaker_energy_charged_daily,0.777,2026-03-08T09:01:29.863Z
sensor.adaptivecharge_stormbreaker_energy_charged_daily,0.785,2026-03-08T09:01:33.469Z
sensor.adaptivecharge_stormbreaker_energy_charged_daily,0.793,2026-03-08T09:01:43.633Z
sensor.adaptivecharge_stormbreaker_energy_charged_daily,0.801,2026-03-08T09:01:53.470Z
sensor.adaptivecharge_stormbreaker_energy_charged_daily,0.809,2026-03-08T09:02:03.472Z
sensor.adaptivecharge_stormbreaker_energy_charged_daily,0.817,2026-03-08T09:02:13.632Z
sensor.adaptivecharge_stormbreaker_energy_charged_daily,0.825,2026-03-08T09:02:23.474Z
sensor.adaptivecharge_stormbreaker_energy_charged_daily,0.833,2026-03-08T09:02:33.474Z
sensor.adaptivecharge_stormbreaker_energy_charged_daily,0.840,2026-03-08T09:02:43.475Z
sensor.adaptivecharge_stormbreaker_energy_charged_daily,0.848,2026-03-08T09:02:53.476Z
sensor.adaptivecharge_stormbreaker_energy_charged_daily,0.856,2026-03-08T09:03:03.477Z
sensor.adaptivecharge_stormbreaker_energy_charged_daily,0.864,2026-03-08T09:03:15.681Z
sensor.adaptivecharge_stormbreaker_energy_charged_daily,0.874,2026-03-08T09:03:23.479Z
sensor.adaptivecharge_stormbreaker_energy_charged_daily,0.884,2026-03-08T09:03:33.662Z
sensor.adaptivecharge_stormbreaker_energy_charged_daily,0.894,2026-03-08T09:03:43.482Z
sensor.adaptivecharge_stormbreaker_energy_charged_daily,0.904,2026-03-08T09:03:53.483Z
sensor.adaptivecharge_stormbreaker_energy_charged_daily,0.913,2026-03-08T09:04:03.482Z
sensor.adaptivecharge_stormbreaker_energy_charged_daily,0.923,2026-03-08T09:04:13.688Z
sensor.adaptivecharge_stormbreaker_energy_charged_daily,0.933,2026-03-08T09:04:29.770Z
sensor.adaptivecharge_stormbreaker_energy_charged_daily,0.941,2026-03-08T09:04:33.642Z
sensor.adaptivecharge_stormbreaker_energy_charged_daily,0.949,2026-03-08T09:04:43.647Z
sensor.adaptivecharge_stormbreaker_energy_charged_daily,0.957,2026-03-08T09:04:53.487Z
sensor.adaptivecharge_stormbreaker_energy_charged_daily,0.965,2026-03-08T09:05:03.486Z
sensor.adaptivecharge_stormbreaker_energy_charged_daily,0.972,2026-03-08T09:05:13.654Z
sensor.adaptivecharge_stormbreaker_energy_charged_daily,0.980,2026-03-08T09:05:23.490Z
sensor.adaptivecharge_stormbreaker_energy_charged_daily,0.988,2026-03-08T09:05:33.491Z
sensor.adaptivecharge_stormbreaker_energy_charged_daily,0.996,2026-03-08T09:05:50.099Z
sensor.adaptivecharge_stormbreaker_energy_charged_daily,0.997,2026-03-08T09:05:53.490Z
sensor.adaptivecharge_stormbreaker_energy_charged_daily,0.998,2026-03-08T09:06:03.494Z
sensor.adaptivecharge_stormbreaker_energy_charged_daily,1.000,2026-03-08T09:06:13.659Z
sensor.adaptivecharge_stormbreaker_energy_charged_daily,1.001,2026-03-08T09:06:23.495Z
sensor.adaptivecharge_stormbreaker_energy_charged_daily,1.002,2026-03-08T09:06:33.661Z
sensor.adaptivecharge_stormbreaker_energy_charged_daily,1.003,2026-03-08T09:06:43.496Z
sensor.adaptivecharge_stormbreaker_energy_charged_daily,1.004,2026-03-08T09:07:00.095Z
sensor.adaptivecharge_stormbreaker_energy_charged_daily,1.010,2026-03-08T09:07:03.497Z
sensor.adaptivecharge_stormbreaker_energy_charged_daily,1.016,2026-03-08T09:07:13.657Z
sensor.adaptivecharge_stormbreaker_energy_charged_daily,1.022,2026-03-08T09:07:23.496Z
sensor.adaptivecharge_stormbreaker_energy_charged_daily,1.028,2026-03-08T09:07:33.667Z
sensor.adaptivecharge_stormbreaker_energy_charged_daily,1.034,2026-03-08T09:07:43.503Z
sensor.adaptivecharge_stormbreaker_energy_charged_daily,1.040,2026-03-08T09:07:53.503Z
sensor.adaptivecharge_stormbreaker_energy_charged_daily,1.046,2026-03-08T09:08:03.504Z
sensor.adaptivecharge_stormbreaker_energy_charged_daily,1.052,2026-03-08T09:08:13.505Z
sensor.adaptivecharge_stormbreaker_energy_charged_daily,1.058,2026-03-08T09:08:23.505Z
sensor.adaptivecharge_stormbreaker_energy_charged_daily,1.064,2026-03-08T09:08:33.507Z
sensor.adaptivecharge_stormbreaker_energy_charged_daily,1.070,2026-03-08T09:08:43.508Z
sensor.adaptivecharge_stormbreaker_energy_charged_daily,1.075,2026-03-08T09:08:53.510Z
sensor.adaptivecharge_stormbreaker_energy_charged_daily,1.081,2026-03-08T09:09:03.507Z
sensor.adaptivecharge_stormbreaker_energy_charged_daily,1.087,2026-03-08T09:09:13.511Z
sensor.adaptivecharge_stormbreaker_energy_charged_daily,1.093,2026-03-08T09:09:23.510Z
sensor.adaptivecharge_stormbreaker_energy_charged_daily,1.099,2026-03-08T09:09:33.513Z
sensor.adaptivecharge_stormbreaker_energy_charged_daily,1.105,2026-03-08T09:09:43.513Z
sensor.adaptivecharge_stormbreaker_energy_charged_daily,1.111,2026-03-08T09:09:53.513Z
sensor.adaptivecharge_stormbreaker_energy_charged_daily,1.117,2026-03-08T09:10:03.514Z
sensor.adaptivecharge_stormbreaker_energy_charged_daily,1.123,2026-03-08T09:10:13.513Z
sensor.adaptivecharge_stormbreaker_energy_charged_daily,1.129,2026-03-08T09:10:23.516Z
sensor.adaptivecharge_stormbreaker_energy_charged_daily,1.134,2026-03-08T09:10:33.517Z
sensor.adaptivecharge_stormbreaker_energy_charged_daily,1.140,2026-03-08T09:10:43.520Z
sensor.adaptivecharge_stormbreaker_energy_charged_monthly,22.134,2026-03-08T08:45:00.000Z
sensor.adaptivecharge_stormbreaker_energy_charged_monthly,22.136,2026-03-08T08:45:03.173Z
sensor.adaptivecharge_stormbreaker_energy_charged_monthly,22.138,2026-03-08T08:45:13.170Z
sensor.adaptivecharge_stormbreaker_energy_charged_monthly,22.140,2026-03-08T08:45:23.170Z
sensor.adaptivecharge_stormbreaker_energy_charged_monthly,22.142,2026-03-08T08:45:33.172Z
sensor.adaptivecharge_stormbreaker_energy_charged_monthly,22.144,2026-03-08T08:45:43.173Z
sensor.adaptivecharge_stormbreaker_energy_charged_monthly,22.146,2026-03-08T08:45:53.175Z
sensor.adaptivecharge_stormbreaker_energy_charged_monthly,22.148,2026-03-08T08:46:03.173Z
sensor.adaptivecharge_stormbreaker_energy_charged_monthly,22.150,2026-03-08T08:46:13.176Z
sensor.adaptivecharge_stormbreaker_energy_charged_monthly,22.152,2026-03-08T08:46:23.177Z
sensor.adaptivecharge_stormbreaker_energy_charged_monthly,22.154,2026-03-08T08:46:33.189Z
sensor.adaptivecharge_stormbreaker_energy_charged_monthly,22.156,2026-03-08T08:46:43.205Z
sensor.adaptivecharge_stormbreaker_energy_charged_monthly,22.158,2026-03-08T08:46:53.209Z
sensor.adaptivecharge_stormbreaker_energy_charged_monthly,22.160,2026-03-08T08:47:03.207Z
sensor.adaptivecharge_stormbreaker_energy_charged_monthly,22.162,2026-03-08T08:47:13.210Z
sensor.adaptivecharge_stormbreaker_energy_charged_monthly,22.164,2026-03-08T08:47:23.212Z
sensor.adaptivecharge_stormbreaker_energy_charged_monthly,22.166,2026-03-08T08:47:33.212Z
sensor.adaptivecharge_stormbreaker_energy_charged_monthly,22.168,2026-03-08T08:47:43.213Z
sensor.adaptivecharge_stormbreaker_energy_charged_monthly,22.170,2026-03-08T08:47:53.213Z
sensor.adaptivecharge_stormbreaker_energy_charged_monthly,22.172,2026-03-08T08:48:03.213Z
sensor.adaptivecharge_stormbreaker_energy_charged_monthly,22.174,2026-03-08T08:48:13.216Z
sensor.adaptivecharge_stormbreaker_energy_charged_monthly,22.176,2026-03-08T08:48:23.216Z
sensor.adaptivecharge_stormbreaker_energy_charged_monthly,22.178,2026-03-08T08:48:33.217Z
sensor.adaptivecharge_stormbreaker_energy_charged_monthly,22.180,2026-03-08T08:48:43.218Z
sensor.adaptivecharge_stormbreaker_energy_charged_monthly,22.182,2026-03-08T08:48:59.155Z
sensor.adaptivecharge_stormbreaker_energy_charged_monthly,22.188,2026-03-08T08:49:03.227Z
sensor.adaptivecharge_stormbreaker_energy_charged_monthly,22.194,2026-03-08T08:49:13.382Z
sensor.adaptivecharge_stormbreaker_energy_charged_monthly,22.200,2026-03-08T08:49:23.222Z
sensor.adaptivecharge_stormbreaker_energy_charged_monthly,22.206,2026-03-08T08:49:33.376Z
sensor.adaptivecharge_stormbreaker_energy_charged_monthly,22.212,2026-03-08T08:49:43.224Z
sensor.adaptivecharge_stormbreaker_energy_charged_monthly,22.218,2026-03-08T08:49:59.531Z
sensor.adaptivecharge_stormbreaker_energy_charged_monthly,22.226,2026-03-08T08:50:03.225Z
sensor.adaptivecharge_stormbreaker_energy_charged_monthly,22.233,2026-03-08T08:50:13.228Z
sensor.adaptivecharge_stormbreaker_energy_charged_monthly,22.241,2026-03-08T08:50:23.388Z
sensor.adaptivecharge_stormbreaker_energy_charged_monthly,22.249,2026-03-08T08:50:33.228Z
sensor.adaptivecharge_stormbreaker_energy_charged_monthly,22.257,2026-03-08T08:50:43.230Z
sensor.adaptivecharge_stormbreaker_energy_charged_monthly,22.265,2026-03-08T08:51:00.535Z
sensor.adaptivecharge_stormbreaker_energy_charged_monthly,22.269,2026-03-08T08:51:03.242Z
sensor.adaptivecharge_stormbreaker_energy_charged_monthly,22.273,2026-03-08T08:51:13.235Z
sensor.adaptivecharge_stormbreaker_energy_charged_monthly,22.277,2026-03-08T08:51:23.393Z
sensor.adaptivecharge_stormbreaker_energy_charged_monthly,22.281,2026-03-08T08:51:33.236Z
sensor.adaptivecharge_stormbreaker_energy_charged_monthly,22.285,2026-03-08T08:51:43.238Z
sensor.adaptivecharge_stormbreaker_energy_charged_monthly,22.289,2026-03-08T08:51:53.399Z
sensor.adaptivecharge_stormbreaker_energy_charged_monthly,22.293,2026-03-08T08:52:03.238Z
sensor.adaptivecharge_stormbreaker_energy_charged_monthly,22.297,2026-03-08T08:52:19.523Z
sensor.adaptivecharge_stormbreaker_energy_charged_monthly,22.303,2026-03-08T08:52:23.241Z
sensor.adaptivecharge_stormbreaker_energy_charged_monthly,22.309,2026-03-08T08:52:33.402Z
sensor.adaptivecharge_stormbreaker_energy_charged_monthly,22.315,2026-03-08T08:52:43.245Z
sensor.adaptivecharge_stormbreaker_energy_charged_monthly,22.321,2026-03-08T08:52:53.406Z
sensor.adaptivecharge_stormbreaker_energy_charged_monthly,22.327,2026-03-08T08:53:03.243Z
sensor.adaptivecharge_stormbreaker_energy_charged_monthly,22.333,2026-03-08T08:53:13.244Z
sensor.adaptivecharge_stormbreaker_energy_charged_monthly,22.338,2026-03-08T08:53:28.807Z
sensor.adaptivecharge_stormbreaker_energy_charged_monthly,22.342,2026-03-08T08:53:33.247Z
sensor.adaptivecharge_stormbreaker_energy_charged_monthly,22.346,2026-03-08T08:53:43.248Z
sensor.adaptivecharge_stormbreaker_energy_charged_monthly,22.350,2026-03-08T08:53:53.418Z
sensor.adaptivecharge_stormbreaker_energy_charged_monthly,22.354,2026-03-08T08:54:03.248Z
sensor.adaptivecharge_stormbreaker_energy_charged_monthly,22.358,2026-03-08T08:54:13.250Z
sensor.adaptivecharge_stormbreaker_energy_charged_monthly,22.362,2026-03-08T08:54:23.250Z
sensor.adaptivecharge_stormbreaker_energy_charged_monthly,22.366,2026-03-08T08:54:33.250Z
sensor.adaptivecharge_stormbreaker_energy_charged_monthly,22.370,2026-03-08T08:54:43.250Z
sensor.adaptivecharge_stormbreaker_energy_charged_monthly,22.374,2026-03-08T08:54:53.252Z
sensor.adaptivecharge_stormbreaker_energy_charged_monthly,22.378,2026-03-08T08:55:03.252Z
sensor.adaptivecharge_stormbreaker_energy_charged_monthly,22.382,2026-03-08T08:55:13.254Z
sensor.adaptivecharge_stormbreaker_energy_charged_monthly,22.386,2026-03-08T08:55:23.255Z
sensor.adaptivecharge_stormbreaker_energy_charged_monthly,22.390,2026-03-08T08:55:33.255Z
sensor.adaptivecharge_stormbreaker_energy_charged_monthly,22.394,2026-03-08T08:55:43.256Z
sensor.adaptivecharge_stormbreaker_energy_charged_monthly,22.398,2026-03-08T08:55:53.262Z
sensor.adaptivecharge_stormbreaker_energy_charged_monthly,22.402,2026-03-08T08:56:03.265Z
sensor.adaptivecharge_stormbreaker_energy_charged_monthly,22.406,2026-03-08T08:56:13.267Z
sensor.adaptivecharge_stormbreaker_energy_charged_monthly,22.410,2026-03-08T08:56:23.266Z
sensor.adaptivecharge_stormbreaker_energy_charged_monthly,22.414,2026-03-08T08:56:33.268Z
sensor.adaptivecharge_stormbreaker_energy_charged_monthly,22.418,2026-03-08T08:56:43.268Z
sensor.adaptivecharge_stormbreaker_energy_charged_monthly,22.422,2026-03-08T08:56:53.269Z
sensor.adaptivecharge_stormbreaker_energy_charged_monthly,22.426,2026-03-08T08:57:03.271Z
sensor.adaptivecharge_stormbreaker_energy_charged_monthly,22.430,2026-03-08T08:57:13.270Z
sensor.adaptivecharge_stormbreaker_energy_charged_monthly,22.434,2026-03-08T08:57:23.271Z
sensor.adaptivecharge_stormbreaker_energy_charged_monthly,22.438,2026-03-08T08:57:33.273Z
sensor.adaptivecharge_stormbreaker_energy_charged_monthly,22.442,2026-03-08T08:57:43.274Z
sensor.adaptivecharge_stormbreaker_energy_charged_monthly,22.446,2026-03-08T08:57:53.274Z
sensor.adaptivecharge_stormbreaker_energy_charged_monthly,22.450,2026-03-08T08:58:08.581Z
sensor.adaptivecharge_stormbreaker_energy_charged_monthly,22.458,2026-03-08T08:58:13.278Z
sensor.adaptivecharge_stormbreaker_energy_charged_monthly,22.466,2026-03-08T08:58:23.446Z
sensor.adaptivecharge_stormbreaker_energy_charged_monthly,22.474,2026-03-08T08:58:33.279Z
sensor.adaptivecharge_stormbreaker_energy_charged_monthly,22.481,2026-03-08T08:58:43.443Z
sensor.adaptivecharge_stormbreaker_energy_charged_monthly,22.489,2026-03-08T08:58:53.281Z
sensor.adaptivecharge_stormbreaker_energy_charged_monthly,22.497,2026-03-08T08:59:05.683Z
sensor.adaptivecharge_stormbreaker_energy_charged_monthly,22.507,2026-03-08T08:59:13.281Z
sensor.adaptivecharge_stormbreaker_energy_charged_monthly,22.517,2026-03-08T08:59:23.282Z
sensor.adaptivecharge_stormbreaker_energy_charged_monthly,22.527,2026-03-08T08:59:33.449Z
sensor.adaptivecharge_stormbreaker_energy_charged_monthly,22.537,2026-03-08T08:59:43.284Z
sensor.adaptivecharge_stormbreaker_energy_charged_monthly,22.547,2026-03-08T08:59:53.285Z
sensor.adaptivecharge_stormbreaker_energy_charged_monthly,22.557,2026-03-08T09:00:10.105Z
sensor.adaptivecharge_stormbreaker_energy_charged_monthly,22.562,2026-03-08T09:00:13.461Z
sensor.adaptivecharge_stormbreaker_energy_charged_monthly,22.568,2026-03-08T09:00:23.461Z
sensor.adaptivecharge_stormbreaker_energy_charged_monthly,22.574,2026-03-08T09:00:33.616Z
sensor.adaptivecharge_stormbreaker_energy_charged_monthly,22.580,2026-03-08T09:00:43.463Z
sensor.adaptivecharge_stormbreaker_energy_charged_monthly,22.586,2026-03-08T09:00:53.465Z
sensor.adaptivecharge_stormbreaker_energy_charged_monthly,22.592,2026-03-08T09:01:03.631Z
sensor.adaptivecharge_stormbreaker_energy_charged_monthly,22.598,2026-03-08T09:01:13.466Z
sensor.adaptivecharge_stormbreaker_energy_charged_monthly,22.604,2026-03-08T09:01:29.864Z
sensor.adaptivecharge_stormbreaker_energy_charged_monthly,22.612,2026-03-08T09:01:33.470Z
sensor.adaptivecharge_stormbreaker_energy_charged_monthly,22.620,2026-03-08T09:01:43.634Z
sensor.adaptivecharge_stormbreaker_energy_charged_monthly,22.628,2026-03-08T09:01:53.471Z
sensor.adaptivecharge_stormbreaker_energy_charged_monthly,22.636,2026-03-08T09:02:03.472Z
sensor.adaptivecharge_stormbreaker_energy_charged_monthly,22.644,2026-03-08T09:02:13.632Z
sensor.adaptivecharge_stormbreaker_energy_charged_monthly,22.652,2026-03-08T09:02:23.474Z
sensor.adaptivecharge_stormbreaker_energy_charged_monthly,22.660,2026-03-08T09:02:33.474Z
sensor.adaptivecharge_stormbreaker_energy_charged_monthly,22.667,2026-03-08T09:02:43.475Z
sensor.adaptivecharge_stormbreaker_energy_charged_monthly,22.675,2026-03-08T09:02:53.476Z
sensor.adaptivecharge_stormbreaker_energy_charged_monthly,22.683,2026-03-08T09:03:03.478Z
sensor.adaptivecharge_stormbreaker_energy_charged_monthly,22.691,2026-03-08T09:03:15.681Z
sensor.adaptivecharge_stormbreaker_energy_charged_monthly,22.701,2026-03-08T09:03:23.479Z
sensor.adaptivecharge_stormbreaker_energy_charged_monthly,22.711,2026-03-08T09:03:33.662Z
sensor.adaptivecharge_stormbreaker_energy_charged_monthly,22.721,2026-03-08T09:03:43.482Z
sensor.adaptivecharge_stormbreaker_energy_charged_monthly,22.731,2026-03-08T09:03:53.483Z
sensor.adaptivecharge_stormbreaker_energy_charged_monthly,22.740,2026-03-08T09:04:03.482Z
sensor.adaptivecharge_stormbreaker_energy_charged_monthly,22.750,2026-03-08T09:04:13.689Z
sensor.adaptivecharge_stormbreaker_energy_charged_monthly,22.760,2026-03-08T09:04:29.770Z
sensor.adaptivecharge_stormbreaker_energy_charged_monthly,22.768,2026-03-08T09:04:33.643Z
sensor.adaptivecharge_stormbreaker_energy_charged_monthly,22.776,2026-03-08T09:04:43.647Z
sensor.adaptivecharge_stormbreaker_energy_charged_monthly,22.784,2026-03-08T09:04:53.487Z
sensor.adaptivecharge_stormbreaker_energy_charged_monthly,22.792,2026-03-08T09:05:03.486Z
sensor.adaptivecharge_stormbreaker_energy_charged_monthly,22.799,2026-03-08T09:05:13.654Z
sensor.adaptivecharge_stormbreaker_energy_charged_monthly,22.807,2026-03-08T09:05:23.490Z
sensor.adaptivecharge_stormbreaker_energy_charged_monthly,22.815,2026-03-08T09:05:33.491Z
sensor.adaptivecharge_stormbreaker_energy_charged_monthly,22.823,2026-03-08T09:05:50.100Z
sensor.adaptivecharge_stormbreaker_energy_charged_monthly,22.824,2026-03-08T09:05:53.491Z
sensor.adaptivecharge_stormbreaker_energy_charged_monthly,22.825,2026-03-08T09:06:03.495Z
sensor.adaptivecharge_stormbreaker_energy_charged_monthly,22.827,2026-03-08T09:06:13.659Z
sensor.adaptivecharge_stormbreaker_energy_charged_monthly,22.828,2026-03-08T09:06:23.495Z
sensor.adaptivecharge_stormbreaker_energy_charged_monthly,22.829,2026-03-08T09:06:33.662Z
sensor.adaptivecharge_stormbreaker_energy_charged_monthly,22.830,2026-03-08T09:06:43.496Z
sensor.adaptivecharge_stormbreaker_energy_charged_monthly,22.831,2026-03-08T09:07:00.095Z
sensor.adaptivecharge_stormbreaker_energy_charged_monthly,22.837,2026-03-08T09:07:03.497Z
sensor.adaptivecharge_stormbreaker_energy_charged_monthly,22.843,2026-03-08T09:07:13.657Z
sensor.adaptivecharge_stormbreaker_energy_charged_monthly,22.849,2026-03-08T09:07:23.497Z
sensor.adaptivecharge_stormbreaker_energy_charged_monthly,22.855,2026-03-08T09:07:33.667Z
sensor.adaptivecharge_stormbreaker_energy_charged_monthly,22.861,2026-03-08T09:07:43.504Z
sensor.adaptivecharge_stormbreaker_energy_charged_monthly,22.867,2026-03-08T09:07:53.503Z
sensor.adaptivecharge_stormbreaker_energy_charged_monthly,22.873,2026-03-08T09:08:03.504Z
sensor.adaptivecharge_stormbreaker_energy_charged_monthly,22.879,2026-03-08T09:08:13.505Z
sensor.adaptivecharge_stormbreaker_energy_charged_monthly,22.885,2026-03-08T09:08:23.506Z
sensor.adaptivecharge_stormbreaker_energy_charged_monthly,22.891,2026-03-08T09:08:33.507Z
sensor.adaptivecharge_stormbreaker_energy_charged_monthly,22.897,2026-03-08T09:08:43.508Z
sensor.adaptivecharge_stormbreaker_energy_charged_monthly,22.902,2026-03-08T09:08:53.510Z
sensor.adaptivecharge_stormbreaker_energy_charged_monthly,22.908,2026-03-08T09:09:03.508Z
sensor.adaptivecharge_stormbreaker_energy_charged_monthly,22.914,2026-03-08T09:09:13.511Z
sensor.adaptivecharge_stormbreaker_energy_charged_monthly,22.920,2026-03-08T09:09:23.510Z
sensor.adaptivecharge_stormbreaker_energy_charged_monthly,22.926,2026-03-08T09:09:33.513Z
sensor.adaptivecharge_stormbreaker_energy_charged_monthly,22.932,2026-03-08T09:09:43.513Z
sensor.adaptivecharge_stormbreaker_energy_charged_monthly,22.938,2026-03-08T09:09:53.513Z
sensor.adaptivecharge_stormbreaker_energy_charged_monthly,22.944,2026-03-08T09:10:03.514Z
sensor.adaptivecharge_stormbreaker_energy_charged_monthly,22.950,2026-03-08T09:10:13.513Z
sensor.adaptivecharge_stormbreaker_energy_charged_monthly,22.956,2026-03-08T09:10:23.516Z
sensor.adaptivecharge_stormbreaker_energy_charged_monthly,22.961,2026-03-08T09:10:33.518Z
sensor.adaptivecharge_stormbreaker_energy_charged_monthly,22.967,2026-03-08T09:10:43.521Z
sensor.adaptivecharge_stormbreaker_energy_charged_yearly,22.134,2026-03-08T08:45:00.000Z
sensor.adaptivecharge_stormbreaker_energy_charged_yearly,22.136,2026-03-08T08:45:03.173Z
sensor.adaptivecharge_stormbreaker_energy_charged_yearly,22.138,2026-03-08T08:45:13.170Z
sensor.adaptivecharge_stormbreaker_energy_charged_yearly,22.140,2026-03-08T08:45:23.170Z
sensor.adaptivecharge_stormbreaker_energy_charged_yearly,22.142,2026-03-08T08:45:33.172Z
sensor.adaptivecharge_stormbreaker_energy_charged_yearly,22.144,2026-03-08T08:45:43.173Z
sensor.adaptivecharge_stormbreaker_energy_charged_yearly,22.146,2026-03-08T08:45:53.175Z
sensor.adaptivecharge_stormbreaker_energy_charged_yearly,22.148,2026-03-08T08:46:03.174Z
sensor.adaptivecharge_stormbreaker_energy_charged_yearly,22.150,2026-03-08T08:46:13.176Z
sensor.adaptivecharge_stormbreaker_energy_charged_yearly,22.152,2026-03-08T08:46:23.177Z
sensor.adaptivecharge_stormbreaker_energy_charged_yearly,22.154,2026-03-08T08:46:33.189Z
sensor.adaptivecharge_stormbreaker_energy_charged_yearly,22.156,2026-03-08T08:46:43.205Z
sensor.adaptivecharge_stormbreaker_energy_charged_yearly,22.158,2026-03-08T08:46:53.209Z
sensor.adaptivecharge_stormbreaker_energy_charged_yearly,22.160,2026-03-08T08:47:03.208Z
sensor.adaptivecharge_stormbreaker_energy_charged_yearly,22.162,2026-03-08T08:47:13.210Z
sensor.adaptivecharge_stormbreaker_energy_charged_yearly,22.164,2026-03-08T08:47:23.212Z
sensor.adaptivecharge_stormbreaker_energy_charged_yearly,22.166,2026-03-08T08:47:33.212Z
sensor.adaptivecharge_stormbreaker_energy_charged_yearly,22.168,2026-03-08T08:47:43.213Z
sensor.adaptivecharge_stormbreaker_energy_charged_yearly,22.170,2026-03-08T08:47:53.213Z
sensor.adaptivecharge_stormbreaker_energy_charged_yearly,22.172,2026-03-08T08:48:03.213Z
sensor.adaptivecharge_stormbreaker_energy_charged_yearly,22.174,2026-03-08T08:48:13.216Z
sensor.adaptivecharge_stormbreaker_energy_charged_yearly,22.176,2026-03-08T08:48:23.216Z
sensor.adaptivecharge_stormbreaker_energy_charged_yearly,22.178,2026-03-08T08:48:33.217Z
sensor.adaptivecharge_stormbreaker_energy_charged_yearly,22.180,2026-03-08T08:48:43.218Z
sensor.adaptivecharge_stormbreaker_energy_charged_yearly,22.182,2026-03-08T08:48:59.156Z
sensor.adaptivecharge_stormbreaker_energy_charged_yearly,22.188,2026-03-08T08:49:03.228Z
sensor.adaptivecharge_stormbreaker_energy_charged_yearly,22.194,2026-03-08T08:49:13.382Z
sensor.adaptivecharge_stormbreaker_energy_charged_yearly,22.200,2026-03-08T08:49:23.222Z
sensor.adaptivecharge_stormbreaker_energy_charged_yearly,22.206,2026-03-08T08:49:33.377Z
sensor.adaptivecharge_stormbreaker_energy_charged_yearly,22.212,2026-03-08T08:49:43.224Z
sensor.adaptivecharge_stormbreaker_energy_charged_yearly,22.218,2026-03-08T08:49:59.531Z
sensor.adaptivecharge_stormbreaker_energy_charged_yearly,22.226,2026-03-08T08:50:03.226Z
sensor.adaptivecharge_stormbreaker_energy_charged_yearly,22.233,2026-03-08T08:50:13.228Z
sensor.adaptivecharge_stormbreaker_energy_charged_yearly,22.241,2026-03-08T08:50:23.389Z
sensor.adaptivecharge_stormbreaker_energy_charged_yearly,22.249,2026-03-08T08:50:33.228Z
sensor.adaptivecharge_stormbreaker_energy_charged_yearly,22.257,2026-03-08T08:50:43.230Z
sensor.adaptivecharge_stormbreaker_energy_charged_yearly,22.265,2026-03-08T08:51:00.535Z
sensor.adaptivecharge_stormbreaker_energy_charged_yearly,22.269,2026-03-08T08:51:03.243Z
sensor.adaptivecharge_stormbreaker_energy_charged_yearly,22.273,2026-03-08T08:51:13.235Z
sensor.adaptivecharge_stormbreaker_energy_charged_yearly,22.277,2026-03-08T08:51:23.393Z
sensor.adaptivecharge_stormbreaker_energy_charged_yearly,22.281,2026-03-08T08:51:33.236Z
sensor.adaptivecharge_stormbreaker_energy_charged_yearly,22.285,2026-03-08T08:51:43.238Z
sensor.adaptivecharge_stormbreaker_energy_charged_yearly,22.289,2026-03-08T08:51:53.399Z
sensor.adaptivecharge_stormbreaker_energy_charged_yearly,22.293,2026-03-08T08:52:03.238Z
sensor.adaptivecharge_stormbreaker_energy_charged_yearly,22.297,2026-03-08T08:52:19.523Z
sensor.adaptivecharge_stormbreaker_energy_charged_yearly,22.303,2026-03-08T08:52:23.241Z
sensor.adaptivecharge_stormbreaker_energy_charged_yearly,22.309,2026-03-08T08:52:33.403Z
sensor.adaptivecharge_stormbreaker_energy_charged_yearly,22.315,2026-03-08T08:52:43.245Z
sensor.adaptivecharge_stormbreaker_energy_charged_yearly,22.321,2026-03-08T08:52:53.406Z
sensor.adaptivecharge_stormbreaker_energy_charged_yearly,22.327,2026-03-08T08:53:03.243Z
sensor.adaptivecharge_stormbreaker_energy_charged_yearly,22.333,2026-03-08T08:53:13.244Z
sensor.adaptivecharge_stormbreaker_energy_charged_yearly,22.338,2026-03-08T08:53:28.807Z
sensor.adaptivecharge_stormbreaker_energy_charged_yearly,22.342,2026-03-08T08:53:33.247Z
sensor.adaptivecharge_stormbreaker_energy_charged_yearly,22.346,2026-03-08T08:53:43.248Z
sensor.adaptivecharge_stormbreaker_energy_charged_yearly,22.350,2026-03-08T08:53:53.418Z
sensor.adaptivecharge_stormbreaker_energy_charged_yearly,22.354,2026-03-08T08:54:03.249Z
sensor.adaptivecharge_stormbreaker_energy_charged_yearly,22.358,2026-03-08T08:54:13.250Z
sensor.adaptivecharge_stormbreaker_energy_charged_yearly,22.362,2026-03-08T08:54:23.250Z
sensor.adaptivecharge_stormbreaker_energy_charged_yearly,22.366,2026-03-08T08:54:33.250Z
sensor.adaptivecharge_stormbreaker_energy_charged_yearly,22.370,2026-03-08T08:54:43.250Z
sensor.adaptivecharge_stormbreaker_energy_charged_yearly,22.374,2026-03-08T08:54:53.252Z
sensor.adaptivecharge_stormbreaker_energy_charged_yearly,22.378,2026-03-08T08:55:03.252Z
sensor.adaptivecharge_stormbreaker_energy_charged_yearly,22.382,2026-03-08T08:55:13.255Z
sensor.adaptivecharge_stormbreaker_energy_charged_yearly,22.386,2026-03-08T08:55:23.255Z
sensor.adaptivecharge_stormbreaker_energy_charged_yearly,22.390,2026-03-08T08:55:33.255Z
sensor.adaptivecharge_stormbreaker_energy_charged_yearly,22.394,2026-03-08T08:55:43.256Z
sensor.adaptivecharge_stormbreaker_energy_charged_yearly,22.398,2026-03-08T08:55:53.263Z
sensor.adaptivecharge_stormbreaker_energy_charged_yearly,22.402,2026-03-08T08:56:03.266Z
sensor.adaptivecharge_stormbreaker_energy_charged_yearly,22.406,2026-03-08T08:56:13.267Z
sensor.adaptivecharge_stormbreaker_energy_charged_yearly,22.410,2026-03-08T08:56:23.267Z
sensor.adaptivecharge_stormbreaker_energy_charged_yearly,22.414,2026-03-08T08:56:33.268Z
sensor.adaptivecharge_stormbreaker_energy_charged_yearly,22.418,2026-03-08T08:56:43.268Z
sensor.adaptivecharge_stormbreaker_energy_charged_yearly,22.422,2026-03-08T08:56:53.269Z
sensor.adaptivecharge_stormbreaker_energy_charged_yearly,22.426,2026-03-08T08:57:03.272Z
sensor.adaptivecharge_stormbreaker_energy_charged_yearly,22.430,2026-03-08T08:57:13.271Z
sensor.adaptivecharge_stormbreaker_energy_charged_yearly,22.434,2026-03-08T08:57:23.271Z
sensor.adaptivecharge_stormbreaker_energy_charged_yearly,22.438,2026-03-08T08:57:33.273Z
sensor.adaptivecharge_stormbreaker_energy_charged_yearly,22.442,2026-03-08T08:57:43.275Z
sensor.adaptivecharge_stormbreaker_energy_charged_yearly,22.446,2026-03-08T08:57:53.274Z
sensor.adaptivecharge_stormbreaker_energy_charged_yearly,22.450,2026-03-08T08:58:08.581Z
sensor.adaptivecharge_stormbreaker_energy_charged_yearly,22.458,2026-03-08T08:58:13.279Z
sensor.adaptivecharge_stormbreaker_energy_charged_yearly,22.466,2026-03-08T08:58:23.446Z
sensor.adaptivecharge_stormbreaker_energy_charged_yearly,22.474,2026-03-08T08:58:33.279Z
sensor.adaptivecharge_stormbreaker_energy_charged_yearly,22.481,2026-03-08T08:58:43.443Z
sensor.adaptivecharge_stormbreaker_energy_charged_yearly,22.489,2026-03-08T08:58:53.281Z
sensor.adaptivecharge_stormbreaker_energy_charged_yearly,22.497,2026-03-08T08:59:05.683Z
sensor.adaptivecharge_stormbreaker_energy_charged_yearly,22.507,2026-03-08T08:59:13.281Z
sensor.adaptivecharge_stormbreaker_energy_charged_yearly,22.517,2026-03-08T08:59:23.282Z
sensor.adaptivecharge_stormbreaker_energy_charged_yearly,22.527,2026-03-08T08:59:33.449Z
sensor.adaptivecharge_stormbreaker_energy_charged_yearly,22.537,2026-03-08T08:59:43.284Z
sensor.adaptivecharge_stormbreaker_energy_charged_yearly,22.547,2026-03-08T08:59:53.285Z
sensor.adaptivecharge_stormbreaker_energy_charged_yearly,22.557,2026-03-08T09:00:10.105Z
sensor.adaptivecharge_stormbreaker_energy_charged_yearly,22.562,2026-03-08T09:00:13.461Z
sensor.adaptivecharge_stormbreaker_energy_charged_yearly,22.568,2026-03-08T09:00:23.461Z
sensor.adaptivecharge_stormbreaker_energy_charged_yearly,22.574,2026-03-08T09:00:33.616Z
sensor.adaptivecharge_stormbreaker_energy_charged_yearly,22.580,2026-03-08T09:00:43.463Z
sensor.adaptivecharge_stormbreaker_energy_charged_yearly,22.586,2026-03-08T09:00:53.465Z
sensor.adaptivecharge_stormbreaker_energy_charged_yearly,22.592,2026-03-08T09:01:03.631Z
sensor.adaptivecharge_stormbreaker_energy_charged_yearly,22.598,2026-03-08T09:01:13.466Z
sensor.adaptivecharge_stormbreaker_energy_charged_yearly,22.604,2026-03-08T09:01:29.864Z
sensor.adaptivecharge_stormbreaker_energy_charged_yearly,22.612,2026-03-08T09:01:33.470Z
sensor.adaptivecharge_stormbreaker_energy_charged_yearly,22.620,2026-03-08T09:01:43.634Z
sensor.adaptivecharge_stormbreaker_energy_charged_yearly,22.628,2026-03-08T09:01:53.471Z
sensor.adaptivecharge_stormbreaker_energy_charged_yearly,22.636,2026-03-08T09:02:03.473Z
sensor.adaptivecharge_stormbreaker_energy_charged_yearly,22.644,2026-03-08T09:02:13.632Z
sensor.adaptivecharge_stormbreaker_energy_charged_yearly,22.652,2026-03-08T09:02:23.474Z
sensor.adaptivecharge_stormbreaker_energy_charged_yearly,22.660,2026-03-08T09:02:33.474Z
sensor.adaptivecharge_stormbreaker_energy_charged_yearly,22.667,2026-03-08T09:02:43.476Z
sensor.adaptivecharge_stormbreaker_energy_charged_yearly,22.675,2026-03-08T09:02:53.476Z
sensor.adaptivecharge_stormbreaker_energy_charged_yearly,22.683,2026-03-08T09:03:03.478Z
sensor.adaptivecharge_stormbreaker_energy_charged_yearly,22.691,2026-03-08T09:03:15.681Z
sensor.adaptivecharge_stormbreaker_energy_charged_yearly,22.701,2026-03-08T09:03:23.479Z
sensor.adaptivecharge_stormbreaker_energy_charged_yearly,22.711,2026-03-08T09:03:33.662Z
sensor.adaptivecharge_stormbreaker_energy_charged_yearly,22.721,2026-03-08T09:03:43.482Z
sensor.adaptivecharge_stormbreaker_energy_charged_yearly,22.731,2026-03-08T09:03:53.483Z
sensor.adaptivecharge_stormbreaker_energy_charged_yearly,22.740,2026-03-08T09:04:03.482Z
sensor.adaptivecharge_stormbreaker_energy_charged_yearly,22.750,2026-03-08T09:04:13.689Z
sensor.adaptivecharge_stormbreaker_energy_charged_yearly,22.760,2026-03-08T09:04:29.770Z
sensor.adaptivecharge_stormbreaker_energy_charged_yearly,22.768,2026-03-08T09:04:33.643Z
sensor.adaptivecharge_stormbreaker_energy_charged_yearly,22.776,2026-03-08T09:04:43.647Z
sensor.adaptivecharge_stormbreaker_energy_charged_yearly,22.784,2026-03-08T09:04:53.488Z
sensor.adaptivecharge_stormbreaker_energy_charged_yearly,22.792,2026-03-08T09:05:03.486Z
sensor.adaptivecharge_stormbreaker_energy_charged_yearly,22.799,2026-03-08T09:05:13.655Z
sensor.adaptivecharge_stormbreaker_energy_charged_yearly,22.807,2026-03-08T09:05:23.490Z
sensor.adaptivecharge_stormbreaker_energy_charged_yearly,22.815,2026-03-08T09:05:33.491Z
sensor.adaptivecharge_stormbreaker_energy_charged_yearly,22.823,2026-03-08T09:05:50.100Z
sensor.adaptivecharge_stormbreaker_energy_charged_yearly,22.824,2026-03-08T09:05:53.491Z
sensor.adaptivecharge_stormbreaker_energy_charged_yearly,22.825,2026-03-08T09:06:03.495Z
sensor.adaptivecharge_stormbreaker_energy_charged_yearly,22.827,2026-03-08T09:06:13.659Z
sensor.adaptivecharge_stormbreaker_energy_charged_yearly,22.828,2026-03-08T09:06:23.495Z
sensor.adaptivecharge_stormbreaker_energy_charged_yearly,22.829,2026-03-08T09:06:33.662Z
sensor.adaptivecharge_stormbreaker_energy_charged_yearly,22.830,2026-03-08T09:06:43.496Z
sensor.adaptivecharge_stormbreaker_energy_charged_yearly,22.831,2026-03-08T09:07:00.096Z
sensor.adaptivecharge_stormbreaker_energy_charged_yearly,22.837,2026-03-08T09:07:03.497Z
sensor.adaptivecharge_stormbreaker_energy_charged_yearly,22.843,2026-03-08T09:07:13.657Z
sensor.adaptivecharge_stormbreaker_energy_charged_yearly,22.849,2026-03-08T09:07:23.497Z
sensor.adaptivecharge_stormbreaker_energy_charged_yearly,22.855,2026-03-08T09:07:33.667Z
sensor.adaptivecharge_stormbreaker_energy_charged_yearly,22.861,2026-03-08T09:07:43.504Z
sensor.adaptivecharge_stormbreaker_energy_charged_yearly,22.867,2026-03-08T09:07:53.503Z
sensor.adaptivecharge_stormbreaker_energy_charged_yearly,22.873,2026-03-08T09:08:03.504Z
sensor.adaptivecharge_stormbreaker_energy_charged_yearly,22.879,2026-03-08T09:08:13.505Z
sensor.adaptivecharge_stormbreaker_energy_charged_yearly,22.885,2026-03-08T09:08:23.506Z
sensor.adaptivecharge_stormbreaker_energy_charged_yearly,22.891,2026-03-08T09:08:33.507Z
sensor.adaptivecharge_stormbreaker_energy_charged_yearly,22.897,2026-03-08T09:08:43.509Z
sensor.adaptivecharge_stormbreaker_energy_charged_yearly,22.902,2026-03-08T09:08:53.510Z
sensor.adaptivecharge_stormbreaker_energy_charged_yearly,22.908,2026-03-08T09:09:03.508Z
sensor.adaptivecharge_stormbreaker_energy_charged_yearly,22.914,2026-03-08T09:09:13.511Z
sensor.adaptivecharge_stormbreaker_energy_charged_yearly,22.920,2026-03-08T09:09:23.510Z
sensor.adaptivecharge_stormbreaker_energy_charged_yearly,22.926,2026-03-08T09:09:33.513Z
sensor.adaptivecharge_stormbreaker_energy_charged_yearly,22.932,2026-03-08T09:09:43.513Z
sensor.adaptivecharge_stormbreaker_energy_charged_yearly,22.938,2026-03-08T09:09:53.513Z
sensor.adaptivecharge_stormbreaker_energy_charged_yearly,22.944,2026-03-08T09:10:03.514Z
sensor.adaptivecharge_stormbreaker_energy_charged_yearly,22.950,2026-03-08T09:10:13.513Z
sensor.adaptivecharge_stormbreaker_energy_charged_yearly,22.956,2026-03-08T09:10:23.516Z
sensor.adaptivecharge_stormbreaker_energy_charged_yearly,22.961,2026-03-08T09:10:33.518Z
sensor.adaptivecharge_stormbreaker_energy_charged_yearly,22.967,2026-03-08T09:10:43.521Z
sensor.adaptivecharge_stormbreaker_battery_energy_delta_daily,0.0,2026-03-08T08:45:00.000Z
sensor.adaptivecharge_stormbreaker_battery_energy_delta_daily,0.12,2026-03-08T08:50:43.230Z
sensor.adaptivecharge_stormbreaker_battery_energy_delta_daily,0.24,2026-03-08T08:56:23.267Z
sensor.adaptivecharge_stormbreaker_battery_energy_delta_daily,0.38,2026-03-08T09:00:33.616Z
sensor.adaptivecharge_stormbreaker_battery_energy_delta_daily,0.52,2026-03-08T09:04:29.770Z
sensor.adaptivecharge_stormbreaker_battery_energy_delta_daily,0.64,2026-03-08T09:08:13.505Z
sensor.adaptivecharge_stormbreaker_battery_energy_delta_monthly,6.12,2026-03-08T08:45:00.000Z
sensor.adaptivecharge_stormbreaker_battery_energy_delta_monthly,6.24,2026-03-08T08:50:43.230Z
sensor.adaptivecharge_stormbreaker_battery_energy_delta_monthly,6.36,2026-03-08T08:56:23.267Z
sensor.adaptivecharge_stormbreaker_battery_energy_delta_monthly,6.50,2026-03-08T09:00:33.617Z
sensor.adaptivecharge_stormbreaker_battery_energy_delta_monthly,6.64,2026-03-08T09:04:29.771Z
sensor.adaptivecharge_stormbreaker_battery_energy_delta_monthly,6.76,2026-03-08T09:08:13.505Z
sensor.adaptivecharge_stormbreaker_battery_energy_delta_yearly,6.12,2026-03-08T08:45:00.000Z
sensor.adaptivecharge_stormbreaker_battery_energy_delta_yearly,6.24,2026-03-08T08:50:43.231Z
sensor.adaptivecharge_stormbreaker_battery_energy_delta_yearly,6.36,2026-03-08T08:56:23.267Z
sensor.adaptivecharge_stormbreaker_battery_energy_delta_yearly,6.50,2026-03-08T09:00:33.617Z
sensor.adaptivecharge_stormbreaker_battery_energy_delta_yearly,6.64,2026-03-08T09:04:29.771Z
sensor.adaptivecharge_stormbreaker_battery_energy_delta_yearly,6.76,2026-03-08T09:08:13.505Z
sensor.adaptivecharge_stormbreaker_energy_needed_full,24.96,2026-03-08T08:45:00.000Z
sensor.adaptivecharge_stormbreaker_solar_to_ev_ratio,48.98,2026-03-08T08:45:00.000Z
sensor.adaptivecharge_stormbreaker_solar_to_ev_ratio,48.99,2026-03-08T08:46:13.175Z
sensor.adaptivecharge_stormbreaker_solar_to_ev_ratio,49.0,2026-03-08T08:47:53.212Z
sensor.adaptivecharge_stormbreaker_solar_to_ev_ratio,49.01,2026-03-08T08:49:13.372Z
sensor.adaptivecharge_stormbreaker_solar_to_ev_ratio,49.02,2026-03-08T08:49:23.221Z
sensor.adaptivecharge_stormbreaker_solar_to_ev_ratio,49.03,2026-03-08T08:49:33.369Z
sensor.adaptivecharge_stormbreaker_solar_to_ev_ratio,49.04,2026-03-08T08:49:43.222Z
sensor.adaptivecharge_stormbreaker_solar_to_ev_ratio,49.05,2026-03-08T08:49:59.515Z
sensor.adaptivecharge_stormbreaker_solar_to_ev_ratio,49.06,2026-03-08T08:50:03.224Z
sensor.adaptivecharge_stormbreaker_solar_to_ev_ratio,49.07,2026-03-08T08:50:13.227Z
sensor.adaptivecharge_stormbreaker_solar_to_ev_ratio,49.09,2026-03-08T08:50:23.377Z
sensor.adaptivecharge_stormbreaker_solar_to_ev_ratio,49.1,2026-03-08T08:50:33.226Z
sensor.adaptivecharge_stormbreaker_solar_to_ev_ratio,49.11,2026-03-08T08:50:43.228Z
sensor.adaptivecharge_stormbreaker_solar_to_ev_ratio,49.12,2026-03-08T08:51:00.520Z
sensor.adaptivecharge_stormbreaker_solar_to_ev_ratio,49.13,2026-03-08T08:51:03.231Z
sensor.adaptivecharge_stormbreaker_solar_to_ev_ratio,49.12,2026-03-08T08:51:53.390Z
sensor.adaptivecharge_stormbreaker_solar_to_ev_ratio,49.13,2026-03-08T08:52:03.237Z
sensor.adaptivecharge_stormbreaker_solar_to_ev_ratio,49.14,2026-03-08T08:52:23.239Z
sensor.adaptivecharge_stormbreaker_solar_to_ev_ratio,49.15,2026-03-08T08:52:33.393Z
sensor.adaptivecharge_stormbreaker_solar_to_ev_ratio,49.16,2026-03-08T08:52:43.243Z
sensor.adaptivecharge_stormbreaker_solar_to_ev_ratio,49.17,2026-03-08T08:52:53.396Z
sensor.adaptivecharge_stormbreaker_solar_to_ev_ratio,49.18,2026-03-08T08:53:13.242Z
sensor.adaptivecharge_stormbreaker_solar_to_ev_ratio,49.19,2026-03-08T08:53:28.797Z
sensor.adaptivecharge_stormbreaker_solar_to_ev_ratio,49.2,2026-03-08T08:53:43.247Z
sensor.adaptivecharge_stormbreaker_solar_to_ev_ratio,49.21,2026-03-08T08:54:13.248Z
sensor.adaptivecharge_stormbreaker_solar_to_ev_ratio,49.22,2026-03-08T08:54:33.249Z
sensor.adaptivecharge_stormbreaker_solar_to_ev_ratio,49.23,2026-03-08T08:54:53.251Z
sensor.adaptivecharge_stormbreaker_solar_to_ev_ratio,49.24,2026-03-08T08:55:23.254Z
sensor.adaptivecharge_stormbreaker_solar_to_ev_ratio,49.25,2026-03-08T08:55:43.255Z
sensor.adaptivecharge_stormbreaker_solar_to_ev_ratio,49.26,2026-03-08T08:56:03.264Z
sensor.adaptivecharge_stormbreaker_solar_to_ev_ratio,49.27,2026-03-08T08:56:23.265Z
sensor.adaptivecharge_stormbreaker_solar_to_ev_ratio,49.28,2026-03-08T08:56:43.267Z
sensor.adaptivecharge_stormbreaker_solar_to_ev_ratio,49.29,2026-03-08T08:57:03.269Z
sensor.adaptivecharge_stormbreaker_solar_to_ev_ratio,49.3,2026-03-08T08:57:23.269Z
sensor.adaptivecharge_stormbreaker_solar_to_ev_ratio,49.31,2026-03-08T08:57:43.272Z
sensor.adaptivecharge_stormbreaker_solar_to_ev_ratio,49.32,2026-03-08T08:58:13.276Z
sensor.adaptivecharge_stormbreaker_solar_to_ev_ratio,49.33,2026-03-08T08:58:23.433Z
sensor.adaptivecharge_stormbreaker_solar_to_ev_ratio,49.35,2026-03-08T08:58:33.278Z
sensor.adaptivecharge_stormbreaker_solar_to_ev_ratio,49.36,2026-03-08T08:58:43.432Z
sensor.adaptivecharge_stormbreaker_solar_to_ev_ratio,49.38,2026-03-08T08:58:53.279Z
sensor.adaptivecharge_stormbreaker_solar_to_ev_ratio,49.39,2026-03-08T08:59:05.669Z
sensor.adaptivecharge_stormbreaker_solar_to_ev_ratio,49.4,2026-03-08T08:59:13.279Z
sensor.adaptivecharge_stormbreaker_solar_to_ev_ratio,49.42,2026-03-08T08:59:23.281Z
sensor.adaptivecharge_stormbreaker_solar_to_ev_ratio,49.43,2026-03-08T08:59:33.432Z
sensor.adaptivecharge_stormbreaker_solar_to_ev_ratio,49.45,2026-03-08T08:59:43.282Z
sensor.adaptivecharge_stormbreaker_solar_to_ev_ratio,49.46,2026-03-08T08:59:53.283Z
sensor.adaptivecharge_stormbreaker_solar_to_ev_ratio,49.48,2026-03-08T09:00:10.088Z
sensor.adaptivecharge_stormbreaker_solar_to_ev_ratio,49.49,2026-03-08T09:00:13.459Z
sensor.adaptivecharge_stormbreaker_solar_to_ev_ratio,49.5,2026-03-08T09:01:13.465Z
sensor.adaptivecharge_stormbreaker_solar_to_ev_ratio,49.51,2026-03-08T09:01:29.855Z
sensor.adaptivecharge_stormbreaker_solar_to_ev_ratio,49.53,2026-03-08T09:01:43.625Z
sensor.adaptivecharge_stormbreaker_solar_to_ev_ratio,49.54,2026-03-08T09:01:53.469Z
sensor.adaptivecharge_stormbreaker_solar_to_ev_ratio,49.56,2026-03-08T09:02:03.471Z
sensor.adaptivecharge_stormbreaker_solar_to_ev_ratio,49.57,2026-03-08T09:02:13.621Z
sensor.adaptivecharge_stormbreaker_solar_to_ev_ratio,49.58,2026-03-08T09:02:23.472Z
sensor.adaptivecharge_stormbreaker_solar_to_ev_ratio,49.6,2026-03-08T09:02:33.472Z
sensor.adaptivecharge_stormbreaker_solar_to_ev_ratio,49.61,2026-03-08T09:02:43.474Z
sensor.adaptivecharge_stormbreaker_solar_to_ev_ratio,49.62,2026-03-08T09:02:53.474Z
sensor.adaptivecharge_stormbreaker_solar_to_ev_ratio,49.63,2026-03-08T09:03:03.476Z
sensor.adaptivecharge_stormbreaker_solar_to_ev_ratio,49.65,2026-03-08T09:03:15.666Z
sensor.adaptivecharge_stormbreaker_solar_to_ev_ratio,49.66,2026-03-08T09:03:23.477Z
sensor.adaptivecharge_stormbreaker_solar_to_ev_ratio,49.68,2026-03-08T09:03:33.646Z
sensor.adaptivecharge_stormbreaker_solar_to_ev_ratio,49.7,2026-03-08T09:03:43.480Z
sensor.adaptivecharge_stormbreaker_solar_to_ev_ratio,49.72,2026-03-08T09:03:53.481Z
sensor.adaptivecharge_stormbreaker_solar_to_ev_ratio,49.73,2026-03-08T09:04:03.481Z
sensor.adaptivecharge_stormbreaker_solar_to_ev_ratio,49.75,2026-03-08T09:04:13.673Z
sensor.adaptivecharge_stormbreaker_solar_to_ev_ratio,49.76,2026-03-08T09:04:29.759Z
sensor.adaptivecharge_stormbreaker_solar_to_ev_ratio,49.78,2026-03-08T09:04:33.633Z
sensor.adaptivecharge_stormbreaker_solar_to_ev_ratio,49.79,2026-03-08T09:04:53.485Z
sensor.adaptivecharge_stormbreaker_solar_to_ev_ratio,49.8,2026-03-08T09:05:03.485Z
sensor.adaptivecharge_stormbreaker_solar_to_ev_ratio,49.81,2026-03-08T09:05:13.640Z
sensor.adaptivecharge_stormbreaker_solar_to_ev_ratio,49.82,2026-03-08T09:05:23.488Z
sensor.adaptivecharge_stormbreaker_solar_to_ev_ratio,49.83,2026-03-08T09:05:50.089Z
sensor.adaptivecharge_stormbreaker_solar_to_ev_ratio,49.84,2026-03-08T09:05:53.489Z
sensor.adaptivecharge_stormbreaker_solar_to_ev_ratio,49.83,2026-03-08T09:06:13.649Z
sensor.adaptivecharge_stormbreaker_solar_to_ev_ratio,49.82,2026-03-08T09:06:33.651Z
sensor.adaptivecharge_stormbreaker_solar_to_ev_ratio,49.81,2026-03-08T09:07:00.094Z
sensor.adaptivecharge_stormbreaker_solar_to_ev_ratio,49.82,2026-03-08T09:07:13.646Z
sensor.adaptivecharge_stormbreaker_solar_to_ev_ratio,49.83,2026-03-08T09:07:33.653Z
sensor.adaptivecharge_stormbreaker_solar_to_ev_ratio,49.84,2026-03-08T09:07:43.502Z
sensor.adaptivecharge_stormbreaker_solar_to_ev_ratio,49.85,2026-03-08T09:08:03.502Z
sensor.adaptivecharge_stormbreaker_solar_to_ev_ratio,49.86,2026-03-08T09:08:13.503Z
sensor.adaptivecharge_stormbreaker_solar_to_ev_ratio,49.87,2026-03-08T09:08:33.505Z
sensor.adaptivecharge_stormbreaker_solar_to_ev_ratio,49.88,2026-03-08T09:08:43.507Z
sensor.adaptivecharge_stormbreaker_solar_to_ev_ratio,49.89,2026-03-08T09:09:03.506Z
sensor.adaptivecharge_stormbreaker_solar_to_ev_ratio,49.9,2026-03-08T09:09:13.509Z
sensor.adaptivecharge_stormbreaker_solar_to_ev_ratio,49.91,2026-03-08T09:09:33.511Z
sensor.adaptivecharge_stormbreaker_solar_to_ev_ratio,49.92,2026-03-08T09:09:53.511Z
sensor.adaptivecharge_stormbreaker_solar_to_ev_ratio,49.93,2026-03-08T09:10:03.512Z
sensor.adaptivecharge_stormbreaker_solar_to_ev_ratio,49.94,2026-03-08T09:10:23.514Z
sensor.adaptivecharge_stormbreaker_solar_to_ev_ratio,49.95,2026-03-08T09:10:43.519Z
sensor.adaptivecharge_stormbreaker_charging_overhead,20.0,2026-03-08T08:45:00.000Z
sensor.adaptivecharge_stormbreaker_charging_overhead,23.3,2026-03-08T09:04:29.759Z
sensor.adaptivecharge_stormbreaker_charging_overhead,22.9,2026-03-08T09:08:13.504Z
sensor.adaptivecharge_stormbreaker_range_upper_limit,275.0,2026-03-08T08:45:00.000Z
sensor.adaptivecharge_stormbreaker_range_lower_limit,262.5,2026-03-08T08:45:00.000Z
number.adaptivecharge_stormbreaker_desired_range,250.0,2026-03-08T08:45:00.000Z
sensor.adaptivecharge_stormbreaker_mode,surplus,2026-03-08T08:45:00.000Z
sensor.adaptivecharge_stormbreaker_import_guard_state,ok,2026-03-08T08:45:00.000Z
sensor.adaptivecharge_stormbreaker_import_guard_state,reducing,2026-03-08T08:50:23.376Z
sensor.adaptivecharge_stormbreaker_import_guard_state,ok,2026-03-08T08:52:19.509Z
sensor.adaptivecharge_stormbreaker_import_guard_state,reducing,2026-03-08T08:53:28.795Z
sensor.adaptivecharge_stormbreaker_import_guard_state,ok,2026-03-08T08:54:13.247Z
sensor.adaptivecharge_stormbreaker_import_guard_state,reducing,2026-03-08T08:59:33.430Z
sensor.adaptivecharge_stormbreaker_import_guard_state,ok,2026-03-08T09:01:29.853Z
sensor.adaptivecharge_stormbreaker_import_guard_state,reducing,2026-03-08T09:04:43.635Z
sensor.adaptivecharge_stormbreaker_import_guard_state,ok,2026-03-08T09:06:33.650Z
sensor.adaptivecharge_stormbreaker_last_action,modulate_2A,2026-03-08T08:45:00.000Z
sensor.adaptivecharge_stormbreaker_last_action,modulate_3A,2026-03-08T08:48:59.141Z
sensor.adaptivecharge_stormbreaker_last_action,modulate_4A,2026-03-08T08:49:13.371Z
sensor.adaptivecharge_stormbreaker_last_action,modulate_5A,2026-03-08T08:49:33.369Z
sensor.adaptivecharge_stormbreaker_last_action,modulate_4A,2026-03-08T08:49:59.514Z
sensor.adaptivecharge_stormbreaker_last_action,modulate_3A,2026-03-08T08:50:23.376Z
sensor.adaptivecharge_stormbreaker_last_action,modulate_2A,2026-03-08T08:51:00.519Z
sensor.adaptivecharge_stormbreaker_last_action,modulate_1A,2026-03-08T08:51:23.381Z
sensor.adaptivecharge_stormbreaker_last_action,modulate_2A,2026-03-08T08:51:53.389Z
sensor.adaptivecharge_stormbreaker_last_action,modulate_3A,2026-03-08T08:52:19.509Z
sensor.adaptivecharge_stormbreaker_last_action,modulate_4A,2026-03-08T08:52:33.392Z
sensor.adaptivecharge_stormbreaker_last_action,modulate_3A,2026-03-08T08:52:53.395Z
sensor.adaptivecharge_stormbreaker_last_action,modulate_2A,2026-03-08T08:53:28.795Z
sensor.adaptivecharge_stormbreaker_last_action,modulate_3A,2026-03-08T08:53:53.394Z
sensor.adaptivecharge_stormbreaker_last_action,modulate_4A,2026-03-08T08:58:08.570Z
sensor.adaptivecharge_stormbreaker_last_action,modulate_5A,2026-03-08T08:58:23.432Z
sensor.adaptivecharge_stormbreaker_last_action,modulate_6A,2026-03-08T08:58:43.431Z
sensor.adaptivecharge_stormbreaker_last_action,modulate_5A,2026-03-08T08:59:05.667Z
sensor.adaptivecharge_stormbreaker_last_action,modulate_4A,2026-03-08T08:59:33.430Z
sensor.adaptivecharge_stormbreaker_last_action,modulate_3A,2026-03-08T09:00:10.087Z
sensor.adaptivecharge_stormbreaker_last_action,modulate_2A,2026-03-08T09:00:33.612Z
sensor.adaptivecharge_stormbreaker_last_action,modulate_3A,2026-03-08T09:01:03.616Z
sensor.adaptivecharge_stormbreaker_last_action,modulate_4A,2026-03-08T09:01:29.853Z
sensor.adaptivecharge_stormbreaker_last_action,modulate_5A,2026-03-08T09:01:43.624Z
sensor.adaptivecharge_stormbreaker_last_action,modulate_4A,2026-03-08T09:02:13.620Z
sensor.adaptivecharge_stormbreaker_last_action,modulate_5A,2026-03-08T09:03:15.665Z
sensor.adaptivecharge_stormbreaker_last_action,modulate_6A,2026-03-08T09:03:33.645Z
sensor.adaptivecharge_stormbreaker_last_action,modulate_5A,2026-03-08T09:04:13.672Z
sensor.adaptivecharge_stormbreaker_last_action,modulate_4A,2026-03-08T09:04:29.757Z
sensor.adaptivecharge_stormbreaker_last_action,modulate_3A,2026-03-08T09:04:33.632Z
sensor.adaptivecharge_stormbreaker_last_action,modulate_2A,2026-03-08T09:04:43.635Z
sensor.adaptivecharge_stormbreaker_last_action,modulate_1A,2026-03-08T09:05:13.639Z
sensor.adaptivecharge_stormbreaker_last_action,modulate_0A,2026-03-08T09:05:50.087Z
sensor.adaptivecharge_stormbreaker_last_action,modulate_1A,2026-03-08T09:06:13.647Z
sensor.adaptivecharge_stormbreaker_last_action,modulate_2A,2026-03-08T09:06:33.650Z
sensor.adaptivecharge_stormbreaker_last_action,modulate_3A,2026-03-08T09:07:00.092Z
sensor.adaptivecharge_stormbreaker_last_action,modulate_4A,2026-03-08T09:07:13.645Z
sensor.adaptivecharge_stormbreaker_last_action,modulate_5A,2026-03-08T09:07:33.652Z
sensor.adaptivecharge_stormbreaker_last_reason,modulate_up,2026-03-08T08:45:00.000Z
sensor.adaptivecharge_stormbreaker_last_reason,modulate_down,2026-03-08T08:49:59.514Z
sensor.adaptivecharge_stormbreaker_last_reason,import_guard_reduce,2026-03-08T08:50:23.376Z
sensor.adaptivecharge_stormbreaker_last_reason,modulate_up,2026-03-08T08:51:53.389Z
sensor.adaptivecharge_stormbreaker_last_reason,modulate_down,2026-03-08T08:52:53.395Z
sensor.adaptivecharge_stormbreaker_last_reason,import_guard_reduce,2026-03-08T08:53:28.795Z
sensor.adaptivecharge_stormbreaker_last_reason,modulate_up,2026-03-08T08:53:53.394Z
sensor.adaptivecharge_stormbreaker_last_reason,modulate_down,2026-03-08T08:59:05.667Z
sensor.adaptivecharge_stormbreaker_last_reason,import_guard_reduce,2026-03-08T08:59:33.430Z
sensor.adaptivecharge_stormbreaker_last_reason,modulate_up,2026-03-08T09:01:03.616Z
sensor.adaptivecharge_stormbreaker_last_reason,modulate_down,2026-03-08T09:02:13.620Z
sensor.adaptivecharge_stormbreaker_last_reason,modulate_up,2026-03-08T09:03:15.665Z
sensor.adaptivecharge_stormbreaker_last_reason,modulate_down,2026-03-08T09:04:13.672Z
sensor.adaptivecharge_stormbreaker_last_reason,import_guard_reduce,2026-03-08T09:04:43.635Z
sensor.adaptivecharge_stormbreaker_last_reason,modulate_up,2026-03-08T09:06:13.647Z
sensor.adaptivecharge_stormbreaker_alignment_diagnostics,high,2026-03-08T08:45:00.000Z
sensor.adaptivecharge_stormbreaker_alignment_diagnostics,medium,2026-03-08T08:49:03.217Z
sensor.adaptivecharge_stormbreaker_alignment_diagnostics,high,2026-03-08T08:49:13.371Z
sensor.adaptivecharge_stormbreaker_alignment_diagnostics,medium,2026-03-08T08:49:59.515Z
sensor.adaptivecharge_stormbreaker_alignment_diagnostics,high,2026-03-08T08:50:13.226Z
sensor.adaptivecharge_stormbreaker_alignment_diagnostics,medium,2026-03-08T08:51:03.230Z
sensor.adaptivecharge_stormbreaker_alignment_diagnostics,high,2026-03-08T08:51:13.233Z
sensor.adaptivecharge_stormbreaker_alignment_diagnostics,medium,2026-03-08T08:51:53.389Z
sensor.adaptivecharge_stormbreaker_alignment_diagnostics,high,2026-03-08T08:52:03.236Z
sensor.adaptivecharge_stormbreaker_alignment_diagnostics,medium,2026-03-08T08:52:23.239Z
sensor.adaptivecharge_stormbreaker_alignment_diagnostics,high,2026-03-08T08:52:33.393Z
sensor.adaptivecharge_stormbreaker_alignment_diagnostics,medium,2026-03-08T08:53:33.245Z
sensor.adaptivecharge_stormbreaker_alignment_diagnostics,high,2026-03-08T08:53:43.246Z
sensor.adaptivecharge_stormbreaker_alignment_diagnostics,medium,2026-03-08T08:58:13.276Z
sensor.adaptivecharge_stormbreaker_alignment_diagnostics,high,2026-03-08T08:58:23.433Z
sensor.adaptivecharge_stormbreaker_alignment_diagnostics,medium,2026-03-08T08:59:05.668Z
sensor.adaptivecharge_stormbreaker_alignment_diagnostics,high,2026-03-08T08:59:23.280Z
sensor.adaptivecharge_stormbreaker_alignment_diagnostics,low,2026-03-08T09:00:13.459Z
sensor.adaptivecharge_stormbreaker_alignment_diagnostics,medium,2026-03-08T09:00:23.459Z
sensor.adaptivecharge_stormbreaker_alignment_diagnostics,high,2026-03-08T09:00:43.461Z
sensor.adaptivecharge_stormbreaker_alignment_diagnostics,medium,2026-03-08T09:01:33.467Z
sensor.adaptivecharge_stormbreaker_alignment_diagnostics,high,2026-03-08T09:01:43.625Z
sensor.adaptivecharge_stormbreaker_alignment_diagnostics,medium,2026-03-08T09:03:23.477Z
sensor.adaptivecharge_stormbreaker_alignment_diagnostics,high,2026-03-08T09:03:33.646Z
sensor.adaptivecharge_stormbreaker_alignment_diagnostics,medium,2026-03-08T09:04:13.673Z
sensor.adaptivecharge_stormbreaker_alignment_diagnostics,high,2026-03-08T09:04:29.758Z
sensor.adaptivecharge_stormbreaker_alignment_diagnostics,medium,2026-03-08T09:04:33.633Z
sensor.adaptivecharge_stormbreaker_alignment_diagnostics,high,2026-03-08T09:04:43.636Z
sensor.adaptivecharge_stormbreaker_alignment_diagnostics,medium,2026-03-08T09:05:23.487Z
sensor.adaptivecharge_stormbreaker_alignment_diagnostics,high,2026-03-08T09:06:03.491Z
sensor.adaptivecharge_stormbreaker_alignment_diagnostics,medium,2026-03-08T09:06:13.648Z
sensor.adaptivecharge_stormbreaker_alignment_diagnostics,high,2026-03-08T09:06:43.494Z
sensor.adaptivecharge_stormbreaker_alignment_diagnostics,low,2026-03-08T09:07:03.495Z
sensor.adaptivecharge_stormbreaker_alignment_diagnostics,high,2026-03-08T09:07:13.646Z
sensor.adaptivecharge_stormbreaker_version,4.3.4,2026-03-08T08:45:00.000Z
binary_sensor.adaptivecharge_stormbreaker_force_charge,off,2026-03-08T08:45:00.000Z
binary_sensor.adaptivecharge_stormbreaker_charging_active,on,2026-03-08T08:45:00.000Z
binary_sensor.adaptivecharge_stormbreaker_low_power_active,off,2026-03-08T08:45:00.000Z
switch.adaptivecharge_stormbreaker_controller_enabled,on,2026-03-08T08:45:00.000Z
switch.adaptivecharge_stormbreaker_charge_now,off,2026-03-08T08:45:00.000Z
switch.adaptivecharge_stormbreaker_charge_tonight,off,2026-03-08T08:45:00.000Z
select.adaptivecharge_stormbreaker_charging_priority,balance,2026-03-08T08:45:00.000Z
