entity_id,state,last_changed
sensor.energy_grid_electricity_meter_power_consumption_electricity_meter_power_production_net_power,-294.0,2026-03-06T12:34:32.981Z
sensor.energy_grid_electricity_meter_power_consumption_electricity_meter_power_production_net_power,-295.0,2026-03-06T12:34:38.387Z
sensor.energy_grid_electricity_meter_power_consumption_electricity_meter_power_production_net_power,-304.0,2026-03-06T12:35:09.382Z
sensor.energy_grid_electricity_meter_power_consumption_electricity_meter_power_production_net_power,-278.0,2026-03-06T12:35:40.414Z
sensor.energy_grid_electricity_meter_power_consumption_electricity_meter_power_production_net_power,-272.0,2026-03-06T12:36:11.388Z
sensor.energy_grid_electricity_meter_power_consumption_electricity_meter_power_production_net_power,-286.0,2026-03-06T12:36:42.380Z
sensor.energy_grid_electricity_meter_power_consumption_electricity_meter_power_production_net_power,-302.0,2026-03-06T12:37:13.374Z
sensor.energy_grid_electricity_meter_power_consumption_electricity_meter_power_production_net_power,-308.0,2026-03-06T12:37:44.371Z
sensor.energy_grid_electricity_meter_power_consumption_electricity_meter_power_production_net_power,-293.0,2026-03-06T12:38:15.382Z
sensor.energy_grid_electricity_meter_power_consumption_electricity_meter_power_production_net_power,-282.0,2026-03-06T12:38:45.390Z
sensor.energy_grid_electricity_meter_power_consumption_electricity_meter_power_production_net_power,-243.0,2026-03-06T12:39:16.384Z
sensor.energy_grid_electricity_meter_power_consumption_electricity_meter_power_production_net_power,-230.0,2026-03-06T12:39:47.374Z
sensor.energy_grid_electricity_meter_power_consumption_electricity_meter_power_production_net_power,-202.0,2026-03-06T12:40:17.385Z
sensor.energy_grid_electricity_meter_power_consumption_electricity_meter_power_production_net_power,-179.0,2026-03-06T12:40:48.378Z
sensor.energy_grid_electricity_meter_power_consumption_electricity_meter_power_production_net_power,-190.0,2026-03-06T12:41:18.388Z
sensor.energy_grid_electricity_meter_power_consumption_electricity_meter_power_production_net_power,-238.0,2026-03-06T12:41:49.378Z
sensor.energy_grid_electricity_meter_power_consumption_electricity_meter_power_production_net_power,-258.0,2026-03-06T12:42:19.380Z
sensor.energy_grid_electricity_meter_power_consumption_electricity_meter_power_production_net_power,-241.0,2026-03-06T12:42:49.383Z
sensor.energy_grid_electricity_meter_power_consumption_electricity_meter_power_production_net_power,-246.0,2026-03-06T12:43:20.384Z
sensor.energy_grid_electricity_meter_power_consumption_electricity_meter_power_production_net_power,-255.0,2026-03-06T12:43:50.392Z
sensor.energy_grid_electricity_meter_power_consumption_electricity_meter_power_production_net_power,-216.0,2026-03-06T12:44:20.411Z
sensor.energy_grid_electricity_meter_power_consumption_electricity_meter_power_production_net_power,-230.0,2026-03-06T12:44:51.386Z
sensor.energy_grid_electricity_meter_power_consumption_electricity_meter_power_production_net_power,-237.0,2026-03-06T12:45:22.366Z
sensor.energy_grid_electricity_meter_power_consumption_electricity_meter_power_production_net_power,-213.0,2026-03-06T12:45:52.383Z
sensor.energy_grid_electricity_meter_power_consumption_electricity_meter_power_production_net_power,-159.0,2026-03-06T12:46:23.385Z
sensor.energy_grid_electricity_meter_power_consumption_electricity_meter_power_production_net_power,-226.0,2026-03-06T12:46:54.380Z
sensor.energy_grid_electricity_meter_power_consumption_electricity_meter_power_production_net_power,-228.0,2026-03-06T12:47:25.384Z
sensor.energy_grid_electricity_meter_power_consumption_electricity_meter_power_production_net_power,-212.0,2026-03-06T12:47:56.381Z
sensor.energy_grid_electricity_meter_power_consumption_electricity_meter_power_production_net_power,-211.0,2026-03-06T12:48:27.375Z
sensor.energy_grid_electricity_meter_power_consumption_electricity_meter_power_production_net_power,-205.0,2026-03-06T12:48:57.382Z
sensor.energy_grid_electricity_meter_power_consumption_electricity_meter_power_production_net_power,-188.0,2026-03-06T12:49:28.375Z
sensor.energy_grid_electricity_meter_power_consumption_electricity_meter_power_production_net_power,-185.0,2026-03-06T12:49:59.372Z
sensor.energy_grid_electricity_meter_power_consumption_electricity_meter_power_production_net_power,-205.0,2026-03-06T12:50:29.376Z
sensor.energy_grid_electricity_meter_power_consumption_electricity_meter_power_production_net_power,-189.0,2026-03-06T12:50:59.392Z
sensor.energy_grid_electricity_meter_power_consumption_electricity_meter_power_production_net_power,-175.0,2026-03-06T12:51:30.389Z
sensor.energy_grid_electricity_meter_power_consumption_electricity_meter_power_production_net_power,-172.0,2026-03-06T12:52:01.380Z
sensor.energy_grid_electricity_meter_power_consumption_electricity_meter_power_production_net_power,-175.0,2026-03-06T12:52:32.377Z
sensor.energy_grid_electricity_meter_power_consumption_electricity_meter_power_production_net_power,-172.0,2026-03-06T12:53:03.368Z
sensor.energy_grid_electricity_meter_power_consumption_electricity_meter_power_production_net_power,-153.0,2026-03-06T12:53:34.375Z
sensor.energy_grid_electricity_meter_power_consumption_electricity_meter_power_production_net_power,-159.0,2026-03-06T12:54:04.384Z
sensor.energy_grid_electricity_meter_power_consumption_electricity_meter_power_production_net_power,-160.0,2026-03-06T12:54:35.392Z
sensor.energy_grid_electricity_meter_power_consumption_electricity_meter_power_production_net_power,-159.0,2026-03-06T12:55:06.386Z
sensor.energy_grid_electricity_meter_power_consumption_electricity_meter_power_production_net_power,-158.0,2026-03-06T12:55:37.387Z
sensor.energy_grid_electricity_meter_power_consumption_electricity_meter_power_production_net_power,-160.0,2026-03-06T12:56:08.376Z
sensor.energy_grid_electricity_meter_power_consumption_electricity_meter_power_production_net_power,-93.0,2026-03-06T12:56:39.371Z
sensor.energy_grid_electricity_meter_power_consumption_electricity_meter_power_production_net_power,-109.0,2026-03-06T12:57:09.394Z
sensor.energy_grid_electricity_meter_power_consumption_electricity_meter_power_production_net_power,-129.0,2026-03-06T12:57:40.415Z
sensor.energy_grid_electricity_meter_power_consumption_electricity_meter_power_production_net_power,-97.0,2026-03-06T12:58:11.388Z
sensor.energy_grid_electricity_meter_power_consumption_electricity_meter_power_production_net_power,-114.0,2026-03-06T12:58:42.382Z
sensor.energy_grid_electricity_meter_power_consumption_electricity_meter_power_production_net_power,-92.9999999999999,2026-03-06T12:59:12.496Z
sensor.energy_grid_electricity_meter_power_consumption_electricity_meter_power_production_net_power,-84.9999999999999,2026-03-06T12:59:43.370Z
sensor.energy_grid_electricity_meter_power_consumption_electricity_meter_power_production_net_power,-93.9999999999999,2026-03-06T13:00:13.378Z
sensor.energy_grid_electricity_meter_power_consumption_electricity_meter_power_production_net_power,-84.0,2026-03-06T13:00:44.378Z
sensor.energy_grid_electricity_meter_power_consumption_electricity_meter_power_production_net_power,-72.9999999999999,2026-03-06T13:01:15.377Z
sensor.energy_grid_electricity_meter_power_consumption_electricity_meter_power_production_net_power,-62.0,2026-03-06T13:01:45.391Z
sensor.energy_grid_electricity_meter_power_consumption_electricity_meter_power_production_net_power,-59.0,2026-03-06T13:02:16.366Z
sensor.energy_grid_electricity_meter_power_consumption_electricity_meter_power_production_net_power,-61.0,2026-03-06T13:02:46.377Z
sensor.energy_grid_electricity_meter_power_consumption_electricity_meter_power_production_net_power,-52.0000000000001,2026-03-06T13:03:16.386Z
sensor.energy_grid_electricity_meter_power_consumption_electricity_meter_power_production_net_power,-35.0,2026-03-06T13:03:47.376Z
sensor.energy_grid_electricity_meter_power_consumption_electricity_meter_power_production_net_power,-36.0000000000001,2026-03-06T13:04:18.378Z
sensor.energy_grid_electricity_meter_power_consumption_electricity_meter_power_production_net_power,-9.0,2026-03-06T13:04:49.365Z
sensor.energy_grid_electricity_meter_power_consumption_electricity_meter_power_production_net_power,-22.0,2026-03-06T13:05:19.374Z
sensor.energy_grid_electricity_meter_power_consumption_electricity_meter_power_production_net_power,-12.0,2026-03-06T13:05:50.374Z
sensor.energy_grid_electricity_meter_power_consumption_electricity_meter_power_production_net_power,20.0,2026-03-06T13:06:20.412Z
sensor.energy_grid_electricity_meter_power_consumption_electricity_meter_power_production_net_power,13.0,2026-03-06T13:06:51.383Z
sensor.energy_grid_electricity_meter_power_consumption_electricity_meter_power_production_net_power,1.0,2026-03-06T13:07:22.372Z
sensor.energy_grid_electricity_meter_power_consumption_electricity_meter_power_production_net_power,-19.0,2026-03-06T13:07:52.383Z
sensor.energy_grid_electricity_meter_power_consumption_electricity_meter_power_production_net_power,-8.00000000000006,2026-03-06T13:08:23.371Z
sensor.energy_grid_electricity_meter_power_consumption_electricity_meter_power_production_net_power,-20.0,2026-03-06T13:08:53.386Z
sensor.energy_grid_electricity_meter_power_consumption_electricity_meter_power_production_net_power,-7.00000000000006,2026-03-06T13:09:24.372Z
sensor.energy_grid_electricity_meter_power_consumption_electricity_meter_power_production_net_power,13.0000000000001,2026-03-06T13:09:54.383Z
sensor.energy_grid_electricity_meter_power_consumption_electricity_meter_power_production_net_power,5.0,2026-03-06T13:10:25.390Z
sensor.energy_grid_electricity_meter_power_consumption_electricity_meter_power_production_net_power,-4.0,2026-03-06T13:10:56.370Z
sensor.energy_grid_electricity_meter_power_consumption_electricity_meter_power_production_net_power,19.0000000000001,2026-03-06T13:11:27.377Z
sensor.energy_grid_electricity_meter_power_consumption_electricity_meter_power_production_net_power,14.0000000000001,2026-03-06T13:11:57.386Z
sensor.energy_grid_electricity_meter_power_consumption_electricity_meter_power_production_net_power,-3.00000000000006,2026-03-06T13:12:28.361Z
sensor.energy_grid_electricity_meter_power_consumption_electricity_meter_power_production_net_power,-14.0000000000001,2026-03-06T13:12:58.385Z
sensor.energy_grid_electricity_meter_power_consumption_electricity_meter_power_production_net_power,69.0,2026-03-06T13:13:29.360Z
sensor.energy_grid_electricity_meter_power_consumption_electricity_meter_power_production_net_power,72.0,2026-03-06T13:13:59.373Z
sensor.energy_grid_electricity_meter_power_consumption_electricity_meter_power_production_net_power,78.0,2026-03-06T13:14:29.383Z
sensor.energy_grid_electricity_meter_power_consumption_electricity_meter_power_production_net_power,81.0000000000001,2026-03-06T13:15:00.427Z
sensor.energy_grid_electricity_meter_power_consumption_electricity_meter_power_production_net_power,86.0000000000001,2026-03-06T13:15:31.381Z
sensor.energy_grid_electricity_meter_power_consumption_electricity_meter_power_production_net_power,85.0000000000001,2026-03-06T13:16:02.366Z
sensor.energy_grid_electricity_meter_power_consumption_electricity_meter_power_production_net_power,97.0,2026-03-06T13:16:32.373Z
sensor.energy_grid_electricity_meter_power_consumption_electricity_meter_power_production_net_power,111.0,2026-03-06T13:17:02.384Z
sensor.energy_grid_electricity_meter_power_consumption_electricity_meter_power_production_net_power,-2.0,2026-03-06T13:17:33.377Z
sensor.energy_grid_electricity_meter_power_consumption_electricity_meter_power_production_net_power,21.9999999999999,2026-03-06T13:18:03.389Z
sensor.energy_grid_electricity_meter_power_consumption_electricity_meter_power_production_net_power,34.9999999999999,2026-03-06T13:19:04.373Z
sensor.energy_grid_electricity_meter_power_consumption_electricity_meter_power_production_net_power,71.0,2026-03-06T13:19:35.376Z
sensor.energy_grid_electricity_meter_power_consumption_electricity_meter_power_production_net_power,73.0,2026-03-06T13:20:06.376Z
sensor.energy_grid_electricity_meter_power_consumption_electricity_meter_power_production_net_power,79.0,2026-03-06T13:20:37.373Z
sensor.energy_grid_electricity_meter_power_consumption_electricity_meter_power_production_net_power,85.0,2026-03-06T13:21:07.380Z
sensor.energy_grid_electricity_meter_power_consumption_electricity_meter_power_production_net_power,65.0,2026-03-06T13:21:37.381Z
sensor.energy_grid_electricity_meter_power_consumption_electricity_meter_power_production_net_power,837.0,2026-03-06T13:22:08.382Z
sensor.energy_grid_electricity_meter_power_consumption_electricity_meter_power_production_net_power,842.0,2026-03-06T13:23:10.386Z
sensor.energy_grid_electricity_meter_power_consumption_electricity_meter_power_production_net_power,898.0,2026-03-06T13:23:40.412Z
sensor.energy_grid_electricity_meter_power_consumption_electricity_meter_power_production_net_power,-558.0,2026-03-06T13:24:11.375Z
sensor.energy_grid_electricity_meter_power_consumption_electricity_meter_power_production_net_power,-1946.0,2026-03-06T13:24:42.368Z
sensor.energy_grid_electricity_meter_power_consumption_electricity_meter_power_production_net_power,-1905.0,2026-03-06T13:25:12.488Z
sensor.energy_grid_electricity_meter_power_consumption_electricity_meter_power_production_net_power,-1534.0,2026-03-06T13:25:43.373Z
sensor.energy_grid_electricity_meter_power_consumption_electricity_meter_power_production_net_power,-167.0,2026-03-06T13:26:14.366Z
sensor.energy_grid_electricity_meter_power_consumption_electricity_meter_power_production_net_power,-271.0,2026-03-06T13:26:45.379Z
sensor.energy_grid_electricity_meter_power_consumption_electricity_meter_power_production_net_power,-283.0,2026-03-06T13:27:15.386Z
sensor.energy_grid_electricity_meter_power_consumption_electricity_meter_power_production_net_power,-304.0,2026-03-06T13:27:46.364Z
sensor.energy_grid_electricity_meter_power_consumption_electricity_meter_power_production_net_power,-309.0,2026-03-06T13:28:16.375Z
sensor.energy_grid_electricity_meter_power_consumption_electricity_meter_power_production_net_power,-304.0,2026-03-06T13:28:46.379Z
sensor.energy_grid_electricity_meter_power_consumption_electricity_meter_power_production_net_power,-306.0,2026-03-06T13:29:17.381Z
sensor.energy_grid_electricity_meter_power_consumption_electricity_meter_power_production_net_power,-304.0,2026-03-06T13:29:48.366Z
sensor.energy_grid_electricity_meter_power_consumption_electricity_meter_power_production_net_power,-254.0,2026-03-06T13:30:18.380Z
sensor.energy_grid_electricity_meter_power_consumption_electricity_meter_power_production_net_power,-289.0,2026-03-06T13:30:49.361Z
sensor.energy_grid_electricity_meter_power_consumption_electricity_meter_power_production_net_power,-317.0,2026-03-06T13:31:19.367Z
sensor.energy_grid_electricity_meter_power_consumption_electricity_meter_power_production_net_power,-336.0,2026-03-06T13:31:50.378Z
sensor.energy_grid_electricity_meter_power_consumption_electricity_meter_power_production_net_power,-290.0,2026-03-06T13:32:20.407Z
sensor.energy_grid_electricity_meter_power_consumption_electricity_meter_power_production_net_power,-297.0,2026-03-06T13:32:51.376Z
sensor.energy_grid_electricity_meter_power_consumption_electricity_meter_power_production_net_power,-324.0,2026-03-06T13:33:21.381Z
sensor.energy_grid_electricity_meter_power_consumption_electricity_meter_power_production_net_power,-281.0,2026-03-06T13:33:52.366Z
sensor.energy_grid_electricity_meter_power_consumption_electricity_meter_power_production_net_power,-166.0,2026-03-06T13:34:22.371Z
sensor.adaptivecharge_stormbreaker_net_surplus_excl_ev,3156.5,2026-03-06T12:34:32.981Z
sensor.adaptivecharge_stormbreaker_net_surplus_excl_ev,3133.5,2026-03-06T12:34:41.813Z
sensor.adaptivecharge_stormbreaker_net_surplus_excl_ev,3153.6,2026-03-06T12:34:51.814Z
sensor.adaptivecharge_stormbreaker_net_surplus_excl_ev,3129.3,2026-03-06T12:35:01.814Z
sensor.adaptivecharge_stormbreaker_net_surplus_excl_ev,3140.0,2026-03-06T12:35:11.815Z
sensor.adaptivecharge_stormbreaker_net_surplus_excl_ev,3134.2,2026-03-06T12:35:21.816Z
sensor.adaptivecharge_stormbreaker_net_surplus_excl_ev,3111.0,2026-03-06T12:35:31.818Z
sensor.adaptivecharge_stormbreaker_net_surplus_excl_ev,3121.8,2026-03-06T12:35:41.819Z
sensor.adaptivecharge_stormbreaker_net_surplus_excl_ev,3126.1,2026-03-06T12:35:51.819Z
sensor.adaptivecharge_stormbreaker_net_surplus_excl_ev,3117.5,2026-03-06T12:36:01.820Z
sensor.adaptivecharge_stormbreaker_net_surplus_excl_ev,3126.7,2026-03-06T12:36:11.819Z
sensor.adaptivecharge_stormbreaker_net_surplus_excl_ev,3109.3,2026-03-06T12:36:21.822Z
sensor.adaptivecharge_stormbreaker_net_surplus_excl_ev,3141.2,2026-03-06T12:36:31.823Z
sensor.adaptivecharge_stormbreaker_net_surplus_excl_ev,3138.1,2026-03-06T12:36:41.824Z
sensor.adaptivecharge_stormbreaker_net_surplus_excl_ev,3143.8,2026-03-06T12:36:51.826Z
sensor.adaptivecharge_stormbreaker_net_surplus_excl_ev,3118.1,2026-03-06T12:37:01.826Z
sensor.adaptivecharge_stormbreaker_net_surplus_excl_ev,3131.6,2026-03-06T12:37:11.827Z
sensor.adaptivecharge_stormbreaker_net_surplus_excl_ev,3148.3,2026-03-06T12:37:21.828Z
sensor.adaptivecharge_stormbreaker_net_surplus_excl_ev,3162.6,2026-03-06T12:37:31.830Z
sensor.adaptivecharge_stormbreaker_net_surplus_excl_ev,3126.5,2026-03-06T12:37:41.831Z
sensor.adaptivecharge_stormbreaker_net_surplus_excl_ev,3140.3,2026-03-06T12:37:51.833Z
sensor.adaptivecharge_stormbreaker_net_surplus_excl_ev,3135.3,2026-03-06T12:38:01.834Z
sensor.adaptivecharge_stormbreaker_net_surplus_excl_ev,3129.3,2026-03-06T12:38:11.835Z
sensor.adaptivecharge_stormbreaker_net_surplus_excl_ev,3135.2,2026-03-06T12:38:21.836Z
sensor.adaptivecharge_stormbreaker_net_surplus_excl_ev,3101.5,2026-03-06T12:38:31.837Z
sensor.adaptivecharge_stormbreaker_net_surplus_excl_ev,3114.5,2026-03-06T12:38:41.837Z
sensor.adaptivecharge_stormbreaker_net_surplus_excl_ev,3121.7,2026-03-06T12:38:51.838Z
sensor.adaptivecharge_stormbreaker_net_surplus_excl_ev,3124.9,2026-03-06T12:39:01.838Z
sensor.adaptivecharge_stormbreaker_net_surplus_excl_ev,3102.7,2026-03-06T12:39:11.839Z
sensor.adaptivecharge_stormbreaker_net_surplus_excl_ev,3114.9,2026-03-06T12:39:21.839Z
sensor.adaptivecharge_stormbreaker_net_surplus_excl_ev,3115.3,2026-03-06T12:39:31.841Z
sensor.adaptivecharge_stormbreaker_net_surplus_excl_ev,3130.0,2026-03-06T12:39:41.841Z
sensor.adaptivecharge_stormbreaker_net_surplus_excl_ev,3114.0,2026-03-06T12:39:51.842Z
sensor.adaptivecharge_stormbreaker_net_surplus_excl_ev,3100.4,2026-03-06T12:40:01.844Z
sensor.adaptivecharge_stormbreaker_net_surplus_excl_ev,3110.9,2026-03-06T12:40:11.844Z
sensor.adaptivecharge_stormbreaker_net_surplus_excl_ev,3117.0,2026-03-06T12:40:21.845Z
sensor.adaptivecharge_stormbreaker_net_surplus_excl_ev,3056.5,2026-03-06T12:40:31.846Z
sensor.adaptivecharge_stormbreaker_net_surplus_excl_ev,3059.1,2026-03-06T12:40:41.846Z
sensor.adaptivecharge_stormbreaker_net_surplus_excl_ev,3045.7,2026-03-06T12:40:51.847Z
sensor.adaptivecharge_stormbreaker_net_surplus_excl_ev,3041.9,2026-03-06T12:41:01.849Z
sensor.adaptivecharge_stormbreaker_net_surplus_excl_ev,3040.2,2026-03-06T12:41:11.851Z
sensor.adaptivecharge_stormbreaker_net_surplus_excl_ev,3053.6,2026-03-06T12:41:21.852Z
sensor.adaptivecharge_stormbreaker_net_surplus_excl_ev,3060.7,2026-03-06T12:41:31.853Z
sensor.adaptivecharge_stormbreaker_net_surplus_excl_ev,3068.4,2026-03-06T12:41:41.854Z
sensor.adaptivecharge_stormbreaker_net_surplus_excl_ev,3053.1,2026-03-06T12:41:51.854Z
sensor.adaptivecharge_stormbreaker_net_surplus_excl_ev,3059.6,2026-03-06T12:42:01.855Z
sensor.adaptivecharge_stormbreaker_net_surplus_excl_ev,3065.4,2026-03-06T12:42:11.856Z
sensor.adaptivecharge_stormbreaker_net_surplus_excl_ev,3050.2,2026-03-06T12:42:21.857Z
sensor.adaptivecharge_stormbreaker_net_surplus_excl_ev,3058.8,2026-03-06T12:42:31.858Z
sensor.adaptivecharge_stormbreaker_net_surplus_excl_ev,3107.3,2026-03-06T12:42:41.860Z
sensor.adaptivecharge_stormbreaker_net_surplus_excl_ev,3107.5,2026-03-06T12:42:51.860Z
sensor.adaptivecharge_stormbreaker_net_surplus_excl_ev,3102.0,2026-03-06T12:43:01.861Z
sensor.adaptivecharge_stormbreaker_net_surplus_excl_ev,3098.9,2026-03-06T12:43:11.862Z
sensor.adaptivecharge_stormbreaker_net_surplus_excl_ev,3091.8,2026-03-06T12:43:21.863Z
sensor.adaptivecharge_stormbreaker_net_surplus_excl_ev,3103.9,2026-03-06T12:43:31.865Z
sensor.adaptivecharge_stormbreaker_net_surplus_excl_ev,3102.0,2026-03-06T12:43:41.865Z
sensor.adaptivecharge_stormbreaker_net_surplus_excl_ev,3083.4,2026-03-06T12:43:51.865Z
sensor.adaptivecharge_stormbreaker_net_surplus_excl_ev,3078.9,2026-03-06T12:44:01.867Z
sensor.adaptivecharge_stormbreaker_net_surplus_excl_ev,3097.6,2026-03-06T12:44:11.868Z
sensor.adaptivecharge_stormbreaker_net_surplus_excl_ev,3101.4,2026-03-06T12:44:21.872Z
sensor.adaptivecharge_stormbreaker_net_surplus_excl_ev,3091.0,2026-03-06T12:44:31.874Z
sensor.adaptivecharge_stormbreaker_net_surplus_excl_ev,3087.8,2026-03-06T12:44:41.875Z
sensor.adaptivecharge_stormbreaker_net_surplus_excl_ev,3075.9,2026-03-06T12:44:51.875Z
sensor.adaptivecharge_stormbreaker_net_surplus_excl_ev,3073.3,2026-03-06T12:45:01.876Z
sensor.adaptivecharge_stormbreaker_net_surplus_excl_ev,3079.0,2026-03-06T12:45:11.877Z
sensor.adaptivecharge_stormbreaker_net_surplus_excl_ev,3072.5,2026-03-06T12:45:21.878Z
sensor.adaptivecharge_stormbreaker_net_surplus_excl_ev,3079.7,2026-03-06T12:45:31.880Z
sensor.adaptivecharge_stormbreaker_net_surplus_excl_ev,3074.8,2026-03-06T12:45:41.880Z
sensor.adaptivecharge_stormbreaker_net_surplus_excl_ev,3096.6,2026-03-06T12:45:51.881Z
sensor.adaptivecharge_stormbreaker_net_surplus_excl_ev,3080.0,2026-03-06T12:46:01.882Z
sensor.adaptivecharge_stormbreaker_net_surplus_excl_ev,3086.7,2026-03-06T12:46:11.883Z
sensor.adaptivecharge_stormbreaker_net_surplus_excl_ev,3084.7,2026-03-06T12:46:21.884Z
sensor.adaptivecharge_stormbreaker_net_surplus_excl_ev,3088.2,2026-03-06T12:46:31.884Z
sensor.adaptivecharge_stormbreaker_net_surplus_excl_ev,3044.9,2026-03-06T12:46:41.885Z
sensor.adaptivecharge_stormbreaker_net_surplus_excl_ev,3034.8,2026-03-06T12:46:51.886Z
sensor.adaptivecharge_stormbreaker_net_surplus_excl_ev,3027.9,2026-03-06T12:47:01.887Z
sensor.adaptivecharge_stormbreaker_net_surplus_excl_ev,3043.7,2026-03-06T12:47:11.888Z
sensor.adaptivecharge_stormbreaker_net_surplus_excl_ev,3028.5,2026-03-06T12:47:21.889Z
sensor.adaptivecharge_stormbreaker_net_surplus_excl_ev,3065.9,2026-03-06T12:47:41.891Z
sensor.adaptivecharge_stormbreaker_net_surplus_excl_ev,3066.8,2026-03-06T12:47:51.894Z
sensor.adaptivecharge_stormbreaker_net_surplus_excl_ev,3076.6,2026-03-06T12:48:01.893Z
sensor.adaptivecharge_stormbreaker_net_surplus_excl_ev,3072.7,2026-03-06T12:48:11.894Z
sensor.adaptivecharge_stormbreaker_net_surplus_excl_ev,3061.2,2026-03-06T12:48:21.896Z
sensor.adaptivecharge_stormbreaker_net_surplus_excl_ev,3065.0,2026-03-06T12:48:31.898Z
sensor.adaptivecharge_stormbreaker_net_surplus_excl_ev,3058.3,2026-03-06T12:48:41.900Z
sensor.adaptivecharge_stormbreaker_net_surplus_excl_ev,3068.6,2026-03-06T12:48:51.901Z
sensor.adaptivecharge_stormbreaker_net_surplus_excl_ev,3080.4,2026-03-06T12:49:01.902Z
sensor.adaptivecharge_stormbreaker_net_surplus_excl_ev,3069.9,2026-03-06T12:49:11.904Z
sensor.adaptivecharge_stormbreaker_net_surplus_excl_ev,3070.9,2026-03-06T12:49:21.904Z
sensor.adaptivecharge_stormbreaker_net_surplus_excl_ev,3082.6,2026-03-06T12:49:41.906Z
sensor.adaptivecharge_stormbreaker_net_surplus_excl_ev,3038.3,2026-03-06T12:49:51.907Z
sensor.adaptivecharge_stormbreaker_net_surplus_excl_ev,3047.2,2026-03-06T12:50:01.911Z
sensor.adaptivecharge_stormbreaker_net_surplus_excl_ev,3055.7,2026-03-06T12:50:11.912Z
sensor.adaptivecharge_stormbreaker_net_surplus_excl_ev,3048.8,2026-03-06T12:50:21.913Z
sensor.adaptivecharge_stormbreaker_net_surplus_excl_ev,3046.8,2026-03-06T12:50:31.914Z
sensor.adaptivecharge_stormbreaker_net_surplus_excl_ev,3050.8,2026-03-06T12:50:41.915Z
sensor.adaptivecharge_stormbreaker_net_surplus_excl_ev,3041.0,2026-03-06T12:50:51.918Z
sensor.adaptivecharge_stormbreaker_net_surplus_excl_ev,3044.5,2026-03-06T12:51:01.919Z
sensor.adaptivecharge_stormbreaker_net_surplus_excl_ev,3056.4,2026-03-06T12:51:11.921Z
sensor.adaptivecharge_stormbreaker_net_surplus_excl_ev,3029.0,2026-03-06T12:51:21.922Z
sensor.adaptivecharge_stormbreaker_net_surplus_excl_ev,3038.7,2026-03-06T12:51:31.926Z
sensor.adaptivecharge_stormbreaker_net_surplus_excl_ev,3049.5,2026-03-06T12:51:41.927Z
sensor.adaptivecharge_stormbreaker_net_surplus_excl_ev,3011.7,2026-03-06T12:51:51.928Z
sensor.adaptivecharge_stormbreaker_net_surplus_excl_ev,3000.5,2026-03-06T12:52:01.929Z
sensor.adaptivecharge_stormbreaker_net_surplus_excl_ev,3021.5,2026-03-06T12:52:11.930Z
sensor.adaptivecharge_stormbreaker_net_surplus_excl_ev,2997.0,2026-03-06T12:52:21.932Z
sensor.adaptivecharge_stormbreaker_net_surplus_excl_ev,3005.5,2026-03-06T12:52:31.933Z
sensor.adaptivecharge_stormbreaker_net_surplus_excl_ev,3012.3,2026-03-06T12:52:41.934Z
sensor.adaptivecharge_stormbreaker_net_surplus_excl_ev,3009.6,2026-03-06T12:52:51.935Z
sensor.adaptivecharge_stormbreaker_net_surplus_excl_ev,2994.4,2026-03-06T12:53:01.936Z
sensor.adaptivecharge_stormbreaker_net_surplus_excl_ev,3021.2,2026-03-06T12:53:11.937Z
sensor.adaptivecharge_stormbreaker_net_surplus_excl_ev,2993.6,2026-03-06T12:53:21.938Z
sensor.adaptivecharge_stormbreaker_net_surplus_excl_ev,3010.5,2026-03-06T12:53:31.938Z
sensor.adaptivecharge_stormbreaker_net_surplus_excl_ev,2995.1,2026-03-06T12:53:41.939Z
sensor.adaptivecharge_stormbreaker_net_surplus_excl_ev,3011.1,2026-03-06T12:53:51.939Z
sensor.adaptivecharge_stormbreaker_net_surplus_excl_ev,3029.1,2026-03-06T12:54:01.940Z
sensor.adaptivecharge_stormbreaker_net_surplus_excl_ev,3031.1,2026-03-06T12:54:11.940Z
sensor.adaptivecharge_stormbreaker_net_surplus_excl_ev,3019.9,2026-03-06T12:54:21.941Z
sensor.adaptivecharge_stormbreaker_net_surplus_excl_ev,3036.3,2026-03-06T12:54:31.942Z
sensor.adaptivecharge_stormbreaker_net_surplus_excl_ev,3022.0,2026-03-06T12:54:41.943Z
sensor.adaptivecharge_stormbreaker_net_surplus_excl_ev,3033.3,2026-03-06T12:54:51.944Z
sensor.adaptivecharge_stormbreaker_net_surplus_excl_ev,2986.0,2026-03-06T12:55:01.946Z
sensor.adaptivecharge_stormbreaker_net_surplus_excl_ev,2989.9,2026-03-06T12:55:11.947Z
sensor.adaptivecharge_stormbreaker_net_surplus_excl_ev,2985.6,2026-03-06T12:55:21.948Z
sensor.adaptivecharge_stormbreaker_net_surplus_excl_ev,2993.5,2026-03-06T12:55:31.949Z
sensor.adaptivecharge_stormbreaker_net_surplus_excl_ev,2995.2,2026-03-06T12:55:41.950Z
sensor.adaptivecharge_stormbreaker_net_surplus_excl_ev,2997.8,2026-03-06T12:55:51.952Z
sensor.adaptivecharge_stormbreaker_net_surplus_excl_ev,3015.4,2026-03-06T12:56:01.953Z
sensor.adaptivecharge_stormbreaker_net_surplus_excl_ev,2994.2,2026-03-06T12:56:11.954Z
sensor.adaptivecharge_stormbreaker_net_surplus_excl_ev,3014.7,2026-03-06T12:56:21.954Z
sensor.adaptivecharge_stormbreaker_net_surplus_excl_ev,3007.1,2026-03-06T12:56:31.955Z
sensor.adaptivecharge_stormbreaker_net_surplus_excl_ev,3011.1,2026-03-06T12:56:41.955Z
sensor.adaptivecharge_stormbreaker_net_surplus_excl_ev,2992.9,2026-03-06T12:56:51.956Z
sensor.adaptivecharge_stormbreaker_net_surplus_excl_ev,2980.5,2026-03-06T12:57:01.957Z
sensor.adaptivecharge_stormbreaker_net_surplus_excl_ev,2961.5,2026-03-06T12:57:11.957Z
sensor.adaptivecharge_stormbreaker_net_surplus_excl_ev,2961.3,2026-03-06T12:57:21.959Z
sensor.adaptivecharge_stormbreaker_net_surplus_excl_ev,2981.5,2026-03-06T12:57:31.959Z
sensor.adaptivecharge_stormbreaker_net_surplus_excl_ev,2953.1,2026-03-06T12:57:41.960Z
sensor.adaptivecharge_stormbreaker_net_surplus_excl_ev,2968.6,2026-03-06T12:57:51.962Z
sensor.adaptivecharge_stormbreaker_net_surplus_excl_ev,2964.2,2026-03-06T12:58:01.964Z
sensor.adaptivecharge_stormbreaker_net_surplus_excl_ev,2989.1,2026-03-06T12:58:11.965Z
sensor.adaptivecharge_stormbreaker_net_surplus_excl_ev,2969.4,2026-03-06T12:58:21.965Z
sensor.adaptivecharge_stormbreaker_net_surplus_excl_ev,2980.1,2026-03-06T12:58:31.966Z
sensor.adaptivecharge_stormbreaker_net_surplus_excl_ev,2961.1,2026-03-06T12:58:41.967Z
sensor.adaptivecharge_stormbreaker_net_surplus_excl_ev,2983.3,2026-03-06T12:58:51.967Z
sensor.adaptivecharge_stormbreaker_net_surplus_excl_ev,2949.2,2026-03-06T12:59:01.970Z
sensor.adaptivecharge_stormbreaker_net_surplus_excl_ev,2962.1,2026-03-06T12:59:11.971Z
sensor.adaptivecharge_stormbreaker_net_surplus_excl_ev,2951.1,2026-03-06T12:59:21.971Z
sensor.adaptivecharge_stormbreaker_net_surplus_excl_ev,2948.1,2026-03-06T12:59:31.972Z
sensor.adaptivecharge_stormbreaker_net_surplus_excl_ev,2965.9,2026-03-06T12:59:41.974Z
sensor.adaptivecharge_stormbreaker_net_surplus_excl_ev,2953.5,2026-03-06T12:59:51.975Z
sensor.adaptivecharge_stormbreaker_net_surplus_excl_ev,2936.3,2026-03-06T13:00:01.976Z
sensor.adaptivecharge_stormbreaker_net_surplus_excl_ev,2931.0,2026-03-06T13:00:11.976Z
sensor.adaptivecharge_stormbreaker_net_surplus_excl_ev,2943.4,2026-03-06T13:00:21.977Z
sensor.adaptivecharge_stormbreaker_net_surplus_excl_ev,2955.5,2026-03-06T13:00:31.978Z
sensor.adaptivecharge_stormbreaker_net_surplus_excl_ev,2948.3,2026-03-06T13:00:41.980Z
sensor.adaptivecharge_stormbreaker_net_surplus_excl_ev,2935.0,2026-03-06T13:00:51.982Z
sensor.adaptivecharge_stormbreaker_net_surplus_excl_ev,2931.9,2026-03-06T13:01:01.983Z
sensor.adaptivecharge_stormbreaker_net_surplus_excl_ev,2922.8,2026-03-06T13:01:11.983Z
sensor.adaptivecharge_stormbreaker_net_surplus_excl_ev,2945.1,2026-03-06T13:01:21.984Z
sensor.adaptivecharge_stormbreaker_net_surplus_excl_ev,2915.8,2026-03-06T13:01:31.985Z
sensor.adaptivecharge_stormbreaker_net_surplus_excl_ev,2938.3,2026-03-06T13:01:41.985Z
sensor.adaptivecharge_stormbreaker_net_surplus_excl_ev,2939.4,2026-03-06T13:01:51.985Z
sensor.adaptivecharge_stormbreaker_net_surplus_excl_ev,2921.5,2026-03-06T13:02:01.985Z
sensor.adaptivecharge_stormbreaker_net_surplus_excl_ev,2940.5,2026-03-06T13:02:11.986Z
sensor.adaptivecharge_stormbreaker_net_surplus_excl_ev,2912.9,2026-03-06T13:02:21.987Z
sensor.adaptivecharge_stormbreaker_net_surplus_excl_ev,2932.0,2026-03-06T13:02:31.988Z
sensor.adaptivecharge_stormbreaker_net_surplus_excl_ev,2939.2,2026-03-06T13:02:41.990Z
sensor.adaptivecharge_stormbreaker_net_surplus_excl_ev,2916.6,2026-03-06T13:02:51.991Z
sensor.adaptivecharge_stormbreaker_net_surplus_excl_ev,2934.3,2026-03-06T13:03:01.992Z
sensor.adaptivecharge_stormbreaker_net_surplus_excl_ev,2923.2,2026-03-06T13:03:11.993Z
sensor.adaptivecharge_stormbreaker_net_surplus_excl_ev,2893.8,2026-03-06T13:03:21.994Z
sensor.adaptivecharge_stormbreaker_net_surplus_excl_ev,2909.2,2026-03-06T13:03:31.994Z
sensor.adaptivecharge_stormbreaker_net_surplus_excl_ev,2927.6,2026-03-06T13:03:41.999Z
sensor.adaptivecharge_stormbreaker_net_surplus_excl_ev,2902.1,2026-03-06T13:03:51.999Z
sensor.adaptivecharge_stormbreaker_net_surplus_excl_ev,2932.7,2026-03-06T13:04:02.000Z
sensor.adaptivecharge_stormbreaker_net_surplus_excl_ev,2874.9,2026-03-06T13:04:12.000Z
sensor.adaptivecharge_stormbreaker_net_surplus_excl_ev,2872.3,2026-03-06T13:04:22.002Z
sensor.adaptivecharge_stormbreaker_net_surplus_excl_ev,2885.4,2026-03-06T13:04:32.002Z
sensor.adaptivecharge_stormbreaker_net_surplus_excl_ev,2882.5,2026-03-06T13:04:42.003Z
sensor.adaptivecharge_stormbreaker_net_surplus_excl_ev,2889.5,2026-03-06T13:04:52.004Z
sensor.adaptivecharge_stormbreaker_net_surplus_excl_ev,2886.6,2026-03-06T13:05:02.004Z
sensor.adaptivecharge_stormbreaker_net_surplus_excl_ev,2855.6,2026-03-06T13:05:12.006Z
sensor.adaptivecharge_stormbreaker_net_surplus_excl_ev,2853.7,2026-03-06T13:05:22.005Z
sensor.adaptivecharge_stormbreaker_net_surplus_excl_ev,2867.6,2026-03-06T13:05:32.007Z
sensor.adaptivecharge_stormbreaker_net_surplus_excl_ev,2844.8,2026-03-06T13:05:42.008Z
sensor.adaptivecharge_stormbreaker_net_surplus_excl_ev,2847.9,2026-03-06T13:05:52.009Z
sensor.adaptivecharge_stormbreaker_net_surplus_excl_ev,2850.7,2026-03-06T13:06:02.010Z
sensor.adaptivecharge_stormbreaker_net_surplus_excl_ev,2849.4,2026-03-06T13:06:12.011Z
sensor.adaptivecharge_stormbreaker_net_surplus_excl_ev,2849.1,2026-03-06T13:06:22.012Z
sensor.adaptivecharge_stormbreaker_net_surplus_excl_ev,2840.7,2026-03-06T13:06:32.012Z
sensor.adaptivecharge_stormbreaker_net_surplus_excl_ev,2845.9,2026-03-06T13:06:42.013Z
sensor.adaptivecharge_stormbreaker_net_surplus_excl_ev,2840.2,2026-03-06T13:06:52.014Z
sensor.adaptivecharge_stormbreaker_net_surplus_excl_ev,2828.9,2026-03-06T13:07:02.015Z
sensor.adaptivecharge_stormbreaker_net_surplus_excl_ev,2832.2,2026-03-06T13:07:12.015Z
sensor.adaptivecharge_stormbreaker_net_surplus_excl_ev,2902.2,2026-03-06T13:07:22.015Z
sensor.adaptivecharge_stormbreaker_net_surplus_excl_ev,2863.1,2026-03-06T13:07:32.017Z
sensor.adaptivecharge_stormbreaker_net_surplus_excl_ev,2879.1,2026-03-06T13:07:42.018Z
sensor.adaptivecharge_stormbreaker_net_surplus_excl_ev,2857.2,2026-03-06T13:07:52.018Z
sensor.adaptivecharge_stormbreaker_net_surplus_excl_ev,2852.3,2026-03-06T13:08:02.021Z
sensor.adaptivecharge_stormbreaker_net_surplus_excl_ev,2871.6,2026-03-06T13:08:12.022Z
sensor.adaptivecharge_stormbreaker_net_surplus_excl_ev,2857.3,2026-03-06T13:08:22.023Z
sensor.adaptivecharge_stormbreaker_net_surplus_excl_ev,2839.2,2026-03-06T13:08:32.025Z
sensor.adaptivecharge_stormbreaker_net_surplus_excl_ev,2856.9,2026-03-06T13:08:42.025Z
sensor.adaptivecharge_stormbreaker_net_surplus_excl_ev,2837.2,2026-03-06T13:08:52.026Z
sensor.adaptivecharge_stormbreaker_net_surplus_excl_ev,2863.3,2026-03-06T13:09:02.027Z
sensor.adaptivecharge_stormbreaker_net_surplus_excl_ev,2837.9,2026-03-06T13:09:12.029Z
sensor.adaptivecharge_stormbreaker_net_surplus_excl_ev,2842.9,2026-03-06T13:09:22.030Z
sensor.adaptivecharge_stormbreaker_net_surplus_excl_ev,2844.6,2026-03-06T13:09:32.031Z
sensor.adaptivecharge_stormbreaker_net_surplus_excl_ev,2832.1,2026-03-06T13:09:42.031Z
sensor.adaptivecharge_stormbreaker_net_surplus_excl_ev,2849.6,2026-03-06T13:09:52.034Z
sensor.adaptivecharge_stormbreaker_net_surplus_excl_ev,2827.4,2026-03-06T13:10:02.034Z
sensor.adaptivecharge_stormbreaker_net_surplus_excl_ev,2854.6,2026-03-06T13:10:12.035Z
sensor.adaptivecharge_stormbreaker_net_surplus_excl_ev,2861.5,2026-03-06T13:10:22.036Z
sensor.adaptivecharge_stormbreaker_net_surplus_excl_ev,2848.7,2026-03-06T13:10:32.037Z
sensor.adaptivecharge_stormbreaker_net_surplus_excl_ev,2874.6,2026-03-06T13:10:42.037Z
sensor.adaptivecharge_stormbreaker_net_surplus_excl_ev,2847.8,2026-03-06T13:10:52.038Z
sensor.adaptivecharge_stormbreaker_net_surplus_excl_ev,2866.9,2026-03-06T13:11:02.039Z
sensor.adaptivecharge_stormbreaker_net_surplus_excl_ev,2849.1,2026-03-06T13:11:12.040Z
sensor.adaptivecharge_stormbreaker_net_surplus_excl_ev,2850.1,2026-03-06T13:11:22.041Z
sensor.adaptivecharge_stormbreaker_net_surplus_excl_ev,2831.5,2026-03-06T13:11:32.042Z
sensor.adaptivecharge_stormbreaker_net_surplus_excl_ev,2836.9,2026-03-06T13:11:42.046Z
sensor.adaptivecharge_stormbreaker_net_surplus_excl_ev,2850.6,2026-03-06T13:11:52.047Z
sensor.adaptivecharge_stormbreaker_net_surplus_excl_ev,2850.9,2026-03-06T13:12:02.050Z
sensor.adaptivecharge_stormbreaker_net_surplus_excl_ev,2855.8,2026-03-06T13:12:12.052Z
sensor.adaptivecharge_stormbreaker_net_surplus_excl_ev,2853.8,2026-03-06T13:12:22.053Z
sensor.adaptivecharge_stormbreaker_net_surplus_excl_ev,2817.9,2026-03-06T13:12:32.053Z
sensor.adaptivecharge_stormbreaker_net_surplus_excl_ev,2820.2,2026-03-06T13:12:42.054Z
sensor.adaptivecharge_stormbreaker_net_surplus_excl_ev,2838.7,2026-03-06T13:12:52.055Z
sensor.adaptivecharge_stormbreaker_net_surplus_excl_ev,2814.0,2026-03-06T13:13:02.056Z
sensor.adaptivecharge_stormbreaker_net_surplus_excl_ev,2819.4,2026-03-06T13:13:12.056Z
sensor.adaptivecharge_stormbreaker_net_surplus_excl_ev,2833.7,2026-03-06T13:13:22.057Z
sensor.adaptivecharge_stormbreaker_net_surplus_excl_ev,2747.2,2026-03-06T13:13:32.059Z
sensor.adaptivecharge_stormbreaker_net_surplus_excl_ev,2775.8,2026-03-06T13:13:42.060Z
sensor.adaptivecharge_stormbreaker_net_surplus_excl_ev,2758.5,2026-03-06T13:13:52.062Z
sensor.adaptivecharge_stormbreaker_net_surplus_excl_ev,2753.7,2026-03-06T13:14:02.063Z
sensor.adaptivecharge_stormbreaker_net_surplus_excl_ev,2773.2,2026-03-06T13:14:12.064Z
sensor.adaptivecharge_stormbreaker_net_surplus_excl_ev,2760.5,2026-03-06T13:14:22.066Z
sensor.adaptivecharge_stormbreaker_net_surplus_excl_ev,2780.3,2026-03-06T13:14:32.067Z
sensor.adaptivecharge_stormbreaker_net_surplus_excl_ev,2783.9,2026-03-06T13:14:42.067Z
sensor.adaptivecharge_stormbreaker_net_surplus_excl_ev,2779.4,2026-03-06T13:14:52.068Z
sensor.adaptivecharge_stormbreaker_net_surplus_excl_ev,2782.1,2026-03-06T13:15:02.070Z
sensor.adaptivecharge_stormbreaker_net_surplus_excl_ev,2781.6,2026-03-06T13:15:12.071Z
sensor.adaptivecharge_stormbreaker_net_surplus_excl_ev,2785.9,2026-03-06T13:15:22.072Z
sensor.adaptivecharge_stormbreaker_net_surplus_excl_ev,2762.7,2026-03-06T13:15:32.074Z
sensor.adaptivecharge_stormbreaker_net_surplus_excl_ev,2746.1,2026-03-06T13:15:42.076Z
sensor.adaptivecharge_stormbreaker_net_surplus_excl_ev,2761.9,2026-03-06T13:15:52.078Z
sensor.adaptivecharge_stormbreaker_net_surplus_excl_ev,2759.9,2026-03-06T13:16:02.079Z
sensor.adaptivecharge_stormbreaker_net_surplus_excl_ev,2753.7,2026-03-06T13:16:12.079Z
sensor.adaptivecharge_stormbreaker_net_surplus_excl_ev,2746.1,2026-03-06T13:16:22.080Z
sensor.adaptivecharge_stormbreaker_net_surplus_excl_ev,2758.1,2026-03-06T13:16:32.080Z
sensor.adaptivecharge_stormbreaker_net_surplus_excl_ev,2761.7,2026-03-06T13:16:42.081Z
sensor.adaptivecharge_stormbreaker_net_surplus_excl_ev,2763.0,2026-03-06T13:16:52.082Z
sensor.adaptivecharge_stormbreaker_net_surplus_excl_ev,2763.3,2026-03-06T13:17:02.083Z
sensor.adaptivecharge_stormbreaker_net_surplus_excl_ev,2767.5,2026-03-06T13:17:12.084Z
sensor.adaptivecharge_stormbreaker_net_surplus_excl_ev,2755.1,2026-03-06T13:17:22.085Z
sensor.adaptivecharge_stormbreaker_net_surplus_excl_ev,2750.2,2026-03-06T13:17:32.085Z
sensor.adaptivecharge_stormbreaker_net_surplus_excl_ev,2846.2,2026-03-06T13:17:42.086Z
sensor.adaptivecharge_stormbreaker_net_surplus_excl_ev,2857.6,2026-03-06T13:17:52.087Z
sensor.adaptivecharge_stormbreaker_net_surplus_excl_ev,2864.5,2026-03-06T13:18:02.088Z
sensor.adaptivecharge_stormbreaker_net_surplus_excl_ev,2843.6,2026-03-06T13:18:12.089Z
sensor.adaptivecharge_stormbreaker_net_surplus_excl_ev,2856.2,2026-03-06T13:18:22.090Z
sensor.adaptivecharge_stormbreaker_net_surplus_excl_ev,2867.0,2026-03-06T13:18:32.090Z
sensor.adaptivecharge_stormbreaker_net_surplus_excl_ev,2828.0,2026-03-06T13:18:42.090Z
sensor.adaptivecharge_stormbreaker_net_surplus_excl_ev,2831.9,2026-03-06T13:18:52.092Z
sensor.adaptivecharge_stormbreaker_net_surplus_excl_ev,2843.4,2026-03-06T13:19:02.092Z
sensor.adaptivecharge_stormbreaker_net_surplus_excl_ev,2826.4,2026-03-06T13:19:12.097Z
sensor.adaptivecharge_stormbreaker_net_surplus_excl_ev,2827.4,2026-03-06T13:19:22.098Z
sensor.adaptivecharge_stormbreaker_net_surplus_excl_ev,2842.1,2026-03-06T13:19:32.099Z
sensor.adaptivecharge_stormbreaker_net_surplus_excl_ev,2774.2,2026-03-06T13:19:42.100Z
sensor.adaptivecharge_stormbreaker_net_surplus_excl_ev,2776.1,2026-03-06T13:19:52.100Z
sensor.adaptivecharge_stormbreaker_net_surplus_excl_ev,2782.2,2026-03-06T13:20:02.102Z
sensor.adaptivecharge_stormbreaker_net_surplus_excl_ev,2795.3,2026-03-06T13:20:12.102Z
sensor.adaptivecharge_stormbreaker_net_surplus_excl_ev,2778.0,2026-03-06T13:20:22.107Z
sensor.adaptivecharge_stormbreaker_net_surplus_excl_ev,2788.6,2026-03-06T13:20:32.109Z
sensor.adaptivecharge_stormbreaker_net_surplus_excl_ev,2779.1,2026-03-06T13:20:42.109Z
sensor.adaptivecharge_stormbreaker_net_surplus_excl_ev,2788.4,2026-03-06T13:20:52.109Z
sensor.adaptivecharge_stormbreaker_net_surplus_excl_ev,2781.1,2026-03-06T13:21:02.110Z
sensor.adaptivecharge_stormbreaker_net_surplus_excl_ev,2772.4,2026-03-06T13:21:12.111Z
sensor.adaptivecharge_stormbreaker_net_surplus_excl_ev,2771.5,2026-03-06T13:21:22.112Z
sensor.adaptivecharge_stormbreaker_net_surplus_excl_ev,2779.2,2026-03-06T13:21:32.113Z
sensor.adaptivecharge_stormbreaker_net_surplus_excl_ev,2731.6,2026-03-06T13:21:42.123Z
sensor.adaptivecharge_stormbreaker_net_surplus_excl_ev,3447.4,2026-03-06T13:21:52.124Z
sensor.adaptivecharge_stormbreaker_net_surplus_excl_ev,3492.6,2026-03-06T13:22:02.125Z
sensor.adaptivecharge_stormbreaker_net_surplus_excl_ev,3443.8,2026-03-06T13:22:12.125Z
sensor.adaptivecharge_stormbreaker_net_surplus_excl_ev,3493.2,2026-03-06T13:22:22.126Z
sensor.adaptivecharge_stormbreaker_net_surplus_excl_ev,3452.9,2026-03-06T13:22:32.128Z
sensor.adaptivecharge_stormbreaker_net_surplus_excl_ev,3445.3,2026-03-06T13:22:42.129Z
sensor.adaptivecharge_stormbreaker_net_surplus_excl_ev,2761.4,2026-03-06T13:22:52.129Z
sensor.adaptivecharge_stormbreaker_net_surplus_excl_ev,2759.9,2026-03-06T13:23:02.130Z
sensor.adaptivecharge_stormbreaker_net_surplus_excl_ev,2712.6,2026-03-06T13:23:12.131Z
sensor.adaptivecharge_stormbreaker_net_surplus_excl_ev,2731.6,2026-03-06T13:23:27.523Z
sensor.adaptivecharge_stormbreaker_net_surplus_excl_ev,1315.2,2026-03-06T13:23:32.132Z
sensor.adaptivecharge_stormbreaker_net_surplus_excl_ev,1304.8,2026-03-06T13:23:42.133Z
sensor.adaptivecharge_stormbreaker_net_surplus_excl_ev,1254.4,2026-03-06T13:23:52.284Z
sensor.adaptivecharge_stormbreaker_net_surplus_excl_ev,1241.9,2026-03-06T13:24:02.134Z
sensor.adaptivecharge_stormbreaker_net_surplus_excl_ev,1248.1,2026-03-06T13:24:12.135Z
sensor.adaptivecharge_stormbreaker_net_surplus_excl_ev,1239.7,2026-03-06T13:24:28.690Z
sensor.adaptivecharge_stormbreaker_net_surplus_excl_ev,-146.1,2026-03-06T13:24:32.136Z
sensor.adaptivecharge_stormbreaker_net_surplus_excl_ev,-138.6,2026-03-06T13:24:42.136Z
sensor.adaptivecharge_stormbreaker_net_surplus_excl_ev,2713.1,2026-03-06T13:24:52.289Z
sensor.adaptivecharge_stormbreaker_net_surplus_excl_ev,2708.7,2026-03-06T13:25:02.139Z
sensor.adaptivecharge_stormbreaker_net_surplus_excl_ev,2708.1,2026-03-06T13:25:12.140Z
sensor.adaptivecharge_stormbreaker_net_surplus_excl_ev,2708.2,2026-03-06T13:25:22.141Z
sensor.adaptivecharge_stormbreaker_net_surplus_excl_ev,2712.6,2026-03-06T13:25:32.141Z
sensor.adaptivecharge_stormbreaker_net_surplus_excl_ev,2710.5,2026-03-06T13:25:48.823Z
sensor.adaptivecharge_stormbreaker_net_surplus_excl_ev,2336.7,2026-03-06T13:25:52.145Z
sensor.adaptivecharge_stormbreaker_net_surplus_excl_ev,2340.9,2026-03-06T13:26:02.144Z
sensor.adaptivecharge_stormbreaker_net_surplus_excl_ev,2343.8,2026-03-06T13:26:12.147Z
sensor.adaptivecharge_stormbreaker_net_surplus_excl_ev,2336.3,2026-03-06T13:26:22.147Z
sensor.adaptivecharge_stormbreaker_net_surplus_excl_ev,2349.2,2026-03-06T13:26:32.148Z
sensor.adaptivecharge_stormbreaker_net_surplus_excl_ev,2330.0,2026-03-06T13:26:42.152Z
sensor.adaptivecharge_stormbreaker_net_surplus_excl_ev,2420.4,2026-03-06T13:26:52.155Z
sensor.adaptivecharge_stormbreaker_net_surplus_excl_ev,2429.8,2026-03-06T13:27:02.156Z
sensor.adaptivecharge_stormbreaker_net_surplus_excl_ev,2413.1,2026-03-06T13:27:12.157Z
sensor.adaptivecharge_stormbreaker_net_surplus_excl_ev,2418.1,2026-03-06T13:27:22.158Z
sensor.adaptivecharge_stormbreaker_net_surplus_excl_ev,2419.2,2026-03-06T13:27:32.159Z
sensor.adaptivecharge_stormbreaker_net_surplus_excl_ev,2419.1,2026-03-06T13:27:42.160Z
sensor.adaptivecharge_stormbreaker_net_surplus_excl_ev,2450.5,2026-03-06T13:27:52.162Z
sensor.adaptivecharge_stormbreaker_net_surplus_excl_ev,2447.6,2026-03-06T13:28:02.162Z
sensor.adaptivecharge_stormbreaker_net_surplus_excl_ev,2452.4,2026-03-06T13:28:12.163Z
sensor.adaptivecharge_stormbreaker_net_surplus_excl_ev,2447.4,2026-03-06T13:28:22.163Z
sensor.adaptivecharge_stormbreaker_net_surplus_excl_ev,2444.1,2026-03-06T13:28:32.163Z
sensor.adaptivecharge_stormbreaker_net_surplus_excl_ev,2448.1,2026-03-06T13:28:42.164Z
sensor.adaptivecharge_stormbreaker_net_surplus_excl_ev,2447.1,2026-03-06T13:28:52.166Z
sensor.adaptivecharge_stormbreaker_net_surplus_excl_ev,2467.6,2026-03-06T13:29:02.166Z
sensor.adaptivecharge_stormbreaker_net_surplus_excl_ev,2477.6,2026-03-06T13:29:12.168Z
sensor.adaptivecharge_stormbreaker_net_surplus_excl_ev,2467.0,2026-03-06T13:29:22.170Z
sensor.adaptivecharge_stormbreaker_net_surplus_excl_ev,2473.1,2026-03-06T13:29:32.170Z
sensor.adaptivecharge_stormbreaker_net_surplus_excl_ev,2463.3,2026-03-06T13:29:42.173Z
sensor.adaptivecharge_stormbreaker_net_surplus_excl_ev,2464.7,2026-03-06T13:29:52.173Z
sensor.adaptivecharge_stormbreaker_net_surplus_excl_ev,2437.5,2026-03-06T13:30:02.174Z
sensor.adaptivecharge_stormbreaker_net_surplus_excl_ev,2446.1,2026-03-06T13:30:12.176Z
sensor.adaptivecharge_stormbreaker_net_surplus_excl_ev,2444.6,2026-03-06T13:30:22.176Z
sensor.adaptivecharge_stormbreaker_net_surplus_excl_ev,2440.6,2026-03-06T13:30:32.178Z
sensor.adaptivecharge_stormbreaker_net_surplus_excl_ev,2446.3,2026-03-06T13:30:42.178Z
sensor.adaptivecharge_stormbreaker_net_surplus_excl_ev,2451.8,2026-03-06T13:30:52.180Z
sensor.adaptivecharge_stormbreaker_net_surplus_excl_ev,2467.8,2026-03-06T13:31:02.181Z
sensor.adaptivecharge_stormbreaker_net_surplus_excl_ev,2461.5,2026-03-06T13:31:12.182Z
sensor.adaptivecharge_stormbreaker_net_surplus_excl_ev,2468.5,2026-03-06T13:31:22.183Z
sensor.adaptivecharge_stormbreaker_net_surplus_excl_ev,2470.2,2026-03-06T13:31:32.184Z
sensor.adaptivecharge_stormbreaker_net_surplus_excl_ev,2478.1,2026-03-06T13:31:42.185Z
sensor.adaptivecharge_stormbreaker_net_surplus_excl_ev,2471.2,2026-03-06T13:31:52.185Z
sensor.adaptivecharge_stormbreaker_net_surplus_excl_ev,2465.0,2026-03-06T13:32:02.186Z
sensor.adaptivecharge_stormbreaker_net_surplus_excl_ev,2475.9,2026-03-06T13:32:12.187Z
sensor.adaptivecharge_stormbreaker_net_surplus_excl_ev,2479.3,2026-03-06T13:32:22.187Z
sensor.adaptivecharge_stormbreaker_net_surplus_excl_ev,2478.1,2026-03-06T13:32:32.188Z
sensor.adaptivecharge_stormbreaker_net_surplus_excl_ev,2463.4,2026-03-06T13:32:42.189Z
sensor.adaptivecharge_stormbreaker_net_surplus_excl_ev,2456.4,2026-03-06T13:32:52.190Z
sensor.adaptivecharge_stormbreaker_net_surplus_excl_ev,2436.9,2026-03-06T13:33:02.191Z
sensor.adaptivecharge_stormbreaker_net_surplus_excl_ev,2428.0,2026-03-06T13:33:12.193Z
sensor.adaptivecharge_stormbreaker_net_surplus_excl_ev,2435.1,2026-03-06T13:33:22.193Z
sensor.adaptivecharge_stormbreaker_net_surplus_excl_ev,2444.7,2026-03-06T13:33:32.195Z
sensor.adaptivecharge_stormbreaker_net_surplus_excl_ev,2436.2,2026-03-06T13:33:42.195Z
sensor.adaptivecharge_stormbreaker_net_surplus_excl_ev,2429.6,2026-03-06T13:33:52.196Z
sensor.adaptivecharge_stormbreaker_net_surplus_excl_ev,2426.0,2026-03-06T13:34:02.197Z
sensor.adaptivecharge_stormbreaker_net_surplus_excl_ev,2444.6,2026-03-06T13:34:12.200Z
sensor.adaptivecharge_stormbreaker_net_surplus_excl_ev,2443.5,2026-03-06T13:34:22.200Z
sensor.adaptivecharge_stormbreaker_net_surplus_excl_ev,2449.4,2026-03-06T13:34:32.200Z
sensor.envoy_122252032811_balanced_net_power_consumption,-0.309,2026-03-06T12:34:32.981Z
sensor.envoy_122252032811_balanced_net_power_consumption,-0.281,2026-03-06T12:35:21.005Z
sensor.envoy_122252032811_balanced_net_power_consumption,-0.3,2026-03-06T12:36:22.875Z
sensor.envoy_122252032811_balanced_net_power_consumption,-0.291,2026-03-06T12:37:23.805Z
sensor.envoy_122252032811_balanced_net_power_consumption,-0.273,2026-03-06T12:38:24.806Z
sensor.envoy_122252032811_balanced_net_power_consumption,-0.274,2026-03-06T12:39:26.479Z
sensor.envoy_122252032811_balanced_net_power_consumption,-0.211,2026-03-06T12:40:28.139Z
sensor.envoy_122252032811_balanced_net_power_consumption,-0.216,2026-03-06T12:41:30.337Z
sensor.envoy_122252032811_balanced_net_power_consumption,-0.256,2026-03-06T12:42:33.361Z
sensor.envoy_122252032811_balanced_net_power_consumption,-0.253,2026-03-06T12:43:34.897Z
sensor.envoy_122252032811_balanced_net_power_consumption,-0.242,2026-03-06T12:44:36.094Z
sensor.envoy_122252032811_balanced_net_power_consumption,-0.241,2026-03-06T12:45:37.854Z
sensor.envoy_122252032811_balanced_net_power_consumption,-0.195,2026-03-06T12:46:38.786Z
sensor.envoy_122252032811_balanced_net_power_consumption,-0.222,2026-03-06T12:47:41.342Z
sensor.envoy_122252032811_balanced_net_power_consumption,-0.224,2026-03-06T12:48:43.596Z
sensor.envoy_122252032811_balanced_net_power_consumption,-0.201,2026-03-06T12:49:44.793Z
sensor.envoy_122252032811_balanced_net_power_consumption,-0.166,2026-03-06T12:51:47.866Z
sensor.envoy_122252032811_balanced_net_power_consumption,-0.165,2026-03-06T12:52:49.345Z
sensor.envoy_122252032811_balanced_net_power_consumption,-0.184,2026-03-06T12:53:51.454Z
sensor.envoy_122252032811_balanced_net_power_consumption,-0.156,2026-03-06T12:54:53.355Z
sensor.envoy_122252032811_balanced_net_power_consumption,-0.16,2026-03-06T12:55:54.311Z
sensor.envoy_122252032811_balanced_net_power_consumption,-0.127,2026-03-06T12:56:56.090Z
sensor.envoy_122252032811_balanced_net_power_consumption,-0.134,2026-03-06T12:57:58.495Z
sensor.envoy_122252032811_balanced_net_power_consumption,-0.112,2026-03-06T12:59:00.347Z
sensor.envoy_122252032811_balanced_net_power_consumption,-0.102,2026-03-06T13:00:01.803Z
sensor.envoy_122252032811_balanced_net_power_consumption,-0.093,2026-03-06T13:01:03.469Z
sensor.envoy_122252032811_balanced_net_power_consumption,-0.09,2026-03-06T13:02:04.956Z
sensor.envoy_122252032811_balanced_net_power_consumption,-0.08,2026-03-06T13:03:06.823Z
sensor.envoy_122252032811_balanced_net_power_consumption,-0.045,2026-03-06T13:04:08.197Z
sensor.envoy_122252032811_balanced_net_power_consumption,-0.024,2026-03-06T13:05:10.153Z
sensor.envoy_122252032811_balanced_net_power_consumption,-0.001,2026-03-06T13:06:11.620Z
sensor.envoy_122252032811_balanced_net_power_consumption,-0.029,2026-03-06T13:07:13.801Z
sensor.envoy_122252032811_balanced_net_power_consumption,-0.012,2026-03-06T13:08:15.492Z
sensor.envoy_122252032811_balanced_net_power_consumption,-0.002,2026-03-06T13:09:17.806Z
sensor.envoy_122252032811_balanced_net_power_consumption,-0.021,2026-03-06T13:10:19.401Z
sensor.envoy_122252032811_balanced_net_power_consumption,-0.002,2026-03-06T13:11:21.701Z
sensor.envoy_122252032811_balanced_net_power_consumption,0.012,2026-03-06T13:12:22.594Z
sensor.envoy_122252032811_balanced_net_power_consumption,0.074,2026-03-06T13:13:24.823Z
sensor.envoy_122252032811_balanced_net_power_consumption,0.056,2026-03-06T13:14:25.877Z
sensor.envoy_122252032811_balanced_net_power_consumption,0.081,2026-03-06T13:15:27.002Z
sensor.envoy_122252032811_balanced_net_power_consumption,-0.012,2026-03-06T13:17:34.402Z
sensor.envoy_122252032811_balanced_net_power_consumption,0.009,2026-03-06T13:18:36.480Z
sensor.envoy_122252032811_balanced_net_power_consumption,0.059,2026-03-06T13:19:38.084Z
sensor.envoy_122252032811_balanced_net_power_consumption,0.068,2026-03-06T13:20:39.682Z
sensor.envoy_122252032811_balanced_net_power_consumption,0.104,2026-03-06T13:21:41.113Z
sensor.envoy_122252032811_balanced_net_power_consumption,0.832,2026-03-06T13:22:44.394Z
sensor.envoy_122252032811_balanced_net_power_consumption,0.897,2026-03-06T13:23:46.045Z
sensor.envoy_122252032811_balanced_net_power_consumption,-1.957,2026-03-06T13:24:47.494Z
sensor.envoy_122252032811_balanced_net_power_consumption,-0.201,2026-03-06T13:25:49.113Z
sensor.envoy_122252032811_balanced_net_power_consumption,-0.28,2026-03-06T13:26:50.792Z
sensor.envoy_122252032811_balanced_net_power_consumption,-0.311,2026-03-06T13:27:51.396Z
sensor.envoy_122252032811_balanced_net_power_consumption,-0.33,2026-03-06T13:28:53.061Z
sensor.envoy_122252032811_balanced_net_power_consumption,-0.306,2026-03-06T13:29:54.921Z
sensor.envoy_122252032811_balanced_net_power_consumption,-0.327,2026-03-06T13:30:56.966Z
sensor.envoy_122252032811_balanced_net_power_consumption,-0.33,2026-03-06T13:31:59.352Z
sensor.envoy_122252032811_balanced_net_power_consumption,-0.3,2026-03-06T13:33:00.700Z
number.stormbreaker_tessie_charge_current,4,2026-03-06T12:34:32.981Z
number.stormbreaker_tessie_charge_current,5,2026-03-06T13:21:56.167Z
number.stormbreaker_tessie_charge_current,3.0,2026-03-06T13:23:27.522Z
number.stormbreaker_tessie_charge_current,3,2026-03-06T13:23:36.177Z
number.stormbreaker_tessie_charge_current,2.0,2026-03-06T13:23:52.283Z
number.stormbreaker_tessie_charge_current,3,2026-03-06T13:23:56.167Z
number.stormbreaker_tessie_charge_current,1,2026-03-06T13:24:26.167Z
number.stormbreaker_tessie_charge_current,1.0,2026-03-06T13:24:28.689Z
number.stormbreaker_tessie_charge_current,1,2026-03-06T13:24:36.190Z
number.stormbreaker_tessie_charge_current,2.0,2026-03-06T13:24:52.288Z
number.stormbreaker_tessie_charge_current,1,2026-03-06T13:24:56.170Z
number.stormbreaker_tessie_charge_current,3,2026-03-06T13:25:46.181Z
number.stormbreaker_tessie_charge_current,3.0,2026-03-06T13:25:48.822Z
number.stormbreaker_tessie_charge_current,3,2026-03-06T13:25:56.159Z
sensor.adaptivecharge_stormbreaker_current_setting,4,2026-03-06T12:34:32.981Z
sensor.adaptivecharge_stormbreaker_current_setting,3,2026-03-06T13:23:27.523Z
sensor.adaptivecharge_stormbreaker_current_setting,2,2026-03-06T13:23:52.286Z
sensor.adaptivecharge_stormbreaker_current_setting,1,2026-03-06T13:24:28.692Z
sensor.adaptivecharge_stormbreaker_current_setting,2,2026-03-06T13:24:52.291Z
sensor.adaptivecharge_stormbreaker_current_setting,3,2026-03-06T13:25:48.825Z
sensor.adaptivecharge_stormbreaker_available_current_decision,4.48,2026-03-06T12:34:32.981Z
sensor.adaptivecharge_stormbreaker_available_current_decision,4.45,2026-03-06T12:34:41.815Z
sensor.adaptivecharge_stormbreaker_available_current_decision,4.48,2026-03-06T12:34:51.816Z
sensor.adaptivecharge_stormbreaker_available_current_decision,4.44,2026-03-06T12:35:01.816Z
sensor.adaptivecharge_stormbreaker_available_current_decision,4.47,2026-03-06T12:35:11.817Z
sensor.adaptivecharge_stormbreaker_available_current_decision,4.46,2026-03-06T12:35:21.818Z
sensor.adaptivecharge_stormbreaker_available_current_decision,4.43,2026-03-06T12:35:31.819Z
sensor.adaptivecharge_stormbreaker_available_current_decision,4.44,2026-03-06T12:35:41.820Z
sensor.adaptivecharge_stormbreaker_available_current_decision,4.42,2026-03-06T12:36:01.821Z
sensor.adaptivecharge_stormbreaker_available_current_decision,4.43,2026-03-06T12:36:11.820Z
sensor.adaptivecharge_stormbreaker_available_current_decision,4.4,2026-03-06T12:36:21.823Z
sensor.adaptivecharge_stormbreaker_available_current_decision,4.44,2026-03-06T12:36:31.825Z
sensor.adaptivecharge_stormbreaker_available_current_decision,4.45,2026-03-06T12:36:41.826Z
sensor.adaptivecharge_stormbreaker_available_current_decision,4.42,2026-03-06T12:37:01.827Z
sensor.adaptivecharge_stormbreaker_available_current_decision,4.44,2026-03-06T12:37:11.828Z
sensor.adaptivecharge_stormbreaker_available_current_decision,4.46,2026-03-06T12:37:21.830Z
sensor.adaptivecharge_stormbreaker_available_current_decision,4.48,2026-03-06T12:37:31.832Z
sensor.adaptivecharge_stormbreaker_available_current_decision,4.43,2026-03-06T12:37:41.833Z
sensor.adaptivecharge_stormbreaker_available_current_decision,4.45,2026-03-06T12:37:51.835Z
sensor.adaptivecharge_stormbreaker_available_current_decision,4.44,2026-03-06T12:38:01.836Z
sensor.adaptivecharge_stormbreaker_available_current_decision,4.43,2026-03-06T12:38:11.835Z
sensor.adaptivecharge_stormbreaker_available_current_decision,4.45,2026-03-06T12:38:21.838Z
sensor.adaptivecharge_stormbreaker_available_current_decision,4.39,2026-03-06T12:38:31.838Z
sensor.adaptivecharge_stormbreaker_available_current_decision,4.42,2026-03-06T12:38:41.839Z
sensor.adaptivecharge_stormbreaker_available_current_decision,4.43,2026-03-06T12:38:51.839Z
sensor.adaptivecharge_stormbreaker_available_current_decision,4.44,2026-03-06T12:39:01.839Z
sensor.adaptivecharge_stormbreaker_available_current_decision,4.4,2026-03-06T12:39:11.840Z
sensor.adaptivecharge_stormbreaker_available_current_decision,4.42,2026-03-06T12:39:21.841Z
sensor.adaptivecharge_stormbreaker_available_current_decision,4.43,2026-03-06T12:39:41.843Z
sensor.adaptivecharge_stormbreaker_available_current_decision,4.41,2026-03-06T12:39:51.844Z
sensor.adaptivecharge_stormbreaker_available_current_decision,4.39,2026-03-06T12:40:01.846Z
sensor.adaptivecharge_stormbreaker_available_current_decision,4.41,2026-03-06T12:40:11.846Z
sensor.adaptivecharge_stormbreaker_available_current_decision,4.42,2026-03-06T12:40:21.847Z
sensor.adaptivecharge_stormbreaker_available_current_decision,4.33,2026-03-06T12:40:31.847Z
sensor.adaptivecharge_stormbreaker_available_current_decision,4.34,2026-03-06T12:40:41.848Z
sensor.adaptivecharge_stormbreaker_available_current_decision,4.32,2026-03-06T12:40:51.849Z
sensor.adaptivecharge_stormbreaker_available_current_decision,4.31,2026-03-06T12:41:01.851Z
sensor.adaptivecharge_stormbreaker_available_current_decision,4.33,2026-03-06T12:41:21.854Z
sensor.adaptivecharge_stormbreaker_available_current_decision,4.34,2026-03-06T12:41:31.854Z
sensor.adaptivecharge_stormbreaker_available_current_decision,4.35,2026-03-06T12:41:41.855Z
sensor.adaptivecharge_stormbreaker_available_current_decision,4.33,2026-03-06T12:41:51.856Z
sensor.adaptivecharge_stormbreaker_available_current_decision,4.34,2026-03-06T12:42:01.857Z
sensor.adaptivecharge_stormbreaker_available_current_decision,4.32,2026-03-06T12:42:21.859Z
sensor.adaptivecharge_stormbreaker_available_current_decision,4.33,2026-03-06T12:42:31.860Z
sensor.adaptivecharge_stormbreaker_available_current_decision,4.41,2026-03-06T12:42:41.861Z
sensor.adaptivecharge_stormbreaker_available_current_decision,4.4,2026-03-06T12:42:51.862Z
sensor.adaptivecharge_stormbreaker_available_current_decision,4.39,2026-03-06T12:43:21.865Z
sensor.adaptivecharge_stormbreaker_available_current_decision,4.41,2026-03-06T12:43:31.866Z
sensor.adaptivecharge_stormbreaker_available_current_decision,4.39,2026-03-06T12:43:51.866Z
sensor.adaptivecharge_stormbreaker_available_current_decision,4.37,2026-03-06T12:44:01.869Z
sensor.adaptivecharge_stormbreaker_available_current_decision,4.4,2026-03-06T12:44:11.869Z
sensor.adaptivecharge_stormbreaker_available_current_decision,4.38,2026-03-06T12:44:31.875Z
sensor.adaptivecharge_stormbreaker_available_current_decision,4.36,2026-03-06T12:44:51.877Z
sensor.adaptivecharge_stormbreaker_available_current_decision,4.37,2026-03-06T12:45:11.879Z
sensor.adaptivecharge_stormbreaker_available_current_decision,4.36,2026-03-06T12:45:21.878Z
sensor.adaptivecharge_stormbreaker_available_current_decision,4.37,2026-03-06T12:45:31.881Z
sensor.adaptivecharge_stormbreaker_available_current_decision,4.35,2026-03-06T12:45:41.882Z
sensor.adaptivecharge_stormbreaker_available_current_decision,4.38,2026-03-06T12:45:51.883Z
sensor.adaptivecharge_stormbreaker_available_current_decision,4.36,2026-03-06T12:46:01.884Z
sensor.adaptivecharge_stormbreaker_available_current_decision,4.37,2026-03-06T12:46:11.884Z
sensor.adaptivecharge_stormbreaker_available_current_decision,4.3,2026-03-06T12:46:41.887Z
sensor.adaptivecharge_stormbreaker_available_current_decision,4.28,2026-03-06T12:47:01.889Z
sensor.adaptivecharge_stormbreaker_available_current_decision,4.31,2026-03-06T12:47:11.889Z
sensor.adaptivecharge_stormbreaker_available_current_decision,4.29,2026-03-06T12:47:21.891Z
sensor.adaptivecharge_stormbreaker_available_current_decision,4.35,2026-03-06T12:47:41.892Z
sensor.adaptivecharge_stormbreaker_available_current_decision,4.34,2026-03-06T12:47:51.895Z
sensor.adaptivecharge_stormbreaker_available_current_decision,4.36,2026-03-06T12:48:01.894Z
sensor.adaptivecharge_stormbreaker_available_current_decision,4.35,2026-03-06T12:48:11.894Z
sensor.adaptivecharge_stormbreaker_available_current_decision,4.33,2026-03-06T12:48:21.897Z
sensor.adaptivecharge_stormbreaker_available_current_decision,4.32,2026-03-06T12:48:41.900Z
sensor.adaptivecharge_stormbreaker_available_current_decision,4.35,2026-03-06T12:48:51.903Z
sensor.adaptivecharge_stormbreaker_available_current_decision,4.34,2026-03-06T12:49:11.905Z
sensor.adaptivecharge_stormbreaker_available_current_decision,4.35,2026-03-06T12:49:21.905Z
sensor.adaptivecharge_stormbreaker_available_current_decision,4.36,2026-03-06T12:49:41.907Z
sensor.adaptivecharge_stormbreaker_available_current_decision,4.3,2026-03-06T12:49:51.908Z
sensor.adaptivecharge_stormbreaker_available_current_decision,4.32,2026-03-06T12:50:01.911Z
sensor.adaptivecharge_stormbreaker_available_current_decision,4.33,2026-03-06T12:50:11.913Z
sensor.adaptivecharge_stormbreaker_available_current_decision,4.32,2026-03-06T12:50:21.914Z
sensor.adaptivecharge_stormbreaker_available_current_decision,4.31,2026-03-06T12:50:31.915Z
sensor.adaptivecharge_stormbreaker_available_current_decision,4.32,2026-03-06T12:50:41.916Z
sensor.adaptivecharge_stormbreaker_available_current_decision,4.3,2026-03-06T12:50:51.919Z
sensor.adaptivecharge_stormbreaker_available_current_decision,4.32,2026-03-06T12:51:01.920Z
sensor.adaptivecharge_stormbreaker_available_current_decision,4.33,2026-03-06T12:51:11.922Z
sensor.adaptivecharge_stormbreaker_available_current_decision,4.3,2026-03-06T12:51:21.923Z
sensor.adaptivecharge_stormbreaker_available_current_decision,4.31,2026-03-06T12:51:31.927Z
sensor.adaptivecharge_stormbreaker_available_current_decision,4.32,2026-03-06T12:51:41.928Z
sensor.adaptivecharge_stormbreaker_available_current_decision,4.27,2026-03-06T12:51:51.929Z
sensor.adaptivecharge_stormbreaker_available_current_decision,4.25,2026-03-06T12:52:01.931Z
sensor.adaptivecharge_stormbreaker_available_current_decision,4.28,2026-03-06T12:52:11.931Z
sensor.adaptivecharge_stormbreaker_available_current_decision,4.25,2026-03-06T12:52:21.934Z
sensor.adaptivecharge_stormbreaker_available_current_decision,4.26,2026-03-06T12:52:31.935Z
sensor.adaptivecharge_stormbreaker_available_current_decision,4.27,2026-03-06T12:52:41.936Z
sensor.adaptivecharge_stormbreaker_available_current_decision,4.24,2026-03-06T12:53:01.938Z
sensor.adaptivecharge_stormbreaker_available_current_decision,4.29,2026-03-06T12:53:11.939Z
sensor.adaptivecharge_stormbreaker_available_current_decision,4.24,2026-03-06T12:53:21.939Z
sensor.adaptivecharge_stormbreaker_available_current_decision,4.28,2026-03-06T12:53:31.938Z
sensor.adaptivecharge_stormbreaker_available_current_decision,4.25,2026-03-06T12:53:41.940Z
sensor.adaptivecharge_stormbreaker_available_current_decision,4.28,2026-03-06T12:53:51.941Z
sensor.adaptivecharge_stormbreaker_available_current_decision,4.3,2026-03-06T12:54:01.941Z
sensor.adaptivecharge_stormbreaker_available_current_decision,4.29,2026-03-06T12:54:21.943Z
sensor.adaptivecharge_stormbreaker_available_current_decision,4.31,2026-03-06T12:54:31.944Z
sensor.adaptivecharge_stormbreaker_available_current_decision,4.29,2026-03-06T12:54:41.944Z
sensor.adaptivecharge_stormbreaker_available_current_decision,4.3,2026-03-06T12:54:51.946Z
sensor.adaptivecharge_stormbreaker_available_current_decision,4.23,2026-03-06T12:55:01.946Z
sensor.adaptivecharge_stormbreaker_available_current_decision,4.24,2026-03-06T12:55:11.949Z
sensor.adaptivecharge_stormbreaker_available_current_decision,4.23,2026-03-06T12:55:21.950Z
sensor.adaptivecharge_stormbreaker_available_current_decision,4.24,2026-03-06T12:55:31.950Z
sensor.adaptivecharge_stormbreaker_available_current_decision,4.25,2026-03-06T12:55:51.953Z
sensor.adaptivecharge_stormbreaker_available_current_decision,4.27,2026-03-06T12:56:01.954Z
sensor.adaptivecharge_stormbreaker_available_current_decision,4.25,2026-03-06T12:56:11.955Z
sensor.adaptivecharge_stormbreaker_available_current_decision,4.27,2026-03-06T12:56:21.955Z
sensor.adaptivecharge_stormbreaker_available_current_decision,4.26,2026-03-06T12:56:31.957Z
sensor.adaptivecharge_stormbreaker_available_current_decision,4.27,2026-03-06T12:56:41.956Z
sensor.adaptivecharge_stormbreaker_available_current_decision,4.24,2026-03-06T12:56:51.958Z
sensor.adaptivecharge_stormbreaker_available_current_decision,4.23,2026-03-06T12:57:01.959Z
sensor.adaptivecharge_stormbreaker_available_current_decision,4.2,2026-03-06T12:57:11.959Z
sensor.adaptivecharge_stormbreaker_available_current_decision,4.19,2026-03-06T12:57:21.960Z
sensor.adaptivecharge_stormbreaker_available_current_decision,4.23,2026-03-06T12:57:31.961Z
sensor.adaptivecharge_stormbreaker_available_current_decision,4.19,2026-03-06T12:57:41.961Z
sensor.adaptivecharge_stormbreaker_available_current_decision,4.21,2026-03-06T12:57:51.963Z
sensor.adaptivecharge_stormbreaker_available_current_decision,4.2,2026-03-06T12:58:01.966Z
sensor.adaptivecharge_stormbreaker_available_current_decision,4.24,2026-03-06T12:58:11.967Z
sensor.adaptivecharge_stormbreaker_available_current_decision,4.21,2026-03-06T12:58:21.967Z
sensor.adaptivecharge_stormbreaker_available_current_decision,4.24,2026-03-06T12:58:31.968Z
sensor.adaptivecharge_stormbreaker_available_current_decision,4.21,2026-03-06T12:58:41.968Z
sensor.adaptivecharge_stormbreaker_available_current_decision,4.24,2026-03-06T12:58:51.969Z
sensor.adaptivecharge_stormbreaker_available_current_decision,4.19,2026-03-06T12:59:01.971Z
sensor.adaptivecharge_stormbreaker_available_current_decision,4.21,2026-03-06T12:59:11.973Z
sensor.adaptivecharge_stormbreaker_available_current_decision,4.2,2026-03-06T12:59:21.972Z
sensor.adaptivecharge_stormbreaker_available_current_decision,4.22,2026-03-06T12:59:41.976Z
sensor.adaptivecharge_stormbreaker_available_current_decision,4.2,2026-03-06T12:59:51.976Z
sensor.adaptivecharge_stormbreaker_available_current_decision,4.18,2026-03-06T13:00:01.977Z
sensor.adaptivecharge_stormbreaker_available_current_decision,4.17,2026-03-06T13:00:11.978Z
sensor.adaptivecharge_stormbreaker_available_current_decision,4.18,2026-03-06T13:00:21.978Z
sensor.adaptivecharge_stormbreaker_available_current_decision,4.2,2026-03-06T13:00:31.980Z
sensor.adaptivecharge_stormbreaker_available_current_decision,4.19,2026-03-06T13:00:41.981Z
sensor.adaptivecharge_stormbreaker_available_current_decision,4.17,2026-03-06T13:00:51.984Z
sensor.adaptivecharge_stormbreaker_available_current_decision,4.16,2026-03-06T13:01:11.984Z
sensor.adaptivecharge_stormbreaker_available_current_decision,4.19,2026-03-06T13:01:21.985Z
sensor.adaptivecharge_stormbreaker_available_current_decision,4.15,2026-03-06T13:01:31.986Z
sensor.adaptivecharge_stormbreaker_available_current_decision,4.18,2026-03-06T13:01:41.986Z
sensor.adaptivecharge_stormbreaker_available_current_decision,4.19,2026-03-06T13:01:51.987Z
sensor.adaptivecharge_stormbreaker_available_current_decision,4.16,2026-03-06T13:02:01.987Z
sensor.adaptivecharge_stormbreaker_available_current_decision,4.18,2026-03-06T13:02:11.988Z
sensor.adaptivecharge_stormbreaker_available_current_decision,4.14,2026-03-06T13:02:21.989Z
sensor.adaptivecharge_stormbreaker_available_current_decision,4.17,2026-03-06T13:02:31.990Z
sensor.adaptivecharge_stormbreaker_available_current_decision,4.18,2026-03-06T13:02:41.991Z
sensor.adaptivecharge_stormbreaker_available_current_decision,4.15,2026-03-06T13:02:51.992Z
sensor.adaptivecharge_stormbreaker_available_current_decision,4.18,2026-03-06T13:03:01.993Z
sensor.adaptivecharge_stormbreaker_available_current_decision,4.16,2026-03-06T13:03:11.994Z
sensor.adaptivecharge_stormbreaker_available_current_decision,4.13,2026-03-06T13:03:21.995Z
sensor.adaptivecharge_stormbreaker_available_current_decision,4.15,2026-03-06T13:03:31.996Z
sensor.adaptivecharge_stormbreaker_available_current_decision,4.17,2026-03-06T13:03:42.000Z
sensor.adaptivecharge_stormbreaker_available_current_decision,4.13,2026-03-06T13:03:52.000Z
sensor.adaptivecharge_stormbreaker_available_current_decision,4.18,2026-03-06T13:04:02.002Z
sensor.adaptivecharge_stormbreaker_available_current_decision,4.1,2026-03-06T13:04:12.002Z
sensor.adaptivecharge_stormbreaker_available_current_decision,4.09,2026-03-06T13:04:22.003Z
sensor.adaptivecharge_stormbreaker_available_current_decision,4.12,2026-03-06T13:04:32.004Z
sensor.adaptivecharge_stormbreaker_available_current_decision,4.1,2026-03-06T13:04:42.005Z
sensor.adaptivecharge_stormbreaker_available_current_decision,4.12,2026-03-06T13:04:52.005Z
sensor.adaptivecharge_stormbreaker_available_current_decision,4.11,2026-03-06T13:05:02.005Z
sensor.adaptivecharge_stormbreaker_available_current_decision,4.07,2026-03-06T13:05:12.007Z
sensor.adaptivecharge_stormbreaker_available_current_decision,4.1,2026-03-06T13:05:32.008Z
sensor.adaptivecharge_stormbreaker_available_current_decision,4.07,2026-03-06T13:05:42.009Z
sensor.adaptivecharge_stormbreaker_available_current_decision,4.05,2026-03-06T13:05:52.011Z
sensor.adaptivecharge_stormbreaker_available_current_decision,4.06,2026-03-06T13:06:02.012Z
sensor.adaptivecharge_stormbreaker_available_current_decision,4.05,2026-03-06T13:06:12.013Z
sensor.adaptivecharge_stormbreaker_available_current_decision,4.03,2026-03-06T13:06:32.013Z
sensor.adaptivecharge_stormbreaker_available_current_decision,4.04,2026-03-06T13:06:42.015Z
sensor.adaptivecharge_stormbreaker_available_current_decision,4.03,2026-03-06T13:06:52.016Z
sensor.adaptivecharge_stormbreaker_available_current_decision,4.01,2026-03-06T13:07:02.017Z
sensor.adaptivecharge_stormbreaker_available_current_decision,4.11,2026-03-06T13:07:22.015Z
sensor.adaptivecharge_stormbreaker_available_current_decision,4.06,2026-03-06T13:07:32.019Z
sensor.adaptivecharge_stormbreaker_available_current_decision,4.08,2026-03-06T13:07:42.020Z
sensor.adaptivecharge_stormbreaker_available_current_decision,4.05,2026-03-06T13:07:52.019Z
sensor.adaptivecharge_stormbreaker_available_current_decision,4.07,2026-03-06T13:08:12.024Z
sensor.adaptivecharge_stormbreaker_available_current_decision,4.05,2026-03-06T13:08:22.025Z
sensor.adaptivecharge_stormbreaker_available_current_decision,4.03,2026-03-06T13:08:32.026Z
sensor.adaptivecharge_stormbreaker_available_current_decision,4.06,2026-03-06T13:08:42.027Z
sensor.adaptivecharge_stormbreaker_available_current_decision,4.03,2026-03-06T13:08:52.028Z
sensor.adaptivecharge_stormbreaker_available_current_decision,4.06,2026-03-06T13:09:02.029Z
sensor.adaptivecharge_stormbreaker_available_current_decision,4.02,2026-03-06T13:09:12.031Z
sensor.adaptivecharge_stormbreaker_available_current_decision,4.03,2026-03-06T13:09:22.031Z
sensor.adaptivecharge_stormbreaker_available_current_decision,4.02,2026-03-06T13:09:42.033Z
sensor.adaptivecharge_stormbreaker_available_current_decision,4.05,2026-03-06T13:09:52.035Z
sensor.adaptivecharge_stormbreaker_available_current_decision,4.01,2026-03-06T13:10:02.036Z
sensor.adaptivecharge_stormbreaker_available_current_decision,4.05,2026-03-06T13:10:12.037Z
sensor.adaptivecharge_stormbreaker_available_current_decision,4.06,2026-03-06T13:10:22.038Z
sensor.adaptivecharge_stormbreaker_available_current_decision,4.04,2026-03-06T13:10:32.039Z
sensor.adaptivecharge_stormbreaker_available_current_decision,4.08,2026-03-06T13:10:42.039Z
sensor.adaptivecharge_stormbreaker_available_current_decision,4.04,2026-03-06T13:10:52.040Z
sensor.adaptivecharge_stormbreaker_available_current_decision,4.07,2026-03-06T13:11:02.041Z
sensor.adaptivecharge_stormbreaker_available_current_decision,4.05,2026-03-06T13:11:12.042Z
sensor.adaptivecharge_stormbreaker_available_current_decision,4.03,2026-03-06T13:11:32.044Z
sensor.adaptivecharge_stormbreaker_available_current_decision,4.04,2026-03-06T13:11:42.047Z
sensor.adaptivecharge_stormbreaker_available_current_decision,4.06,2026-03-06T13:11:52.049Z
sensor.adaptivecharge_stormbreaker_available_current_decision,4.01,2026-03-06T13:12:32.055Z
sensor.adaptivecharge_stormbreaker_available_current_decision,4.02,2026-03-06T13:12:42.056Z
sensor.adaptivecharge_stormbreaker_available_current_decision,4.04,2026-03-06T13:12:52.057Z
sensor.adaptivecharge_stormbreaker_available_current_decision,4.01,2026-03-06T13:13:02.057Z
sensor.adaptivecharge_stormbreaker_available_current_decision,4.02,2026-03-06T13:13:12.058Z
sensor.adaptivecharge_stormbreaker_available_current_decision,4.04,2026-03-06T13:13:22.059Z
sensor.adaptivecharge_stormbreaker_available_current_decision,3.92,2026-03-06T13:13:32.060Z
sensor.adaptivecharge_stormbreaker_available_current_decision,3.95,2026-03-06T13:13:42.062Z
sensor.adaptivecharge_stormbreaker_available_current_decision,3.93,2026-03-06T13:13:52.064Z
sensor.adaptivecharge_stormbreaker_available_current_decision,3.92,2026-03-06T13:14:02.064Z
sensor.adaptivecharge_stormbreaker_available_current_decision,3.94,2026-03-06T13:14:12.066Z
sensor.adaptivecharge_stormbreaker_available_current_decision,3.93,2026-03-06T13:14:22.067Z
sensor.adaptivecharge_stormbreaker_available_current_decision,3.96,2026-03-06T13:14:32.068Z
sensor.adaptivecharge_stormbreaker_available_current_decision,3.95,2026-03-06T13:14:52.070Z
sensor.adaptivecharge_stormbreaker_available_current_decision,3.96,2026-03-06T13:15:22.073Z
sensor.adaptivecharge_stormbreaker_available_current_decision,3.93,2026-03-06T13:15:32.076Z
sensor.adaptivecharge_stormbreaker_available_current_decision,3.9,2026-03-06T13:15:42.077Z
sensor.adaptivecharge_stormbreaker_available_current_decision,3.93,2026-03-06T13:15:52.079Z
sensor.adaptivecharge_stormbreaker_available_current_decision,3.92,2026-03-06T13:16:02.080Z
sensor.adaptivecharge_stormbreaker_available_current_decision,3.91,2026-03-06T13:16:12.081Z
sensor.adaptivecharge_stormbreaker_available_current_decision,3.9,2026-03-06T13:16:22.081Z
sensor.adaptivecharge_stormbreaker_available_current_decision,3.92,2026-03-06T13:16:32.082Z
sensor.adaptivecharge_stormbreaker_available_current_decision,3.93,2026-03-06T13:16:52.084Z
sensor.adaptivecharge_stormbreaker_available_current_decision,3.92,2026-03-06T13:17:22.086Z
sensor.adaptivecharge_stormbreaker_available_current_decision,3.91,2026-03-06T13:17:32.087Z
sensor.adaptivecharge_stormbreaker_available_current_decision,4.04,2026-03-06T13:17:42.088Z
sensor.adaptivecharge_stormbreaker_available_current_decision,4.07,2026-03-06T13:17:52.089Z
sensor.adaptivecharge_stormbreaker_available_current_decision,4.04,2026-03-06T13:18:12.091Z
sensor.adaptivecharge_stormbreaker_available_current_decision,4.06,2026-03-06T13:18:22.091Z
sensor.adaptivecharge_stormbreaker_available_current_decision,4.08,2026-03-06T13:18:32.092Z
sensor.adaptivecharge_stormbreaker_available_current_decision,4.01,2026-03-06T13:18:42.091Z
sensor.adaptivecharge_stormbreaker_available_current_decision,4.02,2026-03-06T13:18:52.093Z
sensor.adaptivecharge_stormbreaker_available_current_decision,4.04,2026-03-06T13:19:02.093Z
sensor.adaptivecharge_stormbreaker_available_current_decision,4.02,2026-03-06T13:19:12.097Z
sensor.adaptivecharge_stormbreaker_available_current_decision,4.04,2026-03-06T13:19:32.101Z
sensor.adaptivecharge_stormbreaker_available_current_decision,3.94,2026-03-06T13:19:42.102Z
sensor.adaptivecharge_stormbreaker_available_current_decision,3.95,2026-03-06T13:19:52.102Z
sensor.adaptivecharge_stormbreaker_available_current_decision,3.97,2026-03-06T13:20:12.104Z
sensor.adaptivecharge_stormbreaker_available_current_decision,3.95,2026-03-06T13:20:22.108Z
sensor.adaptivecharge_stormbreaker_available_current_decision,3.96,2026-03-06T13:20:32.110Z
sensor.adaptivecharge_stormbreaker_available_current_decision,3.95,2026-03-06T13:20:42.110Z
sensor.adaptivecharge_stormbreaker_available_current_decision,3.96,2026-03-06T13:20:52.111Z
sensor.adaptivecharge_stormbreaker_available_current_decision,3.95,2026-03-06T13:21:02.111Z
sensor.adaptivecharge_stormbreaker_available_current_decision,3.93,2026-03-06T13:21:12.112Z
sensor.adaptivecharge_stormbreaker_available_current_decision,3.95,2026-03-06T13:21:32.115Z
sensor.adaptivecharge_stormbreaker_available_current_decision,3.88,2026-03-06T13:21:42.123Z
sensor.adaptivecharge_stormbreaker_available_current_decision,4.9,2026-03-06T13:21:52.126Z
sensor.adaptivecharge_stormbreaker_available_current_decision,4.94,2026-03-06T13:22:02.125Z
sensor.adaptivecharge_stormbreaker_available_current_decision,4.88,2026-03-06T13:22:12.125Z
sensor.adaptivecharge_stormbreaker_available_current_decision,4.94,2026-03-06T13:22:22.128Z
sensor.adaptivecharge_stormbreaker_available_current_decision,4.88,2026-03-06T13:22:32.130Z
sensor.adaptivecharge_stormbreaker_available_current_decision,4.87,2026-03-06T13:22:42.131Z
sensor.adaptivecharge_stormbreaker_available_current_decision,3.91,2026-03-06T13:22:52.130Z
sensor.adaptivecharge_stormbreaker_available_current_decision,3.84,2026-03-06T13:23:12.132Z
sensor.adaptivecharge_stormbreaker_available_current_decision,3.87,2026-03-06T13:23:27.524Z
sensor.adaptivecharge_stormbreaker_available_current_decision,1.86,2026-03-06T13:23:32.134Z
sensor.adaptivecharge_stormbreaker_available_current_decision,1.84,2026-03-06T13:23:42.135Z
sensor.adaptivecharge_stormbreaker_available_current_decision,1.77,2026-03-06T13:23:52.286Z
sensor.adaptivecharge_stormbreaker_available_current_decision,1.76,2026-03-06T13:24:02.136Z
sensor.adaptivecharge_stormbreaker_available_current_decision,1.77,2026-03-06T13:24:12.137Z
sensor.adaptivecharge_stormbreaker_available_current_decision,1.75,2026-03-06T13:24:28.692Z
sensor.adaptivecharge_stormbreaker_available_current_decision,0.0,2026-03-06T13:24:32.138Z
sensor.adaptivecharge_stormbreaker_available_current_decision,3.83,2026-03-06T13:24:52.291Z
sensor.adaptivecharge_stormbreaker_available_current_decision,3.82,2026-03-06T13:25:12.142Z
sensor.adaptivecharge_stormbreaker_available_current_decision,3.83,2026-03-06T13:25:22.142Z
sensor.adaptivecharge_stormbreaker_available_current_decision,3.3,2026-03-06T13:25:52.146Z
sensor.adaptivecharge_stormbreaker_available_current_decision,3.31,2026-03-06T13:26:02.144Z
sensor.adaptivecharge_stormbreaker_available_current_decision,3.32,2026-03-06T13:26:12.148Z
sensor.adaptivecharge_stormbreaker_available_current_decision,3.31,2026-03-06T13:26:22.149Z
sensor.adaptivecharge_stormbreaker_available_current_decision,3.33,2026-03-06T13:26:32.149Z
sensor.adaptivecharge_stormbreaker_available_current_decision,3.3,2026-03-06T13:26:42.154Z
sensor.adaptivecharge_stormbreaker_available_current_decision,3.43,2026-03-06T13:26:52.157Z
sensor.adaptivecharge_stormbreaker_available_current_decision,3.44,2026-03-06T13:27:02.158Z
sensor.adaptivecharge_stormbreaker_available_current_decision,3.42,2026-03-06T13:27:12.159Z
sensor.adaptivecharge_stormbreaker_available_current_decision,3.43,2026-03-06T13:27:22.160Z
sensor.adaptivecharge_stormbreaker_available_current_decision,3.47,2026-03-06T13:27:52.163Z
sensor.adaptivecharge_stormbreaker_available_current_decision,3.48,2026-03-06T13:28:22.165Z
sensor.adaptivecharge_stormbreaker_available_current_decision,3.47,2026-03-06T13:28:32.165Z
sensor.adaptivecharge_stormbreaker_available_current_decision,3.48,2026-03-06T13:28:42.166Z
sensor.adaptivecharge_stormbreaker_available_current_decision,3.47,2026-03-06T13:28:52.167Z
sensor.adaptivecharge_stormbreaker_available_current_decision,3.49,2026-03-06T13:29:02.168Z
sensor.adaptivecharge_stormbreaker_available_current_decision,3.51,2026-03-06T13:29:12.170Z
sensor.adaptivecharge_stormbreaker_available_current_decision,3.49,2026-03-06T13:29:22.171Z
sensor.adaptivecharge_stormbreaker_available_current_decision,3.5,2026-03-06T13:29:32.172Z
sensor.adaptivecharge_stormbreaker_available_current_decision,3.49,2026-03-06T13:29:42.174Z
sensor.adaptivecharge_stormbreaker_available_current_decision,3.45,2026-03-06T13:30:02.176Z
sensor.adaptivecharge_stormbreaker_available_current_decision,3.46,2026-03-06T13:30:12.178Z
sensor.adaptivecharge_stormbreaker_available_current_decision,3.45,2026-03-06T13:30:32.180Z
sensor.adaptivecharge_stormbreaker_available_current_decision,3.46,2026-03-06T13:30:42.179Z
sensor.adaptivecharge_stormbreaker_available_current_decision,3.49,2026-03-06T13:31:02.183Z
sensor.adaptivecharge_stormbreaker_available_current_decision,3.48,2026-03-06T13:31:12.184Z
sensor.adaptivecharge_stormbreaker_available_current_decision,3.49,2026-03-06T13:31:22.185Z
sensor.adaptivecharge_stormbreaker_available_current_decision,3.5,2026-03-06T13:31:42.186Z
sensor.adaptivecharge_stormbreaker_available_current_decision,3.49,2026-03-06T13:31:52.186Z
sensor.adaptivecharge_stormbreaker_available_current_decision,3.5,2026-03-06T13:32:12.189Z
sensor.adaptivecharge_stormbreaker_available_current_decision,3.48,2026-03-06T13:32:42.191Z
sensor.adaptivecharge_stormbreaker_available_current_decision,3.47,2026-03-06T13:32:52.191Z
sensor.adaptivecharge_stormbreaker_available_current_decision,3.45,2026-03-06T13:33:02.192Z
sensor.adaptivecharge_stormbreaker_available_current_decision,3.44,2026-03-06T13:33:12.195Z
sensor.adaptivecharge_stormbreaker_available_current_decision,3.45,2026-03-06T13:33:22.195Z
sensor.adaptivecharge_stormbreaker_available_current_decision,3.47,2026-03-06T13:33:32.196Z
sensor.adaptivecharge_stormbreaker_available_current_decision,3.45,2026-03-06T13:33:42.197Z
sensor.adaptivecharge_stormbreaker_available_current_decision,3.44,2026-03-06T13:34:02.198Z
sensor.adaptivecharge_stormbreaker_available_current_decision,3.47,2026-03-06T13:34:12.201Z
sensor.adaptivecharge_stormbreaker_input_skew,0.0,2026-03-06T12:34:32.981Z
sensor.adaptivecharge_stormbreaker_energy_charged,8.367,2026-03-06T12:34:32.981Z
sensor.adaptivecharge_stormbreaker_energy_charged,8.375,2026-03-06T12:34:41.816Z
sensor.adaptivecharge_stormbreaker_energy_charged,8.382,2026-03-06T12:34:51.816Z
sensor.adaptivecharge_stormbreaker_energy_charged,8.39,2026-03-06T12:35:01.817Z
sensor.adaptivecharge_stormbreaker_energy_charged,8.398,2026-03-06T12:35:11.818Z
sensor.adaptivecharge_stormbreaker_energy_charged,8.406,2026-03-06T12:35:21.818Z
sensor.adaptivecharge_stormbreaker_energy_charged,8.414,2026-03-06T12:35:31.820Z
sensor.adaptivecharge_stormbreaker_energy_charged,8.422,2026-03-06T12:35:41.821Z
sensor.adaptivecharge_stormbreaker_energy_charged,8.43,2026-03-06T12:35:51.822Z
sensor.adaptivecharge_stormbreaker_energy_charged,8.438,2026-03-06T12:36:01.822Z
sensor.adaptivecharge_stormbreaker_energy_charged,8.446,2026-03-06T12:36:11.820Z
sensor.adaptivecharge_stormbreaker_energy_charged,8.453,2026-03-06T12:36:21.824Z
sensor.adaptivecharge_stormbreaker_energy_charged,8.461,2026-03-06T12:36:31.825Z
sensor.adaptivecharge_stormbreaker_energy_charged,8.469,2026-03-06T12:36:41.826Z
sensor.adaptivecharge_stormbreaker_energy_charged,8.477,2026-03-06T12:36:51.828Z
sensor.adaptivecharge_stormbreaker_energy_charged,8.485,2026-03-06T12:37:01.828Z
sensor.adaptivecharge_stormbreaker_energy_charged,8.493,2026-03-06T12:37:11.829Z
sensor.adaptivecharge_stormbreaker_energy_charged,8.501,2026-03-06T12:37:21.831Z
sensor.adaptivecharge_stormbreaker_energy_charged,8.509,2026-03-06T12:37:31.833Z
sensor.adaptivecharge_stormbreaker_energy_charged,8.517,2026-03-06T12:37:41.833Z
sensor.adaptivecharge_stormbreaker_energy_charged,8.524,2026-03-06T12:37:51.836Z
sensor.adaptivecharge_stormbreaker_energy_charged,8.532,2026-03-06T12:38:01.836Z
sensor.adaptivecharge_stormbreaker_energy_charged,8.54,2026-03-06T12:38:11.835Z
sensor.adaptivecharge_stormbreaker_energy_charged,8.548,2026-03-06T12:38:21.839Z
sensor.adaptivecharge_stormbreaker_energy_charged,8.556,2026-03-06T12:38:31.839Z
sensor.adaptivecharge_stormbreaker_energy_charged,8.564,2026-03-06T12:38:41.839Z
sensor.adaptivecharge_stormbreaker_energy_charged,8.572,2026-03-06T12:38:51.840Z
sensor.adaptivecharge_stormbreaker_energy_charged,8.58,2026-03-06T12:39:01.840Z
sensor.adaptivecharge_stormbreaker_energy_charged,8.588,2026-03-06T12:39:11.841Z
sensor.adaptivecharge_stormbreaker_energy_charged,8.596,2026-03-06T12:39:21.842Z
sensor.adaptivecharge_stormbreaker_energy_charged,8.603,2026-03-06T12:39:31.843Z
sensor.adaptivecharge_stormbreaker_energy_charged,8.611,2026-03-06T12:39:41.843Z
sensor.adaptivecharge_stormbreaker_energy_charged,8.619,2026-03-06T12:39:51.844Z
sensor.adaptivecharge_stormbreaker_energy_charged,8.627,2026-03-06T12:40:01.846Z
sensor.adaptivecharge_stormbreaker_energy_charged,8.635,2026-03-06T12:40:11.846Z
sensor.adaptivecharge_stormbreaker_energy_charged,8.643,2026-03-06T12:40:21.847Z
sensor.adaptivecharge_stormbreaker_energy_charged,8.651,2026-03-06T12:40:31.847Z
sensor.adaptivecharge_stormbreaker_energy_charged,8.659,2026-03-06T12:40:41.849Z
sensor.adaptivecharge_stormbreaker_energy_charged,8.667,2026-03-06T12:40:51.850Z
sensor.adaptivecharge_stormbreaker_energy_charged,8.674,2026-03-06T12:41:01.852Z
sensor.adaptivecharge_stormbreaker_energy_charged,8.682,2026-03-06T12:41:11.853Z
sensor.adaptivecharge_stormbreaker_energy_charged,8.69,2026-03-06T12:41:21.854Z
sensor.adaptivecharge_stormbreaker_energy_charged,8.698,2026-03-06T12:41:31.855Z
sensor.adaptivecharge_stormbreaker_energy_charged,8.706,2026-03-06T12:41:41.855Z
sensor.adaptivecharge_stormbreaker_energy_charged,8.714,2026-03-06T12:41:51.857Z
sensor.adaptivecharge_stormbreaker_energy_charged,8.722,2026-03-06T12:42:01.857Z
sensor.adaptivecharge_stormbreaker_energy_charged,8.73,2026-03-06T12:42:11.859Z
sensor.adaptivecharge_stormbreaker_energy_charged,8.738,2026-03-06T12:42:21.860Z
sensor.adaptivecharge_stormbreaker_energy_charged,8.745,2026-03-06T12:42:31.861Z
sensor.adaptivecharge_stormbreaker_energy_charged,8.753,2026-03-06T12:42:41.862Z
sensor.adaptivecharge_stormbreaker_energy_charged,8.761,2026-03-06T12:42:51.863Z
sensor.adaptivecharge_stormbreaker_energy_charged,8.769,2026-03-06T12:43:01.863Z
sensor.adaptivecharge_stormbreaker_energy_charged,8.777,2026-03-06T12:43:11.865Z
sensor.adaptivecharge_stormbreaker_energy_charged,8.785,2026-03-06T12:43:21.866Z
sensor.adaptivecharge_stormbreaker_energy_charged,8.793,2026-03-06T12:43:31.867Z
sensor.adaptivecharge_stormbreaker_energy_charged,8.801,2026-03-06T12:43:41.867Z
sensor.adaptivecharge_stormbreaker_energy_charged,8.809,2026-03-06T12:43:51.867Z
sensor.adaptivecharge_stormbreaker_energy_charged,8.817,2026-03-06T12:44:01.869Z
sensor.adaptivecharge_stormbreaker_energy_charged,8.824,2026-03-06T12:44:11.870Z
sensor.adaptivecharge_stormbreaker_energy_charged,8.832,2026-03-06T12:44:21.873Z
sensor.adaptivecharge_stormbreaker_energy_charged,8.84,2026-03-06T12:44:31.876Z
sensor.adaptivecharge_stormbreaker_energy_charged,8.848,2026-03-06T12:44:41.877Z
sensor.adaptivecharge_stormbreaker_energy_charged,8.856,2026-03-06T12:44:51.877Z
sensor.adaptivecharge_stormbreaker_energy_charged,8.864,2026-03-06T12:45:01.877Z
sensor.adaptivecharge_stormbreaker_energy_charged,8.872,2026-03-06T12:45:11.880Z
sensor.adaptivecharge_stormbreaker_energy_charged,8.88,2026-03-06T12:45:21.879Z
sensor.adaptivecharge_stormbreaker_energy_charged,8.887,2026-03-06T12:45:31.882Z
sensor.adaptivecharge_stormbreaker_energy_charged,8.895,2026-03-06T12:45:41.882Z
sensor.adaptivecharge_stormbreaker_energy_charged,8.903,2026-03-06T12:45:51.884Z
sensor.adaptivecharge_stormbreaker_energy_charged,8.911,2026-03-06T12:46:01.885Z
sensor.adaptivecharge_stormbreaker_energy_charged,8.919,2026-03-06T12:46:11.885Z
sensor.adaptivecharge_stormbreaker_energy_charged,8.927,2026-03-06T12:46:21.886Z
sensor.adaptivecharge_stormbreaker_energy_charged,8.935,2026-03-06T12:46:31.886Z
sensor.adaptivecharge_stormbreaker_energy_charged,8.943,2026-03-06T12:46:41.887Z
sensor.adaptivecharge_stormbreaker_energy_charged,8.951,2026-03-06T12:46:51.889Z
sensor.adaptivecharge_stormbreaker_energy_charged,8.959,2026-03-06T12:47:01.889Z
sensor.adaptivecharge_stormbreaker_energy_charged,8.966,2026-03-06T12:47:11.890Z
sensor.adaptivecharge_stormbreaker_energy_charged,8.974,2026-03-06T12:47:21.891Z
sensor.adaptivecharge_stormbreaker_energy_charged,8.982,2026-03-06T12:47:31.890Z
sensor.adaptivecharge_stormbreaker_energy_charged,8.99,2026-03-06T12:47:41.892Z
sensor.adaptivecharge_stormbreaker_energy_charged,8.998,2026-03-06T12:47:51.896Z
sensor.adaptivecharge_stormbreaker_energy_charged,9.006,2026-03-06T12:48:01.894Z
sensor.adaptivecharge_stormbreaker_energy_charged,9.014,2026-03-06T12:48:11.895Z
sensor.adaptivecharge_stormbreaker_energy_charged,9.022,2026-03-06T12:48:21.898Z
sensor.adaptivecharge_stormbreaker_energy_charged,9.03,2026-03-06T12:48:31.899Z
sensor.adaptivecharge_stormbreaker_energy_charged,9.038,2026-03-06T12:48:41.901Z
sensor.adaptivecharge_stormbreaker_energy_charged,9.045,2026-03-06T12:48:51.903Z
sensor.adaptivecharge_stormbreaker_energy_charged,9.053,2026-03-06T12:49:01.903Z
sensor.adaptivecharge_stormbreaker_energy_charged,9.061,2026-03-06T12:49:11.905Z
sensor.adaptivecharge_stormbreaker_energy_charged,9.069,2026-03-06T12:49:21.905Z
sensor.adaptivecharge_stormbreaker_energy_charged,9.077,2026-03-06T12:49:31.906Z
sensor.adaptivecharge_stormbreaker_energy_charged,9.085,2026-03-06T12:49:41.907Z
sensor.adaptivecharge_stormbreaker_energy_charged,9.093,2026-03-06T12:49:51.908Z
sensor.adaptivecharge_stormbreaker_energy_charged,9.101,2026-03-06T12:50:01.911Z
sensor.adaptivecharge_stormbreaker_energy_charged,9.109,2026-03-06T12:50:11.913Z
sensor.adaptivecharge_stormbreaker_energy_charged,9.117,2026-03-06T12:50:21.914Z
sensor.adaptivecharge_stormbreaker_energy_charged,9.125,2026-03-06T12:50:31.915Z
sensor.adaptivecharge_stormbreaker_energy_charged,9.133,2026-03-06T12:50:41.916Z
sensor.adaptivecharge_stormbreaker_energy_charged,9.14,2026-03-06T12:50:51.919Z
sensor.adaptivecharge_stormbreaker_energy_charged,9.148,2026-03-06T12:51:01.920Z
sensor.adaptivecharge_stormbreaker_energy_charged,9.156,2026-03-06T12:51:11.922Z
sensor.adaptivecharge_stormbreaker_energy_charged,9.164,2026-03-06T12:51:21.924Z
sensor.adaptivecharge_stormbreaker_energy_charged,9.172,2026-03-06T12:51:31.927Z
sensor.adaptivecharge_stormbreaker_energy_charged,9.18,2026-03-06T12:51:41.929Z
sensor.adaptivecharge_stormbreaker_energy_charged,9.188,2026-03-06T12:51:51.930Z
sensor.adaptivecharge_stormbreaker_energy_charged,9.196,2026-03-06T12:52:01.931Z
sensor.adaptivecharge_stormbreaker_energy_charged,9.204,2026-03-06T12:52:11.932Z
sensor.adaptivecharge_stormbreaker_energy_charged,9.211,2026-03-06T12:52:21.934Z
sensor.adaptivecharge_stormbreaker_energy_charged,9.219,2026-03-06T12:52:31.935Z
sensor.adaptivecharge_stormbreaker_energy_charged,9.227,2026-03-06T12:52:41.937Z
sensor.adaptivecharge_stormbreaker_energy_charged,9.235,2026-03-06T12:52:51.938Z
sensor.adaptivecharge_stormbreaker_energy_charged,9.243,2026-03-06T12:53:01.938Z
sensor.adaptivecharge_stormbreaker_energy_charged,9.251,2026-03-06T12:53:11.939Z
sensor.adaptivecharge_stormbreaker_energy_charged,9.259,2026-03-06T12:53:21.939Z
sensor.adaptivecharge_stormbreaker_energy_charged,9.267,2026-03-06T12:53:31.939Z
sensor.adaptivecharge_stormbreaker_energy_charged,9.275,2026-03-06T12:53:41.941Z
sensor.adaptivecharge_stormbreaker_energy_charged,9.282,2026-03-06T12:53:51.941Z
sensor.adaptivecharge_stormbreaker_energy_charged,9.29,2026-03-06T12:54:01.942Z
sensor.adaptivecharge_stormbreaker_energy_charged,9.298,2026-03-06T12:54:11.942Z
sensor.adaptivecharge_stormbreaker_energy_charged,9.306,2026-03-06T12:54:21.944Z
sensor.adaptivecharge_stormbreaker_energy_charged,9.314,2026-03-06T12:54:31.944Z
sensor.adaptivecharge_stormbreaker_energy_charged,9.322,2026-03-06T12:54:41.945Z
sensor.adaptivecharge_stormbreaker_energy_charged,9.33,2026-03-06T12:54:51.946Z
sensor.adaptivecharge_stormbreaker_energy_charged,9.338,2026-03-06T12:55:01.946Z
sensor.adaptivecharge_stormbreaker_energy_charged,9.346,2026-03-06T12:55:11.949Z
sensor.adaptivecharge_stormbreaker_energy_charged,9.353,2026-03-06T12:55:21.950Z
sensor.adaptivecharge_stormbreaker_energy_charged,9.361,2026-03-06T12:55:31.951Z
sensor.adaptivecharge_stormbreaker_energy_charged,9.369,2026-03-06T12:55:41.952Z
sensor.adaptivecharge_stormbreaker_energy_charged,9.377,2026-03-06T12:55:51.954Z
sensor.adaptivecharge_stormbreaker_energy_charged,9.385,2026-03-06T12:56:01.955Z
sensor.adaptivecharge_stormbreaker_energy_charged,9.393,2026-03-06T12:56:11.956Z
sensor.adaptivecharge_stormbreaker_energy_charged,9.401,2026-03-06T12:56:21.956Z
sensor.adaptivecharge_stormbreaker_energy_charged,9.409,2026-03-06T12:56:31.958Z
sensor.adaptivecharge_stormbreaker_energy_charged,9.417,2026-03-06T12:56:41.957Z
sensor.adaptivecharge_stormbreaker_energy_charged,9.425,2026-03-06T12:56:51.958Z
sensor.adaptivecharge_stormbreaker_energy_charged,9.432,2026-03-06T12:57:01.959Z
sensor.adaptivecharge_stormbreaker_energy_charged,9.44,2026-03-06T12:57:11.960Z
sensor.adaptivecharge_stormbreaker_energy_charged,9.448,2026-03-06T12:57:21.961Z
sensor.adaptivecharge_stormbreaker_energy_charged,9.456,2026-03-06T12:57:31.961Z
sensor.adaptivecharge_stormbreaker_energy_charged,9.464,2026-03-06T12:57:41.962Z
sensor.adaptivecharge_stormbreaker_energy_charged,9.472,2026-03-06T12:57:51.964Z
sensor.adaptivecharge_stormbreaker_energy_charged,9.48,2026-03-06T12:58:01.966Z
sensor.adaptivecharge_stormbreaker_energy_charged,9.488,2026-03-06T12:58:11.968Z
sensor.adaptivecharge_stormbreaker_energy_charged,9.496,2026-03-06T12:58:21.968Z
sensor.adaptivecharge_stormbreaker_energy_charged,9.503,2026-03-06T12:58:31.968Z
sensor.adaptivecharge_stormbreaker_energy_charged,9.511,2026-03-06T12:58:41.969Z
sensor.adaptivecharge_stormbreaker_energy_charged,9.519,2026-03-06T12:58:51.970Z
sensor.adaptivecharge_stormbreaker_energy_charged,9.527,2026-03-06T12:59:01.972Z
sensor.adaptivecharge_stormbreaker_energy_charged,9.535,2026-03-06T12:59:11.974Z
sensor.adaptivecharge_stormbreaker_energy_charged,9.543,2026-03-06T12:59:21.972Z
sensor.adaptivecharge_stormbreaker_energy_charged,9.551,2026-03-06T12:59:31.974Z
sensor.adaptivecharge_stormbreaker_energy_charged,9.559,2026-03-06T12:59:41.977Z
sensor.adaptivecharge_stormbreaker_energy_charged,9.567,2026-03-06T12:59:51.977Z
sensor.adaptivecharge_stormbreaker_energy_charged,9.575,2026-03-06T13:00:01.978Z
sensor.adaptivecharge_stormbreaker_energy_charged,9.582,2026-03-06T13:00:11.979Z
sensor.adaptivecharge_stormbreaker_energy_charged,9.59,2026-03-06T13:00:21.979Z
sensor.adaptivecharge_stormbreaker_energy_charged,9.598,2026-03-06T13:00:31.980Z
sensor.adaptivecharge_stormbreaker_energy_charged,9.606,2026-03-06T13:00:41.982Z
sensor.adaptivecharge_stormbreaker_energy_charged,9.614,2026-03-06T13:00:51.984Z
sensor.adaptivecharge_stormbreaker_energy_charged,9.622,2026-03-06T13:01:01.985Z
sensor.adaptivecharge_stormbreaker_energy_charged,9.63,2026-03-06T13:01:11.985Z
sensor.adaptivecharge_stormbreaker_energy_charged,9.638,2026-03-06T13:01:21.985Z
sensor.adaptivecharge_stormbreaker_energy_charged,9.645,2026-03-06T13:01:31.987Z
sensor.adaptivecharge_stormbreaker_energy_charged,9.653,2026-03-06T13:01:41.987Z
sensor.adaptivecharge_stormbreaker_energy_charged,9.661,2026-03-06T13:01:51.987Z
sensor.adaptivecharge_stormbreaker_energy_charged,9.669,2026-03-06T13:02:01.987Z
sensor.adaptivecharge_stormbreaker_energy_charged,9.677,2026-03-06T13:02:11.988Z
sensor.adaptivecharge_stormbreaker_energy_charged,9.685,2026-03-06T13:02:21.989Z
sensor.adaptivecharge_stormbreaker_energy_charged,9.693,2026-03-06T13:02:31.991Z
sensor.adaptivecharge_stormbreaker_energy_charged,9.701,2026-03-06T13:02:41.992Z
sensor.adaptivecharge_stormbreaker_energy_charged,9.709,2026-03-06T13:02:51.993Z
sensor.adaptivecharge_stormbreaker_energy_charged,9.716,2026-03-06T13:03:01.994Z
sensor.adaptivecharge_stormbreaker_energy_charged,9.724,2026-03-06T13:03:11.995Z
sensor.adaptivecharge_stormbreaker_energy_charged,9.732,2026-03-06T13:03:21.996Z
sensor.adaptivecharge_stormbreaker_energy_charged,9.74,2026-03-06T13:03:31.997Z
sensor.adaptivecharge_stormbreaker_energy_charged,9.748,2026-03-06T13:03:42.001Z
sensor.adaptivecharge_stormbreaker_energy_charged,9.756,2026-03-06T13:03:52.000Z
sensor.adaptivecharge_stormbreaker_energy_charged,9.764,2026-03-06T13:04:02.002Z
sensor.adaptivecharge_stormbreaker_energy_charged,9.772,2026-03-06T13:04:12.003Z
sensor.adaptivecharge_stormbreaker_energy_charged,9.779,2026-03-06T13:04:22.004Z
sensor.adaptivecharge_stormbreaker_energy_charged,9.787,2026-03-06T13:04:32.005Z
sensor.adaptivecharge_stormbreaker_energy_charged,9.795,2026-03-06T13:04:42.005Z
sensor.adaptivecharge_stormbreaker_energy_charged,9.803,2026-03-06T13:04:52.006Z
sensor.adaptivecharge_stormbreaker_energy_charged,9.811,2026-03-06T13:05:02.006Z
sensor.adaptivecharge_stormbreaker_energy_charged,9.819,2026-03-06T13:05:12.008Z
sensor.adaptivecharge_stormbreaker_energy_charged,9.827,2026-03-06T13:05:22.007Z
sensor.adaptivecharge_stormbreaker_energy_charged,9.835,2026-03-06T13:05:32.009Z
sensor.adaptivecharge_stormbreaker_energy_charged,9.842,2026-03-06T13:05:42.010Z
sensor.adaptivecharge_stormbreaker_energy_charged,9.85,2026-03-06T13:05:52.011Z
sensor.adaptivecharge_stormbreaker_energy_charged,9.858,2026-03-06T13:06:02.012Z
sensor.adaptivecharge_stormbreaker_energy_charged,9.866,2026-03-06T13:06:12.014Z
sensor.adaptivecharge_stormbreaker_energy_charged,9.874,2026-03-06T13:06:22.015Z
sensor.adaptivecharge_stormbreaker_energy_charged,9.882,2026-03-06T13:06:32.013Z
sensor.adaptivecharge_stormbreaker_energy_charged,9.89,2026-03-06T13:06:42.016Z
sensor.adaptivecharge_stormbreaker_energy_charged,9.898,2026-03-06T13:06:52.017Z
sensor.adaptivecharge_stormbreaker_energy_charged,9.906,2026-03-06T13:07:02.017Z
sensor.adaptivecharge_stormbreaker_energy_charged,9.913,2026-03-06T13:07:12.018Z
sensor.adaptivecharge_stormbreaker_energy_charged,9.921,2026-03-06T13:07:22.015Z
sensor.adaptivecharge_stormbreaker_energy_charged,9.929,2026-03-06T13:07:32.019Z
sensor.adaptivecharge_stormbreaker_energy_charged,9.937,2026-03-06T13:07:42.020Z
sensor.adaptivecharge_stormbreaker_energy_charged,9.945,2026-03-06T13:07:52.020Z
sensor.adaptivecharge_stormbreaker_energy_charged,9.953,2026-03-06T13:08:02.023Z
sensor.adaptivecharge_stormbreaker_energy_charged,9.961,2026-03-06T13:08:12.024Z
sensor.adaptivecharge_stormbreaker_energy_charged,9.969,2026-03-06T13:08:22.025Z
sensor.adaptivecharge_stormbreaker_energy_charged,9.977,2026-03-06T13:08:32.027Z
sensor.adaptivecharge_stormbreaker_energy_charged,9.984,2026-03-06T13:08:42.028Z
sensor.adaptivecharge_stormbreaker_energy_charged,9.992,2026-03-06T13:08:52.029Z
sensor.adaptivecharge_stormbreaker_energy_charged,10.0,2026-03-06T13:09:02.029Z
sensor.adaptivecharge_stormbreaker_energy_charged,10.008,2026-03-06T13:09:12.031Z
sensor.adaptivecharge_stormbreaker_energy_charged,10.016,2026-03-06T13:09:22.032Z
sensor.adaptivecharge_stormbreaker_energy_charged,10.024,2026-03-06T13:09:32.033Z
sensor.adaptivecharge_stormbreaker_energy_charged,10.032,2026-03-06T13:09:42.034Z
sensor.adaptivecharge_stormbreaker_energy_charged,10.04,2026-03-06T13:09:52.036Z
sensor.adaptivecharge_stormbreaker_energy_charged,10.047,2026-03-06T13:10:02.036Z
sensor.adaptivecharge_stormbreaker_energy_charged,10.055,2026-03-06T13:10:12.037Z
sensor.adaptivecharge_stormbreaker_energy_charged,10.063,2026-03-06T13:10:22.039Z
sensor.adaptivecharge_stormbreaker_energy_charged,10.071,2026-03-06T13:10:32.039Z
sensor.adaptivecharge_stormbreaker_energy_charged,10.079,2026-03-06T13:10:42.040Z
sensor.adaptivecharge_stormbreaker_energy_charged,10.087,2026-03-06T13:10:52.040Z
sensor.adaptivecharge_stormbreaker_energy_charged,10.095,2026-03-06T13:11:02.042Z
sensor.adaptivecharge_stormbreaker_energy_charged,10.103,2026-03-06T13:11:12.042Z
sensor.adaptivecharge_stormbreaker_energy_charged,10.111,2026-03-06T13:11:22.043Z
sensor.adaptivecharge_stormbreaker_energy_charged,10.118,2026-03-06T13:11:32.044Z
sensor.adaptivecharge_stormbreaker_energy_charged,10.126,2026-03-06T13:11:42.048Z
sensor.adaptivecharge_stormbreaker_energy_charged,10.134,2026-03-06T13:11:52.050Z
sensor.adaptivecharge_stormbreaker_energy_charged,10.142,2026-03-06T13:12:02.052Z
sensor.adaptivecharge_stormbreaker_energy_charged,10.15,2026-03-06T13:12:12.054Z
sensor.adaptivecharge_stormbreaker_energy_charged,10.158,2026-03-06T13:12:22.055Z
sensor.adaptivecharge_stormbreaker_energy_charged,10.166,2026-03-06T13:12:32.055Z
sensor.adaptivecharge_stormbreaker_energy_charged,10.174,2026-03-06T13:12:42.057Z
sensor.adaptivecharge_stormbreaker_energy_charged,10.182,2026-03-06T13:12:52.057Z
sensor.adaptivecharge_stormbreaker_energy_charged,10.189,2026-03-06T13:13:02.058Z
sensor.adaptivecharge_stormbreaker_energy_charged,10.197,2026-03-06T13:13:12.058Z
sensor.adaptivecharge_stormbreaker_energy_charged,10.205,2026-03-06T13:13:22.060Z
sensor.adaptivecharge_stormbreaker_energy_charged,10.213,2026-03-06T13:13:32.061Z
sensor.adaptivecharge_stormbreaker_energy_charged,10.221,2026-03-06T13:13:42.062Z
sensor.adaptivecharge_stormbreaker_energy_charged,10.229,2026-03-06T13:13:52.064Z
sensor.adaptivecharge_stormbreaker_energy_charged,10.237,2026-03-06T13:14:02.065Z
sensor.adaptivecharge_stormbreaker_energy_charged,10.245,2026-03-06T13:14:12.067Z
sensor.adaptivecharge_stormbreaker_energy_charged,10.253,2026-03-06T13:14:22.068Z
sensor.adaptivecharge_stormbreaker_energy_charged,10.26,2026-03-06T13:14:32.069Z
sensor.adaptivecharge_stormbreaker_energy_charged,10.268,2026-03-06T13:14:42.070Z
sensor.adaptivecharge_stormbreaker_energy_charged,10.276,2026-03-06T13:14:52.070Z
sensor.adaptivecharge_stormbreaker_energy_charged,10.284,2026-03-06T13:15:02.072Z
sensor.adaptivecharge_stormbreaker_energy_charged,10.292,2026-03-06T13:15:12.073Z
sensor.adaptivecharge_stormbreaker_energy_charged,10.3,2026-03-06T13:15:22.074Z
sensor.adaptivecharge_stormbreaker_energy_charged,10.308,2026-03-06T13:15:32.076Z
sensor.adaptivecharge_stormbreaker_energy_charged,10.316,2026-03-06T13:15:42.078Z
sensor.adaptivecharge_stormbreaker_energy_charged,10.323,2026-03-06T13:15:52.080Z
sensor.adaptivecharge_stormbreaker_energy_charged,10.331,2026-03-06T13:16:02.081Z
sensor.adaptivecharge_stormbreaker_energy_charged,10.339,2026-03-06T13:16:12.081Z
sensor.adaptivecharge_stormbreaker_energy_charged,10.347,2026-03-06T13:16:22.082Z
sensor.adaptivecharge_stormbreaker_energy_charged,10.355,2026-03-06T13:16:32.082Z
sensor.adaptivecharge_stormbreaker_energy_charged,10.363,2026-03-06T13:16:42.084Z
sensor.adaptivecharge_stormbreaker_energy_charged,10.371,2026-03-06T13:16:52.085Z
sensor.adaptivecharge_stormbreaker_energy_charged,10.379,2026-03-06T13:17:02.085Z
sensor.adaptivecharge_stormbreaker_energy_charged,10.387,2026-03-06T13:17:12.086Z
sensor.adaptivecharge_stormbreaker_energy_charged,10.394,2026-03-06T13:17:22.087Z
sensor.adaptivecharge_stormbreaker_energy_charged,10.402,2026-03-06T13:17:32.088Z
sensor.adaptivecharge_stormbreaker_energy_charged,10.41,2026-03-06T13:17:42.089Z
sensor.adaptivecharge_stormbreaker_energy_charged,10.418,2026-03-06T13:17:52.090Z
sensor.adaptivecharge_stormbreaker_energy_charged,10.426,2026-03-06T13:18:02.090Z
sensor.adaptivecharge_stormbreaker_energy_charged,10.434,2026-03-06T13:18:12.092Z
sensor.adaptivecharge_stormbreaker_energy_charged,10.442,2026-03-06T13:18:22.092Z
sensor.adaptivecharge_stormbreaker_energy_charged,10.45,2026-03-06T13:18:32.093Z
sensor.adaptivecharge_stormbreaker_energy_charged,10.458,2026-03-06T13:18:42.092Z
sensor.adaptivecharge_stormbreaker_energy_charged,10.466,2026-03-06T13:18:52.094Z
sensor.adaptivecharge_stormbreaker_energy_charged,10.473,2026-03-06T13:19:02.093Z
sensor.adaptivecharge_stormbreaker_energy_charged,10.481,2026-03-06T13:19:12.097Z
sensor.adaptivecharge_stormbreaker_energy_charged,10.489,2026-03-06T13:19:22.100Z
sensor.adaptivecharge_stormbreaker_energy_charged,10.497,2026-03-06T13:19:32.101Z
sensor.adaptivecharge_stormbreaker_energy_charged,10.505,2026-03-06T13:19:42.102Z
sensor.adaptivecharge_stormbreaker_energy_charged,10.513,2026-03-06T13:19:52.103Z
sensor.adaptivecharge_stormbreaker_energy_charged,10.521,2026-03-06T13:20:02.104Z
sensor.adaptivecharge_stormbreaker_energy_charged,10.529,2026-03-06T13:20:12.105Z
sensor.adaptivecharge_stormbreaker_energy_charged,10.537,2026-03-06T13:20:22.108Z
sensor.adaptivecharge_stormbreaker_energy_charged,10.544,2026-03-06T13:20:32.111Z
sensor.adaptivecharge_stormbreaker_energy_charged,10.552,2026-03-06T13:20:42.111Z
sensor.adaptivecharge_stormbreaker_energy_charged,10.56,2026-03-06T13:20:52.112Z
sensor.adaptivecharge_stormbreaker_energy_charged,10.568,2026-03-06T13:21:02.112Z
sensor.adaptivecharge_stormbreaker_energy_charged,10.576,2026-03-06T13:21:12.113Z
sensor.adaptivecharge_stormbreaker_energy_charged,10.584,2026-03-06T13:21:22.114Z
sensor.adaptivecharge_stormbreaker_energy_charged,10.592,2026-03-06T13:21:32.115Z
sensor.adaptivecharge_stormbreaker_energy_charged,10.6,2026-03-06T13:21:42.124Z
sensor.adaptivecharge_stormbreaker_energy_charged,10.61,2026-03-06T13:21:52.126Z
sensor.adaptivecharge_stormbreaker_energy_charged,10.62,2026-03-06T13:22:02.126Z
sensor.adaptivecharge_stormbreaker_energy_charged,10.63,2026-03-06T13:22:12.126Z
sensor.adaptivecharge_stormbreaker_energy_charged,10.64,2026-03-06T13:22:22.128Z
sensor.adaptivecharge_stormbreaker_energy_charged,10.649,2026-03-06T13:22:32.131Z
sensor.adaptivecharge_stormbreaker_energy_charged,10.659,2026-03-06T13:22:42.131Z
sensor.adaptivecharge_stormbreaker_energy_charged,10.669,2026-03-06T13:22:52.130Z
sensor.adaptivecharge_stormbreaker_energy_charged,10.679,2026-03-06T13:23:02.132Z
sensor.adaptivecharge_stormbreaker_energy_charged,10.689,2026-03-06T13:23:12.133Z
sensor.adaptivecharge_stormbreaker_energy_charged,10.699,2026-03-06T13:23:27.524Z
sensor.adaptivecharge_stormbreaker_energy_charged,10.705,2026-03-06T13:23:32.135Z
sensor.adaptivecharge_stormbreaker_energy_charged,10.711,2026-03-06T13:23:42.136Z
sensor.adaptivecharge_stormbreaker_energy_charged,10.717,2026-03-06T13:23:52.286Z
sensor.adaptivecharge_stormbreaker_energy_charged,10.723,2026-03-06T13:24:02.137Z
sensor.adaptivecharge_stormbreaker_energy_charged,10.729,2026-03-06T13:24:12.137Z
sensor.adaptivecharge_stormbreaker_energy_charged,10.735,2026-03-06T13:24:28.693Z
sensor.adaptivecharge_stormbreaker_energy_charged,10.737,2026-03-06T13:24:32.139Z
sensor.adaptivecharge_stormbreaker_energy_charged,10.739,2026-03-06T13:24:42.138Z
sensor.adaptivecharge_stormbreaker_energy_charged,10.741,2026-03-06T13:24:52.291Z
sensor.adaptivecharge_stormbreaker_energy_charged,10.743,2026-03-06T13:25:02.141Z
sensor.adaptivecharge_stormbreaker_energy_charged,10.745,2026-03-06T13:25:12.142Z
sensor.adaptivecharge_stormbreaker_energy_charged,10.747,2026-03-06T13:25:22.143Z
sensor.adaptivecharge_stormbreaker_energy_charged,10.749,2026-03-06T13:25:32.143Z
sensor.adaptivecharge_stormbreaker_energy_charged,10.751,2026-03-06T13:25:48.826Z
sensor.adaptivecharge_stormbreaker_energy_charged,10.757,2026-03-06T13:25:52.147Z
sensor.adaptivecharge_stormbreaker_energy_charged,10.763,2026-03-06T13:26:02.145Z
sensor.adaptivecharge_stormbreaker_energy_charged,10.769,2026-03-06T13:26:12.149Z
sensor.adaptivecharge_stormbreaker_energy_charged,10.775,2026-03-06T13:26:22.150Z
sensor.adaptivecharge_stormbreaker_energy_charged,10.781,2026-03-06T13:26:32.149Z
sensor.adaptivecharge_stormbreaker_energy_charged,10.787,2026-03-06T13:26:42.154Z
sensor.adaptivecharge_stormbreaker_energy_charged,10.793,2026-03-06T13:26:52.157Z
sensor.adaptivecharge_stormbreaker_energy_charged,10.799,2026-03-06T13:27:02.158Z
sensor.adaptivecharge_stormbreaker_energy_charged,10.805,2026-03-06T13:27:12.159Z
sensor.adaptivecharge_stormbreaker_energy_charged,10.811,2026-03-06T13:27:22.160Z
sensor.adaptivecharge_stormbreaker_energy_charged,10.817,2026-03-06T13:27:32.161Z
sensor.adaptivecharge_stormbreaker_energy_charged,10.823,2026-03-06T13:27:42.162Z
sensor.adaptivecharge_stormbreaker_energy_charged,10.829,2026-03-06T13:27:52.164Z
sensor.adaptivecharge_stormbreaker_energy_charged,10.835,2026-03-06T13:28:02.164Z
sensor.adaptivecharge_stormbreaker_energy_charged,10.841,2026-03-06T13:28:12.164Z
sensor.adaptivecharge_stormbreaker_energy_charged,10.847,2026-03-06T13:28:22.165Z
sensor.adaptivecharge_stormbreaker_energy_charged,10.852,2026-03-06T13:28:32.165Z
sensor.adaptivecharge_stormbreaker_energy_charged,10.858,2026-03-06T13:28:42.167Z
sensor.adaptivecharge_stormbreaker_energy_charged,10.864,2026-03-06T13:28:52.168Z
sensor.adaptivecharge_stormbreaker_energy_charged,10.87,2026-03-06T13:29:02.168Z
sensor.adaptivecharge_stormbreaker_energy_charged,10.876,2026-03-06T13:29:12.170Z
sensor.adaptivecharge_stormbreaker_energy_charged,10.882,2026-03-06T13:29:22.171Z
sensor.adaptivecharge_stormbreaker_energy_charged,10.888,2026-03-06T13:29:32.173Z
sensor.adaptivecharge_stormbreaker_energy_charged,10.894,2026-03-06T13:29:42.175Z
sensor.adaptivecharge_stormbreaker_energy_charged,10.9,2026-03-06T13:29:52.175Z
sensor.adaptivecharge_stormbreaker_energy_charged,10.906,2026-03-06T13:30:02.177Z
sensor.adaptivecharge_stormbreaker_energy_charged,10.912,2026-03-06T13:30:12.178Z
sensor.adaptivecharge_stormbreaker_energy_charged,10.918,2026-03-06T13:30:22.179Z
sensor.adaptivecharge_stormbreaker_energy_charged,10.924,2026-03-06T13:30:32.180Z
sensor.adaptivecharge_stormbreaker_energy_charged,10.93,2026-03-06T13:30:42.179Z
sensor.adaptivecharge_stormbreaker_energy_charged,10.936,2026-03-06T13:30:52.182Z
sensor.adaptivecharge_stormbreaker_energy_charged,10.942,2026-03-06T13:31:02.183Z
sensor.adaptivecharge_stormbreaker_energy_charged,10.947,2026-03-06T13:31:12.185Z
sensor.adaptivecharge_stormbreaker_energy_charged,10.953,2026-03-06T13:31:22.185Z
sensor.adaptivecharge_stormbreaker_energy_charged,10.959,2026-03-06T13:31:32.186Z
sensor.adaptivecharge_stormbreaker_energy_charged,10.965,2026-03-06T13:31:42.187Z
sensor.adaptivecharge_stormbreaker_energy_charged,10.971,2026-03-06T13:31:52.187Z
sensor.adaptivecharge_stormbreaker_energy_charged,10.977,2026-03-06T13:32:02.188Z
sensor.adaptivecharge_stormbreaker_energy_charged,10.983,2026-03-06T13:32:12.189Z
sensor.adaptivecharge_stormbreaker_energy_charged,10.989,2026-03-06T13:32:22.189Z
sensor.adaptivecharge_stormbreaker_energy_charged,10.995,2026-03-06T13:32:32.190Z
sensor.adaptivecharge_stormbreaker_energy_charged,11.001,2026-03-06T13:32:42.192Z
sensor.adaptivecharge_stormbreaker_energy_charged,11.007,2026-03-06T13:32:52.192Z
sensor.adaptivecharge_stormbreaker_energy_charged,11.013,2026-03-06T13:33:02.193Z
sensor.adaptivecharge_stormbreaker_energy_charged,11.019,2026-03-06T13:33:12.195Z
sensor.adaptivecharge_stormbreaker_energy_charged,11.025,2026-03-06T13:33:22.196Z
sensor.adaptivecharge_stormbreaker_energy_charged,11.031,2026-03-06T13:33:32.197Z
sensor.adaptivecharge_stormbreaker_energy_charged,11.037,2026-03-06T13:33:42.198Z
sensor.adaptivecharge_stormbreaker_energy_charged,11.043,2026-03-06T13:33:52.197Z
sensor.adaptivecharge_stormbreaker_energy_charged,11.048,2026-03-06T13:34:02.198Z
sensor.adaptivecharge_stormbreaker_energy_charged,11.054,2026-03-06T13:34:12.202Z
sensor.adaptivecharge_stormbreaker_energy_charged,11.06,2026-03-06T13:34:22.202Z
sensor.adaptivecharge_stormbreaker_energy_charged,11.066,2026-03-06T13:34:32.203Z
sensor.adaptivecharge_stormbreaker_battery_energy_delta,4.0,2026-03-06T12:34:32.981Z
sensor.adaptivecharge_stormbreaker_battery_energy_delta,4.14,2026-03-06T12:34:41.817Z
sensor.adaptivecharge_stormbreaker_battery_energy_delta,4.12,2026-03-06T12:35:41.822Z
sensor.adaptivecharge_stormbreaker_battery_energy_delta,4.26,2026-03-06T12:38:41.840Z
sensor.adaptivecharge_stormbreaker_battery_energy_delta,4.38,2026-03-06T12:40:41.850Z
sensor.adaptivecharge_stormbreaker_battery_energy_delta,4.5,2026-03-06T12:44:01.870Z
sensor.adaptivecharge_stormbreaker_battery_energy_delta,4.64,2026-03-06T12:47:11.891Z
sensor.adaptivecharge_stormbreaker_battery_energy_delta,4.62,2026-03-06T12:48:11.895Z
sensor.adaptivecharge_stormbreaker_battery_energy_delta,4.64,2026-03-06T12:49:11.906Z
sensor.adaptivecharge_stormbreaker_battery_energy_delta,4.76,2026-03-06T12:51:11.923Z
sensor.adaptivecharge_stormbreaker_battery_energy_delta,4.88,2026-03-06T12:53:41.942Z
sensor.adaptivecharge_stormbreaker_battery_energy_delta,5.0,2026-03-06T12:56:41.958Z
sensor.adaptivecharge_stormbreaker_battery_energy_delta,5.14,2026-03-06T12:59:41.977Z
sensor.adaptivecharge_stormbreaker_battery_energy_delta,5.12,2026-03-06T13:00:41.983Z
sensor.adaptivecharge_stormbreaker_battery_energy_delta,5.14,2026-03-06T13:02:41.993Z
sensor.adaptivecharge_stormbreaker_battery_energy_delta,5.26,2026-03-06T13:03:42.001Z
sensor.adaptivecharge_stormbreaker_battery_energy_delta,5.38,2026-03-06T13:06:02.013Z
sensor.adaptivecharge_stormbreaker_battery_energy_delta,5.5,2026-03-06T13:09:12.032Z
sensor.adaptivecharge_stormbreaker_battery_energy_delta,5.64,2026-03-06T13:12:32.056Z
sensor.adaptivecharge_stormbreaker_battery_energy_delta,5.62,2026-03-06T13:13:32.062Z
sensor.adaptivecharge_stormbreaker_battery_energy_delta,5.64,2026-03-06T13:15:32.077Z
sensor.adaptivecharge_stormbreaker_battery_energy_delta,5.76,2026-03-06T13:16:32.083Z
sensor.adaptivecharge_stormbreaker_battery_energy_delta,5.88,2026-03-06T13:18:42.093Z
sensor.adaptivecharge_stormbreaker_battery_energy_delta,6.0,2026-03-06T13:21:52.127Z
sensor.adaptivecharge_stormbreaker_battery_energy_delta,6.14,2026-03-06T13:25:12.143Z
sensor.adaptivecharge_stormbreaker_battery_energy_delta,6.12,2026-03-06T13:27:12.160Z
sensor.adaptivecharge_stormbreaker_battery_energy_delta,6.14,2026-03-06T13:28:12.165Z
sensor.adaptivecharge_stormbreaker_battery_energy_delta,6.12,2026-03-06T13:29:12.171Z
sensor.adaptivecharge_stormbreaker_battery_energy_delta,6.26,2026-03-06T13:31:12.186Z
sensor.adaptivecharge_stormbreaker_energy_charged_daily,8.848,2026-03-06T12:34:32.981Z
sensor.adaptivecharge_stormbreaker_energy_charged_daily,8.856,2026-03-06T12:34:41.817Z
sensor.adaptivecharge_stormbreaker_energy_charged_daily,8.863,2026-03-06T12:34:51.818Z
sensor.adaptivecharge_stormbreaker_energy_charged_daily,8.871,2026-03-06T12:35:01.818Z
sensor.adaptivecharge_stormbreaker_energy_charged_daily,8.879,2026-03-06T12:35:11.819Z
sensor.adaptivecharge_stormbreaker_energy_charged_daily,8.887,2026-03-06T12:35:21.819Z
sensor.adaptivecharge_stormbreaker_energy_charged_daily,8.895,2026-03-06T12:35:31.821Z
sensor.adaptivecharge_stormbreaker_energy_charged_daily,8.903,2026-03-06T12:35:41.822Z
sensor.adaptivecharge_stormbreaker_energy_charged_daily,8.911,2026-03-06T12:35:51.823Z
sensor.adaptivecharge_stormbreaker_energy_charged_daily,8.919,2026-03-06T12:36:01.823Z
sensor.adaptivecharge_stormbreaker_energy_charged_daily,8.927,2026-03-06T12:36:11.821Z
sensor.adaptivecharge_stormbreaker_energy_charged_daily,8.934,2026-03-06T12:36:21.826Z
sensor.adaptivecharge_stormbreaker_energy_charged_daily,8.942,2026-03-06T12:36:31.827Z
sensor.adaptivecharge_stormbreaker_energy_charged_daily,8.950,2026-03-06T12:36:41.828Z
sensor.adaptivecharge_stormbreaker_energy_charged_daily,8.958,2026-03-06T12:36:51.830Z
sensor.adaptivecharge_stormbreaker_energy_charged_daily,8.966,2026-03-06T12:37:01.829Z
sensor.adaptivecharge_stormbreaker_energy_charged_daily,8.974,2026-03-06T12:37:11.830Z
sensor.adaptivecharge_stormbreaker_energy_charged_daily,8.982,2026-03-06T12:37:21.832Z
sensor.adaptivecharge_stormbreaker_energy_charged_daily,8.990,2026-03-06T12:37:31.834Z
sensor.adaptivecharge_stormbreaker_energy_charged_daily,8.998,2026-03-06T12:37:41.835Z
sensor.adaptivecharge_stormbreaker_energy_charged_daily,9.005,2026-03-06T12:37:51.837Z
sensor.adaptivecharge_stormbreaker_energy_charged_daily,9.013,2026-03-06T12:38:01.837Z
sensor.adaptivecharge_stormbreaker_energy_charged_daily,9.021,2026-03-06T12:38:11.836Z
sensor.adaptivecharge_stormbreaker_energy_charged_daily,9.029,2026-03-06T12:38:21.840Z
sensor.adaptivecharge_stormbreaker_energy_charged_daily,9.037,2026-03-06T12:38:31.841Z
sensor.adaptivecharge_stormbreaker_energy_charged_daily,9.045,2026-03-06T12:38:41.841Z
sensor.adaptivecharge_stormbreaker_energy_charged_daily,9.053,2026-03-06T12:38:51.841Z
sensor.adaptivecharge_stormbreaker_energy_charged_daily,9.061,2026-03-06T12:39:01.841Z
sensor.adaptivecharge_stormbreaker_energy_charged_daily,9.069,2026-03-06T12:39:11.842Z
sensor.adaptivecharge_stormbreaker_energy_charged_daily,9.077,2026-03-06T12:39:21.843Z
sensor.adaptivecharge_stormbreaker_energy_charged_daily,9.084,2026-03-06T12:39:31.844Z
sensor.adaptivecharge_stormbreaker_energy_charged_daily,9.092,2026-03-06T12:39:41.845Z
sensor.adaptivecharge_stormbreaker_energy_charged_daily,9.100,2026-03-06T12:39:51.846Z
sensor.adaptivecharge_stormbreaker_energy_charged_daily,9.108,2026-03-06T12:40:01.848Z
sensor.adaptivecharge_stormbreaker_energy_charged_daily,9.116,2026-03-06T12:40:11.848Z
sensor.adaptivecharge_stormbreaker_energy_charged_daily,9.124,2026-03-06T12:40:21.849Z
sensor.adaptivecharge_stormbreaker_energy_charged_daily,9.132,2026-03-06T12:40:31.849Z
sensor.adaptivecharge_stormbreaker_energy_charged_daily,9.140,2026-03-06T12:40:41.850Z
sensor.adaptivecharge_stormbreaker_energy_charged_daily,9.148,2026-03-06T12:40:51.851Z
sensor.adaptivecharge_stormbreaker_energy_charged_daily,9.155,2026-03-06T12:41:01.853Z
sensor.adaptivecharge_stormbreaker_energy_charged_daily,9.163,2026-03-06T12:41:11.855Z
sensor.adaptivecharge_stormbreaker_energy_charged_daily,9.171,2026-03-06T12:41:21.856Z
sensor.adaptivecharge_stormbreaker_energy_charged_daily,9.179,2026-03-06T12:41:31.856Z
sensor.adaptivecharge_stormbreaker_energy_charged_daily,9.187,2026-03-06T12:41:41.857Z
sensor.adaptivecharge_stormbreaker_energy_charged_daily,9.195,2026-03-06T12:41:51.858Z
sensor.adaptivecharge_stormbreaker_energy_charged_daily,9.203,2026-03-06T12:42:01.859Z
sensor.adaptivecharge_stormbreaker_energy_charged_daily,9.211,2026-03-06T12:42:11.861Z
sensor.adaptivecharge_stormbreaker_energy_charged_daily,9.219,2026-03-06T12:42:21.861Z
sensor.adaptivecharge_stormbreaker_energy_charged_daily,9.226,2026-03-06T12:42:31.863Z
sensor.adaptivecharge_stormbreaker_energy_charged_daily,9.234,2026-03-06T12:42:41.864Z
sensor.adaptivecharge_stormbreaker_energy_charged_daily,9.242,2026-03-06T12:42:51.865Z
sensor.adaptivecharge_stormbreaker_energy_charged_daily,9.250,2026-03-06T12:43:01.865Z
sensor.adaptivecharge_stormbreaker_energy_charged_daily,9.258,2026-03-06T12:43:11.866Z
sensor.adaptivecharge_stormbreaker_energy_charged_daily,9.266,2026-03-06T12:43:21.867Z
sensor.adaptivecharge_stormbreaker_energy_charged_daily,9.274,2026-03-06T12:43:31.868Z
sensor.adaptivecharge_stormbreaker_energy_charged_daily,9.282,2026-03-06T12:43:41.868Z
sensor.adaptivecharge_stormbreaker_energy_charged_daily,9.290,2026-03-06T12:43:51.868Z
sensor.adaptivecharge_stormbreaker_energy_charged_daily,9.298,2026-03-06T12:44:01.871Z
sensor.adaptivecharge_stormbreaker_energy_charged_daily,9.305,2026-03-06T12:44:11.871Z
sensor.adaptivecharge_stormbreaker_energy_charged_daily,9.313,2026-03-06T12:44:21.882Z
sensor.adaptivecharge_stormbreaker_energy_charged_daily,9.321,2026-03-06T12:44:31.877Z
sensor.adaptivecharge_stormbreaker_energy_charged_daily,9.329,2026-03-06T12:44:41.879Z
sensor.adaptivecharge_stormbreaker_energy_charged_daily,9.337,2026-03-06T12:44:51.878Z
sensor.adaptivecharge_stormbreaker_energy_charged_daily,9.345,2026-03-06T12:45:01.879Z
sensor.adaptivecharge_stormbreaker_energy_charged_daily,9.353,2026-03-06T12:45:11.881Z
sensor.adaptivecharge_stormbreaker_energy_charged_daily,9.361,2026-03-06T12:45:21.880Z
sensor.adaptivecharge_stormbreaker_energy_charged_daily,9.368,2026-03-06T12:45:31.884Z
sensor.adaptivecharge_stormbreaker_energy_charged_daily,9.376,2026-03-06T12:45:41.884Z
sensor.adaptivecharge_stormbreaker_energy_charged_daily,9.384,2026-03-06T12:45:51.885Z
sensor.adaptivecharge_stormbreaker_energy_charged_daily,9.392,2026-03-06T12:46:01.886Z
sensor.adaptivecharge_stormbreaker_energy_charged_daily,9.400,2026-03-06T12:46:11.886Z
sensor.adaptivecharge_stormbreaker_energy_charged_daily,9.408,2026-03-06T12:46:21.888Z
sensor.adaptivecharge_stormbreaker_energy_charged_daily,9.416,2026-03-06T12:46:31.888Z
sensor.adaptivecharge_stormbreaker_energy_charged_daily,9.424,2026-03-06T12:46:41.889Z
sensor.adaptivecharge_stormbreaker_energy_charged_daily,9.432,2026-03-06T12:46:51.890Z
sensor.adaptivecharge_stormbreaker_energy_charged_daily,9.440,2026-03-06T12:47:01.891Z
sensor.adaptivecharge_stormbreaker_energy_charged_daily,9.447,2026-03-06T12:47:11.891Z
sensor.adaptivecharge_stormbreaker_energy_charged_daily,9.455,2026-03-06T12:47:21.893Z
sensor.adaptivecharge_stormbreaker_energy_charged_daily,9.463,2026-03-06T12:47:31.892Z
sensor.adaptivecharge_stormbreaker_energy_charged_daily,9.471,2026-03-06T12:47:41.894Z
sensor.adaptivecharge_stormbreaker_energy_charged_daily,9.479,2026-03-06T12:47:51.897Z
sensor.adaptivecharge_stormbreaker_energy_charged_daily,9.487,2026-03-06T12:48:01.895Z
sensor.adaptivecharge_stormbreaker_energy_charged_daily,9.495,2026-03-06T12:48:11.896Z
sensor.adaptivecharge_stormbreaker_energy_charged_daily,9.503,2026-03-06T12:48:21.899Z
sensor.adaptivecharge_stormbreaker_energy_charged_daily,9.511,2026-03-06T12:48:31.900Z
sensor.adaptivecharge_stormbreaker_energy_charged_daily,9.519,2026-03-06T12:48:41.902Z
sensor.adaptivecharge_stormbreaker_energy_charged_daily,9.526,2026-03-06T12:48:51.904Z
sensor.adaptivecharge_stormbreaker_energy_charged_daily,9.534,2026-03-06T12:49:01.904Z
sensor.adaptivecharge_stormbreaker_energy_charged_daily,9.542,2026-03-06T12:49:11.906Z
sensor.adaptivecharge_stormbreaker_energy_charged_daily,9.550,2026-03-06T12:49:21.907Z
sensor.adaptivecharge_stormbreaker_energy_charged_daily,9.558,2026-03-06T12:49:31.907Z
sensor.adaptivecharge_stormbreaker_energy_charged_daily,9.566,2026-03-06T12:49:41.908Z
sensor.adaptivecharge_stormbreaker_energy_charged_daily,9.574,2026-03-06T12:49:51.909Z
sensor.adaptivecharge_stormbreaker_energy_charged_daily,9.582,2026-03-06T12:50:01.912Z
sensor.adaptivecharge_stormbreaker_energy_charged_daily,9.590,2026-03-06T12:50:11.915Z
sensor.adaptivecharge_stormbreaker_energy_charged_daily,9.598,2026-03-06T12:50:21.915Z
sensor.adaptivecharge_stormbreaker_energy_charged_daily,9.606,2026-03-06T12:50:31.917Z
sensor.adaptivecharge_stormbreaker_energy_charged_daily,9.614,2026-03-06T12:50:41.917Z
sensor.adaptivecharge_stormbreaker_energy_charged_daily,9.621,2026-03-06T12:50:51.920Z
sensor.adaptivecharge_stormbreaker_energy_charged_daily,9.629,2026-03-06T12:51:01.922Z
sensor.adaptivecharge_stormbreaker_energy_charged_daily,9.637,2026-03-06T12:51:11.924Z
sensor.adaptivecharge_stormbreaker_energy_charged_daily,9.645,2026-03-06T12:51:21.925Z
sensor.adaptivecharge_stormbreaker_energy_charged_daily,9.653,2026-03-06T12:51:31.929Z
sensor.adaptivecharge_stormbreaker_energy_charged_daily,9.661,2026-03-06T12:51:41.930Z
sensor.adaptivecharge_stormbreaker_energy_charged_daily,9.669,2026-03-06T12:51:51.931Z
sensor.adaptivecharge_stormbreaker_energy_charged_daily,9.677,2026-03-06T12:52:01.932Z
sensor.adaptivecharge_stormbreaker_energy_charged_daily,9.685,2026-03-06T12:52:11.934Z
sensor.adaptivecharge_stormbreaker_energy_charged_daily,9.692,2026-03-06T12:52:21.936Z
sensor.adaptivecharge_stormbreaker_energy_charged_daily,9.700,2026-03-06T12:52:31.937Z
sensor.adaptivecharge_stormbreaker_energy_charged_daily,9.708,2026-03-06T12:52:41.938Z
sensor.adaptivecharge_stormbreaker_energy_charged_daily,9.716,2026-03-06T12:52:51.939Z
sensor.adaptivecharge_stormbreaker_energy_charged_daily,9.724,2026-03-06T12:53:01.940Z
sensor.adaptivecharge_stormbreaker_energy_charged_daily,9.732,2026-03-06T12:53:11.940Z
sensor.adaptivecharge_stormbreaker_energy_charged_daily,9.740,2026-03-06T12:53:21.941Z
sensor.adaptivecharge_stormbreaker_energy_charged_daily,9.748,2026-03-06T12:53:31.940Z
sensor.adaptivecharge_stormbreaker_energy_charged_daily,9.756,2026-03-06T12:53:41.942Z
sensor.adaptivecharge_stormbreaker_energy_charged_daily,9.763,2026-03-06T12:53:51.943Z
sensor.adaptivecharge_stormbreaker_energy_charged_daily,9.771,2026-03-06T12:54:01.943Z
sensor.adaptivecharge_stormbreaker_energy_charged_daily,9.779,2026-03-06T12:54:11.944Z
sensor.adaptivecharge_stormbreaker_energy_charged_daily,9.787,2026-03-06T12:54:21.944Z
sensor.adaptivecharge_stormbreaker_energy_charged_daily,9.795,2026-03-06T12:54:31.946Z
sensor.adaptivecharge_stormbreaker_energy_charged_daily,9.803,2026-03-06T12:54:41.946Z
sensor.adaptivecharge_stormbreaker_energy_charged_daily,9.811,2026-03-06T12:54:51.948Z
sensor.adaptivecharge_stormbreaker_energy_charged_daily,9.819,2026-03-06T12:55:01.947Z
sensor.adaptivecharge_stormbreaker_energy_charged_daily,9.827,2026-03-06T12:55:11.951Z
sensor.adaptivecharge_stormbreaker_energy_charged_daily,9.834,2026-03-06T12:55:21.951Z
sensor.adaptivecharge_stormbreaker_energy_charged_daily,9.842,2026-03-06T12:55:31.953Z
sensor.adaptivecharge_stormbreaker_energy_charged_daily,9.850,2026-03-06T12:55:41.953Z
sensor.adaptivecharge_stormbreaker_energy_charged_daily,9.858,2026-03-06T12:55:51.955Z
sensor.adaptivecharge_stormbreaker_energy_charged_daily,9.866,2026-03-06T12:56:01.956Z
sensor.adaptivecharge_stormbreaker_energy_charged_daily,9.874,2026-03-06T12:56:11.957Z
sensor.adaptivecharge_stormbreaker_energy_charged_daily,9.882,2026-03-06T12:56:21.957Z
sensor.adaptivecharge_stormbreaker_energy_charged_daily,9.890,2026-03-06T12:56:31.959Z
sensor.adaptivecharge_stormbreaker_energy_charged_daily,9.898,2026-03-06T12:56:41.958Z
sensor.adaptivecharge_stormbreaker_energy_charged_daily,9.906,2026-03-06T12:56:51.960Z
sensor.adaptivecharge_stormbreaker_energy_charged_daily,9.913,2026-03-06T12:57:01.961Z
sensor.adaptivecharge_stormbreaker_energy_charged_daily,9.921,2026-03-06T12:57:11.961Z
sensor.adaptivecharge_stormbreaker_energy_charged_daily,9.929,2026-03-06T12:57:21.962Z
sensor.adaptivecharge_stormbreaker_energy_charged_daily,9.937,2026-03-06T12:57:31.963Z
sensor.adaptivecharge_stormbreaker_energy_charged_daily,9.945,2026-03-06T12:57:41.963Z
sensor.adaptivecharge_stormbreaker_energy_charged_daily,9.953,2026-03-06T12:57:51.965Z
sensor.adaptivecharge_stormbreaker_energy_charged_daily,9.961,2026-03-06T12:58:01.967Z
sensor.adaptivecharge_stormbreaker_energy_charged_daily,9.969,2026-03-06T12:58:11.969Z
sensor.adaptivecharge_stormbreaker_energy_charged_daily,9.977,2026-03-06T12:58:21.969Z
sensor.adaptivecharge_stormbreaker_energy_charged_daily,9.984,2026-03-06T12:58:31.970Z
sensor.adaptivecharge_stormbreaker_energy_charged_daily,9.992,2026-03-06T12:58:41.970Z
sensor.adaptivecharge_stormbreaker_energy_charged_daily,10.000,2026-03-06T12:58:51.971Z
sensor.adaptivecharge_stormbreaker_energy_charged_daily,10.008,2026-03-06T12:59:01.973Z
sensor.adaptivecharge_stormbreaker_energy_charged_daily,10.016,2026-03-06T12:59:11.975Z
sensor.adaptivecharge_stormbreaker_energy_charged_daily,10.024,2026-03-06T12:59:21.974Z
sensor.adaptivecharge_stormbreaker_energy_charged_daily,10.032,2026-03-06T12:59:31.976Z
sensor.adaptivecharge_stormbreaker_energy_charged_daily,10.040,2026-03-06T12:59:41.978Z
sensor.adaptivecharge_stormbreaker_energy_charged_daily,10.048,2026-03-06T12:59:51.979Z
sensor.adaptivecharge_stormbreaker_energy_charged_daily,10.056,2026-03-06T13:00:01.980Z
sensor.adaptivecharge_stormbreaker_energy_charged_daily,10.063,2026-03-06T13:00:11.980Z
sensor.adaptivecharge_stormbreaker_energy_charged_daily,10.071,2026-03-06T13:00:21.980Z
sensor.adaptivecharge_stormbreaker_energy_charged_daily,10.079,2026-03-06T13:00:31.982Z
sensor.adaptivecharge_stormbreaker_energy_charged_daily,10.087,2026-03-06T13:00:41.983Z
sensor.adaptivecharge_stormbreaker_energy_charged_daily,10.095,2026-03-06T13:00:51.985Z
sensor.adaptivecharge_stormbreaker_energy_charged_daily,10.103,2026-03-06T13:01:01.986Z
sensor.adaptivecharge_stormbreaker_energy_charged_daily,10.111,2026-03-06T13:01:11.986Z
sensor.adaptivecharge_stormbreaker_energy_charged_daily,10.119,2026-03-06T13:01:21.987Z
sensor.adaptivecharge_stormbreaker_energy_charged_daily,10.126,2026-03-06T13:01:31.988Z
sensor.adaptivecharge_stormbreaker_energy_charged_daily,10.134,2026-03-06T13:01:41.988Z
sensor.adaptivecharge_stormbreaker_energy_charged_daily,10.142,2026-03-06T13:01:51.988Z
sensor.adaptivecharge_stormbreaker_energy_charged_daily,10.150,2026-03-06T13:02:01.989Z
sensor.adaptivecharge_stormbreaker_energy_charged_daily,10.158,2026-03-06T13:02:11.990Z
sensor.adaptivecharge_stormbreaker_energy_charged_daily,10.166,2026-03-06T13:02:21.991Z
sensor.adaptivecharge_stormbreaker_energy_charged_daily,10.174,2026-03-06T13:02:31.992Z
sensor.adaptivecharge_stormbreaker_energy_charged_daily,10.182,2026-03-06T13:02:41.994Z
sensor.adaptivecharge_stormbreaker_energy_charged_daily,10.190,2026-03-06T13:02:51.995Z
sensor.adaptivecharge_stormbreaker_energy_charged_daily,10.197,2026-03-06T13:03:01.996Z
sensor.adaptivecharge_stormbreaker_energy_charged_daily,10.205,2026-03-06T13:03:11.996Z
sensor.adaptivecharge_stormbreaker_energy_charged_daily,10.213,2026-03-06T13:03:21.998Z
sensor.adaptivecharge_stormbreaker_energy_charged_daily,10.221,2026-03-06T13:03:31.998Z
sensor.adaptivecharge_stormbreaker_energy_charged_daily,10.229,2026-03-06T13:03:42.002Z
sensor.adaptivecharge_stormbreaker_energy_charged_daily,10.237,2026-03-06T13:03:52.001Z
sensor.adaptivecharge_stormbreaker_energy_charged_daily,10.245,2026-03-06T13:04:02.003Z
sensor.adaptivecharge_stormbreaker_energy_charged_daily,10.253,2026-03-06T13:04:12.004Z
sensor.adaptivecharge_stormbreaker_energy_charged_daily,10.260,2026-03-06T13:04:22.005Z
sensor.adaptivecharge_stormbreaker_energy_charged_daily,10.268,2026-03-06T13:04:32.005Z
sensor.adaptivecharge_stormbreaker_energy_charged_daily,10.276,2026-03-06T13:04:42.009Z
sensor.adaptivecharge_stormbreaker_energy_charged_daily,10.284,2026-03-06T13:04:52.008Z
sensor.adaptivecharge_stormbreaker_energy_charged_daily,10.292,2026-03-06T13:05:02.007Z
sensor.adaptivecharge_stormbreaker_energy_charged_daily,10.300,2026-03-06T13:05:12.009Z
sensor.adaptivecharge_stormbreaker_energy_charged_daily,10.308,2026-03-06T13:05:22.008Z
sensor.adaptivecharge_stormbreaker_energy_charged_daily,10.316,2026-03-06T13:05:32.011Z
sensor.adaptivecharge_stormbreaker_energy_charged_daily,10.323,2026-03-06T13:05:42.011Z
sensor.adaptivecharge_stormbreaker_energy_charged_daily,10.331,2026-03-06T13:05:52.013Z
sensor.adaptivecharge_stormbreaker_energy_charged_daily,10.339,2026-03-06T13:06:02.014Z
sensor.adaptivecharge_stormbreaker_energy_charged_daily,10.347,2026-03-06T13:06:12.015Z
sensor.adaptivecharge_stormbreaker_energy_charged_daily,10.355,2026-03-06T13:06:22.016Z
sensor.adaptivecharge_stormbreaker_energy_charged_daily,10.363,2026-03-06T13:06:32.014Z
sensor.adaptivecharge_stormbreaker_energy_charged_daily,10.371,2026-03-06T13:06:42.017Z
sensor.adaptivecharge_stormbreaker_energy_charged_daily,10.379,2026-03-06T13:06:52.018Z
sensor.adaptivecharge_stormbreaker_energy_charged_daily,10.387,2026-03-06T13:07:02.019Z
sensor.adaptivecharge_stormbreaker_energy_charged_daily,10.394,2026-03-06T13:07:12.019Z
sensor.adaptivecharge_stormbreaker_energy_charged_daily,10.402,2026-03-06T13:07:22.016Z
sensor.adaptivecharge_stormbreaker_energy_charged_daily,10.410,2026-03-06T13:07:32.021Z
sensor.adaptivecharge_stormbreaker_energy_charged_daily,10.418,2026-03-06T13:07:42.022Z
sensor.adaptivecharge_stormbreaker_energy_charged_daily,10.426,2026-03-06T13:07:52.021Z
sensor.adaptivecharge_stormbreaker_energy_charged_daily,10.434,2026-03-06T13:08:02.024Z
sensor.adaptivecharge_stormbreaker_energy_charged_daily,10.442,2026-03-06T13:08:12.026Z
sensor.adaptivecharge_stormbreaker_energy_charged_daily,10.450,2026-03-06T13:08:22.027Z
sensor.adaptivecharge_stormbreaker_energy_charged_daily,10.458,2026-03-06T13:08:32.028Z
sensor.adaptivecharge_stormbreaker_energy_charged_daily,10.465,2026-03-06T13:08:42.029Z
sensor.adaptivecharge_stormbreaker_energy_charged_daily,10.473,2026-03-06T13:08:52.031Z
sensor.adaptivecharge_stormbreaker_energy_charged_daily,10.481,2026-03-06T13:09:02.030Z
sensor.adaptivecharge_stormbreaker_energy_charged_daily,10.489,2026-03-06T13:09:12.033Z
sensor.adaptivecharge_stormbreaker_energy_charged_daily,10.497,2026-03-06T13:09:22.034Z
sensor.adaptivecharge_stormbreaker_energy_charged_daily,10.505,2026-03-06T13:09:32.035Z
sensor.adaptivecharge_stormbreaker_energy_charged_daily,10.513,2026-03-06T13:09:42.036Z
sensor.adaptivecharge_stormbreaker_energy_charged_daily,10.521,2026-03-06T13:09:52.037Z
sensor.adaptivecharge_stormbreaker_energy_charged_daily,10.528,2026-03-06T13:10:02.038Z
sensor.adaptivecharge_stormbreaker_energy_charged_daily,10.536,2026-03-06T13:10:12.039Z
sensor.adaptivecharge_stormbreaker_energy_charged_daily,10.544,2026-03-06T13:10:22.040Z
sensor.adaptivecharge_stormbreaker_energy_charged_daily,10.552,2026-03-06T13:10:32.041Z
sensor.adaptivecharge_stormbreaker_energy_charged_daily,10.560,2026-03-06T13:10:42.041Z
sensor.adaptivecharge_stormbreaker_energy_charged_daily,10.568,2026-03-06T13:10:52.042Z
sensor.adaptivecharge_stormbreaker_energy_charged_daily,10.576,2026-03-06T13:11:02.043Z
sensor.adaptivecharge_stormbreaker_energy_charged_daily,10.584,2026-03-06T13:11:12.043Z
sensor.adaptivecharge_stormbreaker_energy_charged_daily,10.592,2026-03-06T13:11:22.044Z
sensor.adaptivecharge_stormbreaker_energy_charged_daily,10.599,2026-03-06T13:11:32.046Z
sensor.adaptivecharge_stormbreaker_energy_charged_daily,10.607,2026-03-06T13:11:42.049Z
sensor.adaptivecharge_stormbreaker_energy_charged_daily,10.615,2026-03-06T13:11:52.051Z
sensor.adaptivecharge_stormbreaker_energy_charged_daily,10.623,2026-03-06T13:12:02.061Z
sensor.adaptivecharge_stormbreaker_energy_charged_daily,10.631,2026-03-06T13:12:12.056Z
sensor.adaptivecharge_stormbreaker_energy_charged_daily,10.639,2026-03-06T13:12:22.057Z
sensor.adaptivecharge_stormbreaker_energy_charged_daily,10.647,2026-03-06T13:12:32.057Z
sensor.adaptivecharge_stormbreaker_energy_charged_daily,10.655,2026-03-06T13:12:42.058Z
sensor.adaptivecharge_stormbreaker_energy_charged_daily,10.663,2026-03-06T13:12:52.059Z
sensor.adaptivecharge_stormbreaker_energy_charged_daily,10.670,2026-03-06T13:13:02.059Z
sensor.adaptivecharge_stormbreaker_energy_charged_daily,10.678,2026-03-06T13:13:12.060Z
sensor.adaptivecharge_stormbreaker_energy_charged_daily,10.686,2026-03-06T13:13:22.061Z
sensor.adaptivecharge_stormbreaker_energy_charged_daily,10.694,2026-03-06T13:13:32.062Z
sensor.adaptivecharge_stormbreaker_energy_charged_daily,10.702,2026-03-06T13:13:42.064Z
sensor.adaptivecharge_stormbreaker_energy_charged_daily,10.710,2026-03-06T13:13:52.066Z
sensor.adaptivecharge_stormbreaker_energy_charged_daily,10.718,2026-03-06T13:14:02.066Z
sensor.adaptivecharge_stormbreaker_energy_charged_daily,10.726,2026-03-06T13:14:12.069Z
sensor.adaptivecharge_stormbreaker_energy_charged_daily,10.734,2026-03-06T13:14:22.069Z
sensor.adaptivecharge_stormbreaker_energy_charged_daily,10.741,2026-03-06T13:14:32.071Z
sensor.adaptivecharge_stormbreaker_energy_charged_daily,10.749,2026-03-06T13:14:42.071Z
sensor.adaptivecharge_stormbreaker_energy_charged_daily,10.757,2026-03-06T13:14:52.072Z
sensor.adaptivecharge_stormbreaker_energy_charged_daily,10.765,2026-03-06T13:15:02.074Z
sensor.adaptivecharge_stormbreaker_energy_charged_daily,10.773,2026-03-06T13:15:12.075Z
sensor.adaptivecharge_stormbreaker_energy_charged_daily,10.781,2026-03-06T13:15:22.075Z
sensor.adaptivecharge_stormbreaker_energy_charged_daily,10.789,2026-03-06T13:15:32.078Z
sensor.adaptivecharge_stormbreaker_energy_charged_daily,10.797,2026-03-06T13:15:42.079Z
sensor.adaptivecharge_stormbreaker_energy_charged_daily,10.804,2026-03-06T13:15:52.082Z
sensor.adaptivecharge_stormbreaker_energy_charged_daily,10.812,2026-03-06T13:16:02.082Z
sensor.adaptivecharge_stormbreaker_energy_charged_daily,10.820,2026-03-06T13:16:12.083Z
sensor.adaptivecharge_stormbreaker_energy_charged_daily,10.828,2026-03-06T13:16:22.084Z
sensor.adaptivecharge_stormbreaker_energy_charged_daily,10.836,2026-03-06T13:16:32.084Z
sensor.adaptivecharge_stormbreaker_energy_charged_daily,10.844,2026-03-06T13:16:42.085Z
sensor.adaptivecharge_stormbreaker_energy_charged_daily,10.852,2026-03-06T13:16:52.086Z
sensor.adaptivecharge_stormbreaker_energy_charged_daily,10.860,2026-03-06T13:17:02.087Z
sensor.adaptivecharge_stormbreaker_energy_charged_daily,10.868,2026-03-06T13:17:12.088Z
sensor.adaptivecharge_stormbreaker_energy_charged_daily,10.875,2026-03-06T13:17:22.088Z
sensor.adaptivecharge_stormbreaker_energy_charged_daily,10.883,2026-03-06T13:17:32.090Z
sensor.adaptivecharge_stormbreaker_energy_charged_daily,10.891,2026-03-06T13:17:42.090Z
sensor.adaptivecharge_stormbreaker_energy_charged_daily,10.899,2026-03-06T13:17:52.091Z
sensor.adaptivecharge_stormbreaker_energy_charged_daily,10.907,2026-03-06T13:18:02.092Z
sensor.adaptivecharge_stormbreaker_energy_charged_daily,10.915,2026-03-06T13:18:12.093Z
sensor.adaptivecharge_stormbreaker_energy_charged_daily,10.923,2026-03-06T13:18:22.093Z
sensor.adaptivecharge_stormbreaker_energy_charged_daily,10.931,2026-03-06T13:18:32.094Z
sensor.adaptivecharge_stormbreaker_energy_charged_daily,10.939,2026-03-06T13:18:42.093Z
sensor.adaptivecharge_stormbreaker_energy_charged_daily,10.947,2026-03-06T13:18:52.096Z
sensor.adaptivecharge_stormbreaker_energy_charged_daily,10.954,2026-03-06T13:19:02.095Z
sensor.adaptivecharge_stormbreaker_energy_charged_daily,10.962,2026-03-06T13:19:12.098Z
sensor.adaptivecharge_stormbreaker_energy_charged_daily,10.970,2026-03-06T13:19:22.101Z
sensor.adaptivecharge_stormbreaker_energy_charged_daily,10.978,2026-03-06T13:19:32.103Z
sensor.adaptivecharge_stormbreaker_energy_charged_daily,10.986,2026-03-06T13:19:42.104Z
sensor.adaptivecharge_stormbreaker_energy_charged_daily,10.994,2026-03-06T13:19:52.104Z
sensor.adaptivecharge_stormbreaker_energy_charged_daily,11.002,2026-03-06T13:20:02.106Z
sensor.adaptivecharge_stormbreaker_energy_charged_daily,11.010,2026-03-06T13:20:12.106Z
sensor.adaptivecharge_stormbreaker_energy_charged_daily,11.018,2026-03-06T13:20:22.110Z
sensor.adaptivecharge_stormbreaker_energy_charged_daily,11.025,2026-03-06T13:20:32.113Z
sensor.adaptivecharge_stormbreaker_energy_charged_daily,11.033,2026-03-06T13:20:42.113Z
sensor.adaptivecharge_stormbreaker_energy_charged_daily,11.041,2026-03-06T13:20:52.113Z
sensor.adaptivecharge_stormbreaker_energy_charged_daily,11.049,2026-03-06T13:21:02.113Z
sensor.adaptivecharge_stormbreaker_energy_charged_daily,11.057,2026-03-06T13:21:12.114Z
sensor.adaptivecharge_stormbreaker_energy_charged_daily,11.065,2026-03-06T13:21:22.115Z
sensor.adaptivecharge_stormbreaker_energy_charged_daily,11.073,2026-03-06T13:21:32.117Z
sensor.adaptivecharge_stormbreaker_energy_charged_daily,11.081,2026-03-06T13:21:42.162Z
sensor.adaptivecharge_stormbreaker_energy_charged_daily,11.091,2026-03-06T13:21:52.127Z
sensor.adaptivecharge_stormbreaker_energy_charged_daily,11.101,2026-03-06T13:22:02.127Z
sensor.adaptivecharge_stormbreaker_energy_charged_daily,11.111,2026-03-06T13:22:12.127Z
sensor.adaptivecharge_stormbreaker_energy_charged_daily,11.121,2026-03-06T13:22:22.130Z
sensor.adaptivecharge_stormbreaker_energy_charged_daily,11.130,2026-03-06T13:22:32.132Z
sensor.adaptivecharge_stormbreaker_energy_charged_daily,11.140,2026-03-06T13:22:42.133Z
sensor.adaptivecharge_stormbreaker_energy_charged_daily,11.150,2026-03-06T13:22:52.140Z
sensor.adaptivecharge_stormbreaker_energy_charged_daily,11.160,2026-03-06T13:23:02.133Z
sensor.adaptivecharge_stormbreaker_energy_charged_daily,11.170,2026-03-06T13:23:12.135Z
sensor.adaptivecharge_stormbreaker_energy_charged_daily,11.180,2026-03-06T13:23:27.538Z
sensor.adaptivecharge_stormbreaker_energy_charged_daily,11.186,2026-03-06T13:23:32.137Z
sensor.adaptivecharge_stormbreaker_energy_charged_daily,11.192,2026-03-06T13:23:42.138Z
sensor.adaptivecharge_stormbreaker_energy_charged_daily,11.198,2026-03-06T13:23:52.289Z
sensor.adaptivecharge_stormbreaker_energy_charged_daily,11.204,2026-03-06T13:24:02.138Z
sensor.adaptivecharge_stormbreaker_energy_charged_daily,11.210,2026-03-06T13:24:12.139Z
sensor.adaptivecharge_stormbreaker_energy_charged_daily,11.216,2026-03-06T13:24:28.706Z
sensor.adaptivecharge_stormbreaker_energy_charged_daily,11.218,2026-03-06T13:24:32.140Z
sensor.adaptivecharge_stormbreaker_energy_charged_daily,11.220,2026-03-06T13:24:42.139Z
sensor.adaptivecharge_stormbreaker_energy_charged_daily,11.222,2026-03-06T13:24:52.308Z
sensor.adaptivecharge_stormbreaker_energy_charged_daily,11.224,2026-03-06T13:25:02.142Z
sensor.adaptivecharge_stormbreaker_energy_charged_daily,11.226,2026-03-06T13:25:12.144Z
sensor.adaptivecharge_stormbreaker_energy_charged_daily,11.228,2026-03-06T13:25:22.144Z
sensor.adaptivecharge_stormbreaker_energy_charged_daily,11.230,2026-03-06T13:25:32.144Z
sensor.adaptivecharge_stormbreaker_energy_charged_daily,11.232,2026-03-06T13:25:48.832Z
sensor.adaptivecharge_stormbreaker_energy_charged_daily,11.238,2026-03-06T13:25:52.148Z
sensor.adaptivecharge_stormbreaker_energy_charged_daily,11.244,2026-03-06T13:26:02.145Z
sensor.adaptivecharge_stormbreaker_energy_charged_daily,11.250,2026-03-06T13:26:12.151Z
sensor.adaptivecharge_stormbreaker_energy_charged_daily,11.256,2026-03-06T13:26:22.151Z
sensor.adaptivecharge_stormbreaker_energy_charged_daily,11.262,2026-03-06T13:26:32.150Z
sensor.adaptivecharge_stormbreaker_energy_charged_daily,11.268,2026-03-06T13:26:42.155Z
sensor.adaptivecharge_stormbreaker_energy_charged_daily,11.274,2026-03-06T13:26:52.159Z
sensor.adaptivecharge_stormbreaker_energy_charged_daily,11.280,2026-03-06T13:27:02.159Z
sensor.adaptivecharge_stormbreaker_energy_charged_daily,11.286,2026-03-06T13:27:12.161Z
sensor.adaptivecharge_stormbreaker_energy_charged_daily,11.292,2026-03-06T13:27:22.162Z
sensor.adaptivecharge_stormbreaker_energy_charged_daily,11.298,2026-03-06T13:27:32.163Z
sensor.adaptivecharge_stormbreaker_energy_charged_daily,11.304,2026-03-06T13:27:42.163Z
sensor.adaptivecharge_stormbreaker_energy_charged_daily,11.310,2026-03-06T13:27:52.165Z
sensor.adaptivecharge_stormbreaker_energy_charged_daily,11.316,2026-03-06T13:28:02.166Z
sensor.adaptivecharge_stormbreaker_energy_charged_daily,11.322,2026-03-06T13:28:12.166Z
sensor.adaptivecharge_stormbreaker_energy_charged_daily,11.328,2026-03-06T13:28:22.167Z
sensor.adaptivecharge_stormbreaker_energy_charged_daily,11.333,2026-03-06T13:28:32.166Z
sensor.adaptivecharge_stormbreaker_energy_charged_daily,11.339,2026-03-06T13:28:42.168Z
sensor.adaptivecharge_stormbreaker_energy_charged_daily,11.345,2026-03-06T13:28:52.169Z
sensor.adaptivecharge_stormbreaker_energy_charged_daily,11.351,2026-03-06T13:29:02.169Z
sensor.adaptivecharge_stormbreaker_energy_charged_daily,11.357,2026-03-06T13:29:12.171Z
sensor.adaptivecharge_stormbreaker_energy_charged_daily,11.363,2026-03-06T13:29:22.173Z
sensor.adaptivecharge_stormbreaker_energy_charged_daily,11.369,2026-03-06T13:29:32.174Z
sensor.adaptivecharge_stormbreaker_energy_charged_daily,11.375,2026-03-06T13:29:42.176Z
sensor.adaptivecharge_stormbreaker_energy_charged_daily,11.381,2026-03-06T13:29:52.176Z
sensor.adaptivecharge_stormbreaker_energy_charged_daily,11.387,2026-03-06T13:30:02.178Z
sensor.adaptivecharge_stormbreaker_energy_charged_daily,11.393,2026-03-06T13:30:12.180Z
sensor.adaptivecharge_stormbreaker_energy_charged_daily,11.399,2026-03-06T13:30:22.180Z
sensor.adaptivecharge_stormbreaker_energy_charged_daily,11.405,2026-03-06T13:30:32.181Z
sensor.adaptivecharge_stormbreaker_energy_charged_daily,11.411,2026-03-06T13:30:42.180Z
sensor.adaptivecharge_stormbreaker_energy_charged_daily,11.417,2026-03-06T13:30:52.183Z
sensor.adaptivecharge_stormbreaker_energy_charged_daily,11.423,2026-03-06T13:31:02.186Z
sensor.adaptivecharge_stormbreaker_energy_charged_daily,11.428,2026-03-06T13:31:12.186Z
sensor.adaptivecharge_stormbreaker_energy_charged_daily,11.434,2026-03-06T13:31:22.186Z
sensor.adaptivecharge_stormbreaker_energy_charged_daily,11.440,2026-03-06T13:31:32.187Z
sensor.adaptivecharge_stormbreaker_energy_charged_daily,11.446,2026-03-06T13:31:42.188Z
sensor.adaptivecharge_stormbreaker_energy_charged_daily,11.452,2026-03-06T13:31:52.188Z
sensor.adaptivecharge_stormbreaker_energy_charged_daily,11.458,2026-03-06T13:32:02.190Z
sensor.adaptivecharge_stormbreaker_energy_charged_daily,11.464,2026-03-06T13:32:12.190Z
sensor.adaptivecharge_stormbreaker_energy_charged_daily,11.470,2026-03-06T13:32:22.190Z
sensor.adaptivecharge_stormbreaker_energy_charged_daily,11.476,2026-03-06T13:32:32.191Z
sensor.adaptivecharge_stormbreaker_energy_charged_daily,11.482,2026-03-06T13:32:42.193Z
sensor.adaptivecharge_stormbreaker_energy_charged_daily,11.488,2026-03-06T13:32:52.193Z
sensor.adaptivecharge_stormbreaker_energy_charged_daily,11.494,2026-03-06T13:33:02.194Z
sensor.adaptivecharge_stormbreaker_energy_charged_daily,11.500,2026-03-06T13:33:12.196Z
sensor.adaptivecharge_stormbreaker_energy_charged_daily,11.506,2026-03-06T13:33:22.197Z
sensor.adaptivecharge_stormbreaker_energy_charged_daily,11.512,2026-03-06T13:33:32.198Z
sensor.adaptivecharge_stormbreaker_energy_charged_daily,11.518,2026-03-06T13:33:42.199Z
sensor.adaptivecharge_stormbreaker_energy_charged_daily,11.524,2026-03-06T13:33:52.208Z
sensor.adaptivecharge_stormbreaker_energy_charged_daily,11.529,2026-03-06T13:34:02.199Z
sensor.adaptivecharge_stormbreaker_energy_charged_daily,11.535,2026-03-06T13:34:12.204Z
sensor.adaptivecharge_stormbreaker_energy_charged_daily,11.541,2026-03-06T13:34:22.204Z
sensor.adaptivecharge_stormbreaker_energy_charged_daily,11.547,2026-03-06T13:34:32.205Z
sensor.adaptivecharge_stormbreaker_energy_charged_monthly,8.848,2026-03-06T12:34:32.981Z
sensor.adaptivecharge_stormbreaker_energy_charged_monthly,8.856,2026-03-06T12:34:41.817Z
sensor.adaptivecharge_stormbreaker_energy_charged_monthly,8.863,2026-03-06T12:34:51.818Z
sensor.adaptivecharge_stormbreaker_energy_charged_monthly,8.871,2026-03-06T12:35:01.818Z
sensor.adaptivecharge_stormbreaker_energy_charged_monthly,8.879,2026-03-06T12:35:11.819Z
sensor.adaptivecharge_stormbreaker_energy_charged_monthly,8.887,2026-03-06T12:35:21.819Z
sensor.adaptivecharge_stormbreaker_energy_charged_monthly,8.895,2026-03-06T12:35:31.821Z
sensor.adaptivecharge_stormbreaker_energy_charged_monthly,8.903,2026-03-06T12:35:41.822Z
sensor.adaptivecharge_stormbreaker_energy_charged_monthly,8.911,2026-03-06T12:35:51.823Z
sensor.adaptivecharge_stormbreaker_energy_charged_monthly,8.919,2026-03-06T12:36:01.823Z
sensor.adaptivecharge_stormbreaker_energy_charged_monthly,8.927,2026-03-06T12:36:11.821Z
sensor.adaptivecharge_stormbreaker_energy_charged_monthly,8.934,2026-03-06T12:36:21.826Z
sensor.adaptivecharge_stormbreaker_energy_charged_monthly,8.942,2026-03-06T12:36:31.827Z
sensor.adaptivecharge_stormbreaker_energy_charged_monthly,8.950,2026-03-06T12:36:41.828Z
sensor.adaptivecharge_stormbreaker_energy_charged_monthly,8.958,2026-03-06T12:36:51.830Z
sensor.adaptivecharge_stormbreaker_energy_charged_monthly,8.966,2026-03-06T12:37:01.830Z
sensor.adaptivecharge_stormbreaker_energy_charged_monthly,8.974,2026-03-06T12:37:11.830Z
sensor.adaptivecharge_stormbreaker_energy_charged_monthly,8.982,2026-03-06T12:37:21.832Z
sensor.adaptivecharge_stormbreaker_energy_charged_monthly,8.990,2026-03-06T12:37:31.834Z
sensor.adaptivecharge_stormbreaker_energy_charged_monthly,8.998,2026-03-06T12:37:41.835Z
sensor.adaptivecharge_stormbreaker_energy_charged_monthly,9.005,2026-03-06T12:37:51.837Z
sensor.adaptivecharge_stormbreaker_energy_charged_monthly,9.013,2026-03-06T12:38:01.838Z
sensor.adaptivecharge_stormbreaker_energy_charged_monthly,9.021,2026-03-06T12:38:11.836Z
sensor.adaptivecharge_stormbreaker_energy_charged_monthly,9.029,2026-03-06T12:38:21.840Z
sensor.adaptivecharge_stormbreaker_energy_charged_monthly,9.037,2026-03-06T12:38:31.841Z
sensor.adaptivecharge_stormbreaker_energy_charged_monthly,9.045,2026-03-06T12:38:41.841Z
sensor.adaptivecharge_stormbreaker_energy_charged_monthly,9.053,2026-03-06T12:38:51.841Z
sensor.adaptivecharge_stormbreaker_energy_charged_monthly,9.061,2026-03-06T12:39:01.842Z
sensor.adaptivecharge_stormbreaker_energy_charged_monthly,9.069,2026-03-06T12:39:11.842Z
sensor.adaptivecharge_stormbreaker_energy_charged_monthly,9.077,2026-03-06T12:39:21.843Z
sensor.adaptivecharge_stormbreaker_energy_charged_monthly,9.084,2026-03-06T12:39:31.844Z
sensor.adaptivecharge_stormbreaker_energy_charged_monthly,9.092,2026-03-06T12:39:41.845Z
sensor.adaptivecharge_stormbreaker_energy_charged_monthly,9.100,2026-03-06T12:39:51.846Z
sensor.adaptivecharge_stormbreaker_energy_charged_monthly,9.108,2026-03-06T12:40:01.848Z
sensor.adaptivecharge_stormbreaker_energy_charged_monthly,9.116,2026-03-06T12:40:11.848Z
sensor.adaptivecharge_stormbreaker_energy_charged_monthly,9.124,2026-03-06T12:40:21.849Z
sensor.adaptivecharge_stormbreaker_energy_charged_monthly,9.132,2026-03-06T12:40:31.849Z
sensor.adaptivecharge_stormbreaker_energy_charged_monthly,9.140,2026-03-06T12:40:41.850Z
sensor.adaptivecharge_stormbreaker_energy_charged_monthly,9.148,2026-03-06T12:40:51.851Z
sensor.adaptivecharge_stormbreaker_energy_charged_monthly,9.155,2026-03-06T12:41:01.853Z
sensor.adaptivecharge_stormbreaker_energy_charged_monthly,9.163,2026-03-06T12:41:11.855Z
sensor.adaptivecharge_stormbreaker_energy_charged_monthly,9.171,2026-03-06T12:41:21.856Z
sensor.adaptivecharge_stormbreaker_energy_charged_monthly,9.179,2026-03-06T12:41:31.857Z
sensor.adaptivecharge_stormbreaker_energy_charged_monthly,9.187,2026-03-06T12:41:41.857Z
sensor.adaptivecharge_stormbreaker_energy_charged_monthly,9.195,2026-03-06T12:41:51.858Z
sensor.adaptivecharge_stormbreaker_energy_charged_monthly,9.203,2026-03-06T12:42:01.859Z
sensor.adaptivecharge_stormbreaker_energy_charged_monthly,9.211,2026-03-06T12:42:11.861Z
sensor.adaptivecharge_stormbreaker_energy_charged_monthly,9.219,2026-03-06T12:42:21.861Z
sensor.adaptivecharge_stormbreaker_energy_charged_monthly,9.226,2026-03-06T12:42:31.863Z
sensor.adaptivecharge_stormbreaker_energy_charged_monthly,9.234,2026-03-06T12:42:41.864Z
sensor.adaptivecharge_stormbreaker_energy_charged_monthly,9.242,2026-03-06T12:42:51.865Z
sensor.adaptivecharge_stormbreaker_energy_charged_monthly,9.250,2026-03-06T12:43:01.865Z
sensor.adaptivecharge_stormbreaker_energy_charged_monthly,9.258,2026-03-06T12:43:11.866Z
sensor.adaptivecharge_stormbreaker_energy_charged_monthly,9.266,2026-03-06T12:43:21.867Z
sensor.adaptivecharge_stormbreaker_energy_charged_monthly,9.274,2026-03-06T12:43:31.868Z
sensor.adaptivecharge_stormbreaker_energy_charged_monthly,9.282,2026-03-06T12:43:41.869Z
sensor.adaptivecharge_stormbreaker_energy_charged_monthly,9.290,2026-03-06T12:43:51.868Z
sensor.adaptivecharge_stormbreaker_energy_charged_monthly,9.298,2026-03-06T12:44:01.872Z
sensor.adaptivecharge_stormbreaker_energy_charged_monthly,9.305,2026-03-06T12:44:11.871Z
sensor.adaptivecharge_stormbreaker_energy_charged_monthly,9.313,2026-03-06T12:44:21.883Z
sensor.adaptivecharge_stormbreaker_energy_charged_monthly,9.321,2026-03-06T12:44:31.877Z
sensor.adaptivecharge_stormbreaker_energy_charged_monthly,9.329,2026-03-06T12:44:41.879Z
sensor.adaptivecharge_stormbreaker_energy_charged_monthly,9.337,2026-03-06T12:44:51.878Z
sensor.adaptivecharge_stormbreaker_energy_charged_monthly,9.345,2026-03-06T12:45:01.879Z
sensor.adaptivecharge_stormbreaker_energy_charged_monthly,9.353,2026-03-06T12:45:11.881Z
sensor.adaptivecharge_stormbreaker_energy_charged_monthly,9.361,2026-03-06T12:45:21.880Z
sensor.adaptivecharge_stormbreaker_energy_charged_monthly,9.368,2026-03-06T12:45:31.884Z
sensor.adaptivecharge_stormbreaker_energy_charged_monthly,9.376,2026-03-06T12:45:41.884Z
sensor.adaptivecharge_stormbreaker_energy_charged_monthly,9.384,2026-03-06T12:45:51.885Z
sensor.adaptivecharge_stormbreaker_energy_charged_monthly,9.392,2026-03-06T12:46:01.886Z
sensor.adaptivecharge_stormbreaker_energy_charged_monthly,9.400,2026-03-06T12:46:11.886Z
sensor.adaptivecharge_stormbreaker_energy_charged_monthly,9.408,2026-03-06T12:46:21.888Z
sensor.adaptivecharge_stormbreaker_energy_charged_monthly,9.416,2026-03-06T12:46:31.888Z
sensor.adaptivecharge_stormbreaker_energy_charged_monthly,9.424,2026-03-06T12:46:41.889Z
sensor.adaptivecharge_stormbreaker_energy_charged_monthly,9.432,2026-03-06T12:46:51.890Z
sensor.adaptivecharge_stormbreaker_energy_charged_monthly,9.440,2026-03-06T12:47:01.891Z
sensor.adaptivecharge_stormbreaker_energy_charged_monthly,9.447,2026-03-06T12:47:11.892Z
sensor.adaptivecharge_stormbreaker_energy_charged_monthly,9.455,2026-03-06T12:47:21.893Z
sensor.adaptivecharge_stormbreaker_energy_charged_monthly,9.463,2026-03-06T12:47:31.892Z
sensor.adaptivecharge_stormbreaker_energy_charged_monthly,9.471,2026-03-06T12:47:41.894Z
sensor.adaptivecharge_stormbreaker_energy_charged_monthly,9.479,2026-03-06T12:47:51.897Z
sensor.adaptivecharge_stormbreaker_energy_charged_monthly,9.487,2026-03-06T12:48:01.895Z
sensor.adaptivecharge_stormbreaker_energy_charged_monthly,9.495,2026-03-06T12:48:11.896Z
sensor.adaptivecharge_stormbreaker_energy_charged_monthly,9.503,2026-03-06T12:48:21.900Z
sensor.adaptivecharge_stormbreaker_energy_charged_monthly,9.511,2026-03-06T12:48:31.901Z
sensor.adaptivecharge_stormbreaker_energy_charged_monthly,9.519,2026-03-06T12:48:41.902Z
sensor.adaptivecharge_stormbreaker_energy_charged_monthly,9.526,2026-03-06T12:48:51.905Z
sensor.adaptivecharge_stormbreaker_energy_charged_monthly,9.534,2026-03-06T12:49:01.904Z
sensor.adaptivecharge_stormbreaker_energy_charged_monthly,9.542,2026-03-06T12:49:11.907Z
sensor.adaptivecharge_stormbreaker_energy_charged_monthly,9.550,2026-03-06T12:49:21.907Z
sensor.adaptivecharge_stormbreaker_energy_charged_monthly,9.558,2026-03-06T12:49:31.907Z
sensor.adaptivecharge_stormbreaker_energy_charged_monthly,9.566,2026-03-06T12:49:41.908Z
sensor.adaptivecharge_stormbreaker_energy_charged_monthly,9.574,2026-03-06T12:49:51.909Z
sensor.adaptivecharge_stormbreaker_energy_charged_monthly,9.582,2026-03-06T12:50:01.912Z
sensor.adaptivecharge_stormbreaker_energy_charged_monthly,9.590,2026-03-06T12:50:11.915Z
sensor.adaptivecharge_stormbreaker_energy_charged_monthly,9.598,2026-03-06T12:50:21.915Z
sensor.adaptivecharge_stormbreaker_energy_charged_monthly,9.606,2026-03-06T12:50:31.917Z
sensor.adaptivecharge_stormbreaker_energy_charged_monthly,9.614,2026-03-06T12:50:41.918Z
sensor.adaptivecharge_stormbreaker_energy_charged_monthly,9.621,2026-03-06T12:50:51.920Z
sensor.adaptivecharge_stormbreaker_energy_charged_monthly,9.629,2026-03-06T12:51:01.922Z
sensor.adaptivecharge_stormbreaker_energy_charged_monthly,9.637,2026-03-06T12:51:11.924Z
sensor.adaptivecharge_stormbreaker_energy_charged_monthly,9.645,2026-03-06T12:51:21.925Z
sensor.adaptivecharge_stormbreaker_energy_charged_monthly,9.653,2026-03-06T12:51:31.929Z
sensor.adaptivecharge_stormbreaker_energy_charged_monthly,9.661,2026-03-06T12:51:41.930Z
sensor.adaptivecharge_stormbreaker_energy_charged_monthly,9.669,2026-03-06T12:51:51.931Z
sensor.adaptivecharge_stormbreaker_energy_charged_monthly,9.677,2026-03-06T12:52:01.933Z
sensor.adaptivecharge_stormbreaker_energy_charged_monthly,9.685,2026-03-06T12:52:11.934Z
sensor.adaptivecharge_stormbreaker_energy_charged_monthly,9.692,2026-03-06T12:52:21.937Z
sensor.adaptivecharge_stormbreaker_energy_charged_monthly,9.700,2026-03-06T12:52:31.937Z
sensor.adaptivecharge_stormbreaker_energy_charged_monthly,9.708,2026-03-06T12:52:41.938Z
sensor.adaptivecharge_stormbreaker_energy_charged_monthly,9.716,2026-03-06T12:52:51.939Z
sensor.adaptivecharge_stormbreaker_energy_charged_monthly,9.724,2026-03-06T12:53:01.940Z
sensor.adaptivecharge_stormbreaker_energy_charged_monthly,9.732,2026-03-06T12:53:11.941Z
sensor.adaptivecharge_stormbreaker_energy_charged_monthly,9.740,2026-03-06T12:53:21.941Z
sensor.adaptivecharge_stormbreaker_energy_charged_monthly,9.748,2026-03-06T12:53:31.940Z
sensor.adaptivecharge_stormbreaker_energy_charged_monthly,9.756,2026-03-06T12:53:41.942Z
sensor.adaptivecharge_stormbreaker_energy_charged_monthly,9.763,2026-03-06T12:53:51.943Z
sensor.adaptivecharge_stormbreaker_energy_charged_monthly,9.771,2026-03-06T12:54:01.943Z
sensor.adaptivecharge_stormbreaker_energy_charged_monthly,9.779,2026-03-06T12:54:11.944Z
sensor.adaptivecharge_stormbreaker_energy_charged_monthly,9.787,2026-03-06T12:54:21.944Z
sensor.adaptivecharge_stormbreaker_energy_charged_monthly,9.795,2026-03-06T12:54:31.946Z
sensor.adaptivecharge_stormbreaker_energy_charged_monthly,9.803,2026-03-06T12:54:41.947Z
sensor.adaptivecharge_stormbreaker_energy_charged_monthly,9.811,2026-03-06T12:54:51.948Z
sensor.adaptivecharge_stormbreaker_energy_charged_monthly,9.819,2026-03-06T12:55:01.947Z
sensor.adaptivecharge_stormbreaker_energy_charged_monthly,9.827,2026-03-06T12:55:11.951Z
sensor.adaptivecharge_stormbreaker_energy_charged_monthly,9.834,2026-03-06T12:55:21.951Z
sensor.adaptivecharge_stormbreaker_energy_charged_monthly,9.842,2026-03-06T12:55:31.953Z
sensor.adaptivecharge_stormbreaker_energy_charged_monthly,9.850,2026-03-06T12:55:41.953Z
sensor.adaptivecharge_stormbreaker_energy_charged_monthly,9.858,2026-03-06T12:55:51.955Z
sensor.adaptivecharge_stormbreaker_energy_charged_monthly,9.866,2026-03-06T12:56:01.956Z
sensor.adaptivecharge_stormbreaker_energy_charged_monthly,9.874,2026-03-06T12:56:11.957Z
sensor.adaptivecharge_stormbreaker_energy_charged_monthly,9.882,2026-03-06T12:56:21.957Z
sensor.adaptivecharge_stormbreaker_energy_charged_monthly,9.890,2026-03-06T12:56:31.959Z
sensor.adaptivecharge_stormbreaker_energy_charged_monthly,9.898,2026-03-06T12:56:41.958Z
sensor.adaptivecharge_stormbreaker_energy_charged_monthly,9.906,2026-03-06T12:56:51.961Z
sensor.adaptivecharge_stormbreaker_energy_charged_monthly,9.913,2026-03-06T12:57:01.961Z
sensor.adaptivecharge_stormbreaker_energy_charged_monthly,9.921,2026-03-06T12:57:11.962Z
sensor.adaptivecharge_stormbreaker_energy_charged_monthly,9.929,2026-03-06T12:57:21.962Z
sensor.adaptivecharge_stormbreaker_energy_charged_monthly,9.937,2026-03-06T12:57:31.963Z
sensor.adaptivecharge_stormbreaker_energy_charged_monthly,9.945,2026-03-06T12:57:41.963Z
sensor.adaptivecharge_stormbreaker_energy_charged_monthly,9.953,2026-03-06T12:57:51.965Z
sensor.adaptivecharge_stormbreaker_energy_charged_monthly,9.961,2026-03-06T12:58:01.967Z
sensor.adaptivecharge_stormbreaker_energy_charged_monthly,9.969,2026-03-06T12:58:11.969Z
sensor.adaptivecharge_stormbreaker_energy_charged_monthly,9.977,2026-03-06T12:58:21.969Z
sensor.adaptivecharge_stormbreaker_energy_charged_monthly,9.984,2026-03-06T12:58:31.970Z
sensor.adaptivecharge_stormbreaker_energy_charged_monthly,9.992,2026-03-06T12:58:41.970Z
sensor.adaptivecharge_stormbreaker_energy_charged_monthly,10.000,2026-03-06T12:58:51.972Z
sensor.adaptivecharge_stormbreaker_energy_charged_monthly,10.008,2026-03-06T12:59:01.973Z
sensor.adaptivecharge_stormbreaker_energy_charged_monthly,10.016,2026-03-06T12:59:11.975Z
sensor.adaptivecharge_stormbreaker_energy_charged_monthly,10.024,2026-03-06T12:59:21.974Z
sensor.adaptivecharge_stormbreaker_energy_charged_monthly,10.032,2026-03-06T12:59:31.976Z
sensor.adaptivecharge_stormbreaker_energy_charged_monthly,10.040,2026-03-06T12:59:41.978Z
sensor.adaptivecharge_stormbreaker_energy_charged_monthly,10.048,2026-03-06T12:59:51.979Z
sensor.adaptivecharge_stormbreaker_energy_charged_monthly,10.056,2026-03-06T13:00:01.980Z
sensor.adaptivecharge_stormbreaker_energy_charged_monthly,10.063,2026-03-06T13:00:11.980Z
sensor.adaptivecharge_stormbreaker_energy_charged_monthly,10.071,2026-03-06T13:00:21.980Z
sensor.adaptivecharge_stormbreaker_energy_charged_monthly,10.079,2026-03-06T13:00:31.982Z
sensor.adaptivecharge_stormbreaker_energy_charged_monthly,10.087,2026-03-06T13:00:41.984Z
sensor.adaptivecharge_stormbreaker_energy_charged_monthly,10.095,2026-03-06T13:00:51.985Z
sensor.adaptivecharge_stormbreaker_energy_charged_monthly,10.103,2026-03-06T13:01:01.986Z
sensor.adaptivecharge_stormbreaker_energy_charged_monthly,10.111,2026-03-06T13:01:11.986Z
sensor.adaptivecharge_stormbreaker_energy_charged_monthly,10.119,2026-03-06T13:01:21.987Z
sensor.adaptivecharge_stormbreaker_energy_charged_monthly,10.126,2026-03-06T13:01:31.988Z
sensor.adaptivecharge_stormbreaker_energy_charged_monthly,10.134,2026-03-06T13:01:41.988Z
sensor.adaptivecharge_stormbreaker_energy_charged_monthly,10.142,2026-03-06T13:01:51.988Z
sensor.adaptivecharge_stormbreaker_energy_charged_monthly,10.150,2026-03-06T13:02:01.989Z
sensor.adaptivecharge_stormbreaker_energy_charged_monthly,10.158,2026-03-06T13:02:11.990Z
sensor.adaptivecharge_stormbreaker_energy_charged_monthly,10.166,2026-03-06T13:02:21.991Z
sensor.adaptivecharge_stormbreaker_energy_charged_monthly,10.174,2026-03-06T13:02:31.992Z
sensor.adaptivecharge_stormbreaker_energy_charged_monthly,10.182,2026-03-06T13:02:41.994Z
sensor.adaptivecharge_stormbreaker_energy_charged_monthly,10.190,2026-03-06T13:02:51.995Z
sensor.adaptivecharge_stormbreaker_energy_charged_monthly,10.197,2026-03-06T13:03:01.996Z
sensor.adaptivecharge_stormbreaker_energy_charged_monthly,10.205,2026-03-06T13:03:11.997Z
sensor.adaptivecharge_stormbreaker_energy_charged_monthly,10.213,2026-03-06T13:03:21.998Z
sensor.adaptivecharge_stormbreaker_energy_charged_monthly,10.221,2026-03-06T13:03:31.999Z
sensor.adaptivecharge_stormbreaker_energy_charged_monthly,10.229,2026-03-06T13:03:42.002Z
sensor.adaptivecharge_stormbreaker_energy_charged_monthly,10.237,2026-03-06T13:03:52.001Z
sensor.adaptivecharge_stormbreaker_energy_charged_monthly,10.245,2026-03-06T13:04:02.003Z
sensor.adaptivecharge_stormbreaker_energy_charged_monthly,10.253,2026-03-06T13:04:12.005Z
sensor.adaptivecharge_stormbreaker_energy_charged_monthly,10.260,2026-03-06T13:04:22.005Z
sensor.adaptivecharge_stormbreaker_energy_charged_monthly,10.268,2026-03-06T13:04:32.005Z
sensor.adaptivecharge_stormbreaker_energy_charged_monthly,10.276,2026-03-06T13:04:42.009Z
sensor.adaptivecharge_stormbreaker_energy_charged_monthly,10.284,2026-03-06T13:04:52.008Z
sensor.adaptivecharge_stormbreaker_energy_charged_monthly,10.292,2026-03-06T13:05:02.007Z
sensor.adaptivecharge_stormbreaker_energy_charged_monthly,10.300,2026-03-06T13:05:12.009Z
sensor.adaptivecharge_stormbreaker_energy_charged_monthly,10.308,2026-03-06T13:05:22.009Z
sensor.adaptivecharge_stormbreaker_energy_charged_monthly,10.316,2026-03-06T13:05:32.011Z
sensor.adaptivecharge_stormbreaker_energy_charged_monthly,10.323,2026-03-06T13:05:42.011Z
sensor.adaptivecharge_stormbreaker_energy_charged_monthly,10.331,2026-03-06T13:05:52.013Z
sensor.adaptivecharge_stormbreaker_energy_charged_monthly,10.339,2026-03-06T13:06:02.014Z
sensor.adaptivecharge_stormbreaker_energy_charged_monthly,10.347,2026-03-06T13:06:12.015Z
sensor.adaptivecharge_stormbreaker_energy_charged_monthly,10.355,2026-03-06T13:06:22.016Z
sensor.adaptivecharge_stormbreaker_energy_charged_monthly,10.363,2026-03-06T13:06:32.015Z
sensor.adaptivecharge_stormbreaker_energy_charged_monthly,10.371,2026-03-06T13:06:42.018Z
sensor.adaptivecharge_stormbreaker_energy_charged_monthly,10.379,2026-03-06T13:06:52.018Z
sensor.adaptivecharge_stormbreaker_energy_charged_monthly,10.387,2026-03-06T13:07:02.019Z
sensor.adaptivecharge_stormbreaker_energy_charged_monthly,10.394,2026-03-06T13:07:12.019Z
sensor.adaptivecharge_stormbreaker_energy_charged_monthly,10.402,2026-03-06T13:07:22.016Z
sensor.adaptivecharge_stormbreaker_energy_charged_monthly,10.410,2026-03-06T13:07:32.021Z
sensor.adaptivecharge_stormbreaker_energy_charged_monthly,10.418,2026-03-06T13:07:42.022Z
sensor.adaptivecharge_stormbreaker_energy_charged_monthly,10.426,2026-03-06T13:07:52.021Z
sensor.adaptivecharge_stormbreaker_energy_charged_monthly,10.434,2026-03-06T13:08:02.025Z
sensor.adaptivecharge_stormbreaker_energy_charged_monthly,10.442,2026-03-06T13:08:12.027Z
sensor.adaptivecharge_stormbreaker_energy_charged_monthly,10.450,2026-03-06T13:08:22.027Z
sensor.adaptivecharge_stormbreaker_energy_charged_monthly,10.458,2026-03-06T13:08:32.028Z
sensor.adaptivecharge_stormbreaker_energy_charged_monthly,10.465,2026-03-06T13:08:42.029Z
sensor.adaptivecharge_stormbreaker_energy_charged_monthly,10.473,2026-03-06T13:08:52.031Z
sensor.adaptivecharge_stormbreaker_energy_charged_monthly,10.481,2026-03-06T13:09:02.031Z
sensor.adaptivecharge_stormbreaker_energy_charged_monthly,10.489,2026-03-06T13:09:12.033Z
sensor.adaptivecharge_stormbreaker_energy_charged_monthly,10.497,2026-03-06T13:09:22.034Z
sensor.adaptivecharge_stormbreaker_energy_charged_monthly,10.505,2026-03-06T13:09:32.035Z
sensor.adaptivecharge_stormbreaker_energy_charged_monthly,10.513,2026-03-06T13:09:42.036Z
sensor.adaptivecharge_stormbreaker_energy_charged_monthly,10.521,2026-03-06T13:09:52.037Z
sensor.adaptivecharge_stormbreaker_energy_charged_monthly,10.528,2026-03-06T13:10:02.038Z
sensor.adaptivecharge_stormbreaker_energy_charged_monthly,10.536,2026-03-06T13:10:12.039Z
sensor.adaptivecharge_stormbreaker_energy_charged_monthly,10.544,2026-03-06T13:10:22.041Z
sensor.adaptivecharge_stormbreaker_energy_charged_monthly,10.552,2026-03-06T13:10:32.041Z
sensor.adaptivecharge_stormbreaker_energy_charged_monthly,10.560,2026-03-06T13:10:42.042Z
sensor.adaptivecharge_stormbreaker_energy_charged_monthly,10.568,2026-03-06T13:10:52.042Z
sensor.adaptivecharge_stormbreaker_energy_charged_monthly,10.576,2026-03-06T13:11:02.044Z
sensor.adaptivecharge_stormbreaker_energy_charged_monthly,10.584,2026-03-06T13:11:12.043Z
sensor.adaptivecharge_stormbreaker_energy_charged_monthly,10.592,2026-03-06T13:11:22.044Z
sensor.adaptivecharge_stormbreaker_energy_charged_monthly,10.599,2026-03-06T13:11:32.046Z
sensor.adaptivecharge_stormbreaker_energy_charged_monthly,10.607,2026-03-06T13:11:42.049Z
sensor.adaptivecharge_stormbreaker_energy_charged_monthly,10.615,2026-03-06T13:11:52.052Z
sensor.adaptivecharge_stormbreaker_energy_charged_monthly,10.623,2026-03-06T13:12:02.061Z
sensor.adaptivecharge_stormbreaker_energy_charged_monthly,10.631,2026-03-06T13:12:12.056Z
sensor.adaptivecharge_stormbreaker_energy_charged_monthly,10.639,2026-03-06T13:12:22.057Z
sensor.adaptivecharge_stormbreaker_energy_charged_monthly,10.647,2026-03-06T13:12:32.057Z
sensor.adaptivecharge_stormbreaker_energy_charged_monthly,10.655,2026-03-06T13:12:42.058Z
sensor.adaptivecharge_stormbreaker_energy_charged_monthly,10.663,2026-03-06T13:12:52.059Z
sensor.adaptivecharge_stormbreaker_energy_charged_monthly,10.670,2026-03-06T13:13:02.060Z
sensor.adaptivecharge_stormbreaker_energy_charged_monthly,10.678,2026-03-06T13:13:12.060Z
sensor.adaptivecharge_stormbreaker_energy_charged_monthly,10.686,2026-03-06T13:13:22.061Z
sensor.adaptivecharge_stormbreaker_energy_charged_monthly,10.694,2026-03-06T13:13:32.063Z
sensor.adaptivecharge_stormbreaker_energy_charged_monthly,10.702,2026-03-06T13:13:42.064Z
sensor.adaptivecharge_stormbreaker_energy_charged_monthly,10.710,2026-03-06T13:13:52.066Z
sensor.adaptivecharge_stormbreaker_energy_charged_monthly,10.718,2026-03-06T13:14:02.066Z
sensor.adaptivecharge_stormbreaker_energy_charged_monthly,10.726,2026-03-06T13:14:12.069Z
sensor.adaptivecharge_stormbreaker_energy_charged_monthly,10.734,2026-03-06T13:14:22.069Z
sensor.adaptivecharge_stormbreaker_energy_charged_monthly,10.741,2026-03-06T13:14:32.071Z
sensor.adaptivecharge_stormbreaker_energy_charged_monthly,10.749,2026-03-06T13:14:42.071Z
sensor.adaptivecharge_stormbreaker_energy_charged_monthly,10.757,2026-03-06T13:14:52.072Z
sensor.adaptivecharge_stormbreaker_energy_charged_monthly,10.765,2026-03-06T13:15:02.074Z
sensor.adaptivecharge_stormbreaker_energy_charged_monthly,10.773,2026-03-06T13:15:12.075Z
sensor.adaptivecharge_stormbreaker_energy_charged_monthly,10.781,2026-03-06T13:15:22.076Z
sensor.adaptivecharge_stormbreaker_energy_charged_monthly,10.789,2026-03-06T13:15:32.078Z
sensor.adaptivecharge_stormbreaker_energy_charged_monthly,10.797,2026-03-06T13:15:42.080Z
sensor.adaptivecharge_stormbreaker_energy_charged_monthly,10.804,2026-03-06T13:15:52.082Z
sensor.adaptivecharge_stormbreaker_energy_charged_monthly,10.812,2026-03-06T13:16:02.082Z
sensor.adaptivecharge_stormbreaker_energy_charged_monthly,10.820,2026-03-06T13:16:12.083Z
sensor.adaptivecharge_stormbreaker_energy_charged_monthly,10.828,2026-03-06T13:16:22.084Z
sensor.adaptivecharge_stormbreaker_energy_charged_monthly,10.836,2026-03-06T13:16:32.084Z
sensor.adaptivecharge_stormbreaker_energy_charged_monthly,10.844,2026-03-06T13:16:42.085Z
sensor.adaptivecharge_stormbreaker_energy_charged_monthly,10.852,2026-03-06T13:16:52.086Z
sensor.adaptivecharge_stormbreaker_energy_charged_monthly,10.860,2026-03-06T13:17:02.087Z
sensor.adaptivecharge_stormbreaker_energy_charged_monthly,10.868,2026-03-06T13:17:12.088Z
sensor.adaptivecharge_stormbreaker_energy_charged_monthly,10.875,2026-03-06T13:17:22.088Z
sensor.adaptivecharge_stormbreaker_energy_charged_monthly,10.883,2026-03-06T13:17:32.090Z
sensor.adaptivecharge_stormbreaker_energy_charged_monthly,10.891,2026-03-06T13:17:42.091Z
sensor.adaptivecharge_stormbreaker_energy_charged_monthly,10.899,2026-03-06T13:17:52.092Z
sensor.adaptivecharge_stormbreaker_energy_charged_monthly,10.907,2026-03-06T13:18:02.092Z
sensor.adaptivecharge_stormbreaker_energy_charged_monthly,10.915,2026-03-06T13:18:12.093Z
sensor.adaptivecharge_stormbreaker_energy_charged_monthly,10.923,2026-03-06T13:18:22.093Z
sensor.adaptivecharge_stormbreaker_energy_charged_monthly,10.931,2026-03-06T13:18:32.095Z
sensor.adaptivecharge_stormbreaker_energy_charged_monthly,10.939,2026-03-06T13:18:42.093Z
sensor.adaptivecharge_stormbreaker_energy_charged_monthly,10.947,2026-03-06T13:18:52.096Z
sensor.adaptivecharge_stormbreaker_energy_charged_monthly,10.954,2026-03-06T13:19:02.095Z
sensor.adaptivecharge_stormbreaker_energy_charged_monthly,10.962,2026-03-06T13:19:12.099Z
sensor.adaptivecharge_stormbreaker_energy_charged_monthly,10.970,2026-03-06T13:19:22.101Z
sensor.adaptivecharge_stormbreaker_energy_charged_monthly,10.978,2026-03-06T13:19:32.103Z
sensor.adaptivecharge_stormbreaker_energy_charged_monthly,10.986,2026-03-06T13:19:42.104Z
sensor.adaptivecharge_stormbreaker_energy_charged_monthly,10.994,2026-03-06T13:19:52.105Z
sensor.adaptivecharge_stormbreaker_energy_charged_monthly,11.002,2026-03-06T13:20:02.106Z
sensor.adaptivecharge_stormbreaker_energy_charged_monthly,11.010,2026-03-06T13:20:12.106Z
sensor.adaptivecharge_stormbreaker_energy_charged_monthly,11.018,2026-03-06T13:20:22.111Z
sensor.adaptivecharge_stormbreaker_energy_charged_monthly,11.025,2026-03-06T13:20:32.113Z
sensor.adaptivecharge_stormbreaker_energy_charged_monthly,11.033,2026-03-06T13:20:42.113Z
sensor.adaptivecharge_stormbreaker_energy_charged_monthly,11.041,2026-03-06T13:20:52.114Z
sensor.adaptivecharge_stormbreaker_energy_charged_monthly,11.049,2026-03-06T13:21:02.113Z
sensor.adaptivecharge_stormbreaker_energy_charged_monthly,11.057,2026-03-06T13:21:12.114Z
sensor.adaptivecharge_stormbreaker_energy_charged_monthly,11.065,2026-03-06T13:21:22.116Z
sensor.adaptivecharge_stormbreaker_energy_charged_monthly,11.073,2026-03-06T13:21:32.118Z
sensor.adaptivecharge_stormbreaker_energy_charged_monthly,11.081,2026-03-06T13:21:42.162Z
sensor.adaptivecharge_stormbreaker_energy_charged_monthly,11.091,2026-03-06T13:21:52.127Z
sensor.adaptivecharge_stormbreaker_energy_charged_monthly,11.101,2026-03-06T13:22:02.128Z
sensor.adaptivecharge_stormbreaker_energy_charged_monthly,11.111,2026-03-06T13:22:12.127Z
sensor.adaptivecharge_stormbreaker_energy_charged_monthly,11.121,2026-03-06T13:22:22.130Z
sensor.adaptivecharge_stormbreaker_energy_charged_monthly,11.130,2026-03-06T13:22:32.133Z
sensor.adaptivecharge_stormbreaker_energy_charged_monthly,11.140,2026-03-06T13:22:42.133Z
sensor.adaptivecharge_stormbreaker_energy_charged_monthly,11.150,2026-03-06T13:22:52.140Z
sensor.adaptivecharge_stormbreaker_energy_charged_monthly,11.160,2026-03-06T13:23:02.133Z
sensor.adaptivecharge_stormbreaker_energy_charged_monthly,11.170,2026-03-06T13:23:12.135Z
sensor.adaptivecharge_stormbreaker_energy_charged_monthly,11.180,2026-03-06T13:23:27.538Z
sensor.adaptivecharge_stormbreaker_energy_charged_monthly,11.186,2026-03-06T13:23:32.137Z
sensor.adaptivecharge_stormbreaker_energy_charged_monthly,11.192,2026-03-06T13:23:42.138Z
sensor.adaptivecharge_stormbreaker_energy_charged_monthly,11.198,2026-03-06T13:23:52.289Z
sensor.adaptivecharge_stormbreaker_energy_charged_monthly,11.204,2026-03-06T13:24:02.139Z
sensor.adaptivecharge_stormbreaker_energy_charged_monthly,11.210,2026-03-06T13:24:12.139Z
sensor.adaptivecharge_stormbreaker_energy_charged_monthly,11.216,2026-03-06T13:24:28.706Z
sensor.adaptivecharge_stormbreaker_energy_charged_monthly,11.218,2026-03-06T13:24:32.141Z
sensor.adaptivecharge_stormbreaker_energy_charged_monthly,11.220,2026-03-06T13:24:42.139Z
sensor.adaptivecharge_stormbreaker_energy_charged_monthly,11.222,2026-03-06T13:24:52.308Z
sensor.adaptivecharge_stormbreaker_energy_charged_monthly,11.224,2026-03-06T13:25:02.142Z
sensor.adaptivecharge_stormbreaker_energy_charged_monthly,11.226,2026-03-06T13:25:12.144Z
sensor.adaptivecharge_stormbreaker_energy_charged_monthly,11.228,2026-03-06T13:25:22.145Z
sensor.adaptivecharge_stormbreaker_energy_charged_monthly,11.230,2026-03-06T13:25:32.144Z
sensor.adaptivecharge_stormbreaker_energy_charged_monthly,11.232,2026-03-06T13:25:48.832Z
sensor.adaptivecharge_stormbreaker_energy_charged_monthly,11.238,2026-03-06T13:25:52.148Z
sensor.adaptivecharge_stormbreaker_energy_charged_monthly,11.244,2026-03-06T13:26:02.145Z
sensor.adaptivecharge_stormbreaker_energy_charged_monthly,11.250,2026-03-06T13:26:12.151Z
sensor.adaptivecharge_stormbreaker_energy_charged_monthly,11.256,2026-03-06T13:26:22.151Z
sensor.adaptivecharge_stormbreaker_energy_charged_monthly,11.262,2026-03-06T13:26:32.150Z
sensor.adaptivecharge_stormbreaker_energy_charged_monthly,11.268,2026-03-06T13:26:42.155Z
sensor.adaptivecharge_stormbreaker_energy_charged_monthly,11.274,2026-03-06T13:26:52.159Z
sensor.adaptivecharge_stormbreaker_energy_charged_monthly,11.280,2026-03-06T13:27:02.160Z
sensor.adaptivecharge_stormbreaker_energy_charged_monthly,11.286,2026-03-06T13:27:12.161Z
sensor.adaptivecharge_stormbreaker_energy_charged_monthly,11.292,2026-03-06T13:27:22.162Z
sensor.adaptivecharge_stormbreaker_energy_charged_monthly,11.298,2026-03-06T13:27:32.163Z
sensor.adaptivecharge_stormbreaker_energy_charged_monthly,11.304,2026-03-06T13:27:42.164Z
sensor.adaptivecharge_stormbreaker_energy_charged_monthly,11.310,2026-03-06T13:27:52.165Z
sensor.adaptivecharge_stormbreaker_energy_charged_monthly,11.316,2026-03-06T13:28:02.166Z
sensor.adaptivecharge_stormbreaker_energy_charged_monthly,11.322,2026-03-06T13:28:12.166Z
sensor.adaptivecharge_stormbreaker_energy_charged_monthly,11.328,2026-03-06T13:28:22.167Z
sensor.adaptivecharge_stormbreaker_energy_charged_monthly,11.333,2026-03-06T13:28:32.167Z
sensor.adaptivecharge_stormbreaker_energy_charged_monthly,11.339,2026-03-06T13:28:42.168Z
sensor.adaptivecharge_stormbreaker_energy_charged_monthly,11.345,2026-03-06T13:28:52.169Z
sensor.adaptivecharge_stormbreaker_energy_charged_monthly,11.351,2026-03-06T13:29:02.170Z
sensor.adaptivecharge_stormbreaker_energy_charged_monthly,11.357,2026-03-06T13:29:12.171Z
sensor.adaptivecharge_stormbreaker_energy_charged_monthly,11.363,2026-03-06T13:29:22.173Z
sensor.adaptivecharge_stormbreaker_energy_charged_monthly,11.369,2026-03-06T13:29:32.174Z
sensor.adaptivecharge_stormbreaker_energy_charged_monthly,11.375,2026-03-06T13:29:42.176Z
sensor.adaptivecharge_stormbreaker_energy_charged_monthly,11.381,2026-03-06T13:29:52.176Z
sensor.adaptivecharge_stormbreaker_energy_charged_monthly,11.387,2026-03-06T13:30:02.178Z
sensor.adaptivecharge_stormbreaker_energy_charged_monthly,11.393,2026-03-06T13:30:12.181Z
sensor.adaptivecharge_stormbreaker_energy_charged_monthly,11.399,2026-03-06T13:30:22.180Z
sensor.adaptivecharge_stormbreaker_energy_charged_monthly,11.405,2026-03-06T13:30:32.181Z
sensor.adaptivecharge_stormbreaker_energy_charged_monthly,11.411,2026-03-06T13:30:42.180Z
sensor.adaptivecharge_stormbreaker_energy_charged_monthly,11.417,2026-03-06T13:30:52.183Z
sensor.adaptivecharge_stormbreaker_energy_charged_monthly,11.423,2026-03-06T13:31:02.186Z
sensor.adaptivecharge_stormbreaker_energy_charged_monthly,11.428,2026-03-06T13:31:12.186Z
sensor.adaptivecharge_stormbreaker_energy_charged_monthly,11.434,2026-03-06T13:31:22.187Z
sensor.adaptivecharge_stormbreaker_energy_charged_monthly,11.440,2026-03-06T13:31:32.187Z
sensor.adaptivecharge_stormbreaker_energy_charged_monthly,11.446,2026-03-06T13:31:42.188Z
sensor.adaptivecharge_stormbreaker_energy_charged_monthly,11.452,2026-03-06T13:31:52.188Z
sensor.adaptivecharge_stormbreaker_energy_charged_monthly,11.458,2026-03-06T13:32:02.190Z
sensor.adaptivecharge_stormbreaker_energy_charged_monthly,11.464,2026-03-06T13:32:12.190Z
sensor.adaptivecharge_stormbreaker_energy_charged_monthly,11.470,2026-03-06T13:32:22.190Z
sensor.adaptivecharge_stormbreaker_energy_charged_monthly,11.476,2026-03-06T13:32:32.191Z
sensor.adaptivecharge_stormbreaker_energy_charged_monthly,11.482,2026-03-06T13:32:42.193Z
sensor.adaptivecharge_stormbreaker_energy_charged_monthly,11.488,2026-03-06T13:32:52.194Z
sensor.adaptivecharge_stormbreaker_energy_charged_monthly,11.494,2026-03-06T13:33:02.194Z
sensor.adaptivecharge_stormbreaker_energy_charged_monthly,11.500,2026-03-06T13:33:12.196Z
sensor.adaptivecharge_stormbreaker_energy_charged_monthly,11.506,2026-03-06T13:33:22.197Z
sensor.adaptivecharge_stormbreaker_energy_charged_monthly,11.512,2026-03-06T13:33:32.198Z
sensor.adaptivecharge_stormbreaker_energy_charged_monthly,11.518,2026-03-06T13:33:42.199Z
sensor.adaptivecharge_stormbreaker_energy_charged_monthly,11.524,2026-03-06T13:33:52.208Z
sensor.adaptivecharge_stormbreaker_energy_charged_monthly,11.529,2026-03-06T13:34:02.200Z
sensor.adaptivecharge_stormbreaker_energy_charged_monthly,11.535,2026-03-06T13:34:12.204Z
sensor.adaptivecharge_stormbreaker_energy_charged_monthly,11.541,2026-03-06T13:34:22.205Z
sensor.adaptivecharge_stormbreaker_energy_charged_monthly,11.547,2026-03-06T13:34:32.205Z
sensor.adaptivecharge_stormbreaker_energy_charged_yearly,8.848,2026-03-06T12:34:32.981Z
sensor.adaptivecharge_stormbreaker_energy_charged_yearly,8.856,2026-03-06T12:34:41.817Z
sensor.adaptivecharge_stormbreaker_energy_charged_yearly,8.863,2026-03-06T12:34:51.818Z
sensor.adaptivecharge_stormbreaker_energy_charged_yearly,8.871,2026-03-06T12:35:01.818Z
sensor.adaptivecharge_stormbreaker_energy_charged_yearly,8.879,2026-03-06T12:35:11.819Z
sensor.adaptivecharge_stormbreaker_energy_charged_yearly,8.887,2026-03-06T12:35:21.819Z
sensor.adaptivecharge_stormbreaker_energy_charged_yearly,8.895,2026-03-06T12:35:31.821Z
sensor.adaptivecharge_stormbreaker_energy_charged_yearly,8.903,2026-03-06T12:35:41.822Z
sensor.adaptivecharge_stormbreaker_energy_charged_yearly,8.911,2026-03-06T12:35:51.823Z
sensor.adaptivecharge_stormbreaker_energy_charged_yearly,8.919,2026-03-06T12:36:01.823Z
sensor.adaptivecharge_stormbreaker_energy_charged_yearly,8.927,2026-03-06T12:36:11.822Z
sensor.adaptivecharge_stormbreaker_energy_charged_yearly,8.934,2026-03-06T12:36:21.826Z
sensor.adaptivecharge_stormbreaker_energy_charged_yearly,8.942,2026-03-06T12:36:31.827Z
sensor.adaptivecharge_stormbreaker_energy_charged_yearly,8.950,2026-03-06T12:36:41.828Z
sensor.adaptivecharge_stormbreaker_energy_charged_yearly,8.958,2026-03-06T12:36:51.830Z
sensor.adaptivecharge_stormbreaker_energy_charged_yearly,8.966,2026-03-06T12:37:01.830Z
sensor.adaptivecharge_stormbreaker_energy_charged_yearly,8.974,2026-03-06T12:37:11.831Z
sensor.adaptivecharge_stormbreaker_energy_charged_yearly,8.982,2026-03-06T12:37:21.833Z
sensor.adaptivecharge_stormbreaker_energy_charged_yearly,8.990,2026-03-06T12:37:31.834Z
sensor.adaptivecharge_stormbreaker_energy_charged_yearly,8.998,2026-03-06T12:37:41.835Z
sensor.adaptivecharge_stormbreaker_energy_charged_yearly,9.005,2026-03-06T12:37:51.837Z
sensor.adaptivecharge_stormbreaker_energy_charged_yearly,9.013,2026-03-06T12:38:01.838Z
sensor.adaptivecharge_stormbreaker_energy_charged_yearly,9.021,2026-03-06T12:38:11.836Z
sensor.adaptivecharge_stormbreaker_energy_charged_yearly,9.029,2026-03-06T12:38:21.840Z
sensor.adaptivecharge_stormbreaker_energy_charged_yearly,9.037,2026-03-06T12:38:31.841Z
sensor.adaptivecharge_stormbreaker_energy_charged_yearly,9.045,2026-03-06T12:38:41.842Z
sensor.adaptivecharge_stormbreaker_energy_charged_yearly,9.053,2026-03-06T12:38:51.841Z
sensor.adaptivecharge_stormbreaker_energy_charged_yearly,9.061,2026-03-06T12:39:01.842Z
sensor.adaptivecharge_stormbreaker_energy_charged_yearly,9.069,2026-03-06T12:39:11.842Z
sensor.adaptivecharge_stormbreaker_energy_charged_yearly,9.077,2026-03-06T12:39:21.843Z
sensor.adaptivecharge_stormbreaker_energy_charged_yearly,9.084,2026-03-06T12:39:31.844Z
sensor.adaptivecharge_stormbreaker_energy_charged_yearly,9.092,2026-03-06T12:39:41.845Z
sensor.adaptivecharge_stormbreaker_energy_charged_yearly,9.100,2026-03-06T12:39:51.846Z
sensor.adaptivecharge_stormbreaker_energy_charged_yearly,9.108,2026-03-06T12:40:01.849Z
sensor.adaptivecharge_stormbreaker_energy_charged_yearly,9.116,2026-03-06T12:40:11.848Z
sensor.adaptivecharge_stormbreaker_energy_charged_yearly,9.124,2026-03-06T12:40:21.849Z
sensor.adaptivecharge_stormbreaker_energy_charged_yearly,9.132,2026-03-06T12:40:31.849Z
sensor.adaptivecharge_stormbreaker_energy_charged_yearly,9.140,2026-03-06T12:40:41.850Z
sensor.adaptivecharge_stormbreaker_energy_charged_yearly,9.148,2026-03-06T12:40:51.851Z
sensor.adaptivecharge_stormbreaker_energy_charged_yearly,9.155,2026-03-06T12:41:01.853Z
sensor.adaptivecharge_stormbreaker_energy_charged_yearly,9.163,2026-03-06T12:41:11.855Z
sensor.adaptivecharge_stormbreaker_energy_charged_yearly,9.171,2026-03-06T12:41:21.856Z
sensor.adaptivecharge_stormbreaker_energy_charged_yearly,9.179,2026-03-06T12:41:31.857Z
sensor.adaptivecharge_stormbreaker_energy_charged_yearly,9.187,2026-03-06T12:41:41.857Z
sensor.adaptivecharge_stormbreaker_energy_charged_yearly,9.195,2026-03-06T12:41:51.858Z
sensor.adaptivecharge_stormbreaker_energy_charged_yearly,9.203,2026-03-06T12:42:01.859Z
sensor.adaptivecharge_stormbreaker_energy_charged_yearly,9.211,2026-03-06T12:42:11.861Z
sensor.adaptivecharge_stormbreaker_energy_charged_yearly,9.219,2026-03-06T12:42:21.862Z
sensor.adaptivecharge_stormbreaker_energy_charged_yearly,9.226,2026-03-06T12:42:31.863Z
sensor.adaptivecharge_stormbreaker_energy_charged_yearly,9.234,2026-03-06T12:42:41.864Z
sensor.adaptivecharge_stormbreaker_energy_charged_yearly,9.242,2026-03-06T12:42:51.865Z
sensor.adaptivecharge_stormbreaker_energy_charged_yearly,9.250,2026-03-06T12:43:01.866Z
sensor.adaptivecharge_stormbreaker_energy_charged_yearly,9.258,2026-03-06T12:43:11.866Z
sensor.adaptivecharge_stormbreaker_energy_charged_yearly,9.266,2026-03-06T12:43:21.867Z
sensor.adaptivecharge_stormbreaker_energy_charged_yearly,9.274,2026-03-06T12:43:31.868Z
sensor.adaptivecharge_stormbreaker_energy_charged_yearly,9.282,2026-03-06T12:43:41.869Z
sensor.adaptivecharge_stormbreaker_energy_charged_yearly,9.290,2026-03-06T12:43:51.869Z
sensor.adaptivecharge_stormbreaker_energy_charged_yearly,9.298,2026-03-06T12:44:01.872Z
sensor.adaptivecharge_stormbreaker_energy_charged_yearly,9.305,2026-03-06T12:44:11.871Z
sensor.adaptivecharge_stormbreaker_energy_charged_yearly,9.313,2026-03-06T12:44:21.883Z
sensor.adaptivecharge_stormbreaker_energy_charged_yearly,9.321,2026-03-06T12:44:31.877Z
sensor.adaptivecharge_stormbreaker_energy_charged_yearly,9.329,2026-03-06T12:44:41.879Z
sensor.adaptivecharge_stormbreaker_energy_charged_yearly,9.337,2026-03-06T12:44:51.878Z
sensor.adaptivecharge_stormbreaker_energy_charged_yearly,9.345,2026-03-06T12:45:01.879Z
sensor.adaptivecharge_stormbreaker_energy_charged_yearly,9.353,2026-03-06T12:45:11.881Z
sensor.adaptivecharge_stormbreaker_energy_charged_yearly,9.361,2026-03-06T12:45:21.880Z
sensor.adaptivecharge_stormbreaker_energy_charged_yearly,9.368,2026-03-06T12:45:31.884Z
sensor.adaptivecharge_stormbreaker_energy_charged_yearly,9.376,2026-03-06T12:45:41.884Z
sensor.adaptivecharge_stormbreaker_energy_charged_yearly,9.384,2026-03-06T12:45:51.885Z
sensor.adaptivecharge_stormbreaker_energy_charged_yearly,9.392,2026-03-06T12:46:01.886Z
sensor.adaptivecharge_stormbreaker_energy_charged_yearly,9.400,2026-03-06T12:46:11.887Z
sensor.adaptivecharge_stormbreaker_energy_charged_yearly,9.408,2026-03-06T12:46:21.888Z
sensor.adaptivecharge_stormbreaker_energy_charged_yearly,9.416,2026-03-06T12:46:31.888Z
sensor.adaptivecharge_stormbreaker_energy_charged_yearly,9.424,2026-03-06T12:46:41.889Z
sensor.adaptivecharge_stormbreaker_energy_charged_yearly,9.432,2026-03-06T12:46:51.890Z
sensor.adaptivecharge_stormbreaker_energy_charged_yearly,9.440,2026-03-06T12:47:01.891Z
sensor.adaptivecharge_stormbreaker_energy_charged_yearly,9.447,2026-03-06T12:47:11.892Z
sensor.adaptivecharge_stormbreaker_energy_charged_yearly,9.455,2026-03-06T12:47:21.893Z
sensor.adaptivecharge_stormbreaker_energy_charged_yearly,9.463,2026-03-06T12:47:31.892Z
sensor.adaptivecharge_stormbreaker_energy_charged_yearly,9.471,2026-03-06T12:47:41.895Z
sensor.adaptivecharge_stormbreaker_energy_charged_yearly,9.479,2026-03-06T12:47:51.897Z
sensor.adaptivecharge_stormbreaker_energy_charged_yearly,9.487,2026-03-06T12:48:01.895Z
sensor.adaptivecharge_stormbreaker_energy_charged_yearly,9.495,2026-03-06T12:48:11.896Z
sensor.adaptivecharge_stormbreaker_energy_charged_yearly,9.503,2026-03-06T12:48:21.900Z
sensor.adaptivecharge_stormbreaker_energy_charged_yearly,9.511,2026-03-06T12:48:31.901Z
sensor.adaptivecharge_stormbreaker_energy_charged_yearly,9.519,2026-03-06T12:48:41.902Z
sensor.adaptivecharge_stormbreaker_energy_charged_yearly,9.526,2026-03-06T12:48:51.905Z
sensor.adaptivecharge_stormbreaker_energy_charged_yearly,9.534,2026-03-06T12:49:01.904Z
sensor.adaptivecharge_stormbreaker_energy_charged_yearly,9.542,2026-03-06T12:49:11.907Z
sensor.adaptivecharge_stormbreaker_energy_charged_yearly,9.550,2026-03-06T12:49:21.907Z
sensor.adaptivecharge_stormbreaker_energy_charged_yearly,9.558,2026-03-06T12:49:31.908Z
sensor.adaptivecharge_stormbreaker_energy_charged_yearly,9.566,2026-03-06T12:49:41.909Z
sensor.adaptivecharge_stormbreaker_energy_charged_yearly,9.574,2026-03-06T12:49:51.910Z
sensor.adaptivecharge_stormbreaker_energy_charged_yearly,9.582,2026-03-06T12:50:01.913Z
sensor.adaptivecharge_stormbreaker_energy_charged_yearly,9.590,2026-03-06T12:50:11.915Z
sensor.adaptivecharge_stormbreaker_energy_charged_yearly,9.598,2026-03-06T12:50:21.916Z
sensor.adaptivecharge_stormbreaker_energy_charged_yearly,9.606,2026-03-06T12:50:31.917Z
sensor.adaptivecharge_stormbreaker_energy_charged_yearly,9.614,2026-03-06T12:50:41.918Z
sensor.adaptivecharge_stormbreaker_energy_charged_yearly,9.621,2026-03-06T12:50:51.920Z
sensor.adaptivecharge_stormbreaker_energy_charged_yearly,9.629,2026-03-06T12:51:01.922Z
sensor.adaptivecharge_stormbreaker_energy_charged_yearly,9.637,2026-03-06T12:51:11.924Z
sensor.adaptivecharge_stormbreaker_energy_charged_yearly,9.645,2026-03-06T12:51:21.926Z
sensor.adaptivecharge_stormbreaker_energy_charged_yearly,9.653,2026-03-06T12:51:31.929Z
sensor.adaptivecharge_stormbreaker_energy_charged_yearly,9.661,2026-03-06T12:51:41.930Z
sensor.adaptivecharge_stormbreaker_energy_charged_yearly,9.669,2026-03-06T12:51:51.932Z
sensor.adaptivecharge_stormbreaker_energy_charged_yearly,9.677,2026-03-06T12:52:01.933Z
sensor.adaptivecharge_stormbreaker_energy_charged_yearly,9.685,2026-03-06T12:52:11.935Z
sensor.adaptivecharge_stormbreaker_energy_charged_yearly,9.692,2026-03-06T12:52:21.937Z
sensor.adaptivecharge_stormbreaker_energy_charged_yearly,9.700,2026-03-06T12:52:31.937Z
sensor.adaptivecharge_stormbreaker_energy_charged_yearly,9.708,2026-03-06T12:52:41.938Z
sensor.adaptivecharge_stormbreaker_energy_charged_yearly,9.716,2026-03-06T12:52:51.939Z
sensor.adaptivecharge_stormbreaker_energy_charged_yearly,9.724,2026-03-06T12:53:01.940Z
sensor.adaptivecharge_stormbreaker_energy_charged_yearly,9.732,2026-03-06T12:53:11.941Z
sensor.adaptivecharge_stormbreaker_energy_charged_yearly,9.740,2026-03-06T12:53:21.941Z
sensor.adaptivecharge_stormbreaker_energy_charged_yearly,9.748,2026-03-06T12:53:31.940Z
sensor.adaptivecharge_stormbreaker_energy_charged_yearly,9.756,2026-03-06T12:53:41.942Z
sensor.adaptivecharge_stormbreaker_energy_charged_yearly,9.763,2026-03-06T12:53:51.943Z
sensor.adaptivecharge_stormbreaker_energy_charged_yearly,9.771,2026-03-06T12:54:01.943Z
sensor.adaptivecharge_stormbreaker_energy_charged_yearly,9.779,2026-03-06T12:54:11.944Z
sensor.adaptivecharge_stormbreaker_energy_charged_yearly,9.787,2026-03-06T12:54:21.944Z
sensor.adaptivecharge_stormbreaker_energy_charged_yearly,9.795,2026-03-06T12:54:31.946Z
sensor.adaptivecharge_stormbreaker_energy_charged_yearly,9.803,2026-03-06T12:54:41.947Z
sensor.adaptivecharge_stormbreaker_energy_charged_yearly,9.811,2026-03-06T12:54:51.949Z
sensor.adaptivecharge_stormbreaker_energy_charged_yearly,9.819,2026-03-06T12:55:01.947Z
sensor.adaptivecharge_stormbreaker_energy_charged_yearly,9.827,2026-03-06T12:55:11.951Z
sensor.adaptivecharge_stormbreaker_energy_charged_yearly,9.834,2026-03-06T12:55:21.951Z
sensor.adaptivecharge_stormbreaker_energy_charged_yearly,9.842,2026-03-06T12:55:31.953Z
sensor.adaptivecharge_stormbreaker_energy_charged_yearly,9.850,2026-03-06T12:55:41.954Z
sensor.adaptivecharge_stormbreaker_energy_charged_yearly,9.858,2026-03-06T12:55:51.955Z
sensor.adaptivecharge_stormbreaker_energy_charged_yearly,9.866,2026-03-06T12:56:01.956Z
sensor.adaptivecharge_stormbreaker_energy_charged_yearly,9.874,2026-03-06T12:56:11.957Z
sensor.adaptivecharge_stormbreaker_energy_charged_yearly,9.882,2026-03-06T12:56:21.958Z
sensor.adaptivecharge_stormbreaker_energy_charged_yearly,9.890,2026-03-06T12:56:31.960Z
sensor.adaptivecharge_stormbreaker_energy_charged_yearly,9.898,2026-03-06T12:56:41.959Z
sensor.adaptivecharge_stormbreaker_energy_charged_yearly,9.906,2026-03-06T12:56:51.961Z
sensor.adaptivecharge_stormbreaker_energy_charged_yearly,9.913,2026-03-06T12:57:01.962Z
sensor.adaptivecharge_stormbreaker_energy_charged_yearly,9.921,2026-03-06T12:57:11.962Z
sensor.adaptivecharge_stormbreaker_energy_charged_yearly,9.929,2026-03-06T12:57:21.962Z
sensor.adaptivecharge_stormbreaker_energy_charged_yearly,9.937,2026-03-06T12:57:31.963Z
sensor.adaptivecharge_stormbreaker_energy_charged_yearly,9.945,2026-03-06T12:57:41.963Z
sensor.adaptivecharge_stormbreaker_energy_charged_yearly,9.953,2026-03-06T12:57:51.965Z
sensor.adaptivecharge_stormbreaker_energy_charged_yearly,9.961,2026-03-06T12:58:01.967Z
sensor.adaptivecharge_stormbreaker_energy_charged_yearly,9.969,2026-03-06T12:58:11.969Z
sensor.adaptivecharge_stormbreaker_energy_charged_yearly,9.977,2026-03-06T12:58:21.969Z
sensor.adaptivecharge_stormbreaker_energy_charged_yearly,9.984,2026-03-06T12:58:31.970Z
sensor.adaptivecharge_stormbreaker_energy_charged_yearly,9.992,2026-03-06T12:58:41.970Z
sensor.adaptivecharge_stormbreaker_energy_charged_yearly,10.000,2026-03-06T12:58:51.972Z
sensor.adaptivecharge_stormbreaker_energy_charged_yearly,10.008,2026-03-06T12:59:01.973Z
sensor.adaptivecharge_stormbreaker_energy_charged_yearly,10.016,2026-03-06T12:59:11.975Z
sensor.adaptivecharge_stormbreaker_energy_charged_yearly,10.024,2026-03-06T12:59:21.974Z
sensor.adaptivecharge_stormbreaker_energy_charged_yearly,10.032,2026-03-06T12:59:31.977Z
sensor.adaptivecharge_stormbreaker_energy_charged_yearly,10.040,2026-03-06T12:59:41.978Z
sensor.adaptivecharge_stormbreaker_energy_charged_yearly,10.048,2026-03-06T12:59:51.979Z
sensor.adaptivecharge_stormbreaker_energy_charged_yearly,10.056,2026-03-06T13:00:01.980Z
sensor.adaptivecharge_stormbreaker_energy_charged_yearly,10.063,2026-03-06T13:00:11.980Z
sensor.adaptivecharge_stormbreaker_energy_charged_yearly,10.071,2026-03-06T13:00:21.980Z
sensor.adaptivecharge_stormbreaker_energy_charged_yearly,10.079,2026-03-06T13:00:31.982Z
sensor.adaptivecharge_stormbreaker_energy_charged_yearly,10.087,2026-03-06T13:00:41.984Z
sensor.adaptivecharge_stormbreaker_energy_charged_yearly,10.095,2026-03-06T13:00:51.985Z
sensor.adaptivecharge_stormbreaker_energy_charged_yearly,10.103,2026-03-06T13:01:01.987Z
sensor.adaptivecharge_stormbreaker_energy_charged_yearly,10.111,2026-03-06T13:01:11.987Z
sensor.adaptivecharge_stormbreaker_energy_charged_yearly,10.119,2026-03-06T13:01:21.987Z
sensor.adaptivecharge_stormbreaker_energy_charged_yearly,10.126,2026-03-06T13:01:31.988Z
sensor.adaptivecharge_stormbreaker_energy_charged_yearly,10.134,2026-03-06T13:01:41.988Z
sensor.adaptivecharge_stormbreaker_energy_charged_yearly,10.142,2026-03-06T13:01:51.988Z
sensor.adaptivecharge_stormbreaker_energy_charged_yearly,10.150,2026-03-06T13:02:01.989Z
sensor.adaptivecharge_stormbreaker_energy_charged_yearly,10.158,2026-03-06T13:02:11.990Z
sensor.adaptivecharge_stormbreaker_energy_charged_yearly,10.166,2026-03-06T13:02:21.991Z
sensor.adaptivecharge_stormbreaker_energy_charged_yearly,10.174,2026-03-06T13:02:31.992Z
sensor.adaptivecharge_stormbreaker_energy_charged_yearly,10.182,2026-03-06T13:02:41.994Z
sensor.adaptivecharge_stormbreaker_energy_charged_yearly,10.190,2026-03-06T13:02:51.995Z
sensor.adaptivecharge_stormbreaker_energy_charged_yearly,10.197,2026-03-06T13:03:01.996Z
sensor.adaptivecharge_stormbreaker_energy_charged_yearly,10.205,2026-03-06T13:03:11.997Z
sensor.adaptivecharge_stormbreaker_energy_charged_yearly,10.213,2026-03-06T13:03:21.998Z
sensor.adaptivecharge_stormbreaker_energy_charged_yearly,10.221,2026-03-06T13:03:31.999Z
sensor.adaptivecharge_stormbreaker_energy_charged_yearly,10.229,2026-03-06T13:03:42.002Z
sensor.adaptivecharge_stormbreaker_energy_charged_yearly,10.237,2026-03-06T13:03:52.002Z
sensor.adaptivecharge_stormbreaker_energy_charged_yearly,10.245,2026-03-06T13:04:02.004Z
sensor.adaptivecharge_stormbreaker_energy_charged_yearly,10.253,2026-03-06T13:04:12.005Z
sensor.adaptivecharge_stormbreaker_energy_charged_yearly,10.260,2026-03-06T13:04:22.006Z
sensor.adaptivecharge_stormbreaker_energy_charged_yearly,10.268,2026-03-06T13:04:32.005Z
sensor.adaptivecharge_stormbreaker_energy_charged_yearly,10.276,2026-03-06T13:04:42.009Z
sensor.adaptivecharge_stormbreaker_energy_charged_yearly,10.284,2026-03-06T13:04:52.008Z
sensor.adaptivecharge_stormbreaker_energy_charged_yearly,10.292,2026-03-06T13:05:02.007Z
sensor.adaptivecharge_stormbreaker_energy_charged_yearly,10.300,2026-03-06T13:05:12.009Z
sensor.adaptivecharge_stormbreaker_energy_charged_yearly,10.308,2026-03-06T13:05:22.009Z
sensor.adaptivecharge_stormbreaker_energy_charged_yearly,10.316,2026-03-06T13:05:32.011Z
sensor.adaptivecharge_stormbreaker_energy_charged_yearly,10.323,2026-03-06T13:05:42.012Z
sensor.adaptivecharge_stormbreaker_energy_charged_yearly,10.331,2026-03-06T13:05:52.013Z
sensor.adaptivecharge_stormbreaker_energy_charged_yearly,10.339,2026-03-06T13:06:02.014Z
sensor.adaptivecharge_stormbreaker_energy_charged_yearly,10.347,2026-03-06T13:06:12.015Z
sensor.adaptivecharge_stormbreaker_energy_charged_yearly,10.355,2026-03-06T13:06:22.016Z
sensor.adaptivecharge_stormbreaker_energy_charged_yearly,10.363,2026-03-06T13:06:32.015Z
sensor.adaptivecharge_stormbreaker_energy_charged_yearly,10.371,2026-03-06T13:06:42.018Z
sensor.adaptivecharge_stormbreaker_energy_charged_yearly,10.379,2026-03-06T13:06:52.018Z
sensor.adaptivecharge_stormbreaker_energy_charged_yearly,10.387,2026-03-06T13:07:02.019Z
sensor.adaptivecharge_stormbreaker_energy_charged_yearly,10.394,2026-03-06T13:07:12.019Z
sensor.adaptivecharge_stormbreaker_energy_charged_yearly,10.402,2026-03-06T13:07:22.016Z
sensor.adaptivecharge_stormbreaker_energy_charged_yearly,10.410,2026-03-06T13:07:32.021Z
sensor.adaptivecharge_stormbreaker_energy_charged_yearly,10.418,2026-03-06T13:07:42.022Z
sensor.adaptivecharge_stormbreaker_energy_charged_yearly,10.426,2026-03-06T13:07:52.021Z
sensor.adaptivecharge_stormbreaker_energy_charged_yearly,10.434,2026-03-06T13:08:02.025Z
sensor.adaptivecharge_stormbreaker_energy_charged_yearly,10.442,2026-03-06T13:08:12.027Z
sensor.adaptivecharge_stormbreaker_energy_charged_yearly,10.450,2026-03-06T13:08:22.027Z
sensor.adaptivecharge_stormbreaker_energy_charged_yearly,10.458,2026-03-06T13:08:32.028Z
sensor.adaptivecharge_stormbreaker_energy_charged_yearly,10.465,2026-03-06T13:08:42.029Z
sensor.adaptivecharge_stormbreaker_energy_charged_yearly,10.473,2026-03-06T13:08:52.031Z
sensor.adaptivecharge_stormbreaker_energy_charged_yearly,10.481,2026-03-06T13:09:02.031Z
sensor.adaptivecharge_stormbreaker_energy_charged_yearly,10.489,2026-03-06T13:09:12.033Z
sensor.adaptivecharge_stormbreaker_energy_charged_yearly,10.497,2026-03-06T13:09:22.034Z
sensor.adaptivecharge_stormbreaker_energy_charged_yearly,10.505,2026-03-06T13:09:32.035Z
sensor.adaptivecharge_stormbreaker_energy_charged_yearly,10.513,2026-03-06T13:09:42.036Z
sensor.adaptivecharge_stormbreaker_energy_charged_yearly,10.521,2026-03-06T13:09:52.037Z
sensor.adaptivecharge_stormbreaker_energy_charged_yearly,10.528,2026-03-06T13:10:02.039Z
sensor.adaptivecharge_stormbreaker_energy_charged_yearly,10.536,2026-03-06T13:10:12.039Z
sensor.adaptivecharge_stormbreaker_energy_charged_yearly,10.544,2026-03-06T13:10:22.041Z
sensor.adaptivecharge_stormbreaker_energy_charged_yearly,10.552,2026-03-06T13:10:32.041Z
sensor.adaptivecharge_stormbreaker_energy_charged_yearly,10.560,2026-03-06T13:10:42.042Z
sensor.adaptivecharge_stormbreaker_energy_charged_yearly,10.568,2026-03-06T13:10:52.042Z
sensor.adaptivecharge_stormbreaker_energy_charged_yearly,10.576,2026-03-06T13:11:02.044Z
sensor.adaptivecharge_stormbreaker_energy_charged_yearly,10.584,2026-03-06T13:11:12.044Z
sensor.adaptivecharge_stormbreaker_energy_charged_yearly,10.592,2026-03-06T13:11:22.045Z
sensor.adaptivecharge_stormbreaker_energy_charged_yearly,10.599,2026-03-06T13:11:32.046Z
sensor.adaptivecharge_stormbreaker_energy_charged_yearly,10.607,2026-03-06T13:11:42.049Z
sensor.adaptivecharge_stormbreaker_energy_charged_yearly,10.615,2026-03-06T13:11:52.052Z
sensor.adaptivecharge_stormbreaker_energy_charged_yearly,10.623,2026-03-06T13:12:02.061Z
sensor.adaptivecharge_stormbreaker_energy_charged_yearly,10.631,2026-03-06T13:12:12.056Z
sensor.adaptivecharge_stormbreaker_energy_charged_yearly,10.639,2026-03-06T13:12:22.057Z
sensor.adaptivecharge_stormbreaker_energy_charged_yearly,10.647,2026-03-06T13:12:32.057Z
sensor.adaptivecharge_stormbreaker_energy_charged_yearly,10.655,2026-03-06T13:12:42.058Z
sensor.adaptivecharge_stormbreaker_energy_charged_yearly,10.663,2026-03-06T13:12:52.059Z
sensor.adaptivecharge_stormbreaker_energy_charged_yearly,10.670,2026-03-06T13:13:02.060Z
sensor.adaptivecharge_stormbreaker_energy_charged_yearly,10.678,2026-03-06T13:13:12.060Z
sensor.adaptivecharge_stormbreaker_energy_charged_yearly,10.686,2026-03-06T13:13:22.061Z
sensor.adaptivecharge_stormbreaker_energy_charged_yearly,10.694,2026-03-06T13:13:32.063Z
sensor.adaptivecharge_stormbreaker_energy_charged_yearly,10.702,2026-03-06T13:13:42.064Z
sensor.adaptivecharge_stormbreaker_energy_charged_yearly,10.710,2026-03-06T13:13:52.066Z
sensor.adaptivecharge_stormbreaker_energy_charged_yearly,10.718,2026-03-06T13:14:02.067Z
sensor.adaptivecharge_stormbreaker_energy_charged_yearly,10.726,2026-03-06T13:14:12.069Z
sensor.adaptivecharge_stormbreaker_energy_charged_yearly,10.734,2026-03-06T13:14:22.069Z
sensor.adaptivecharge_stormbreaker_energy_charged_yearly,10.741,2026-03-06T13:14:32.071Z
sensor.adaptivecharge_stormbreaker_energy_charged_yearly,10.749,2026-03-06T13:14:42.071Z
sensor.adaptivecharge_stormbreaker_energy_charged_yearly,10.757,2026-03-06T13:14:52.072Z
sensor.adaptivecharge_stormbreaker_energy_charged_yearly,10.765,2026-03-06T13:15:02.074Z
sensor.adaptivecharge_stormbreaker_energy_charged_yearly,10.773,2026-03-06T13:15:12.076Z
sensor.adaptivecharge_stormbreaker_energy_charged_yearly,10.781,2026-03-06T13:15:22.076Z
sensor.adaptivecharge_stormbreaker_energy_charged_yearly,10.789,2026-03-06T13:15:32.078Z
sensor.adaptivecharge_stormbreaker_energy_charged_yearly,10.797,2026-03-06T13:15:42.080Z
sensor.adaptivecharge_stormbreaker_energy_charged_yearly,10.804,2026-03-06T13:15:52.082Z
sensor.adaptivecharge_stormbreaker_energy_charged_yearly,10.812,2026-03-06T13:16:02.082Z
sensor.adaptivecharge_stormbreaker_energy_charged_yearly,10.820,2026-03-06T13:16:12.083Z
sensor.adaptivecharge_stormbreaker_energy_charged_yearly,10.828,2026-03-06T13:16:22.084Z
sensor.adaptivecharge_stormbreaker_energy_charged_yearly,10.836,2026-03-06T13:16:32.084Z
sensor.adaptivecharge_stormbreaker_energy_charged_yearly,10.844,2026-03-06T13:16:42.085Z
sensor.adaptivecharge_stormbreaker_energy_charged_yearly,10.852,2026-03-06T13:16:52.086Z
sensor.adaptivecharge_stormbreaker_energy_charged_yearly,10.860,2026-03-06T13:17:02.087Z
sensor.adaptivecharge_stormbreaker_energy_charged_yearly,10.868,2026-03-06T13:17:12.088Z
sensor.adaptivecharge_stormbreaker_energy_charged_yearly,10.875,2026-03-06T13:17:22.088Z
sensor.adaptivecharge_stormbreaker_energy_charged_yearly,10.883,2026-03-06T13:17:32.090Z
sensor.adaptivecharge_stormbreaker_energy_charged_yearly,10.891,2026-03-06T13:17:42.091Z
sensor.adaptivecharge_stormbreaker_energy_charged_yearly,10.899,2026-03-06T13:17:52.092Z
sensor.adaptivecharge_stormbreaker_energy_charged_yearly,10.907,2026-03-06T13:18:02.092Z
sensor.adaptivecharge_stormbreaker_energy_charged_yearly,10.915,2026-03-06T13:18:12.093Z
sensor.adaptivecharge_stormbreaker_energy_charged_yearly,10.923,2026-03-06T13:18:22.093Z
sensor.adaptivecharge_stormbreaker_energy_charged_yearly,10.931,2026-03-06T13:18:32.095Z
sensor.adaptivecharge_stormbreaker_energy_charged_yearly,10.939,2026-03-06T13:18:42.094Z
sensor.adaptivecharge_stormbreaker_energy_charged_yearly,10.947,2026-03-06T13:18:52.096Z
sensor.adaptivecharge_stormbreaker_energy_charged_yearly,10.954,2026-03-06T13:19:02.095Z
sensor.adaptivecharge_stormbreaker_energy_charged_yearly,10.962,2026-03-06T13:19:12.099Z
sensor.adaptivecharge_stormbreaker_energy_charged_yearly,10.970,2026-03-06T13:19:22.101Z
sensor.adaptivecharge_stormbreaker_energy_charged_yearly,10.978,2026-03-06T13:19:32.103Z
sensor.adaptivecharge_stormbreaker_energy_charged_yearly,10.986,2026-03-06T13:19:42.104Z
sensor.adaptivecharge_stormbreaker_energy_charged_yearly,10.994,2026-03-06T13:19:52.105Z
sensor.adaptivecharge_stormbreaker_energy_charged_yearly,11.002,2026-03-06T13:20:02.106Z
sensor.adaptivecharge_stormbreaker_energy_charged_yearly,11.010,2026-03-06T13:20:12.106Z
sensor.adaptivecharge_stormbreaker_energy_charged_yearly,11.018,2026-03-06T13:20:22.111Z
sensor.adaptivecharge_stormbreaker_energy_charged_yearly,11.025,2026-03-06T13:20:32.113Z
sensor.adaptivecharge_stormbreaker_energy_charged_yearly,11.033,2026-03-06T13:20:42.113Z
sensor.adaptivecharge_stormbreaker_energy_charged_yearly,11.041,2026-03-06T13:20:52.114Z
sensor.adaptivecharge_stormbreaker_energy_charged_yearly,11.049,2026-03-06T13:21:02.113Z
sensor.adaptivecharge_stormbreaker_energy_charged_yearly,11.057,2026-03-06T13:21:12.114Z
sensor.adaptivecharge_stormbreaker_energy_charged_yearly,11.065,2026-03-06T13:21:22.116Z
sensor.adaptivecharge_stormbreaker_energy_charged_yearly,11.073,2026-03-06T13:21:32.118Z
sensor.adaptivecharge_stormbreaker_energy_charged_yearly,11.081,2026-03-06T13:21:42.162Z
sensor.adaptivecharge_stormbreaker_energy_charged_yearly,11.091,2026-03-06T13:21:52.127Z
sensor.adaptivecharge_stormbreaker_energy_charged_yearly,11.101,2026-03-06T13:22:02.128Z
sensor.adaptivecharge_stormbreaker_energy_charged_yearly,11.111,2026-03-06T13:22:12.127Z
sensor.adaptivecharge_stormbreaker_energy_charged_yearly,11.121,2026-03-06T13:22:22.130Z
sensor.adaptivecharge_stormbreaker_energy_charged_yearly,11.130,2026-03-06T13:22:32.133Z
sensor.adaptivecharge_stormbreaker_energy_charged_yearly,11.140,2026-03-06T13:22:42.134Z
sensor.adaptivecharge_stormbreaker_energy_charged_yearly,11.150,2026-03-06T13:22:52.140Z
sensor.adaptivecharge_stormbreaker_energy_charged_yearly,11.160,2026-03-06T13:23:02.133Z
sensor.adaptivecharge_stormbreaker_energy_charged_yearly,11.170,2026-03-06T13:23:12.135Z
sensor.adaptivecharge_stormbreaker_energy_charged_yearly,11.180,2026-03-06T13:23:27.539Z
sensor.adaptivecharge_stormbreaker_energy_charged_yearly,11.186,2026-03-06T13:23:32.137Z
sensor.adaptivecharge_stormbreaker_energy_charged_yearly,11.192,2026-03-06T13:23:42.138Z
sensor.adaptivecharge_stormbreaker_energy_charged_yearly,11.198,2026-03-06T13:23:52.290Z
sensor.adaptivecharge_stormbreaker_energy_charged_yearly,11.204,2026-03-06T13:24:02.139Z
sensor.adaptivecharge_stormbreaker_energy_charged_yearly,11.210,2026-03-06T13:24:12.139Z
sensor.adaptivecharge_stormbreaker_energy_charged_yearly,11.216,2026-03-06T13:24:28.706Z
sensor.adaptivecharge_stormbreaker_energy_charged_yearly,11.218,2026-03-06T13:24:32.141Z
sensor.adaptivecharge_stormbreaker_energy_charged_yearly,11.220,2026-03-06T13:24:42.140Z
sensor.adaptivecharge_stormbreaker_energy_charged_yearly,11.222,2026-03-06T13:24:52.309Z
sensor.adaptivecharge_stormbreaker_energy_charged_yearly,11.224,2026-03-06T13:25:02.143Z
sensor.adaptivecharge_stormbreaker_energy_charged_yearly,11.226,2026-03-06T13:25:12.144Z
sensor.adaptivecharge_stormbreaker_energy_charged_yearly,11.228,2026-03-06T13:25:22.145Z
sensor.adaptivecharge_stormbreaker_energy_charged_yearly,11.230,2026-03-06T13:25:32.144Z
sensor.adaptivecharge_stormbreaker_energy_charged_yearly,11.232,2026-03-06T13:25:48.832Z
sensor.adaptivecharge_stormbreaker_energy_charged_yearly,11.238,2026-03-06T13:25:52.148Z
sensor.adaptivecharge_stormbreaker_energy_charged_yearly,11.244,2026-03-06T13:26:02.145Z
sensor.adaptivecharge_stormbreaker_energy_charged_yearly,11.250,2026-03-06T13:26:12.151Z
sensor.adaptivecharge_stormbreaker_energy_charged_yearly,11.256,2026-03-06T13:26:22.151Z
sensor.adaptivecharge_stormbreaker_energy_charged_yearly,11.262,2026-03-06T13:26:32.150Z
sensor.adaptivecharge_stormbreaker_energy_charged_yearly,11.268,2026-03-06T13:26:42.156Z
sensor.adaptivecharge_stormbreaker_energy_charged_yearly,11.274,2026-03-06T13:26:52.160Z
sensor.adaptivecharge_stormbreaker_energy_charged_yearly,11.280,2026-03-06T13:27:02.160Z
sensor.adaptivecharge_stormbreaker_energy_charged_yearly,11.286,2026-03-06T13:27:12.161Z
sensor.adaptivecharge_stormbreaker_energy_charged_yearly,11.292,2026-03-06T13:27:22.162Z
sensor.adaptivecharge_stormbreaker_energy_charged_yearly,11.298,2026-03-06T13:27:32.163Z
sensor.adaptivecharge_stormbreaker_energy_charged_yearly,11.304,2026-03-06T13:27:42.164Z
sensor.adaptivecharge_stormbreaker_energy_charged_yearly,11.310,2026-03-06T13:27:52.165Z
sensor.adaptivecharge_stormbreaker_energy_charged_yearly,11.316,2026-03-06T13:28:02.166Z
sensor.adaptivecharge_stormbreaker_energy_charged_yearly,11.322,2026-03-06T13:28:12.166Z
sensor.adaptivecharge_stormbreaker_energy_charged_yearly,11.328,2026-03-06T13:28:22.167Z
sensor.adaptivecharge_stormbreaker_energy_charged_yearly,11.333,2026-03-06T13:28:32.167Z
sensor.adaptivecharge_stormbreaker_energy_charged_yearly,11.339,2026-03-06T13:28:42.168Z
sensor.adaptivecharge_stormbreaker_energy_charged_yearly,11.345,2026-03-06T13:28:52.169Z
sensor.adaptivecharge_stormbreaker_energy_charged_yearly,11.351,2026-03-06T13:29:02.170Z
sensor.adaptivecharge_stormbreaker_energy_charged_yearly,11.357,2026-03-06T13:29:12.171Z
sensor.adaptivecharge_stormbreaker_energy_charged_yearly,11.363,2026-03-06T13:29:22.173Z
sensor.adaptivecharge_stormbreaker_energy_charged_yearly,11.369,2026-03-06T13:29:32.174Z
sensor.adaptivecharge_stormbreaker_energy_charged_yearly,11.375,2026-03-06T13:29:42.177Z
sensor.adaptivecharge_stormbreaker_energy_charged_yearly,11.381,2026-03-06T13:29:52.176Z
sensor.adaptivecharge_stormbreaker_energy_charged_yearly,11.387,2026-03-06T13:30:02.178Z
sensor.adaptivecharge_stormbreaker_energy_charged_yearly,11.393,2026-03-06T13:30:12.181Z
sensor.adaptivecharge_stormbreaker_energy_charged_yearly,11.399,2026-03-06T13:30:22.180Z
sensor.adaptivecharge_stormbreaker_energy_charged_yearly,11.405,2026-03-06T13:30:32.181Z
sensor.adaptivecharge_stormbreaker_energy_charged_yearly,11.411,2026-03-06T13:30:42.180Z
sensor.adaptivecharge_stormbreaker_energy_charged_yearly,11.417,2026-03-06T13:30:52.183Z
sensor.adaptivecharge_stormbreaker_energy_charged_yearly,11.423,2026-03-06T13:31:02.187Z
sensor.adaptivecharge_stormbreaker_energy_charged_yearly,11.428,2026-03-06T13:31:12.186Z
sensor.adaptivecharge_stormbreaker_energy_charged_yearly,11.434,2026-03-06T13:31:22.187Z
sensor.adaptivecharge_stormbreaker_energy_charged_yearly,11.440,2026-03-06T13:31:32.188Z
sensor.adaptivecharge_stormbreaker_energy_charged_yearly,11.446,2026-03-06T13:31:42.188Z
sensor.adaptivecharge_stormbreaker_energy_charged_yearly,11.452,2026-03-06T13:31:52.188Z
sensor.adaptivecharge_stormbreaker_energy_charged_yearly,11.458,2026-03-06T13:32:02.190Z
sensor.adaptivecharge_stormbreaker_energy_charged_yearly,11.464,2026-03-06T13:32:12.190Z
sensor.adaptivecharge_stormbreaker_energy_charged_yearly,11.470,2026-03-06T13:32:22.191Z
sensor.adaptivecharge_stormbreaker_energy_charged_yearly,11.476,2026-03-06T13:32:32.191Z
sensor.adaptivecharge_stormbreaker_energy_charged_yearly,11.482,2026-03-06T13:32:42.193Z
sensor.adaptivecharge_stormbreaker_energy_charged_yearly,11.488,2026-03-06T13:32:52.194Z
sensor.adaptivecharge_stormbreaker_energy_charged_yearly,11.494,2026-03-06T13:33:02.194Z
sensor.adaptivecharge_stormbreaker_energy_charged_yearly,11.500,2026-03-06T13:33:12.196Z
sensor.adaptivecharge_stormbreaker_energy_charged_yearly,11.506,2026-03-06T13:33:22.197Z
sensor.adaptivecharge_stormbreaker_energy_charged_yearly,11.512,2026-03-06T13:33:32.198Z
sensor.adaptivecharge_stormbreaker_energy_charged_yearly,11.518,2026-03-06T13:33:42.199Z
sensor.adaptivecharge_stormbreaker_energy_charged_yearly,11.524,2026-03-06T13:33:52.208Z
sensor.adaptivecharge_stormbreaker_energy_charged_yearly,11.529,2026-03-06T13:34:02.200Z
sensor.adaptivecharge_stormbreaker_energy_charged_yearly,11.535,2026-03-06T13:34:12.204Z
sensor.adaptivecharge_stormbreaker_energy_charged_yearly,11.541,2026-03-06T13:34:22.205Z
sensor.adaptivecharge_stormbreaker_energy_charged_yearly,11.547,2026-03-06T13:34:32.205Z
sensor.adaptivecharge_stormbreaker_solar_to_ev_ratio,76.17,2026-03-06T12:34:32.981Z
sensor.adaptivecharge_stormbreaker_solar_to_ev_ratio,76.18,2026-03-06T12:34:41.816Z
sensor.adaptivecharge_stormbreaker_solar_to_ev_ratio,76.19,2026-03-06T12:35:21.819Z
sensor.adaptivecharge_stormbreaker_solar_to_ev_ratio,76.2,2026-03-06T12:35:51.822Z
sensor.adaptivecharge_stormbreaker_solar_to_ev_ratio,76.21,2026-03-06T12:36:31.826Z
sensor.adaptivecharge_stormbreaker_solar_to_ev_ratio,76.22,2026-03-06T12:37:01.828Z
sensor.adaptivecharge_stormbreaker_solar_to_ev_ratio,76.23,2026-03-06T12:37:31.833Z
sensor.adaptivecharge_stormbreaker_solar_to_ev_ratio,76.24,2026-03-06T12:37:51.836Z
sensor.adaptivecharge_stormbreaker_solar_to_ev_ratio,76.25,2026-03-06T12:38:11.835Z
sensor.adaptivecharge_stormbreaker_solar_to_ev_ratio,76.26,2026-03-06T12:38:41.840Z
sensor.adaptivecharge_stormbreaker_solar_to_ev_ratio,76.27,2026-03-06T12:39:01.840Z
sensor.adaptivecharge_stormbreaker_solar_to_ev_ratio,76.28,2026-03-06T12:39:21.842Z
sensor.adaptivecharge_stormbreaker_solar_to_ev_ratio,76.29,2026-03-06T12:39:41.843Z
sensor.adaptivecharge_stormbreaker_solar_to_ev_ratio,76.3,2026-03-06T12:40:01.846Z
sensor.adaptivecharge_stormbreaker_solar_to_ev_ratio,76.31,2026-03-06T12:40:21.848Z
sensor.adaptivecharge_stormbreaker_solar_to_ev_ratio,76.32,2026-03-06T12:40:41.849Z
sensor.adaptivecharge_stormbreaker_solar_to_ev_ratio,76.33,2026-03-06T12:41:01.852Z
sensor.adaptivecharge_stormbreaker_solar_to_ev_ratio,76.34,2026-03-06T12:41:21.854Z
sensor.adaptivecharge_stormbreaker_solar_to_ev_ratio,76.35,2026-03-06T12:41:41.856Z
sensor.adaptivecharge_stormbreaker_solar_to_ev_ratio,76.36,2026-03-06T12:41:51.857Z
sensor.adaptivecharge_stormbreaker_solar_to_ev_ratio,76.37,2026-03-06T12:42:11.859Z
sensor.adaptivecharge_stormbreaker_solar_to_ev_ratio,76.38,2026-03-06T12:42:31.861Z
sensor.adaptivecharge_stormbreaker_solar_to_ev_ratio,76.39,2026-03-06T12:42:51.863Z
sensor.adaptivecharge_stormbreaker_solar_to_ev_ratio,76.4,2026-03-06T12:43:11.865Z
sensor.adaptivecharge_stormbreaker_solar_to_ev_ratio,76.41,2026-03-06T12:43:31.867Z
sensor.adaptivecharge_stormbreaker_solar_to_ev_ratio,76.42,2026-03-06T12:43:51.867Z
sensor.adaptivecharge_stormbreaker_solar_to_ev_ratio,76.43,2026-03-06T12:44:11.870Z
sensor.adaptivecharge_stormbreaker_solar_to_ev_ratio,76.44,2026-03-06T12:44:31.876Z
sensor.adaptivecharge_stormbreaker_solar_to_ev_ratio,76.45,2026-03-06T12:44:51.877Z
sensor.adaptivecharge_stormbreaker_solar_to_ev_ratio,76.46,2026-03-06T12:45:11.880Z
sensor.adaptivecharge_stormbreaker_solar_to_ev_ratio,76.47,2026-03-06T12:45:31.882Z
sensor.adaptivecharge_stormbreaker_solar_to_ev_ratio,76.48,2026-03-06T12:45:51.884Z
sensor.adaptivecharge_stormbreaker_solar_to_ev_ratio,76.49,2026-03-06T12:46:11.885Z
sensor.adaptivecharge_stormbreaker_solar_to_ev_ratio,76.5,2026-03-06T12:46:31.886Z
sensor.adaptivecharge_stormbreaker_solar_to_ev_ratio,76.51,2026-03-06T12:46:51.889Z
sensor.adaptivecharge_stormbreaker_solar_to_ev_ratio,76.52,2026-03-06T12:47:11.890Z
sensor.adaptivecharge_stormbreaker_solar_to_ev_ratio,76.53,2026-03-06T12:47:31.891Z
sensor.adaptivecharge_stormbreaker_solar_to_ev_ratio,76.54,2026-03-06T12:48:01.894Z
sensor.adaptivecharge_stormbreaker_solar_to_ev_ratio,76.55,2026-03-06T12:48:21.898Z
sensor.adaptivecharge_stormbreaker_solar_to_ev_ratio,76.56,2026-03-06T12:48:41.901Z
sensor.adaptivecharge_stormbreaker_solar_to_ev_ratio,76.57,2026-03-06T12:49:11.906Z
sensor.adaptivecharge_stormbreaker_solar_to_ev_ratio,76.58,2026-03-06T12:49:31.906Z
sensor.adaptivecharge_stormbreaker_solar_to_ev_ratio,76.59,2026-03-06T12:49:51.908Z
sensor.adaptivecharge_stormbreaker_solar_to_ev_ratio,76.6,2026-03-06T12:50:11.913Z
sensor.adaptivecharge_stormbreaker_solar_to_ev_ratio,76.61,2026-03-06T12:50:41.917Z
sensor.adaptivecharge_stormbreaker_solar_to_ev_ratio,76.62,2026-03-06T12:51:01.921Z
sensor.adaptivecharge_stormbreaker_solar_to_ev_ratio,76.63,2026-03-06T12:51:21.924Z
sensor.adaptivecharge_stormbreaker_solar_to_ev_ratio,76.64,2026-03-06T12:51:51.930Z
sensor.adaptivecharge_stormbreaker_solar_to_ev_ratio,76.65,2026-03-06T12:52:11.932Z
sensor.adaptivecharge_stormbreaker_solar_to_ev_ratio,76.66,2026-03-06T12:52:31.936Z
sensor.adaptivecharge_stormbreaker_solar_to_ev_ratio,76.67,2026-03-06T12:52:51.938Z
sensor.adaptivecharge_stormbreaker_solar_to_ev_ratio,76.68,2026-03-06T12:53:11.940Z
sensor.adaptivecharge_stormbreaker_solar_to_ev_ratio,76.69,2026-03-06T12:53:31.939Z
sensor.adaptivecharge_stormbreaker_solar_to_ev_ratio,76.7,2026-03-06T12:53:51.942Z
sensor.adaptivecharge_stormbreaker_solar_to_ev_ratio,76.71,2026-03-06T12:54:11.943Z
sensor.adaptivecharge_stormbreaker_solar_to_ev_ratio,76.72,2026-03-06T12:54:21.944Z
sensor.adaptivecharge_stormbreaker_solar_to_ev_ratio,76.73,2026-03-06T12:54:41.945Z
sensor.adaptivecharge_stormbreaker_solar_to_ev_ratio,76.74,2026-03-06T12:54:51.947Z
sensor.adaptivecharge_stormbreaker_solar_to_ev_ratio,76.75,2026-03-06T12:55:11.949Z
sensor.adaptivecharge_stormbreaker_solar_to_ev_ratio,76.76,2026-03-06T12:55:31.951Z
sensor.adaptivecharge_stormbreaker_solar_to_ev_ratio,76.77,2026-03-06T12:55:41.952Z
sensor.adaptivecharge_stormbreaker_solar_to_ev_ratio,76.78,2026-03-06T12:56:01.955Z
sensor.adaptivecharge_stormbreaker_solar_to_ev_ratio,76.79,2026-03-06T12:56:21.956Z
sensor.adaptivecharge_stormbreaker_solar_to_ev_ratio,76.8,2026-03-06T12:56:31.958Z
sensor.adaptivecharge_stormbreaker_solar_to_ev_ratio,76.81,2026-03-06T12:56:51.959Z
sensor.adaptivecharge_stormbreaker_solar_to_ev_ratio,76.82,2026-03-06T12:57:11.960Z
sensor.adaptivecharge_stormbreaker_solar_to_ev_ratio,76.83,2026-03-06T12:57:21.961Z
sensor.adaptivecharge_stormbreaker_solar_to_ev_ratio,76.84,2026-03-06T12:57:41.962Z
sensor.adaptivecharge_stormbreaker_solar_to_ev_ratio,76.85,2026-03-06T12:58:01.966Z
sensor.adaptivecharge_stormbreaker_solar_to_ev_ratio,76.86,2026-03-06T12:58:21.968Z
sensor.adaptivecharge_stormbreaker_solar_to_ev_ratio,76.87,2026-03-06T12:58:31.969Z
sensor.adaptivecharge_stormbreaker_solar_to_ev_ratio,76.88,2026-03-06T12:58:51.970Z
sensor.adaptivecharge_stormbreaker_solar_to_ev_ratio,76.89,2026-03-06T12:59:11.974Z
sensor.adaptivecharge_stormbreaker_solar_to_ev_ratio,76.9,2026-03-06T12:59:21.972Z
sensor.adaptivecharge_stormbreaker_solar_to_ev_ratio,76.91,2026-03-06T12:59:41.977Z
sensor.adaptivecharge_stormbreaker_solar_to_ev_ratio,76.92,2026-03-06T13:00:01.978Z
sensor.adaptivecharge_stormbreaker_solar_to_ev_ratio,76.93,2026-03-06T13:00:11.979Z
sensor.adaptivecharge_stormbreaker_solar_to_ev_ratio,76.94,2026-03-06T13:00:31.981Z
sensor.adaptivecharge_stormbreaker_solar_to_ev_ratio,76.95,2026-03-06T13:00:51.985Z
sensor.adaptivecharge_stormbreaker_solar_to_ev_ratio,76.96,2026-03-06T13:01:11.985Z
sensor.adaptivecharge_stormbreaker_solar_to_ev_ratio,76.97,2026-03-06T13:01:31.987Z
sensor.adaptivecharge_stormbreaker_solar_to_ev_ratio,76.98,2026-03-06T13:01:41.987Z
sensor.adaptivecharge_stormbreaker_solar_to_ev_ratio,76.99,2026-03-06T13:02:01.988Z
sensor.adaptivecharge_stormbreaker_solar_to_ev_ratio,77.0,2026-03-06T13:02:21.990Z
sensor.adaptivecharge_stormbreaker_solar_to_ev_ratio,77.01,2026-03-06T13:02:41.992Z
sensor.adaptivecharge_stormbreaker_solar_to_ev_ratio,77.02,2026-03-06T13:03:01.994Z
sensor.adaptivecharge_stormbreaker_solar_to_ev_ratio,77.03,2026-03-06T13:03:21.996Z
sensor.adaptivecharge_stormbreaker_solar_to_ev_ratio,77.04,2026-03-06T13:03:52.000Z
sensor.adaptivecharge_stormbreaker_solar_to_ev_ratio,77.05,2026-03-06T13:04:12.003Z
sensor.adaptivecharge_stormbreaker_solar_to_ev_ratio,77.06,2026-03-06T13:04:32.005Z
sensor.adaptivecharge_stormbreaker_solar_to_ev_ratio,77.07,2026-03-06T13:04:52.006Z
sensor.adaptivecharge_stormbreaker_solar_to_ev_ratio,77.08,2026-03-06T13:05:12.008Z
sensor.adaptivecharge_stormbreaker_solar_to_ev_ratio,77.09,2026-03-06T13:05:32.009Z
sensor.adaptivecharge_stormbreaker_solar_to_ev_ratio,77.1,2026-03-06T13:05:52.012Z
sensor.adaptivecharge_stormbreaker_solar_to_ev_ratio,77.11,2026-03-06T13:06:12.014Z
sensor.adaptivecharge_stormbreaker_solar_to_ev_ratio,77.12,2026-03-06T13:06:32.013Z
sensor.adaptivecharge_stormbreaker_solar_to_ev_ratio,77.13,2026-03-06T13:06:52.017Z
sensor.adaptivecharge_stormbreaker_solar_to_ev_ratio,77.14,2026-03-06T13:07:12.018Z
sensor.adaptivecharge_stormbreaker_solar_to_ev_ratio,77.15,2026-03-06T13:07:32.019Z
sensor.adaptivecharge_stormbreaker_solar_to_ev_ratio,77.16,2026-03-06T13:07:52.020Z
sensor.adaptivecharge_stormbreaker_solar_to_ev_ratio,77.17,2026-03-06T13:08:12.025Z
sensor.adaptivecharge_stormbreaker_solar_to_ev_ratio,77.18,2026-03-06T13:08:32.027Z
sensor.adaptivecharge_stormbreaker_solar_to_ev_ratio,77.19,2026-03-06T13:08:42.028Z
sensor.adaptivecharge_stormbreaker_solar_to_ev_ratio,77.2,2026-03-06T13:09:02.029Z
sensor.adaptivecharge_stormbreaker_solar_to_ev_ratio,77.21,2026-03-06T13:09:22.032Z
sensor.adaptivecharge_stormbreaker_solar_to_ev_ratio,77.22,2026-03-06T13:09:32.033Z
sensor.adaptivecharge_stormbreaker_solar_to_ev_ratio,77.23,2026-03-06T13:09:52.036Z
sensor.adaptivecharge_stormbreaker_solar_to_ev_ratio,77.24,2026-03-06T13:10:12.038Z
sensor.adaptivecharge_stormbreaker_solar_to_ev_ratio,77.25,2026-03-06T13:10:22.039Z
sensor.adaptivecharge_stormbreaker_solar_to_ev_ratio,77.26,2026-03-06T13:10:42.040Z
sensor.adaptivecharge_stormbreaker_solar_to_ev_ratio,77.27,2026-03-06T13:10:52.040Z
sensor.adaptivecharge_stormbreaker_solar_to_ev_ratio,77.28,2026-03-06T13:11:12.043Z
sensor.adaptivecharge_stormbreaker_solar_to_ev_ratio,77.29,2026-03-06T13:11:22.043Z
sensor.adaptivecharge_stormbreaker_solar_to_ev_ratio,77.3,2026-03-06T13:11:42.048Z
sensor.adaptivecharge_stormbreaker_solar_to_ev_ratio,77.31,2026-03-06T13:12:02.052Z
sensor.adaptivecharge_stormbreaker_solar_to_ev_ratio,77.32,2026-03-06T13:12:12.054Z
sensor.adaptivecharge_stormbreaker_solar_to_ev_ratio,77.33,2026-03-06T13:12:22.056Z
sensor.adaptivecharge_stormbreaker_solar_to_ev_ratio,77.34,2026-03-06T13:12:42.057Z
sensor.adaptivecharge_stormbreaker_solar_to_ev_ratio,77.35,2026-03-06T13:13:02.058Z
sensor.adaptivecharge_stormbreaker_solar_to_ev_ratio,77.36,2026-03-06T13:13:22.060Z
sensor.adaptivecharge_stormbreaker_solar_to_ev_ratio,77.37,2026-03-06T13:13:32.061Z
sensor.adaptivecharge_stormbreaker_solar_to_ev_ratio,77.38,2026-03-06T13:13:52.064Z
sensor.adaptivecharge_stormbreaker_solar_to_ev_ratio,77.39,2026-03-06T13:14:12.067Z
sensor.adaptivecharge_stormbreaker_solar_to_ev_ratio,77.4,2026-03-06T13:14:32.069Z
sensor.adaptivecharge_stormbreaker_solar_to_ev_ratio,77.41,2026-03-06T13:14:52.071Z
sensor.adaptivecharge_stormbreaker_solar_to_ev_ratio,77.42,2026-03-06T13:15:12.074Z
sensor.adaptivecharge_stormbreaker_solar_to_ev_ratio,77.43,2026-03-06T13:15:32.077Z
sensor.adaptivecharge_stormbreaker_solar_to_ev_ratio,77.44,2026-03-06T13:15:52.080Z
sensor.adaptivecharge_stormbreaker_solar_to_ev_ratio,77.45,2026-03-06T13:16:12.082Z
sensor.adaptivecharge_stormbreaker_solar_to_ev_ratio,77.46,2026-03-06T13:16:32.082Z
sensor.adaptivecharge_stormbreaker_solar_to_ev_ratio,77.47,2026-03-06T13:16:52.085Z
sensor.adaptivecharge_stormbreaker_solar_to_ev_ratio,77.48,2026-03-06T13:17:12.086Z
sensor.adaptivecharge_stormbreaker_solar_to_ev_ratio,77.49,2026-03-06T13:17:32.088Z
sensor.adaptivecharge_stormbreaker_solar_to_ev_ratio,77.5,2026-03-06T13:17:52.090Z
sensor.adaptivecharge_stormbreaker_solar_to_ev_ratio,77.51,2026-03-06T13:18:12.092Z
sensor.adaptivecharge_stormbreaker_solar_to_ev_ratio,77.52,2026-03-06T13:18:32.093Z
sensor.adaptivecharge_stormbreaker_solar_to_ev_ratio,77.53,2026-03-06T13:18:42.092Z
sensor.adaptivecharge_stormbreaker_solar_to_ev_ratio,77.54,2026-03-06T13:19:02.094Z
sensor.adaptivecharge_stormbreaker_solar_to_ev_ratio,77.55,2026-03-06T13:19:22.100Z
sensor.adaptivecharge_stormbreaker_solar_to_ev_ratio,77.56,2026-03-06T13:19:32.102Z
sensor.adaptivecharge_stormbreaker_solar_to_ev_ratio,77.57,2026-03-06T13:19:52.103Z
sensor.adaptivecharge_stormbreaker_solar_to_ev_ratio,77.58,2026-03-06T13:20:12.105Z
sensor.adaptivecharge_stormbreaker_solar_to_ev_ratio,77.59,2026-03-06T13:20:32.111Z
sensor.adaptivecharge_stormbreaker_solar_to_ev_ratio,77.6,2026-03-06T13:20:52.112Z
sensor.adaptivecharge_stormbreaker_solar_to_ev_ratio,77.61,2026-03-06T13:21:12.113Z
sensor.adaptivecharge_stormbreaker_solar_to_ev_ratio,77.62,2026-03-06T13:21:42.124Z
sensor.adaptivecharge_stormbreaker_solar_to_ev_ratio,77.64,2026-03-06T13:22:02.126Z
sensor.adaptivecharge_stormbreaker_solar_to_ev_ratio,77.66,2026-03-06T13:22:12.126Z
sensor.adaptivecharge_stormbreaker_solar_to_ev_ratio,77.68,2026-03-06T13:22:22.129Z
sensor.adaptivecharge_stormbreaker_solar_to_ev_ratio,77.7,2026-03-06T13:22:32.131Z
sensor.adaptivecharge_stormbreaker_solar_to_ev_ratio,77.72,2026-03-06T13:22:42.132Z
sensor.adaptivecharge_stormbreaker_solar_to_ev_ratio,77.74,2026-03-06T13:22:52.130Z
sensor.adaptivecharge_stormbreaker_solar_to_ev_ratio,77.75,2026-03-06T13:23:12.133Z
sensor.adaptivecharge_stormbreaker_solar_to_ev_ratio,77.76,2026-03-06T13:23:32.135Z
sensor.adaptivecharge_stormbreaker_solar_to_ev_ratio,77.73,2026-03-06T13:23:42.136Z
sensor.adaptivecharge_stormbreaker_solar_to_ev_ratio,77.71,2026-03-06T13:23:52.286Z
sensor.adaptivecharge_stormbreaker_solar_to_ev_ratio,77.68,2026-03-06T13:24:02.137Z
sensor.adaptivecharge_stormbreaker_solar_to_ev_ratio,77.66,2026-03-06T13:24:12.138Z
sensor.adaptivecharge_stormbreaker_solar_to_ev_ratio,77.63,2026-03-06T13:24:28.693Z
sensor.adaptivecharge_stormbreaker_solar_to_ev_ratio,77.61,2026-03-06T13:24:32.139Z
sensor.adaptivecharge_stormbreaker_solar_to_ev_ratio,77.56,2026-03-06T13:24:42.138Z
sensor.adaptivecharge_stormbreaker_solar_to_ev_ratio,77.51,2026-03-06T13:24:52.292Z
sensor.adaptivecharge_stormbreaker_solar_to_ev_ratio,77.47,2026-03-06T13:25:02.141Z
sensor.adaptivecharge_stormbreaker_solar_to_ev_ratio,77.44,2026-03-06T13:25:12.143Z
sensor.adaptivecharge_stormbreaker_solar_to_ev_ratio,77.4,2026-03-06T13:25:22.143Z
sensor.adaptivecharge_stormbreaker_solar_to_ev_ratio,77.37,2026-03-06T13:25:32.143Z
sensor.adaptivecharge_stormbreaker_solar_to_ev_ratio,77.34,2026-03-06T13:25:48.826Z
sensor.adaptivecharge_stormbreaker_solar_to_ev_ratio,77.3,2026-03-06T13:25:52.147Z
sensor.adaptivecharge_stormbreaker_solar_to_ev_ratio,77.29,2026-03-06T13:26:12.149Z
sensor.adaptivecharge_stormbreaker_solar_to_ev_ratio,77.28,2026-03-06T13:26:22.150Z
sensor.adaptivecharge_stormbreaker_solar_to_ev_ratio,77.27,2026-03-06T13:26:42.154Z
sensor.adaptivecharge_stormbreaker_solar_to_ev_ratio,77.26,2026-03-06T13:26:52.158Z
sensor.adaptivecharge_stormbreaker_solar_to_ev_ratio,77.25,2026-03-06T13:27:12.159Z
sensor.adaptivecharge_stormbreaker_solar_to_ev_ratio,77.24,2026-03-06T13:27:32.161Z
sensor.adaptivecharge_stormbreaker_solar_to_ev_ratio,77.23,2026-03-06T13:27:42.162Z
sensor.adaptivecharge_stormbreaker_solar_to_ev_ratio,77.22,2026-03-06T13:28:02.165Z
sensor.adaptivecharge_stormbreaker_solar_to_ev_ratio,77.21,2026-03-06T13:28:12.164Z
sensor.adaptivecharge_stormbreaker_solar_to_ev_ratio,77.2,2026-03-06T13:28:32.165Z
sensor.adaptivecharge_stormbreaker_solar_to_ev_ratio,77.19,2026-03-06T13:28:52.168Z
sensor.adaptivecharge_stormbreaker_solar_to_ev_ratio,77.18,2026-03-06T13:29:02.168Z
sensor.adaptivecharge_stormbreaker_solar_to_ev_ratio,77.17,2026-03-06T13:29:22.172Z
sensor.adaptivecharge_stormbreaker_solar_to_ev_ratio,77.16,2026-03-06T13:29:42.175Z
sensor.adaptivecharge_stormbreaker_solar_to_ev_ratio,77.15,2026-03-06T13:29:52.175Z
sensor.adaptivecharge_stormbreaker_solar_to_ev_ratio,77.14,2026-03-06T13:30:12.178Z
sensor.adaptivecharge_stormbreaker_solar_to_ev_ratio,77.13,2026-03-06T13:30:32.180Z
sensor.adaptivecharge_stormbreaker_solar_to_ev_ratio,77.12,2026-03-06T13:30:52.182Z
sensor.adaptivecharge_stormbreaker_solar_to_ev_ratio,77.11,2026-03-06T13:31:02.184Z
sensor.adaptivecharge_stormbreaker_solar_to_ev_ratio,77.1,2026-03-06T13:31:22.185Z
sensor.adaptivecharge_stormbreaker_solar_to_ev_ratio,77.09,2026-03-06T13:31:42.187Z
sensor.adaptivecharge_stormbreaker_solar_to_ev_ratio,77.08,2026-03-06T13:32:02.189Z
sensor.adaptivecharge_stormbreaker_solar_to_ev_ratio,77.07,2026-03-06T13:32:12.189Z
sensor.adaptivecharge_stormbreaker_solar_to_ev_ratio,77.06,2026-03-06T13:32:32.191Z
sensor.adaptivecharge_stormbreaker_solar_to_ev_ratio,77.05,2026-03-06T13:32:52.192Z
sensor.adaptivecharge_stormbreaker_solar_to_ev_ratio,77.04,2026-03-06T13:33:12.195Z
sensor.adaptivecharge_stormbreaker_solar_to_ev_ratio,77.03,2026-03-06T13:33:22.196Z
sensor.adaptivecharge_stormbreaker_solar_to_ev_ratio,77.02,2026-03-06T13:33:42.198Z
sensor.adaptivecharge_stormbreaker_solar_to_ev_ratio,77.01,2026-03-06T13:34:02.199Z
sensor.adaptivecharge_stormbreaker_solar_to_ev_ratio,77.0,2026-03-06T13:34:12.202Z
sensor.adaptivecharge_stormbreaker_solar_to_ev_ratio,76.99,2026-03-06T13:34:32.203Z
sensor.adaptivecharge_stormbreaker_charging_overhead,16.2,2026-03-06T12:34:32.981Z
sensor.adaptivecharge_stormbreaker_charging_overhead,13.4,2026-03-06T12:34:41.816Z
sensor.adaptivecharge_stormbreaker_charging_overhead,13.6,2026-03-06T12:34:51.817Z
sensor.adaptivecharge_stormbreaker_charging_overhead,13.7,2026-03-06T12:35:01.817Z
sensor.adaptivecharge_stormbreaker_charging_overhead,13.9,2026-03-06T12:35:11.818Z
sensor.adaptivecharge_stormbreaker_charging_overhead,14.0,2026-03-06T12:35:21.819Z
sensor.adaptivecharge_stormbreaker_charging_overhead,14.1,2026-03-06T12:35:31.820Z
sensor.adaptivecharge_stormbreaker_charging_overhead,14.7,2026-03-06T12:35:41.822Z
sensor.adaptivecharge_stormbreaker_charging_overhead,14.8,2026-03-06T12:35:51.822Z
sensor.adaptivecharge_stormbreaker_charging_overhead,15.0,2026-03-06T12:36:01.823Z
sensor.adaptivecharge_stormbreaker_charging_overhead,15.1,2026-03-06T12:36:11.820Z
sensor.adaptivecharge_stormbreaker_charging_overhead,15.3,2026-03-06T12:36:21.825Z
sensor.adaptivecharge_stormbreaker_charging_overhead,15.4,2026-03-06T12:36:31.826Z
sensor.adaptivecharge_stormbreaker_charging_overhead,15.5,2026-03-06T12:36:41.827Z
sensor.adaptivecharge_stormbreaker_charging_overhead,15.7,2026-03-06T12:36:51.828Z
sensor.adaptivecharge_stormbreaker_charging_overhead,15.8,2026-03-06T12:37:01.829Z
sensor.adaptivecharge_stormbreaker_charging_overhead,15.9,2026-03-06T12:37:11.829Z
sensor.adaptivecharge_stormbreaker_charging_overhead,16.1,2026-03-06T12:37:21.831Z
sensor.adaptivecharge_stormbreaker_charging_overhead,16.2,2026-03-06T12:37:31.833Z
sensor.adaptivecharge_stormbreaker_charging_overhead,16.3,2026-03-06T12:37:41.834Z
sensor.adaptivecharge_stormbreaker_charging_overhead,16.5,2026-03-06T12:37:51.836Z
sensor.adaptivecharge_stormbreaker_charging_overhead,16.6,2026-03-06T12:38:01.837Z
sensor.adaptivecharge_stormbreaker_charging_overhead,16.7,2026-03-06T12:38:11.835Z
sensor.adaptivecharge_stormbreaker_charging_overhead,16.9,2026-03-06T12:38:21.839Z
sensor.adaptivecharge_stormbreaker_charging_overhead,17.0,2026-03-06T12:38:31.840Z
sensor.adaptivecharge_stormbreaker_charging_overhead,14.3,2026-03-06T12:38:41.840Z
sensor.adaptivecharge_stormbreaker_charging_overhead,14.5,2026-03-06T12:38:51.841Z
sensor.adaptivecharge_stormbreaker_charging_overhead,14.6,2026-03-06T12:39:01.841Z
sensor.adaptivecharge_stormbreaker_charging_overhead,14.7,2026-03-06T12:39:11.841Z
sensor.adaptivecharge_stormbreaker_charging_overhead,14.9,2026-03-06T12:39:21.842Z
sensor.adaptivecharge_stormbreaker_charging_overhead,15.0,2026-03-06T12:39:31.843Z
sensor.adaptivecharge_stormbreaker_charging_overhead,15.1,2026-03-06T12:39:41.844Z
sensor.adaptivecharge_stormbreaker_charging_overhead,15.3,2026-03-06T12:39:51.845Z
sensor.adaptivecharge_stormbreaker_charging_overhead,15.4,2026-03-06T12:40:01.847Z
sensor.adaptivecharge_stormbreaker_charging_overhead,15.5,2026-03-06T12:40:11.847Z
sensor.adaptivecharge_stormbreaker_charging_overhead,15.7,2026-03-06T12:40:21.848Z
sensor.adaptivecharge_stormbreaker_charging_overhead,15.8,2026-03-06T12:40:31.848Z
sensor.adaptivecharge_stormbreaker_charging_overhead,13.6,2026-03-06T12:40:41.849Z
sensor.adaptivecharge_stormbreaker_charging_overhead,13.7,2026-03-06T12:40:51.850Z
sensor.adaptivecharge_stormbreaker_charging_overhead,13.8,2026-03-06T12:41:01.852Z
sensor.adaptivecharge_stormbreaker_charging_overhead,14.0,2026-03-06T12:41:11.854Z
sensor.adaptivecharge_stormbreaker_charging_overhead,14.1,2026-03-06T12:41:21.855Z
sensor.adaptivecharge_stormbreaker_charging_overhead,14.2,2026-03-06T12:41:31.855Z
sensor.adaptivecharge_stormbreaker_charging_overhead,14.4,2026-03-06T12:41:41.856Z
sensor.adaptivecharge_stormbreaker_charging_overhead,14.5,2026-03-06T12:41:51.857Z
sensor.adaptivecharge_stormbreaker_charging_overhead,14.6,2026-03-06T12:42:01.858Z
sensor.adaptivecharge_stormbreaker_charging_overhead,14.7,2026-03-06T12:42:11.859Z
sensor.adaptivecharge_stormbreaker_charging_overhead,14.9,2026-03-06T12:42:21.860Z
sensor.adaptivecharge_stormbreaker_charging_overhead,15.0,2026-03-06T12:42:31.862Z
sensor.adaptivecharge_stormbreaker_charging_overhead,15.1,2026-03-06T12:42:41.863Z
sensor.adaptivecharge_stormbreaker_charging_overhead,15.3,2026-03-06T12:42:51.863Z
sensor.adaptivecharge_stormbreaker_charging_overhead,15.4,2026-03-06T12:43:01.864Z
sensor.adaptivecharge_stormbreaker_charging_overhead,15.5,2026-03-06T12:43:11.865Z
sensor.adaptivecharge_stormbreaker_charging_overhead,15.7,2026-03-06T12:43:21.866Z
sensor.adaptivecharge_stormbreaker_charging_overhead,15.8,2026-03-06T12:43:31.868Z
sensor.adaptivecharge_stormbreaker_charging_overhead,15.9,2026-03-06T12:43:41.868Z
sensor.adaptivecharge_stormbreaker_charging_overhead,16.0,2026-03-06T12:43:51.867Z
sensor.adaptivecharge_stormbreaker_charging_overhead,13.9,2026-03-06T12:44:01.870Z
sensor.adaptivecharge_stormbreaker_charging_overhead,14.0,2026-03-06T12:44:11.871Z
sensor.adaptivecharge_stormbreaker_charging_overhead,14.1,2026-03-06T12:44:21.874Z
sensor.adaptivecharge_stormbreaker_charging_overhead,14.3,2026-03-06T12:44:31.876Z
sensor.adaptivecharge_stormbreaker_charging_overhead,14.4,2026-03-06T12:44:41.878Z
sensor.adaptivecharge_stormbreaker_charging_overhead,14.5,2026-03-06T12:44:51.878Z
sensor.adaptivecharge_stormbreaker_charging_overhead,14.6,2026-03-06T12:45:01.878Z
sensor.adaptivecharge_stormbreaker_charging_overhead,14.8,2026-03-06T12:45:11.880Z
sensor.adaptivecharge_stormbreaker_charging_overhead,14.9,2026-03-06T12:45:21.879Z
sensor.adaptivecharge_stormbreaker_charging_overhead,15.0,2026-03-06T12:45:31.883Z
sensor.adaptivecharge_stormbreaker_charging_overhead,15.1,2026-03-06T12:45:41.883Z
sensor.adaptivecharge_stormbreaker_charging_overhead,15.3,2026-03-06T12:45:51.884Z
sensor.adaptivecharge_stormbreaker_charging_overhead,15.4,2026-03-06T12:46:01.885Z
sensor.adaptivecharge_stormbreaker_charging_overhead,15.5,2026-03-06T12:46:11.885Z
sensor.adaptivecharge_stormbreaker_charging_overhead,15.7,2026-03-06T12:46:21.887Z
sensor.adaptivecharge_stormbreaker_charging_overhead,15.8,2026-03-06T12:46:31.887Z
sensor.adaptivecharge_stormbreaker_charging_overhead,15.9,2026-03-06T12:46:41.888Z
sensor.adaptivecharge_stormbreaker_charging_overhead,16.0,2026-03-06T12:46:51.889Z
sensor.adaptivecharge_stormbreaker_charging_overhead,16.1,2026-03-06T12:47:01.890Z
sensor.adaptivecharge_stormbreaker_charging_overhead,13.7,2026-03-06T12:47:11.891Z
sensor.adaptivecharge_stormbreaker_charging_overhead,13.8,2026-03-06T12:47:21.892Z
sensor.adaptivecharge_stormbreaker_charging_overhead,13.9,2026-03-06T12:47:31.891Z
sensor.adaptivecharge_stormbreaker_charging_overhead,14.0,2026-03-06T12:47:41.893Z
sensor.adaptivecharge_stormbreaker_charging_overhead,14.2,2026-03-06T12:47:51.896Z
sensor.adaptivecharge_stormbreaker_charging_overhead,14.3,2026-03-06T12:48:01.895Z
sensor.adaptivecharge_stormbreaker_charging_overhead,14.8,2026-03-06T12:48:11.895Z
sensor.adaptivecharge_stormbreaker_charging_overhead,14.9,2026-03-06T12:48:21.899Z
sensor.adaptivecharge_stormbreaker_charging_overhead,15.0,2026-03-06T12:48:31.900Z
sensor.adaptivecharge_stormbreaker_charging_overhead,15.2,2026-03-06T12:48:41.901Z
sensor.adaptivecharge_stormbreaker_charging_overhead,15.3,2026-03-06T12:48:51.904Z
sensor.adaptivecharge_stormbreaker_charging_overhead,15.4,2026-03-06T12:49:01.903Z
sensor.adaptivecharge_stormbreaker_charging_overhead,15.2,2026-03-06T12:49:11.906Z
sensor.adaptivecharge_stormbreaker_charging_overhead,15.3,2026-03-06T12:49:21.906Z
sensor.adaptivecharge_stormbreaker_charging_overhead,15.4,2026-03-06T12:49:31.906Z
sensor.adaptivecharge_stormbreaker_charging_overhead,15.5,2026-03-06T12:49:41.908Z
sensor.adaptivecharge_stormbreaker_charging_overhead,15.7,2026-03-06T12:49:51.908Z
sensor.adaptivecharge_stormbreaker_charging_overhead,15.8,2026-03-06T12:50:01.912Z
sensor.adaptivecharge_stormbreaker_charging_overhead,15.9,2026-03-06T12:50:11.914Z
sensor.adaptivecharge_stormbreaker_charging_overhead,16.0,2026-03-06T12:50:21.915Z
sensor.adaptivecharge_stormbreaker_charging_overhead,16.1,2026-03-06T12:50:31.916Z
sensor.adaptivecharge_stormbreaker_charging_overhead,16.3,2026-03-06T12:50:41.917Z
sensor.adaptivecharge_stormbreaker_charging_overhead,16.4,2026-03-06T12:50:51.919Z
sensor.adaptivecharge_stormbreaker_charging_overhead,16.5,2026-03-06T12:51:01.921Z
sensor.adaptivecharge_stormbreaker_charging_overhead,14.5,2026-03-06T12:51:11.923Z
sensor.adaptivecharge_stormbreaker_charging_overhead,14.6,2026-03-06T12:51:21.924Z
sensor.adaptivecharge_stormbreaker_charging_overhead,14.7,2026-03-06T12:51:31.928Z
sensor.adaptivecharge_stormbreaker_charging_overhead,14.8,2026-03-06T12:51:41.929Z
sensor.adaptivecharge_stormbreaker_charging_overhead,14.9,2026-03-06T12:51:51.930Z
sensor.adaptivecharge_stormbreaker_charging_overhead,15.1,2026-03-06T12:52:01.932Z
sensor.adaptivecharge_stormbreaker_charging_overhead,15.2,2026-03-06T12:52:11.933Z
sensor.adaptivecharge_stormbreaker_charging_overhead,15.3,2026-03-06T12:52:21.935Z
sensor.adaptivecharge_stormbreaker_charging_overhead,15.4,2026-03-06T12:52:31.936Z
sensor.adaptivecharge_stormbreaker_charging_overhead,15.5,2026-03-06T12:52:41.937Z
sensor.adaptivecharge_stormbreaker_charging_overhead,15.7,2026-03-06T12:52:51.938Z
sensor.adaptivecharge_stormbreaker_charging_overhead,15.8,2026-03-06T12:53:01.939Z
sensor.adaptivecharge_stormbreaker_charging_overhead,15.9,2026-03-06T12:53:11.940Z
sensor.adaptivecharge_stormbreaker_charging_overhead,16.0,2026-03-06T12:53:21.940Z
sensor.adaptivecharge_stormbreaker_charging_overhead,16.1,2026-03-06T12:53:31.939Z
sensor.adaptivecharge_stormbreaker_charging_overhead,14.1,2026-03-06T12:53:41.942Z
sensor.adaptivecharge_stormbreaker_charging_overhead,14.2,2026-03-06T12:53:51.942Z
sensor.adaptivecharge_stormbreaker_charging_overhead,14.4,2026-03-06T12:54:01.943Z
sensor.adaptivecharge_stormbreaker_charging_overhead,14.5,2026-03-06T12:54:11.943Z
sensor.adaptivecharge_stormbreaker_charging_overhead,14.6,2026-03-06T12:54:21.944Z
sensor.adaptivecharge_stormbreaker_charging_overhead,14.7,2026-03-06T12:54:31.945Z
sensor.adaptivecharge_stormbreaker_charging_overhead,14.8,2026-03-06T12:54:41.946Z
sensor.adaptivecharge_stormbreaker_charging_overhead,15.0,2026-03-06T12:54:51.947Z
sensor.adaptivecharge_stormbreaker_charging_overhead,15.1,2026-03-06T12:55:01.947Z
sensor.adaptivecharge_stormbreaker_charging_overhead,15.2,2026-03-06T12:55:11.950Z
sensor.adaptivecharge_stormbreaker_charging_overhead,15.3,2026-03-06T12:55:21.951Z
sensor.adaptivecharge_stormbreaker_charging_overhead,15.4,2026-03-06T12:55:31.951Z
sensor.adaptivecharge_stormbreaker_charging_overhead,15.5,2026-03-06T12:55:41.952Z
sensor.adaptivecharge_stormbreaker_charging_overhead,15.6,2026-03-06T12:55:51.954Z
sensor.adaptivecharge_stormbreaker_charging_overhead,15.8,2026-03-06T12:56:01.956Z
sensor.adaptivecharge_stormbreaker_charging_overhead,15.9,2026-03-06T12:56:11.956Z
sensor.adaptivecharge_stormbreaker_charging_overhead,16.0,2026-03-06T12:56:21.956Z
sensor.adaptivecharge_stormbreaker_charging_overhead,16.1,2026-03-06T12:56:31.958Z
sensor.adaptivecharge_stormbreaker_charging_overhead,14.2,2026-03-06T12:56:41.957Z
sensor.adaptivecharge_stormbreaker_charging_overhead,14.3,2026-03-06T12:56:51.959Z
sensor.adaptivecharge_stormbreaker_charging_overhead,14.4,2026-03-06T12:57:01.960Z
sensor.adaptivecharge_stormbreaker_charging_overhead,14.5,2026-03-06T12:57:11.960Z
sensor.adaptivecharge_stormbreaker_charging_overhead,14.6,2026-03-06T12:57:21.962Z
sensor.adaptivecharge_stormbreaker_charging_overhead,14.7,2026-03-06T12:57:31.962Z
sensor.adaptivecharge_stormbreaker_charging_overhead,14.9,2026-03-06T12:57:41.963Z
sensor.adaptivecharge_stormbreaker_charging_overhead,15.0,2026-03-06T12:57:51.965Z
sensor.adaptivecharge_stormbreaker_charging_overhead,15.1,2026-03-06T12:58:01.967Z
sensor.adaptivecharge_stormbreaker_charging_overhead,15.2,2026-03-06T12:58:11.968Z
sensor.adaptivecharge_stormbreaker_charging_overhead,15.3,2026-03-06T12:58:21.968Z
sensor.adaptivecharge_stormbreaker_charging_overhead,15.4,2026-03-06T12:58:31.969Z
sensor.adaptivecharge_stormbreaker_charging_overhead,15.5,2026-03-06T12:58:41.970Z
sensor.adaptivecharge_stormbreaker_charging_overhead,15.6,2026-03-06T12:58:51.970Z
sensor.adaptivecharge_stormbreaker_charging_overhead,15.8,2026-03-06T12:59:01.973Z
sensor.adaptivecharge_stormbreaker_charging_overhead,15.9,2026-03-06T12:59:11.974Z
sensor.adaptivecharge_stormbreaker_charging_overhead,16.0,2026-03-06T12:59:21.973Z
sensor.adaptivecharge_stormbreaker_charging_overhead,16.1,2026-03-06T12:59:31.975Z
sensor.adaptivecharge_stormbreaker_charging_overhead,13.9,2026-03-06T12:59:41.977Z
sensor.adaptivecharge_stormbreaker_charging_overhead,14.0,2026-03-06T12:59:51.978Z
sensor.adaptivecharge_stormbreaker_charging_overhead,14.1,2026-03-06T13:00:01.979Z
sensor.adaptivecharge_stormbreaker_charging_overhead,14.2,2026-03-06T13:00:11.979Z
sensor.adaptivecharge_stormbreaker_charging_overhead,14.3,2026-03-06T13:00:21.980Z
sensor.adaptivecharge_stormbreaker_charging_overhead,14.4,2026-03-06T13:00:31.981Z
sensor.adaptivecharge_stormbreaker_charging_overhead,14.9,2026-03-06T13:00:41.983Z
sensor.adaptivecharge_stormbreaker_charging_overhead,15.0,2026-03-06T13:00:51.985Z
sensor.adaptivecharge_stormbreaker_charging_overhead,15.1,2026-03-06T13:01:01.985Z
sensor.adaptivecharge_stormbreaker_charging_overhead,15.2,2026-03-06T13:01:11.985Z
sensor.adaptivecharge_stormbreaker_charging_overhead,15.3,2026-03-06T13:01:21.986Z
sensor.adaptivecharge_stormbreaker_charging_overhead,15.4,2026-03-06T13:01:31.987Z
sensor.adaptivecharge_stormbreaker_charging_overhead,15.5,2026-03-06T13:01:41.988Z
sensor.adaptivecharge_stormbreaker_charging_overhead,15.6,2026-03-06T13:01:51.988Z
sensor.adaptivecharge_stormbreaker_charging_overhead,15.7,2026-03-06T13:02:01.988Z
sensor.adaptivecharge_stormbreaker_charging_overhead,15.9,2026-03-06T13:02:11.989Z
sensor.adaptivecharge_stormbreaker_charging_overhead,16.0,2026-03-06T13:02:21.990Z
sensor.adaptivecharge_stormbreaker_charging_overhead,16.1,2026-03-06T13:02:31.991Z
sensor.adaptivecharge_stormbreaker_charging_overhead,15.9,2026-03-06T13:02:41.993Z
sensor.adaptivecharge_stormbreaker_charging_overhead,16.0,2026-03-06T13:02:51.994Z
sensor.adaptivecharge_stormbreaker_charging_overhead,16.1,2026-03-06T13:03:01.995Z
sensor.adaptivecharge_stormbreaker_charging_overhead,16.2,2026-03-06T13:03:11.995Z
sensor.adaptivecharge_stormbreaker_charging_overhead,16.3,2026-03-06T13:03:21.997Z
sensor.adaptivecharge_stormbreaker_charging_overhead,16.4,2026-03-06T13:03:31.997Z
sensor.adaptivecharge_stormbreaker_charging_overhead,14.6,2026-03-06T13:03:42.001Z
sensor.adaptivecharge_stormbreaker_charging_overhead,14.7,2026-03-06T13:03:52.001Z
sensor.adaptivecharge_stormbreaker_charging_overhead,14.8,2026-03-06T13:04:02.003Z
sensor.adaptivecharge_stormbreaker_charging_overhead,14.9,2026-03-06T13:04:12.003Z
sensor.adaptivecharge_stormbreaker_charging_overhead,15.0,2026-03-06T13:04:22.005Z
sensor.adaptivecharge_stormbreaker_charging_overhead,15.1,2026-03-06T13:04:32.005Z
sensor.adaptivecharge_stormbreaker_charging_overhead,15.2,2026-03-06T13:04:42.006Z
sensor.adaptivecharge_stormbreaker_charging_overhead,15.3,2026-03-06T13:04:52.007Z
sensor.adaptivecharge_stormbreaker_charging_overhead,15.4,2026-03-06T13:05:02.006Z
sensor.adaptivecharge_stormbreaker_charging_overhead,15.5,2026-03-06T13:05:12.009Z
sensor.adaptivecharge_stormbreaker_charging_overhead,15.6,2026-03-06T13:05:22.008Z
sensor.adaptivecharge_stormbreaker_charging_overhead,15.7,2026-03-06T13:05:32.010Z
sensor.adaptivecharge_stormbreaker_charging_overhead,15.8,2026-03-06T13:05:42.011Z
sensor.adaptivecharge_stormbreaker_charging_overhead,16.0,2026-03-06T13:05:52.012Z
sensor.adaptivecharge_stormbreaker_charging_overhead,14.1,2026-03-06T13:06:02.013Z
sensor.adaptivecharge_stormbreaker_charging_overhead,14.3,2026-03-06T13:06:12.014Z
sensor.adaptivecharge_stormbreaker_charging_overhead,14.4,2026-03-06T13:06:22.015Z
sensor.adaptivecharge_stormbreaker_charging_overhead,14.5,2026-03-06T13:06:32.014Z
sensor.adaptivecharge_stormbreaker_charging_overhead,14.6,2026-03-06T13:06:42.017Z
sensor.adaptivecharge_stormbreaker_charging_overhead,14.7,2026-03-06T13:06:52.017Z
sensor.adaptivecharge_stormbreaker_charging_overhead,14.8,2026-03-06T13:07:02.018Z
sensor.adaptivecharge_stormbreaker_charging_overhead,14.9,2026-03-06T13:07:12.019Z
sensor.adaptivecharge_stormbreaker_charging_overhead,15.0,2026-03-06T13:07:22.016Z
sensor.adaptivecharge_stormbreaker_charging_overhead,15.1,2026-03-06T13:07:32.020Z
sensor.adaptivecharge_stormbreaker_charging_overhead,15.2,2026-03-06T13:07:42.021Z
sensor.adaptivecharge_stormbreaker_charging_overhead,15.3,2026-03-06T13:07:52.020Z
sensor.adaptivecharge_stormbreaker_charging_overhead,15.4,2026-03-06T13:08:02.024Z
sensor.adaptivecharge_stormbreaker_charging_overhead,15.5,2026-03-06T13:08:12.025Z
sensor.adaptivecharge_stormbreaker_charging_overhead,15.6,2026-03-06T13:08:22.026Z
sensor.adaptivecharge_stormbreaker_charging_overhead,15.7,2026-03-06T13:08:32.028Z
sensor.adaptivecharge_stormbreaker_charging_overhead,15.8,2026-03-06T13:08:42.028Z
sensor.adaptivecharge_stormbreaker_charging_overhead,15.9,2026-03-06T13:08:52.029Z
sensor.adaptivecharge_stormbreaker_charging_overhead,16.0,2026-03-06T13:09:02.030Z
sensor.adaptivecharge_stormbreaker_charging_overhead,14.3,2026-03-06T13:09:12.032Z
sensor.adaptivecharge_stormbreaker_charging_overhead,14.4,2026-03-06T13:09:22.033Z
sensor.adaptivecharge_stormbreaker_charging_overhead,14.5,2026-03-06T13:09:32.034Z
sensor.adaptivecharge_stormbreaker_charging_overhead,14.6,2026-03-06T13:09:42.035Z
sensor.adaptivecharge_stormbreaker_charging_overhead,14.7,2026-03-06T13:09:52.037Z
sensor.adaptivecharge_stormbreaker_charging_overhead,14.8,2026-03-06T13:10:02.037Z
sensor.adaptivecharge_stormbreaker_charging_overhead,14.9,2026-03-06T13:10:12.038Z
sensor.adaptivecharge_stormbreaker_charging_overhead,15.0,2026-03-06T13:10:22.039Z
sensor.adaptivecharge_stormbreaker_charging_overhead,15.1,2026-03-06T13:10:32.040Z
sensor.adaptivecharge_stormbreaker_charging_overhead,15.2,2026-03-06T13:10:42.040Z
sensor.adaptivecharge_stormbreaker_charging_overhead,15.3,2026-03-06T13:10:52.041Z
sensor.adaptivecharge_stormbreaker_charging_overhead,15.4,2026-03-06T13:11:02.042Z
sensor.adaptivecharge_stormbreaker_charging_overhead,15.5,2026-03-06T13:11:12.043Z
sensor.adaptivecharge_stormbreaker_charging_overhead,15.6,2026-03-06T13:11:22.043Z
sensor.adaptivecharge_stormbreaker_charging_overhead,15.7,2026-03-06T13:11:32.045Z
sensor.adaptivecharge_stormbreaker_charging_overhead,15.8,2026-03-06T13:11:42.048Z
sensor.adaptivecharge_stormbreaker_charging_overhead,15.9,2026-03-06T13:11:52.050Z
sensor.adaptivecharge_stormbreaker_charging_overhead,16.0,2026-03-06T13:12:02.052Z
sensor.adaptivecharge_stormbreaker_charging_overhead,16.1,2026-03-06T13:12:12.055Z
sensor.adaptivecharge_stormbreaker_charging_overhead,16.2,2026-03-06T13:12:22.056Z
sensor.adaptivecharge_stormbreaker_charging_overhead,14.2,2026-03-06T13:12:32.056Z
sensor.adaptivecharge_stormbreaker_charging_overhead,14.3,2026-03-06T13:12:42.057Z
sensor.adaptivecharge_stormbreaker_charging_overhead,14.4,2026-03-06T13:12:52.058Z
sensor.adaptivecharge_stormbreaker_charging_overhead,14.5,2026-03-06T13:13:02.058Z
sensor.adaptivecharge_stormbreaker_charging_overhead,14.6,2026-03-06T13:13:12.059Z
sensor.adaptivecharge_stormbreaker_charging_overhead,14.7,2026-03-06T13:13:22.060Z
sensor.adaptivecharge_stormbreaker_charging_overhead,15.1,2026-03-06T13:13:32.062Z
sensor.adaptivecharge_stormbreaker_charging_overhead,15.2,2026-03-06T13:13:42.063Z
sensor.adaptivecharge_stormbreaker_charging_overhead,15.3,2026-03-06T13:13:52.065Z
sensor.adaptivecharge_stormbreaker_charging_overhead,15.4,2026-03-06T13:14:02.066Z
sensor.adaptivecharge_stormbreaker_charging_overhead,15.5,2026-03-06T13:14:12.067Z
sensor.adaptivecharge_stormbreaker_charging_overhead,15.6,2026-03-06T13:14:22.068Z
sensor.adaptivecharge_stormbreaker_charging_overhead,15.7,2026-03-06T13:14:32.070Z
sensor.adaptivecharge_stormbreaker_charging_overhead,15.8,2026-03-06T13:14:42.070Z
sensor.adaptivecharge_stormbreaker_charging_overhead,15.9,2026-03-06T13:14:52.071Z
sensor.adaptivecharge_stormbreaker_charging_overhead,16.0,2026-03-06T13:15:02.073Z
sensor.adaptivecharge_stormbreaker_charging_overhead,16.1,2026-03-06T13:15:12.074Z
sensor.adaptivecharge_stormbreaker_charging_overhead,16.2,2026-03-06T13:15:22.074Z
sensor.adaptivecharge_stormbreaker_charging_overhead,16.0,2026-03-06T13:15:32.077Z
sensor.adaptivecharge_stormbreaker_charging_overhead,16.1,2026-03-06T13:15:42.079Z
sensor.adaptivecharge_stormbreaker_charging_overhead,16.2,2026-03-06T13:15:52.081Z
sensor.adaptivecharge_stormbreaker_charging_overhead,16.3,2026-03-06T13:16:02.082Z
sensor.adaptivecharge_stormbreaker_charging_overhead,16.4,2026-03-06T13:16:12.082Z
sensor.adaptivecharge_stormbreaker_charging_overhead,16.5,2026-03-06T13:16:22.083Z
sensor.adaptivecharge_stormbreaker_charging_overhead,14.8,2026-03-06T13:16:32.083Z
sensor.adaptivecharge_stormbreaker_charging_overhead,14.9,2026-03-06T13:16:42.084Z
sensor.adaptivecharge_stormbreaker_charging_overhead,15.0,2026-03-06T13:16:52.085Z
sensor.adaptivecharge_stormbreaker_charging_overhead,15.1,2026-03-06T13:17:02.086Z
sensor.adaptivecharge_stormbreaker_charging_overhead,15.2,2026-03-06T13:17:12.087Z
sensor.adaptivecharge_stormbreaker_charging_overhead,15.3,2026-03-06T13:17:22.087Z
sensor.adaptivecharge_stormbreaker_charging_overhead,15.4,2026-03-06T13:17:32.088Z
sensor.adaptivecharge_stormbreaker_charging_overhead,15.5,2026-03-06T13:17:42.089Z
sensor.adaptivecharge_stormbreaker_charging_overhead,15.6,2026-03-06T13:17:52.090Z
sensor.adaptivecharge_stormbreaker_charging_overhead,15.7,2026-03-06T13:18:02.091Z
sensor.adaptivecharge_stormbreaker_charging_overhead,15.8,2026-03-06T13:18:12.093Z
sensor.adaptivecharge_stormbreaker_charging_overhead,15.9,2026-03-06T13:18:22.093Z
sensor.adaptivecharge_stormbreaker_charging_overhead,16.0,2026-03-06T13:18:32.093Z
sensor.adaptivecharge_stormbreaker_charging_overhead,14.4,2026-03-06T13:18:42.092Z
sensor.adaptivecharge_stormbreaker_charging_overhead,14.5,2026-03-06T13:18:52.094Z
sensor.adaptivecharge_stormbreaker_charging_overhead,14.6,2026-03-06T13:19:02.094Z
sensor.adaptivecharge_stormbreaker_charging_overhead,14.7,2026-03-06T13:19:12.098Z
sensor.adaptivecharge_stormbreaker_charging_overhead,14.8,2026-03-06T13:19:32.102Z
sensor.adaptivecharge_stormbreaker_charging_overhead,14.9,2026-03-06T13:19:42.103Z
sensor.adaptivecharge_stormbreaker_charging_overhead,15.0,2026-03-06T13:19:52.103Z
sensor.adaptivecharge_stormbreaker_charging_overhead,15.1,2026-03-06T13:20:02.105Z
sensor.adaptivecharge_stormbreaker_charging_overhead,15.2,2026-03-06T13:20:12.105Z
sensor.adaptivecharge_stormbreaker_charging_overhead,15.3,2026-03-06T13:20:22.109Z
sensor.adaptivecharge_stormbreaker_charging_overhead,15.4,2026-03-06T13:20:32.112Z
sensor.adaptivecharge_stormbreaker_charging_overhead,15.5,2026-03-06T13:20:42.112Z
sensor.adaptivecharge_stormbreaker_charging_overhead,15.6,2026-03-06T13:20:52.112Z
sensor.adaptivecharge_stormbreaker_charging_overhead,15.7,2026-03-06T13:21:02.112Z
sensor.adaptivecharge_stormbreaker_charging_overhead,15.8,2026-03-06T13:21:12.114Z
sensor.adaptivecharge_stormbreaker_charging_overhead,15.9,2026-03-06T13:21:22.115Z
sensor.adaptivecharge_stormbreaker_charging_overhead,16.0,2026-03-06T13:21:32.116Z
sensor.adaptivecharge_stormbreaker_charging_overhead,16.1,2026-03-06T13:21:42.124Z
sensor.adaptivecharge_stormbreaker_charging_overhead,14.5,2026-03-06T13:21:52.127Z
sensor.adaptivecharge_stormbreaker_charging_overhead,14.6,2026-03-06T13:22:02.126Z
sensor.adaptivecharge_stormbreaker_charging_overhead,14.7,2026-03-06T13:22:12.126Z
sensor.adaptivecharge_stormbreaker_charging_overhead,14.9,2026-03-06T13:22:22.129Z
sensor.adaptivecharge_stormbreaker_charging_overhead,15.0,2026-03-06T13:22:32.131Z
sensor.adaptivecharge_stormbreaker_charging_overhead,15.1,2026-03-06T13:22:42.132Z
sensor.adaptivecharge_stormbreaker_charging_overhead,15.2,2026-03-06T13:22:52.131Z
sensor.adaptivecharge_stormbreaker_charging_overhead,15.3,2026-03-06T13:23:02.132Z
sensor.adaptivecharge_stormbreaker_charging_overhead,15.5,2026-03-06T13:23:12.134Z
sensor.adaptivecharge_stormbreaker_charging_overhead,15.6,2026-03-06T13:23:27.524Z
sensor.adaptivecharge_stormbreaker_charging_overhead,15.7,2026-03-06T13:23:42.137Z
sensor.adaptivecharge_stormbreaker_charging_overhead,15.8,2026-03-06T13:23:52.287Z
sensor.adaptivecharge_stormbreaker_charging_overhead,15.9,2026-03-06T13:24:02.137Z
sensor.adaptivecharge_stormbreaker_charging_overhead,16.0,2026-03-06T13:24:28.693Z
sensor.adaptivecharge_stormbreaker_charging_overhead,16.1,2026-03-06T13:24:52.292Z
sensor.adaptivecharge_stormbreaker_charging_overhead,14.2,2026-03-06T13:25:12.143Z
sensor.adaptivecharge_stormbreaker_charging_overhead,14.3,2026-03-06T13:25:52.148Z
sensor.adaptivecharge_stormbreaker_charging_overhead,14.4,2026-03-06T13:26:02.145Z
sensor.adaptivecharge_stormbreaker_charging_overhead,14.5,2026-03-06T13:26:12.150Z
sensor.adaptivecharge_stormbreaker_charging_overhead,14.6,2026-03-06T13:26:32.149Z
sensor.adaptivecharge_stormbreaker_charging_overhead,14.7,2026-03-06T13:26:42.154Z
sensor.adaptivecharge_stormbreaker_charging_overhead,14.8,2026-03-06T13:27:02.159Z
sensor.adaptivecharge_stormbreaker_charging_overhead,15.2,2026-03-06T13:27:12.160Z
sensor.adaptivecharge_stormbreaker_charging_overhead,15.3,2026-03-06T13:27:32.162Z
sensor.adaptivecharge_stormbreaker_charging_overhead,15.4,2026-03-06T13:27:42.163Z
sensor.adaptivecharge_stormbreaker_charging_overhead,15.5,2026-03-06T13:28:02.165Z
sensor.adaptivecharge_stormbreaker_charging_overhead,15.3,2026-03-06T13:28:12.165Z
sensor.adaptivecharge_stormbreaker_charging_overhead,15.4,2026-03-06T13:28:22.166Z
sensor.adaptivecharge_stormbreaker_charging_overhead,15.5,2026-03-06T13:28:42.167Z
sensor.adaptivecharge_stormbreaker_charging_overhead,15.6,2026-03-06T13:28:52.169Z
sensor.adaptivecharge_stormbreaker_charging_overhead,16.0,2026-03-06T13:29:12.171Z
sensor.adaptivecharge_stormbreaker_charging_overhead,16.1,2026-03-06T13:29:22.172Z
sensor.adaptivecharge_stormbreaker_charging_overhead,16.2,2026-03-06T13:29:42.175Z
sensor.adaptivecharge_stormbreaker_charging_overhead,16.3,2026-03-06T13:29:52.175Z
sensor.adaptivecharge_stormbreaker_charging_overhead,16.4,2026-03-06T13:30:12.179Z
sensor.adaptivecharge_stormbreaker_charging_overhead,16.5,2026-03-06T13:30:22.179Z
sensor.adaptivecharge_stormbreaker_charging_overhead,16.6,2026-03-06T13:30:42.179Z
sensor.adaptivecharge_stormbreaker_charging_overhead,16.7,2026-03-06T13:30:52.183Z
sensor.adaptivecharge_stormbreaker_charging_overhead,14.9,2026-03-06T13:31:12.186Z
sensor.adaptivecharge_stormbreaker_charging_overhead,15.0,2026-03-06T13:31:22.186Z
sensor.adaptivecharge_stormbreaker_charging_overhead,15.1,2026-03-06T13:31:42.187Z
sensor.adaptivecharge_stormbreaker_charging_overhead,15.2,2026-03-06T13:31:52.188Z
sensor.adaptivecharge_stormbreaker_charging_overhead,15.3,2026-03-06T13:32:12.190Z
sensor.adaptivecharge_stormbreaker_charging_overhead,15.4,2026-03-06T13:32:22.189Z
sensor.adaptivecharge_stormbreaker_charging_overhead,15.5,2026-03-06T13:32:42.192Z
sensor.adaptivecharge_stormbreaker_charging_overhead,15.6,2026-03-06T13:32:52.192Z
sensor.adaptivecharge_stormbreaker_charging_overhead,15.7,2026-03-06T13:33:12.196Z
sensor.adaptivecharge_stormbreaker_charging_overhead,15.8,2026-03-06T13:33:22.197Z
sensor.adaptivecharge_stormbreaker_charging_overhead,15.9,2026-03-06T13:33:42.198Z
sensor.adaptivecharge_stormbreaker_charging_overhead,16.0,2026-03-06T13:33:52.198Z
sensor.adaptivecharge_stormbreaker_charging_overhead,16.1,2026-03-06T13:34:12.203Z
sensor.adaptivecharge_stormbreaker_charging_overhead,16.2,2026-03-06T13:34:22.203Z
sensor.adaptivecharge_stormbreaker_range_upper_limit,275.0,2026-03-06T12:34:32.981Z
sensor.adaptivecharge_stormbreaker_range_lower_limit,262.5,2026-03-06T12:34:32.981Z
number.adaptivecharge_stormbreaker_desired_range,250.0,2026-03-06T12:34:32.981Z
sensor.adaptivecharge_stormbreaker_mode,surplus,2026-03-06T12:34:32.981Z
sensor.adaptivecharge_stormbreaker_import_guard_state,ok,2026-03-06T12:34:32.981Z
sensor.adaptivecharge_stormbreaker_import_guard_state,reducing,2026-03-06T13:23:27.523Z
sensor.adaptivecharge_stormbreaker_import_guard_state,ok,2026-03-06T13:25:12.141Z
sensor.adaptivecharge_stormbreaker_last_action,modulate_4A,2026-03-06T12:34:32.981Z
sensor.adaptivecharge_stormbreaker_last_action,modulate_3A,2026-03-06T13:23:27.523Z
sensor.adaptivecharge_stormbreaker_last_action,modulate_2A,2026-03-06T13:23:52.285Z
sensor.adaptivecharge_stormbreaker_last_action,modulate_1A,2026-03-06T13:24:28.691Z
sensor.adaptivecharge_stormbreaker_last_action,modulate_2A,2026-03-06T13:24:52.290Z
sensor.adaptivecharge_stormbreaker_last_action,modulate_3A,2026-03-06T13:25:48.824Z
sensor.adaptivecharge_stormbreaker_last_reason,import_guard_reduce,2026-03-06T12:34:32.981Z
sensor.adaptivecharge_stormbreaker_last_reason,modulate_up,2026-03-06T13:24:52.290Z
sensor.adaptivecharge_stormbreaker_alignment_diagnostics,high,2026-03-06T12:34:32.981Z
sensor.adaptivecharge_stormbreaker_alignment_diagnostics,medium,2026-03-06T13:21:52.126Z
sensor.adaptivecharge_stormbreaker_alignment_diagnostics,high,2026-03-06T13:22:02.126Z
sensor.adaptivecharge_stormbreaker_alignment_diagnostics,medium,2026-03-06T13:23:32.134Z
sensor.adaptivecharge_stormbreaker_alignment_diagnostics,high,2026-03-06T13:23:42.135Z
sensor.adaptivecharge_stormbreaker_alignment_diagnostics,medium,2026-03-06T13:24:32.138Z
sensor.adaptivecharge_stormbreaker_alignment_diagnostics,high,2026-03-06T13:24:42.138Z
sensor.adaptivecharge_stormbreaker_alignment_diagnostics,medium,2026-03-06T13:24:52.291Z
sensor.adaptivecharge_stormbreaker_alignment_diagnostics,high,2026-03-06T13:25:02.140Z
sensor.adaptivecharge_stormbreaker_alignment_diagnostics,medium,2026-03-06T13:25:52.146Z
sensor.adaptivecharge_stormbreaker_alignment_diagnostics,high,2026-03-06T13:26:02.144Z
sensor.adaptivecharge_stormbreaker_version,4.1.6,2026-03-06T12:34:32.981Z
binary_sensor.adaptivecharge_stormbreaker_force_charge,off,2026-03-06T12:34:32.981Z
binary_sensor.adaptivecharge_stormbreaker_charging_active,on,2026-03-06T12:34:32.981Z
binary_sensor.adaptivecharge_stormbreaker_low_power_active,off,2026-03-06T12:34:32.981Z
switch.adaptivecharge_stormbreaker_controller_enabled,on,2026-03-06T12:34:32.981Z
switch.adaptivecharge_stormbreaker_charge_now,off,2026-03-06T12:34:32.981Z
switch.adaptivecharge_stormbreaker_charge_tonight,off,2026-03-06T12:34:32.981Z
