entity_id,state,last_changed
number.stormbreaker_tessie_charge_current,5,2026-02-27T10:00:00.000Z
number.stormbreaker_tessie_charge_current,5.0,2026-02-27T10:06:38.697Z
number.stormbreaker_tessie_charge_current,5,2026-02-27T10:06:46.628Z
number.stormbreaker_tessie_charge_current,4.0,2026-02-27T10:06:54.828Z
number.stormbreaker_tessie_charge_current,4,2026-02-27T10:06:56.639Z
number.stormbreaker_tessie_charge_current,3.0,2026-02-27T10:06:58.700Z
number.stormbreaker_tessie_charge_current,4,2026-02-27T10:07:06.666Z
number.stormbreaker_tessie_charge_current,2.0,2026-02-27T10:07:08.712Z
number.stormbreaker_tessie_charge_current,4,2026-02-27T10:07:17.014Z
number.stormbreaker_tessie_charge_current,1.0,2026-02-27T10:07:18.706Z
number.stormbreaker_tessie_charge_current,4,2026-02-27T10:07:27.653Z
number.stormbreaker_tessie_charge_current,16.0,2026-02-27T10:07:40.787Z
number.stormbreaker_tessie_charge_current,4,2026-02-27T10:07:47.641Z
number.stormbreaker_tessie_charge_current,5.0,2026-02-27T10:10:10.832Z
number.stormbreaker_tessie_charge_current,5,2026-02-27T10:10:18.638Z
number.stormbreaker_tessie_charge_current,6.0,2026-02-27T10:10:58.721Z
number.stormbreaker_tessie_charge_current,5,2026-02-27T10:11:08.637Z
number.stormbreaker_tessie_charge_current,5.0,2026-02-27T10:18:58.812Z
number.stormbreaker_tessie_charge_current,5,2026-02-27T10:18:59.675Z
number.stormbreaker_tessie_charge_current,6.0,2026-02-27T10:20:00.676Z
number.stormbreaker_tessie_charge_current,6,2026-02-27T10:20:10.678Z
number.stormbreaker_tessie_charge_current,7.0,2026-02-27T10:20:48.822Z
number.stormbreaker_tessie_charge_current,6,2026-02-27T10:20:50.633Z
number.stormbreaker_tessie_charge_current,6.0,2026-02-27T10:26:08.857Z
number.stormbreaker_tessie_charge_current,6,2026-02-27T10:26:10.643Z
number.stormbreaker_tessie_charge_current,5.0,2026-02-27T10:26:20.988Z
number.stormbreaker_tessie_charge_current,4.0,2026-02-27T10:26:28.863Z
number.stormbreaker_tessie_charge_current,5,2026-02-27T10:26:30.641Z
number.stormbreaker_tessie_charge_current,3.0,2026-02-27T10:26:38.861Z
number.stormbreaker_tessie_charge_current,5,2026-02-27T10:26:40.636Z
number.stormbreaker_tessie_charge_current,2.0,2026-02-27T10:26:48.867Z
number.stormbreaker_tessie_charge_current,5,2026-02-27T10:26:50.644Z
number.stormbreaker_tessie_charge_current,1.0,2026-02-27T10:26:58.862Z
number.stormbreaker_tessie_charge_current,5,2026-02-27T10:27:00.638Z
number.stormbreaker_tessie_charge_current,5.0,2026-02-27T10:27:41.030Z
number.stormbreaker_tessie_charge_current,5,2026-02-27T10:27:50.629Z
number.stormbreaker_tessie_charge_current,4.0,2026-02-27T10:29:16.192Z
number.stormbreaker_tessie_charge_current,4,2026-02-27T10:29:20.640Z
number.stormbreaker_tessie_charge_current,3.0,2026-02-27T10:29:21.044Z
number.stormbreaker_tessie_charge_current,4,2026-02-27T10:29:30.632Z
number.stormbreaker_tessie_charge_current,2.0,2026-02-27T10:29:31.032Z
number.stormbreaker_tessie_charge_current,4,2026-02-27T10:29:40.639Z
number.stormbreaker_tessie_charge_current,1.0,2026-02-27T10:29:41.045Z
number.stormbreaker_tessie_charge_current,4,2026-02-27T10:29:50.647Z
number.stormbreaker_tessie_charge_current,16.0,2026-02-27T10:30:03.425Z
number.stormbreaker_tessie_charge_current,4,2026-02-27T10:30:10.783Z
number.stormbreaker_tessie_charge_current,2.0,2026-02-27T10:32:37.203Z
number.stormbreaker_tessie_charge_current,2,2026-02-27T10:32:40.633Z
number.stormbreaker_tessie_charge_current,3.0,2026-02-27T10:33:01.065Z
number.stormbreaker_tessie_charge_current,2,2026-02-27T10:33:10.640Z
number.stormbreaker_tessie_charge_current,4.0,2026-02-27T10:55:07.884Z
number.stormbreaker_tessie_charge_current,4,2026-02-27T10:55:11.806Z
number.stormbreaker_tessie_charge_current,5.0,2026-02-27T10:56:03.892Z
number.stormbreaker_tessie_charge_current,5,2026-02-27T10:56:12.641Z
number.stormbreaker_tessie_charge_current,4.0,2026-02-27T10:57:19.400Z
number.stormbreaker_tessie_charge_current,3.0,2026-02-27T10:57:21.607Z
number.stormbreaker_tessie_charge_current,4,2026-02-27T10:57:22.634Z
number.stormbreaker_tessie_charge_current,2.0,2026-02-27T10:57:31.610Z
number.stormbreaker_tessie_charge_current,4,2026-02-27T10:57:32.642Z
number.stormbreaker_tessie_charge_current,1.0,2026-02-27T10:57:41.604Z
number.stormbreaker_tessie_charge_current,4,2026-02-27T10:57:42.644Z
number.stormbreaker_tessie_charge_current,16.0,2026-02-27T10:58:04.234Z
number.stormbreaker_tessie_charge_current,4,2026-02-27T10:58:12.642Z
number.stormbreaker_tessie_charge_current,2.0,2026-02-27T11:00:38.334Z
number.stormbreaker_tessie_charge_current,2,2026-02-27T11:00:42.651Z
number.stormbreaker_tessie_charge_current,3.0,2026-02-27T11:00:51.637Z
number.stormbreaker_tessie_charge_current,2,2026-02-27T11:00:52.638Z
number.stormbreaker_tessie_charge_current,4.0,2026-02-27T11:02:07.950Z
number.stormbreaker_tessie_charge_current,4,2026-02-27T11:02:12.641Z
number.stormbreaker_tessie_charge_current,5.0,2026-02-27T11:04:24.022Z
number.stormbreaker_tessie_charge_current,5,2026-02-27T11:04:32.639Z
number.stormbreaker_tessie_charge_current,6.0,2026-02-27T11:05:23.779Z
number.stormbreaker_tessie_charge_current,6,2026-02-27T11:05:32.638Z
number.stormbreaker_tessie_charge_current,5.0,2026-02-27T11:09:33.586Z
number.stormbreaker_tessie_charge_current,4.0,2026-02-27T11:09:41.684Z
number.stormbreaker_tessie_charge_current,5,2026-02-27T11:09:42.645Z
number.stormbreaker_tessie_charge_current,3.0,2026-02-27T11:09:51.698Z
number.stormbreaker_tessie_charge_current,5,2026-02-27T11:09:52.648Z
number.stormbreaker_tessie_charge_current,2.0,2026-02-27T11:10:01.686Z
number.stormbreaker_tessie_charge_current,5,2026-02-27T11:10:02.649Z
number.stormbreaker_tessie_charge_current,1.0,2026-02-27T11:10:11.685Z
number.stormbreaker_tessie_charge_current,5,2026-02-27T11:10:12.656Z
number.stormbreaker_tessie_charge_current,16.0,2026-02-27T11:10:36.064Z
number.stormbreaker_tessie_charge_current,16,2026-02-27T11:10:42.642Z
number.stormbreaker_tessie_charge_current,2.0,2026-02-27T11:13:07.918Z
number.stormbreaker_tessie_charge_current,2,2026-02-27T11:13:16.846Z
number.stormbreaker_tessie_charge_current,3.0,2026-02-27T11:14:48.260Z
number.stormbreaker_tessie_charge_current,2,2026-02-27T11:14:56.641Z
number.stormbreaker_tessie_charge_current,3,2026-02-27T11:15:06.639Z
number.stormbreaker_tessie_charge_current,4,2026-02-27T11:16:47.660Z
number.stormbreaker_tessie_charge_current,4.0,2026-02-27T11:16:48.185Z
number.stormbreaker_tessie_charge_current,4,2026-02-27T11:16:57.630Z
number.stormbreaker_tessie_charge_current,3,2026-02-27T11:18:57.652Z
number.stormbreaker_tessie_charge_current,3.0,2026-02-27T11:18:58.338Z
number.stormbreaker_tessie_charge_current,2.0,2026-02-27T11:19:01.747Z
number.stormbreaker_tessie_charge_current,3,2026-02-27T11:19:07.644Z
number.stormbreaker_tessie_charge_current,1.0,2026-02-27T11:19:11.738Z
number.stormbreaker_tessie_charge_current,3,2026-02-27T11:19:17.643Z
number.stormbreaker_tessie_charge_current,16.0,2026-02-27T11:19:33.773Z
number.stormbreaker_tessie_charge_current,3,2026-02-27T11:19:37.776Z
number.stormbreaker_tessie_charge_current,2.0,2026-02-27T11:22:06.757Z
number.stormbreaker_tessie_charge_current,2,2026-02-27T11:22:07.639Z
number.stormbreaker_tessie_charge_current,1.0,2026-02-27T11:26:06.933Z
number.stormbreaker_tessie_charge_current,2,2026-02-27T11:26:08.677Z
number.stormbreaker_tessie_charge_current,1,2026-02-27T11:26:18.774Z
number.stormbreaker_tessie_charge_current,16.0,2026-02-27T11:26:24.499Z
number.stormbreaker_tessie_charge_current,1,2026-02-27T11:26:28.645Z
number.stormbreaker_tessie_charge_current,1.0,2026-02-27T11:28:51.984Z
number.stormbreaker_tessie_charge_current,1,2026-02-27T11:28:58.659Z
number.stormbreaker_tessie_charge_current,2.0,2026-02-27T11:30:08.268Z
number.stormbreaker_tessie_charge_current,2,2026-02-27T11:30:09.654Z
number.stormbreaker_tessie_charge_current,1.0,2026-02-27T11:42:38.846Z
number.stormbreaker_tessie_charge_current,1,2026-02-27T11:42:43.706Z
number.stormbreaker_tessie_charge_current,16.0,2026-02-27T11:42:54.715Z
number.stormbreaker_tessie_charge_current,1,2026-02-27T11:43:03.645Z
number.stormbreaker_tessie_charge_current,14,2026-02-27T11:44:23.644Z
number.stormbreaker_tessie_charge_current,16,2026-02-27T11:45:23.633Z
number.stormbreaker_tessie_charge_current,1.0,2026-02-27T11:45:58.651Z
number.stormbreaker_tessie_charge_current,16,2026-02-27T11:46:04.210Z
number.stormbreaker_tessie_charge_current,1,2026-02-27T11:46:24.642Z
number.stormbreaker_tessie_charge_current,2.0,2026-02-27T11:46:42.384Z
number.stormbreaker_tessie_charge_current,1,2026-02-27T11:46:44.670Z
number.stormbreaker_tessie_charge_current,16.0,2026-02-27T11:51:56.844Z
number.stormbreaker_tessie_charge_current,16,2026-02-27T11:51:57.635Z
number.stormbreaker_tessie_charge_current,1,2026-02-27T11:57:17.686Z
number.stormbreaker_tessie_charge_current,1.0,2026-02-27T11:57:19.593Z
number.stormbreaker_tessie_charge_current,1,2026-02-27T11:57:28.210Z
number.stormbreaker_tessie_charge_current,16.0,2026-02-27T12:02:17.100Z
number.stormbreaker_tessie_charge_current,16,2026-02-27T12:02:19.714Z
number.stormbreaker_tessie_charge_current,1.0,2026-02-27T12:06:29.082Z
number.stormbreaker_tessie_charge_current,1,2026-02-27T12:06:32.646Z
number.stormbreaker_tessie_charge_current,13,2026-02-27T12:25:06.648Z
number.stormbreaker_tessie_charge_current,16,2026-02-27T12:26:06.790Z
number.stormbreaker_tessie_charge_current,13,2026-02-27T12:27:06.643Z
number.stormbreaker_tessie_charge_current,16,2026-02-27T12:28:08.635Z
number.stormbreaker_tessie_charge_current,1.0,2026-02-27T12:28:19.514Z
number.stormbreaker_tessie_charge_current,16,2026-02-27T12:28:28.654Z
sensor.stormbreaker_adaptivecharge_available_current_raw_a,5.73,2026-02-27T10:00:00.000Z
sensor.stormbreaker_adaptivecharge_available_current_raw_a,5.7,2026-02-27T10:00:08.501Z
sensor.stormbreaker_adaptivecharge_available_current_raw_a,5.71,2026-02-27T10:00:18.502Z
sensor.stormbreaker_adaptivecharge_available_current_raw_a,5.82,2026-02-27T10:00:28.502Z
sensor.stormbreaker_adaptivecharge_available_current_raw_a,5.81,2026-02-27T10:00:38.504Z
sensor.stormbreaker_adaptivecharge_available_current_raw_a,5.78,2026-02-27T10:01:28.506Z
sensor.stormbreaker_adaptivecharge_available_current_raw_a,5.77,2026-02-27T10:01:38.506Z
sensor.stormbreaker_adaptivecharge_available_current_raw_a,5.78,2026-02-27T10:01:58.507Z
sensor.stormbreaker_adaptivecharge_available_current_raw_a,5.63,2026-02-27T10:02:28.508Z
sensor.stormbreaker_adaptivecharge_available_current_raw_a,5.61,2026-02-27T10:02:48.511Z
sensor.stormbreaker_adaptivecharge_available_current_raw_a,5.62,2026-02-27T10:02:58.512Z
sensor.stormbreaker_adaptivecharge_available_current_raw_a,5.63,2026-02-27T10:03:18.514Z
sensor.stormbreaker_adaptivecharge_available_current_raw_a,5.7,2026-02-27T10:03:28.515Z
sensor.stormbreaker_adaptivecharge_available_current_raw_a,5.68,2026-02-27T10:03:38.518Z
sensor.stormbreaker_adaptivecharge_available_current_raw_a,5.7,2026-02-27T10:03:48.519Z
sensor.stormbreaker_adaptivecharge_available_current_raw_a,5.69,2026-02-27T10:03:58.532Z
sensor.stormbreaker_adaptivecharge_available_current_raw_a,5.7,2026-02-27T10:04:08.534Z
sensor.stormbreaker_adaptivecharge_available_current_raw_a,5.69,2026-02-27T10:04:18.535Z
sensor.stormbreaker_adaptivecharge_available_current_raw_a,5.76,2026-02-27T10:04:28.536Z
sensor.stormbreaker_adaptivecharge_available_current_raw_a,5.75,2026-02-27T10:04:48.537Z
sensor.stormbreaker_adaptivecharge_available_current_raw_a,5.77,2026-02-27T10:04:58.537Z
sensor.stormbreaker_adaptivecharge_available_current_raw_a,5.76,2026-02-27T10:05:08.538Z
sensor.stormbreaker_adaptivecharge_available_current_raw_a,5.75,2026-02-27T10:05:18.540Z
sensor.stormbreaker_adaptivecharge_available_current_raw_a,5.11,2026-02-27T10:05:28.541Z
sensor.stormbreaker_adaptivecharge_available_current_raw_a,5.13,2026-02-27T10:05:38.542Z
sensor.stormbreaker_adaptivecharge_available_current_raw_a,5.12,2026-02-27T10:06:08.551Z
sensor.stormbreaker_adaptivecharge_available_current_raw_a,5.13,2026-02-27T10:06:18.553Z
sensor.stormbreaker_adaptivecharge_available_current_raw_a,4.41,2026-02-27T10:06:38.699Z
sensor.stormbreaker_adaptivecharge_available_current_raw_a,4.4,2026-02-27T10:06:54.829Z
sensor.stormbreaker_adaptivecharge_available_current_raw_a,3.38,2026-02-27T10:06:58.702Z
sensor.stormbreaker_adaptivecharge_available_current_raw_a,3.4,2026-02-27T10:07:18.708Z
sensor.stormbreaker_adaptivecharge_available_current_raw_a,3.43,2026-02-27T10:07:28.560Z
sensor.stormbreaker_adaptivecharge_available_current_raw_a,4.5,2026-02-27T10:07:38.562Z
sensor.stormbreaker_adaptivecharge_available_current_raw_a,4.44,2026-02-27T10:07:48.563Z
sensor.stormbreaker_adaptivecharge_available_current_raw_a,4.43,2026-02-27T10:07:58.564Z
sensor.stormbreaker_adaptivecharge_available_current_raw_a,4.44,2026-02-27T10:08:08.565Z
sensor.stormbreaker_adaptivecharge_available_current_raw_a,4.45,2026-02-27T10:08:18.566Z
sensor.stormbreaker_adaptivecharge_available_current_raw_a,5.85,2026-02-27T10:08:38.568Z
sensor.stormbreaker_adaptivecharge_available_current_raw_a,5.83,2026-02-27T10:08:48.568Z
sensor.stormbreaker_adaptivecharge_available_current_raw_a,5.84,2026-02-27T10:09:28.572Z
sensor.stormbreaker_adaptivecharge_available_current_raw_a,5.88,2026-02-27T10:09:38.573Z
sensor.stormbreaker_adaptivecharge_available_current_raw_a,5.87,2026-02-27T10:09:48.574Z
sensor.stormbreaker_adaptivecharge_available_current_raw_a,5.88,2026-02-27T10:10:18.578Z
sensor.stormbreaker_adaptivecharge_available_current_raw_a,5.94,2026-02-27T10:10:28.578Z
sensor.stormbreaker_adaptivecharge_available_current_raw_a,5.89,2026-02-27T10:10:38.579Z
sensor.stormbreaker_adaptivecharge_available_current_raw_a,7.6,2026-02-27T10:10:48.579Z
sensor.stormbreaker_adaptivecharge_available_current_raw_a,7.59,2026-02-27T10:10:58.723Z
sensor.stormbreaker_adaptivecharge_available_current_raw_a,7.63,2026-02-27T10:11:08.580Z
sensor.stormbreaker_adaptivecharge_available_current_raw_a,7.6,2026-02-27T10:11:18.581Z
sensor.stormbreaker_adaptivecharge_available_current_raw_a,7.61,2026-02-27T10:11:38.583Z
sensor.stormbreaker_adaptivecharge_available_current_raw_a,5.91,2026-02-27T10:11:48.584Z
sensor.stormbreaker_adaptivecharge_available_current_raw_a,5.9,2026-02-27T10:12:08.587Z
sensor.stormbreaker_adaptivecharge_available_current_raw_a,5.91,2026-02-27T10:12:18.588Z
sensor.stormbreaker_adaptivecharge_available_current_raw_a,5.9,2026-02-27T10:12:28.589Z
sensor.stormbreaker_adaptivecharge_available_current_raw_a,5.91,2026-02-27T10:12:38.590Z
sensor.stormbreaker_adaptivecharge_available_current_raw_a,5.97,2026-02-27T10:12:48.590Z
sensor.stormbreaker_adaptivecharge_available_current_raw_a,5.98,2026-02-27T10:12:58.590Z
sensor.stormbreaker_adaptivecharge_available_current_raw_a,5.97,2026-02-27T10:13:08.593Z
sensor.stormbreaker_adaptivecharge_available_current_raw_a,5.98,2026-02-27T10:13:18.594Z
sensor.stormbreaker_adaptivecharge_available_current_raw_a,5.97,2026-02-27T10:13:28.604Z
sensor.stormbreaker_adaptivecharge_available_current_raw_a,5.98,2026-02-27T10:13:38.606Z
sensor.stormbreaker_adaptivecharge_available_current_raw_a,6.1,2026-02-27T10:13:48.608Z
sensor.stormbreaker_adaptivecharge_available_current_raw_a,6.07,2026-02-27T10:13:58.608Z
sensor.stormbreaker_adaptivecharge_available_current_raw_a,6.09,2026-02-27T10:14:08.609Z
sensor.stormbreaker_adaptivecharge_available_current_raw_a,6.12,2026-02-27T10:14:18.609Z
sensor.stormbreaker_adaptivecharge_available_current_raw_a,6.1,2026-02-27T10:14:28.611Z
sensor.stormbreaker_adaptivecharge_available_current_raw_a,6.09,2026-02-27T10:14:38.612Z
sensor.stormbreaker_adaptivecharge_available_current_raw_a,6.12,2026-02-27T10:14:48.613Z
sensor.stormbreaker_adaptivecharge_available_current_raw_a,6.14,2026-02-27T10:14:58.615Z
sensor.stormbreaker_adaptivecharge_available_current_raw_a,6.15,2026-02-27T10:15:08.616Z
sensor.stormbreaker_adaptivecharge_available_current_raw_a,6.14,2026-02-27T10:15:18.616Z
sensor.stormbreaker_adaptivecharge_available_current_raw_a,6.11,2026-02-27T10:15:28.618Z
sensor.stormbreaker_adaptivecharge_available_current_raw_a,6.1,2026-02-27T10:15:38.620Z
sensor.stormbreaker_adaptivecharge_available_current_raw_a,6.31,2026-02-27T10:15:48.621Z
sensor.stormbreaker_adaptivecharge_available_current_raw_a,6.35,2026-02-27T10:15:58.623Z
sensor.stormbreaker_adaptivecharge_available_current_raw_a,6.32,2026-02-27T10:16:08.623Z
sensor.stormbreaker_adaptivecharge_available_current_raw_a,6.35,2026-02-27T10:16:28.626Z
sensor.stormbreaker_adaptivecharge_available_current_raw_a,6.33,2026-02-27T10:16:38.628Z
sensor.stormbreaker_adaptivecharge_available_current_raw_a,6.34,2026-02-27T10:16:48.629Z
sensor.stormbreaker_adaptivecharge_available_current_raw_a,6.33,2026-02-27T10:16:58.630Z
sensor.stormbreaker_adaptivecharge_available_current_raw_a,6.34,2026-02-27T10:17:08.631Z
sensor.stormbreaker_adaptivecharge_available_current_raw_a,6.33,2026-02-27T10:17:18.632Z
sensor.stormbreaker_adaptivecharge_available_current_raw_a,6.31,2026-02-27T10:17:28.633Z
sensor.stormbreaker_adaptivecharge_available_current_raw_a,6.33,2026-02-27T10:17:38.634Z
sensor.stormbreaker_adaptivecharge_available_current_raw_a,6.31,2026-02-27T10:17:48.635Z
sensor.stormbreaker_adaptivecharge_available_current_raw_a,6.64,2026-02-27T10:17:58.635Z
sensor.stormbreaker_adaptivecharge_available_current_raw_a,6.65,2026-02-27T10:18:08.637Z
sensor.stormbreaker_adaptivecharge_available_current_raw_a,6.63,2026-02-27T10:18:18.639Z
sensor.stormbreaker_adaptivecharge_available_current_raw_a,6.64,2026-02-27T10:18:28.661Z
sensor.stormbreaker_adaptivecharge_available_current_raw_a,6.62,2026-02-27T10:18:48.664Z
sensor.stormbreaker_adaptivecharge_available_current_raw_a,4.9,2026-02-27T10:18:58.815Z
sensor.stormbreaker_adaptivecharge_available_current_raw_a,5.01,2026-02-27T10:19:08.665Z
sensor.stormbreaker_adaptivecharge_available_current_raw_a,4.98,2026-02-27T10:19:28.668Z
sensor.stormbreaker_adaptivecharge_available_current_raw_a,5.01,2026-02-27T10:19:38.668Z
sensor.stormbreaker_adaptivecharge_available_current_raw_a,5.0,2026-02-27T10:19:48.669Z
sensor.stormbreaker_adaptivecharge_available_current_raw_a,6.91,2026-02-27T10:20:00.678Z
sensor.stormbreaker_adaptivecharge_available_current_raw_a,7.93,2026-02-27T10:20:08.672Z
sensor.stormbreaker_adaptivecharge_available_current_raw_a,7.87,2026-02-27T10:20:18.672Z
sensor.stormbreaker_adaptivecharge_available_current_raw_a,7.91,2026-02-27T10:20:28.673Z
sensor.stormbreaker_adaptivecharge_available_current_raw_a,7.83,2026-02-27T10:20:38.673Z
sensor.stormbreaker_adaptivecharge_available_current_raw_a,7.86,2026-02-27T10:20:48.825Z
sensor.stormbreaker_adaptivecharge_available_current_raw_a,7.02,2026-02-27T10:20:58.676Z
sensor.stormbreaker_adaptivecharge_available_current_raw_a,7.03,2026-02-27T10:21:08.678Z
sensor.stormbreaker_adaptivecharge_available_current_raw_a,7.02,2026-02-27T10:21:18.679Z
sensor.stormbreaker_adaptivecharge_available_current_raw_a,7.0,2026-02-27T10:21:28.682Z
sensor.stormbreaker_adaptivecharge_available_current_raw_a,7.04,2026-02-27T10:21:38.683Z
sensor.stormbreaker_adaptivecharge_available_current_raw_a,7.1,2026-02-27T10:21:58.686Z
sensor.stormbreaker_adaptivecharge_available_current_raw_a,7.01,2026-02-27T10:22:08.688Z
sensor.stormbreaker_adaptivecharge_available_current_raw_a,7.08,2026-02-27T10:22:18.689Z
sensor.stormbreaker_adaptivecharge_available_current_raw_a,7.02,2026-02-27T10:22:28.690Z
sensor.stormbreaker_adaptivecharge_available_current_raw_a,7.03,2026-02-27T10:22:38.691Z
sensor.stormbreaker_adaptivecharge_available_current_raw_a,7.01,2026-02-27T10:22:48.691Z
sensor.stormbreaker_adaptivecharge_available_current_raw_a,7.03,2026-02-27T10:22:58.692Z
sensor.stormbreaker_adaptivecharge_available_current_raw_a,6.25,2026-02-27T10:23:08.692Z
sensor.stormbreaker_adaptivecharge_available_current_raw_a,6.29,2026-02-27T10:23:18.693Z
sensor.stormbreaker_adaptivecharge_available_current_raw_a,6.22,2026-02-27T10:23:28.694Z
sensor.stormbreaker_adaptivecharge_available_current_raw_a,6.24,2026-02-27T10:23:38.695Z
sensor.stormbreaker_adaptivecharge_available_current_raw_a,6.16,2026-02-27T10:23:48.697Z
sensor.stormbreaker_adaptivecharge_available_current_raw_a,6.19,2026-02-27T10:23:58.699Z
sensor.stormbreaker_adaptivecharge_available_current_raw_a,6.12,2026-02-27T10:24:08.699Z
sensor.stormbreaker_adaptivecharge_available_current_raw_a,6.08,2026-02-27T10:24:18.700Z
sensor.stormbreaker_adaptivecharge_available_current_raw_a,6.18,2026-02-27T10:24:28.701Z
sensor.stormbreaker_adaptivecharge_available_current_raw_a,6.16,2026-02-27T10:24:38.701Z
sensor.stormbreaker_adaptivecharge_available_current_raw_a,6.08,2026-02-27T10:24:48.706Z
sensor.stormbreaker_adaptivecharge_available_current_raw_a,6.15,2026-02-27T10:24:58.708Z
sensor.stormbreaker_adaptivecharge_available_current_raw_a,7.16,2026-02-27T10:25:08.709Z
sensor.stormbreaker_adaptivecharge_available_current_raw_a,7.09,2026-02-27T10:25:18.710Z
sensor.stormbreaker_adaptivecharge_available_current_raw_a,7.18,2026-02-27T10:25:28.711Z
sensor.stormbreaker_adaptivecharge_available_current_raw_a,7.14,2026-02-27T10:25:38.711Z
sensor.stormbreaker_adaptivecharge_available_current_raw_a,7.15,2026-02-27T10:25:48.712Z
sensor.stormbreaker_adaptivecharge_available_current_raw_a,7.09,2026-02-27T10:25:58.713Z
sensor.stormbreaker_adaptivecharge_available_current_raw_a,4.67,2026-02-27T10:26:08.858Z
sensor.stormbreaker_adaptivecharge_available_current_raw_a,3.68,2026-02-27T10:26:28.864Z
sensor.stormbreaker_adaptivecharge_available_current_raw_a,3.67,2026-02-27T10:26:38.862Z
sensor.stormbreaker_adaptivecharge_available_current_raw_a,3.68,2026-02-27T10:26:58.864Z
sensor.stormbreaker_adaptivecharge_available_current_raw_a,unavailable,2026-02-27T10:27:00.871Z
sensor.stormbreaker_adaptivecharge_available_current_raw_a,3.68,2026-02-27T10:27:00.880Z
sensor.stormbreaker_adaptivecharge_available_current_raw_a,5.36,2026-02-27T10:27:10.880Z
sensor.stormbreaker_adaptivecharge_available_current_raw_a,5.35,2026-02-27T10:27:20.881Z
sensor.stormbreaker_adaptivecharge_available_current_raw_a,5.34,2026-02-27T10:27:30.882Z
sensor.stormbreaker_adaptivecharge_available_current_raw_a,5.36,2026-02-27T10:27:40.882Z
sensor.stormbreaker_adaptivecharge_available_current_raw_a,5.37,2026-02-27T10:27:50.883Z
sensor.stormbreaker_adaptivecharge_available_current_raw_a,0.29,2026-02-27T10:28:00.884Z
sensor.stormbreaker_adaptivecharge_available_current_raw_a,5.31,2026-02-27T10:28:10.886Z
sensor.stormbreaker_adaptivecharge_available_current_raw_a,5.55,2026-02-27T10:28:20.887Z
sensor.stormbreaker_adaptivecharge_available_current_raw_a,8.59,2026-02-27T10:28:30.888Z
sensor.stormbreaker_adaptivecharge_available_current_raw_a,10.36,2026-02-27T10:28:40.890Z
sensor.stormbreaker_adaptivecharge_available_current_raw_a,10.35,2026-02-27T10:29:00.892Z
sensor.stormbreaker_adaptivecharge_available_current_raw_a,3.0,2026-02-27T10:29:16.193Z
sensor.stormbreaker_adaptivecharge_available_current_raw_a,2.0,2026-02-27T10:29:21.046Z
sensor.stormbreaker_adaptivecharge_available_current_raw_a,2.01,2026-02-27T10:29:31.035Z
sensor.stormbreaker_adaptivecharge_available_current_raw_a,1.99,2026-02-27T10:29:41.048Z
sensor.stormbreaker_adaptivecharge_available_current_raw_a,1.96,2026-02-27T10:29:50.898Z
sensor.stormbreaker_adaptivecharge_available_current_raw_a,-2.05,2026-02-27T10:30:00.897Z
sensor.stormbreaker_adaptivecharge_available_current_raw_a,2.67,2026-02-27T10:30:20.901Z
sensor.stormbreaker_adaptivecharge_available_current_raw_a,2.66,2026-02-27T10:30:40.901Z
sensor.stormbreaker_adaptivecharge_available_current_raw_a,2.67,2026-02-27T10:31:10.905Z
sensor.stormbreaker_adaptivecharge_available_current_raw_a,2.52,2026-02-27T10:31:20.905Z
sensor.stormbreaker_adaptivecharge_available_current_raw_a,2.49,2026-02-27T10:32:20.909Z
sensor.stormbreaker_adaptivecharge_available_current_raw_a,2.5,2026-02-27T10:32:50.911Z
sensor.stormbreaker_adaptivecharge_available_current_raw_a,3.03,2026-02-27T10:33:01.068Z
sensor.stormbreaker_adaptivecharge_available_current_raw_a,3.84,2026-02-27T10:33:10.913Z
sensor.stormbreaker_adaptivecharge_available_current_raw_a,2.54,2026-02-27T10:33:20.914Z
sensor.stormbreaker_adaptivecharge_available_current_raw_a,2.55,2026-02-27T10:33:30.916Z
sensor.stormbreaker_adaptivecharge_available_current_raw_a,2.57,2026-02-27T10:34:20.922Z
sensor.stormbreaker_adaptivecharge_available_current_raw_a,2.56,2026-02-27T10:34:30.924Z
sensor.stormbreaker_adaptivecharge_available_current_raw_a,2.57,2026-02-27T10:34:40.925Z
sensor.stormbreaker_adaptivecharge_available_current_raw_a,2.55,2026-02-27T10:34:50.926Z
sensor.stormbreaker_adaptivecharge_available_current_raw_a,2.56,2026-02-27T10:35:00.925Z
sensor.stormbreaker_adaptivecharge_available_current_raw_a,2.14,2026-02-27T10:35:20.926Z
sensor.stormbreaker_adaptivecharge_available_current_raw_a,2.15,2026-02-27T10:35:30.928Z
sensor.stormbreaker_adaptivecharge_available_current_raw_a,2.14,2026-02-27T10:35:50.929Z
sensor.stormbreaker_adaptivecharge_available_current_raw_a,2.15,2026-02-27T10:36:00.930Z
sensor.stormbreaker_adaptivecharge_available_current_raw_a,2.14,2026-02-27T10:36:20.933Z
sensor.stormbreaker_adaptivecharge_available_current_raw_a,2.51,2026-02-27T10:36:30.934Z
sensor.stormbreaker_adaptivecharge_available_current_raw_a,2.5,2026-02-27T10:36:40.935Z
sensor.stormbreaker_adaptivecharge_available_current_raw_a,2.49,2026-02-27T10:37:10.936Z
sensor.stormbreaker_adaptivecharge_available_current_raw_a,2.5,2026-02-27T10:37:20.938Z
sensor.stormbreaker_adaptivecharge_available_current_raw_a,2.48,2026-02-27T10:37:40.938Z
sensor.stormbreaker_adaptivecharge_available_current_raw_a,2.5,2026-02-27T10:37:50.939Z
sensor.stormbreaker_adaptivecharge_available_current_raw_a,2.49,2026-02-27T10:38:00.941Z
sensor.stormbreaker_adaptivecharge_available_current_raw_a,2.5,2026-02-27T10:38:20.943Z
sensor.stormbreaker_adaptivecharge_available_current_raw_a,2.23,2026-02-27T10:38:30.945Z
sensor.stormbreaker_adaptivecharge_available_current_raw_a,2.22,2026-02-27T10:38:40.946Z
sensor.stormbreaker_adaptivecharge_available_current_raw_a,2.23,2026-02-27T10:39:00.948Z
sensor.stormbreaker_adaptivecharge_available_current_raw_a,2.24,2026-02-27T10:39:10.949Z
sensor.stormbreaker_adaptivecharge_available_current_raw_a,2.23,2026-02-27T10:39:20.949Z
sensor.stormbreaker_adaptivecharge_available_current_raw_a,2.27,2026-02-27T10:39:30.951Z
sensor.stormbreaker_adaptivecharge_available_current_raw_a,2.26,2026-02-27T10:39:50.952Z
sensor.stormbreaker_adaptivecharge_available_current_raw_a,2.27,2026-02-27T10:40:00.953Z
sensor.stormbreaker_adaptivecharge_available_current_raw_a,2.26,2026-02-27T10:40:20.956Z
sensor.stormbreaker_adaptivecharge_available_current_raw_a,2.24,2026-02-27T10:40:30.958Z
sensor.stormbreaker_adaptivecharge_available_current_raw_a,2.23,2026-02-27T10:41:00.960Z
sensor.stormbreaker_adaptivecharge_available_current_raw_a,2.24,2026-02-27T10:41:10.962Z
sensor.stormbreaker_adaptivecharge_available_current_raw_a,2.3,2026-02-27T10:41:30.964Z
sensor.stormbreaker_adaptivecharge_available_current_raw_a,2.31,2026-02-27T10:41:40.964Z
sensor.stormbreaker_adaptivecharge_available_current_raw_a,2.3,2026-02-27T10:41:50.965Z
sensor.stormbreaker_adaptivecharge_available_current_raw_a,2.31,2026-02-27T10:42:00.967Z
sensor.stormbreaker_adaptivecharge_available_current_raw_a,2.3,2026-02-27T10:42:10.968Z
sensor.stormbreaker_adaptivecharge_available_current_raw_a,2.37,2026-02-27T10:42:40.970Z
sensor.stormbreaker_adaptivecharge_available_current_raw_a,2.36,2026-02-27T10:42:50.969Z
sensor.stormbreaker_adaptivecharge_available_current_raw_a,2.37,2026-02-27T10:43:00.970Z
sensor.stormbreaker_adaptivecharge_available_current_raw_a,2.36,2026-02-27T10:43:20.973Z
sensor.stormbreaker_adaptivecharge_available_current_raw_a,2.78,2026-02-27T10:43:40.975Z
sensor.stormbreaker_adaptivecharge_available_current_raw_a,2.79,2026-02-27T10:43:50.976Z
sensor.stormbreaker_adaptivecharge_available_current_raw_a,2.78,2026-02-27T10:44:00.976Z
sensor.stormbreaker_adaptivecharge_available_current_raw_a,3.29,2026-02-27T10:44:40.980Z
sensor.stormbreaker_adaptivecharge_available_current_raw_a,3.3,2026-02-27T10:44:50.981Z
sensor.stormbreaker_adaptivecharge_available_current_raw_a,3.29,2026-02-27T10:45:00.983Z
sensor.stormbreaker_adaptivecharge_available_current_raw_a,3.15,2026-02-27T10:45:40.989Z
sensor.stormbreaker_adaptivecharge_available_current_raw_a,3.08,2026-02-27T10:46:50.993Z
sensor.stormbreaker_adaptivecharge_available_current_raw_a,3.09,2026-02-27T10:47:30.996Z
sensor.stormbreaker_adaptivecharge_available_current_raw_a,3.08,2026-02-27T10:47:40.997Z
sensor.stormbreaker_adaptivecharge_available_current_raw_a,3.63,2026-02-27T10:47:50.998Z
sensor.stormbreaker_adaptivecharge_available_current_raw_a,3.64,2026-02-27T10:48:00.999Z
sensor.stormbreaker_adaptivecharge_available_current_raw_a,3.63,2026-02-27T10:48:11.000Z
sensor.stormbreaker_adaptivecharge_available_current_raw_a,3.64,2026-02-27T10:48:21.001Z
sensor.stormbreaker_adaptivecharge_available_current_raw_a,3.63,2026-02-27T10:48:41.002Z
sensor.stormbreaker_adaptivecharge_available_current_raw_a,3.78,2026-02-27T10:48:51.003Z
sensor.stormbreaker_adaptivecharge_available_current_raw_a,3.79,2026-02-27T10:49:21.103Z
sensor.stormbreaker_adaptivecharge_available_current_raw_a,3.77,2026-02-27T10:49:41.107Z
sensor.stormbreaker_adaptivecharge_available_current_raw_a,3.6,2026-02-27T10:49:51.107Z
sensor.stormbreaker_adaptivecharge_available_current_raw_a,3.61,2026-02-27T10:50:11.109Z
sensor.stormbreaker_adaptivecharge_available_current_raw_a,3.33,2026-02-27T10:50:51.367Z
sensor.stormbreaker_adaptivecharge_available_current_raw_a,3.34,2026-02-27T10:51:11.369Z
sensor.stormbreaker_adaptivecharge_available_current_raw_a,3.35,2026-02-27T10:51:51.431Z
sensor.stormbreaker_adaptivecharge_available_current_raw_a,3.02,2026-02-27T10:52:01.433Z
sensor.stormbreaker_adaptivecharge_available_current_raw_a,3.03,2026-02-27T10:52:21.434Z
sensor.stormbreaker_adaptivecharge_available_current_raw_a,2.93,2026-02-27T10:53:01.438Z
sensor.stormbreaker_adaptivecharge_available_current_raw_a,2.9,2026-02-27T10:53:41.441Z
sensor.stormbreaker_adaptivecharge_available_current_raw_a,2.91,2026-02-27T10:53:51.442Z
sensor.stormbreaker_adaptivecharge_available_current_raw_a,3.56,2026-02-27T10:54:01.443Z
sensor.stormbreaker_adaptivecharge_available_current_raw_a,3.54,2026-02-27T10:54:11.443Z
sensor.stormbreaker_adaptivecharge_available_current_raw_a,3.53,2026-02-27T10:54:21.444Z
sensor.stormbreaker_adaptivecharge_available_current_raw_a,3.61,2026-02-27T10:54:31.444Z
sensor.stormbreaker_adaptivecharge_available_current_raw_a,3.51,2026-02-27T10:54:41.445Z
sensor.stormbreaker_adaptivecharge_available_current_raw_a,6.19,2026-02-27T10:55:07.886Z
sensor.stormbreaker_adaptivecharge_available_current_raw_a,8.27,2026-02-27T10:55:11.447Z
sensor.stormbreaker_adaptivecharge_available_current_raw_a,8.28,2026-02-27T10:55:21.447Z
sensor.stormbreaker_adaptivecharge_available_current_raw_a,8.35,2026-02-27T10:55:31.448Z
sensor.stormbreaker_adaptivecharge_available_current_raw_a,8.36,2026-02-27T10:55:41.448Z
sensor.stormbreaker_adaptivecharge_available_current_raw_a,8.37,2026-02-27T10:55:51.450Z
sensor.stormbreaker_adaptivecharge_available_current_raw_a,5.56,2026-02-27T10:56:03.894Z
sensor.stormbreaker_adaptivecharge_available_current_raw_a,6.56,2026-02-27T10:56:11.455Z
sensor.stormbreaker_adaptivecharge_available_current_raw_a,6.46,2026-02-27T10:56:21.455Z
sensor.stormbreaker_adaptivecharge_available_current_raw_a,6.45,2026-02-27T10:56:31.457Z
sensor.stormbreaker_adaptivecharge_available_current_raw_a,6.46,2026-02-27T10:56:41.458Z
sensor.stormbreaker_adaptivecharge_available_current_raw_a,6.56,2026-02-27T10:56:51.459Z
sensor.stormbreaker_adaptivecharge_available_current_raw_a,4.15,2026-02-27T10:57:01.459Z
sensor.stormbreaker_adaptivecharge_available_current_raw_a,4.13,2026-02-27T10:57:19.402Z
sensor.stormbreaker_adaptivecharge_available_current_raw_a,3.05,2026-02-27T10:57:21.609Z
sensor.stormbreaker_adaptivecharge_available_current_raw_a,3.06,2026-02-27T10:57:41.606Z
sensor.stormbreaker_adaptivecharge_available_current_raw_a,-0.93,2026-02-27T10:58:01.466Z
sensor.stormbreaker_adaptivecharge_available_current_raw_a,3.29,2026-02-27T10:58:11.466Z
sensor.stormbreaker_adaptivecharge_available_current_raw_a,2.68,2026-02-27T10:59:11.477Z
sensor.stormbreaker_adaptivecharge_available_current_raw_a,2.66,2026-02-27T10:59:51.483Z
sensor.stormbreaker_adaptivecharge_available_current_raw_a,4.56,2026-02-27T11:00:11.485Z
sensor.stormbreaker_adaptivecharge_available_current_raw_a,4.52,2026-02-27T11:00:21.486Z
sensor.stormbreaker_adaptivecharge_available_current_raw_a,4.53,2026-02-27T11:00:51.640Z
sensor.stormbreaker_adaptivecharge_available_current_raw_a,5.26,2026-02-27T11:01:01.492Z
sensor.stormbreaker_adaptivecharge_available_current_raw_a,7.19,2026-02-27T11:01:11.493Z
sensor.stormbreaker_adaptivecharge_available_current_raw_a,7.12,2026-02-27T11:01:21.494Z
sensor.stormbreaker_adaptivecharge_available_current_raw_a,7.13,2026-02-27T11:01:51.496Z
sensor.stormbreaker_adaptivecharge_available_current_raw_a,7.05,2026-02-27T11:02:07.951Z
sensor.stormbreaker_adaptivecharge_available_current_raw_a,6.45,2026-02-27T11:02:11.498Z
sensor.stormbreaker_adaptivecharge_available_current_raw_a,6.5,2026-02-27T11:02:21.499Z
sensor.stormbreaker_adaptivecharge_available_current_raw_a,6.51,2026-02-27T11:02:41.500Z
sensor.stormbreaker_adaptivecharge_available_current_raw_a,6.5,2026-02-27T11:02:51.502Z
sensor.stormbreaker_adaptivecharge_available_current_raw_a,6.47,2026-02-27T11:03:01.502Z
sensor.stormbreaker_adaptivecharge_available_current_raw_a,3.95,2026-02-27T11:03:11.503Z
sensor.stormbreaker_adaptivecharge_available_current_raw_a,3.99,2026-02-27T11:03:21.504Z
sensor.stormbreaker_adaptivecharge_available_current_raw_a,4.0,2026-02-27T11:03:31.504Z
sensor.stormbreaker_adaptivecharge_available_current_raw_a,3.99,2026-02-27T11:03:51.507Z
sensor.stormbreaker_adaptivecharge_available_current_raw_a,4.0,2026-02-27T11:04:11.509Z
sensor.stormbreaker_adaptivecharge_available_current_raw_a,6.28,2026-02-27T11:04:24.025Z
sensor.stormbreaker_adaptivecharge_available_current_raw_a,7.25,2026-02-27T11:04:31.510Z
sensor.stormbreaker_adaptivecharge_available_current_raw_a,7.24,2026-02-27T11:05:01.514Z
sensor.stormbreaker_adaptivecharge_available_current_raw_a,7.25,2026-02-27T11:05:11.515Z
sensor.stormbreaker_adaptivecharge_available_current_raw_a,6.55,2026-02-27T11:05:23.782Z
sensor.stormbreaker_adaptivecharge_available_current_raw_a,7.54,2026-02-27T11:05:31.516Z
sensor.stormbreaker_adaptivecharge_available_current_raw_a,7.51,2026-02-27T11:05:41.517Z
sensor.stormbreaker_adaptivecharge_available_current_raw_a,7.52,2026-02-27T11:05:51.517Z
sensor.stormbreaker_adaptivecharge_available_current_raw_a,7.58,2026-02-27T11:06:01.519Z
sensor.stormbreaker_adaptivecharge_available_current_raw_a,7.59,2026-02-27T11:06:11.519Z
sensor.stormbreaker_adaptivecharge_available_current_raw_a,6.57,2026-02-27T11:06:21.521Z
sensor.stormbreaker_adaptivecharge_available_current_raw_a,6.56,2026-02-27T11:06:31.522Z
sensor.stormbreaker_adaptivecharge_available_current_raw_a,6.55,2026-02-27T11:06:41.523Z
sensor.stormbreaker_adaptivecharge_available_current_raw_a,6.56,2026-02-27T11:06:51.523Z
sensor.stormbreaker_adaptivecharge_available_current_raw_a,6.57,2026-02-27T11:07:01.524Z
sensor.stormbreaker_adaptivecharge_available_current_raw_a,6.56,2026-02-27T11:07:11.525Z
sensor.stormbreaker_adaptivecharge_available_current_raw_a,6.59,2026-02-27T11:07:21.525Z
sensor.stormbreaker_adaptivecharge_available_current_raw_a,6.56,2026-02-27T11:07:31.527Z
sensor.stormbreaker_adaptivecharge_available_current_raw_a,6.6,2026-02-27T11:07:41.528Z
sensor.stormbreaker_adaptivecharge_available_current_raw_a,6.52,2026-02-27T11:07:51.528Z
sensor.stormbreaker_adaptivecharge_available_current_raw_a,6.54,2026-02-27T11:08:01.530Z
sensor.stormbreaker_adaptivecharge_available_current_raw_a,6.55,2026-02-27T11:08:11.531Z
sensor.stormbreaker_adaptivecharge_available_current_raw_a,6.57,2026-02-27T11:08:21.532Z
sensor.stormbreaker_adaptivecharge_available_current_raw_a,6.54,2026-02-27T11:08:31.532Z
sensor.stormbreaker_adaptivecharge_available_current_raw_a,6.53,2026-02-27T11:08:41.533Z
sensor.stormbreaker_adaptivecharge_available_current_raw_a,6.49,2026-02-27T11:08:51.534Z
sensor.stormbreaker_adaptivecharge_available_current_raw_a,6.53,2026-02-27T11:09:01.535Z
sensor.stormbreaker_adaptivecharge_available_current_raw_a,2.67,2026-02-27T11:09:33.588Z
sensor.stormbreaker_adaptivecharge_available_current_raw_a,1.66,2026-02-27T11:09:41.687Z
sensor.stormbreaker_adaptivecharge_available_current_raw_a,1.65,2026-02-27T11:09:51.700Z
sensor.stormbreaker_adaptivecharge_available_current_raw_a,1.67,2026-02-27T11:10:01.688Z
sensor.stormbreaker_adaptivecharge_available_current_raw_a,1.66,2026-02-27T11:10:11.687Z
sensor.stormbreaker_adaptivecharge_available_current_raw_a,1.67,2026-02-27T11:10:21.543Z
sensor.stormbreaker_adaptivecharge_available_current_raw_a,-0.07,2026-02-27T11:10:31.545Z
sensor.stormbreaker_adaptivecharge_available_current_raw_a,-0.08,2026-02-27T11:11:01.548Z
sensor.stormbreaker_adaptivecharge_available_current_raw_a,-0.07,2026-02-27T11:11:11.548Z
sensor.stormbreaker_adaptivecharge_available_current_raw_a,2.34,2026-02-27T11:11:31.552Z
sensor.stormbreaker_adaptivecharge_available_current_raw_a,2.35,2026-02-27T11:12:11.557Z
sensor.stormbreaker_adaptivecharge_available_current_raw_a,2.38,2026-02-27T11:12:31.559Z
sensor.stormbreaker_adaptivecharge_available_current_raw_a,2.39,2026-02-27T11:12:51.561Z
sensor.stormbreaker_adaptivecharge_available_current_raw_a,2.4,2026-02-27T11:13:21.564Z
sensor.stormbreaker_adaptivecharge_available_current_raw_a,2.61,2026-02-27T11:13:31.564Z
sensor.stormbreaker_adaptivecharge_available_current_raw_a,3.89,2026-02-27T11:13:41.565Z
sensor.stormbreaker_adaptivecharge_available_current_raw_a,3.88,2026-02-27T11:14:01.566Z
sensor.stormbreaker_adaptivecharge_available_current_raw_a,3.86,2026-02-27T11:14:11.566Z
sensor.stormbreaker_adaptivecharge_available_current_raw_a,3.87,2026-02-27T11:14:31.568Z
sensor.stormbreaker_adaptivecharge_available_current_raw_a,3.02,2026-02-27T11:14:48.262Z
sensor.stormbreaker_adaptivecharge_available_current_raw_a,4.01,2026-02-27T11:14:51.569Z
sensor.stormbreaker_adaptivecharge_available_current_raw_a,4.02,2026-02-27T11:15:01.570Z
sensor.stormbreaker_adaptivecharge_available_current_raw_a,4.03,2026-02-27T11:15:11.571Z
sensor.stormbreaker_adaptivecharge_available_current_raw_a,4.0,2026-02-27T11:15:21.571Z
sensor.stormbreaker_adaptivecharge_available_current_raw_a,3.83,2026-02-27T11:15:41.574Z
sensor.stormbreaker_adaptivecharge_available_current_raw_a,3.84,2026-02-27T11:16:01.575Z
sensor.stormbreaker_adaptivecharge_available_current_raw_a,3.88,2026-02-27T11:16:11.576Z
sensor.stormbreaker_adaptivecharge_available_current_raw_a,3.89,2026-02-27T11:16:21.576Z
sensor.stormbreaker_adaptivecharge_available_current_raw_a,3.92,2026-02-27T11:16:31.579Z
sensor.stormbreaker_adaptivecharge_available_current_raw_a,7.16,2026-02-27T11:16:48.186Z
sensor.stormbreaker_adaptivecharge_available_current_raw_a,8.16,2026-02-27T11:16:51.583Z
sensor.stormbreaker_adaptivecharge_available_current_raw_a,8.14,2026-02-27T11:17:01.583Z
sensor.stormbreaker_adaptivecharge_available_current_raw_a,8.2,2026-02-27T11:17:11.585Z
sensor.stormbreaker_adaptivecharge_available_current_raw_a,8.17,2026-02-27T11:17:31.586Z
sensor.stormbreaker_adaptivecharge_available_current_raw_a,4.59,2026-02-27T11:17:41.586Z
sensor.stormbreaker_adaptivecharge_available_current_raw_a,4.54,2026-02-27T11:17:51.586Z
sensor.stormbreaker_adaptivecharge_available_current_raw_a,4.56,2026-02-27T11:18:01.588Z
sensor.stormbreaker_adaptivecharge_available_current_raw_a,4.58,2026-02-27T11:18:11.589Z
sensor.stormbreaker_adaptivecharge_available_current_raw_a,4.6,2026-02-27T11:18:21.590Z
sensor.stormbreaker_adaptivecharge_available_current_raw_a,4.57,2026-02-27T11:18:31.589Z
sensor.stormbreaker_adaptivecharge_available_current_raw_a,3.3,2026-02-27T11:18:41.591Z
sensor.stormbreaker_adaptivecharge_available_current_raw_a,3.33,2026-02-27T11:18:58.339Z
sensor.stormbreaker_adaptivecharge_available_current_raw_a,2.32,2026-02-27T11:19:01.748Z
sensor.stormbreaker_adaptivecharge_available_current_raw_a,2.3,2026-02-27T11:19:11.740Z
sensor.stormbreaker_adaptivecharge_available_current_raw_a,2.32,2026-02-27T11:19:21.595Z
sensor.stormbreaker_adaptivecharge_available_current_raw_a,-0.73,2026-02-27T11:19:31.596Z
sensor.stormbreaker_adaptivecharge_available_current_raw_a,2.61,2026-02-27T11:19:41.598Z
sensor.stormbreaker_adaptivecharge_available_current_raw_a,2.6,2026-02-27T11:20:01.599Z
sensor.stormbreaker_adaptivecharge_available_current_raw_a,2.61,2026-02-27T11:20:11.601Z
sensor.stormbreaker_adaptivecharge_available_current_raw_a,2.6,2026-02-27T11:20:31.605Z
sensor.stormbreaker_adaptivecharge_available_current_raw_a,2.61,2026-02-27T11:20:41.606Z
sensor.stormbreaker_adaptivecharge_available_current_raw_a,2.34,2026-02-27T11:20:51.607Z
sensor.stormbreaker_adaptivecharge_available_current_raw_a,2.35,2026-02-27T11:21:41.613Z
sensor.stormbreaker_adaptivecharge_available_current_raw_a,1.92,2026-02-27T11:21:51.614Z
sensor.stormbreaker_adaptivecharge_available_current_raw_a,1.98,2026-02-27T11:22:21.617Z
sensor.stormbreaker_adaptivecharge_available_current_raw_a,3.26,2026-02-27T11:22:31.618Z
sensor.stormbreaker_adaptivecharge_available_current_raw_a,3.94,2026-02-27T11:22:41.618Z
sensor.stormbreaker_adaptivecharge_available_current_raw_a,2.0,2026-02-27T11:22:51.618Z
sensor.stormbreaker_adaptivecharge_available_current_raw_a,2.01,2026-02-27T11:23:01.619Z
sensor.stormbreaker_adaptivecharge_available_current_raw_a,1.95,2026-02-27T11:23:51.623Z
sensor.stormbreaker_adaptivecharge_available_current_raw_a,1.94,2026-02-27T11:24:11.625Z
sensor.stormbreaker_adaptivecharge_available_current_raw_a,1.93,2026-02-27T11:24:21.627Z
sensor.stormbreaker_adaptivecharge_available_current_raw_a,1.94,2026-02-27T11:24:41.628Z
sensor.stormbreaker_adaptivecharge_available_current_raw_a,1.86,2026-02-27T11:24:51.809Z
sensor.stormbreaker_adaptivecharge_available_current_raw_a,1.85,2026-02-27T11:25:11.811Z
sensor.stormbreaker_adaptivecharge_available_current_raw_a,1.86,2026-02-27T11:25:41.816Z
sensor.stormbreaker_adaptivecharge_available_current_raw_a,1.64,2026-02-27T11:25:51.817Z
sensor.stormbreaker_adaptivecharge_available_current_raw_a,0.66,2026-02-27T11:26:11.817Z
sensor.stormbreaker_adaptivecharge_available_current_raw_a,-0.39,2026-02-27T11:26:21.820Z
sensor.stormbreaker_adaptivecharge_available_current_raw_a,1.83,2026-02-27T11:27:01.824Z
sensor.stormbreaker_adaptivecharge_available_current_raw_a,1.84,2026-02-27T11:27:11.824Z
sensor.stormbreaker_adaptivecharge_available_current_raw_a,1.83,2026-02-27T11:27:21.826Z
sensor.stormbreaker_adaptivecharge_available_current_raw_a,1.84,2026-02-27T11:27:41.826Z
sensor.stormbreaker_adaptivecharge_available_current_raw_a,1.88,2026-02-27T11:28:01.829Z
sensor.stormbreaker_adaptivecharge_available_current_raw_a,1.89,2026-02-27T11:28:11.830Z
sensor.stormbreaker_adaptivecharge_available_current_raw_a,1.87,2026-02-27T11:28:21.831Z
sensor.stormbreaker_adaptivecharge_available_current_raw_a,1.91,2026-02-27T11:29:01.834Z
sensor.stormbreaker_adaptivecharge_available_current_raw_a,1.95,2026-02-27T11:29:11.835Z
sensor.stormbreaker_adaptivecharge_available_current_raw_a,2.6,2026-02-27T11:29:21.835Z
sensor.stormbreaker_adaptivecharge_available_current_raw_a,2.94,2026-02-27T11:29:31.836Z
sensor.stormbreaker_adaptivecharge_available_current_raw_a,2.27,2026-02-27T11:30:08.270Z
sensor.stormbreaker_adaptivecharge_available_current_raw_a,3.26,2026-02-27T11:30:11.840Z
sensor.stormbreaker_adaptivecharge_available_current_raw_a,3.24,2026-02-27T11:30:31.840Z
sensor.stormbreaker_adaptivecharge_available_current_raw_a,3.25,2026-02-27T11:30:41.842Z
sensor.stormbreaker_adaptivecharge_available_current_raw_a,3.24,2026-02-27T11:30:51.842Z
sensor.stormbreaker_adaptivecharge_available_current_raw_a,2.56,2026-02-27T11:31:01.843Z
sensor.stormbreaker_adaptivecharge_available_current_raw_a,2.58,2026-02-27T11:31:11.845Z
sensor.stormbreaker_adaptivecharge_available_current_raw_a,2.56,2026-02-27T11:31:21.845Z
sensor.stormbreaker_adaptivecharge_available_current_raw_a,2.58,2026-02-27T11:31:31.846Z
sensor.stormbreaker_adaptivecharge_available_current_raw_a,2.57,2026-02-27T11:31:41.847Z
sensor.stormbreaker_adaptivecharge_available_current_raw_a,2.41,2026-02-27T11:32:01.849Z
sensor.stormbreaker_adaptivecharge_available_current_raw_a,2.39,2026-02-27T11:32:31.854Z
sensor.stormbreaker_adaptivecharge_available_current_raw_a,2.29,2026-02-27T11:33:01.856Z
sensor.stormbreaker_adaptivecharge_available_current_raw_a,2.3,2026-02-27T11:33:11.857Z
sensor.stormbreaker_adaptivecharge_available_current_raw_a,2.29,2026-02-27T11:33:41.861Z
sensor.stormbreaker_adaptivecharge_available_current_raw_a,2.3,2026-02-27T11:33:51.861Z
sensor.stormbreaker_adaptivecharge_available_current_raw_a,1.96,2026-02-27T11:34:11.863Z
sensor.stormbreaker_adaptivecharge_available_current_raw_a,1.95,2026-02-27T11:34:31.864Z
sensor.stormbreaker_adaptivecharge_available_current_raw_a,1.97,2026-02-27T11:35:11.872Z
sensor.stormbreaker_adaptivecharge_available_current_raw_a,1.96,2026-02-27T11:35:31.874Z
sensor.stormbreaker_adaptivecharge_available_current_raw_a,1.97,2026-02-27T11:35:41.875Z
sensor.stormbreaker_adaptivecharge_available_current_raw_a,1.96,2026-02-27T11:36:02.021Z
sensor.stormbreaker_adaptivecharge_available_current_raw_a,1.9,2026-02-27T11:36:12.023Z
sensor.stormbreaker_adaptivecharge_available_current_raw_a,1.91,2026-02-27T11:36:32.025Z
sensor.stormbreaker_adaptivecharge_available_current_raw_a,1.9,2026-02-27T11:36:42.025Z
sensor.stormbreaker_adaptivecharge_available_current_raw_a,1.91,2026-02-27T11:37:02.027Z
sensor.stormbreaker_adaptivecharge_available_current_raw_a,2.09,2026-02-27T11:37:12.028Z
sensor.stormbreaker_adaptivecharge_available_current_raw_a,2.07,2026-02-27T11:37:22.170Z
sensor.stormbreaker_adaptivecharge_available_current_raw_a,2.08,2026-02-27T11:37:42.178Z
sensor.stormbreaker_adaptivecharge_available_current_raw_a,2.38,2026-02-27T11:38:12.182Z
sensor.stormbreaker_adaptivecharge_available_current_raw_a,2.39,2026-02-27T11:38:22.182Z
sensor.stormbreaker_adaptivecharge_available_current_raw_a,2.38,2026-02-27T11:38:42.184Z
sensor.stormbreaker_adaptivecharge_available_current_raw_a,2.39,2026-02-27T11:38:52.185Z
sensor.stormbreaker_adaptivecharge_available_current_raw_a,2.38,2026-02-27T11:39:02.185Z
sensor.stormbreaker_adaptivecharge_available_current_raw_a,2.11,2026-02-27T11:39:12.187Z
sensor.stormbreaker_adaptivecharge_available_current_raw_a,2.1,2026-02-27T11:39:32.188Z
sensor.stormbreaker_adaptivecharge_available_current_raw_a,2.11,2026-02-27T11:39:42.190Z
sensor.stormbreaker_adaptivecharge_available_current_raw_a,2.1,2026-02-27T11:40:02.191Z
sensor.stormbreaker_adaptivecharge_available_current_raw_a,2.05,2026-02-27T11:40:12.193Z
sensor.stormbreaker_adaptivecharge_available_current_raw_a,2.04,2026-02-27T11:40:32.192Z
sensor.stormbreaker_adaptivecharge_available_current_raw_a,2.05,2026-02-27T11:40:52.194Z
sensor.stormbreaker_adaptivecharge_available_current_raw_a,2.06,2026-02-27T11:41:02.195Z
sensor.stormbreaker_adaptivecharge_available_current_raw_a,2.07,2026-02-27T11:41:12.196Z
sensor.stormbreaker_adaptivecharge_available_current_raw_a,1.82,2026-02-27T11:41:22.196Z
sensor.stormbreaker_adaptivecharge_available_current_raw_a,1.83,2026-02-27T11:41:32.197Z
sensor.stormbreaker_adaptivecharge_available_current_raw_a,1.82,2026-02-27T11:41:42.198Z
sensor.stormbreaker_adaptivecharge_available_current_raw_a,1.81,2026-02-27T11:41:52.199Z
sensor.stormbreaker_adaptivecharge_available_current_raw_a,1.83,2026-02-27T11:42:12.200Z
sensor.stormbreaker_adaptivecharge_available_current_raw_a,1.69,2026-02-27T11:42:22.202Z
sensor.stormbreaker_adaptivecharge_available_current_raw_a,1.7,2026-02-27T11:42:38.848Z
sensor.stormbreaker_adaptivecharge_available_current_raw_a,0.71,2026-02-27T11:42:42.208Z
sensor.stormbreaker_adaptivecharge_available_current_raw_a,-0.33,2026-02-27T11:42:52.208Z
sensor.stormbreaker_adaptivecharge_available_current_raw_a,-0.32,2026-02-27T11:43:12.210Z
sensor.stormbreaker_adaptivecharge_available_current_raw_a,1.83,2026-02-27T11:43:22.211Z
sensor.stormbreaker_adaptivecharge_available_current_raw_a,1.84,2026-02-27T11:43:32.210Z
sensor.stormbreaker_adaptivecharge_available_current_raw_a,1.83,2026-02-27T11:43:42.211Z
sensor.stormbreaker_adaptivecharge_available_current_raw_a,1.84,2026-02-27T11:43:52.212Z
sensor.stormbreaker_adaptivecharge_available_current_raw_a,-0.69,2026-02-27T11:44:22.215Z
sensor.stormbreaker_adaptivecharge_available_current_raw_a,-0.68,2026-02-27T11:44:52.216Z
sensor.stormbreaker_adaptivecharge_available_current_raw_a,-0.69,2026-02-27T11:45:12.217Z
sensor.stormbreaker_adaptivecharge_available_current_raw_a,1.17,2026-02-27T11:45:22.218Z
sensor.stormbreaker_adaptivecharge_available_current_raw_a,1.18,2026-02-27T11:46:02.220Z
sensor.stormbreaker_adaptivecharge_available_current_raw_a,1.42,2026-02-27T11:46:22.223Z
sensor.stormbreaker_adaptivecharge_available_current_raw_a,1.76,2026-02-27T11:46:32.224Z
sensor.stormbreaker_adaptivecharge_available_current_raw_a,2.11,2026-02-27T11:46:42.385Z
sensor.stormbreaker_adaptivecharge_available_current_raw_a,2.12,2026-02-27T11:46:52.227Z
sensor.stormbreaker_adaptivecharge_available_current_raw_a,2.11,2026-02-27T11:47:02.228Z
sensor.stormbreaker_adaptivecharge_available_current_raw_a,2.12,2026-02-27T11:47:22.229Z
sensor.stormbreaker_adaptivecharge_available_current_raw_a,1.2,2026-02-27T11:47:32.229Z
sensor.stormbreaker_adaptivecharge_available_current_raw_a,1.21,2026-02-27T11:47:42.230Z
sensor.stormbreaker_adaptivecharge_available_current_raw_a,1.2,2026-02-27T11:47:52.230Z
sensor.stormbreaker_adaptivecharge_available_current_raw_a,1.11,2026-02-27T11:48:32.233Z
sensor.stormbreaker_adaptivecharge_available_current_raw_a,1.09,2026-02-27T11:48:52.235Z
sensor.stormbreaker_adaptivecharge_available_current_raw_a,1.1,2026-02-27T11:49:12.238Z
sensor.stormbreaker_adaptivecharge_available_current_raw_a,1.09,2026-02-27T11:49:22.239Z
sensor.stormbreaker_adaptivecharge_available_current_raw_a,0.98,2026-02-27T11:49:32.243Z
sensor.stormbreaker_adaptivecharge_available_current_raw_a,1.0,2026-02-27T11:49:42.245Z
sensor.stormbreaker_adaptivecharge_available_current_raw_a,0.99,2026-02-27T11:49:52.246Z
sensor.stormbreaker_adaptivecharge_available_current_raw_a,1.0,2026-02-27T11:50:02.246Z
sensor.stormbreaker_adaptivecharge_available_current_raw_a,1.01,2026-02-27T11:50:22.248Z
sensor.stormbreaker_adaptivecharge_available_current_raw_a,1.0,2026-02-27T11:50:42.249Z
sensor.stormbreaker_adaptivecharge_available_current_raw_a,0.99,2026-02-27T11:50:52.250Z
sensor.stormbreaker_adaptivecharge_available_current_raw_a,0.98,2026-02-27T11:51:12.741Z
sensor.stormbreaker_adaptivecharge_available_current_raw_a,1.12,2026-02-27T11:51:32.744Z
sensor.stormbreaker_adaptivecharge_available_current_raw_a,0.09,2026-02-27T11:51:52.745Z
sensor.stormbreaker_adaptivecharge_available_current_raw_a,0.08,2026-02-27T11:52:02.746Z
sensor.stormbreaker_adaptivecharge_available_current_raw_a,1.08,2026-02-27T11:52:32.749Z
sensor.stormbreaker_adaptivecharge_available_current_raw_a,1.09,2026-02-27T11:53:02.751Z
sensor.stormbreaker_adaptivecharge_available_current_raw_a,1.08,2026-02-27T11:53:12.751Z
sensor.stormbreaker_adaptivecharge_available_current_raw_a,0.94,2026-02-27T11:53:42.753Z
sensor.stormbreaker_adaptivecharge_available_current_raw_a,0.95,2026-02-27T11:54:32.759Z
sensor.stormbreaker_adaptivecharge_available_current_raw_a,0.91,2026-02-27T11:54:42.760Z
sensor.stormbreaker_adaptivecharge_available_current_raw_a,0.92,2026-02-27T11:55:12.762Z
sensor.stormbreaker_adaptivecharge_available_current_raw_a,0.91,2026-02-27T11:55:32.764Z
sensor.stormbreaker_adaptivecharge_available_current_raw_a,0.93,2026-02-27T11:55:42.765Z
sensor.stormbreaker_adaptivecharge_available_current_raw_a,0.92,2026-02-27T11:55:52.766Z
sensor.stormbreaker_adaptivecharge_available_current_raw_a,0.93,2026-02-27T11:56:32.770Z
sensor.stormbreaker_adaptivecharge_available_current_raw_a,1.01,2026-02-27T11:56:42.771Z
sensor.stormbreaker_adaptivecharge_available_current_raw_a,1.02,2026-02-27T11:57:32.776Z
sensor.stormbreaker_adaptivecharge_available_current_raw_a,1.04,2026-02-27T11:57:42.777Z
sensor.stormbreaker_adaptivecharge_available_current_raw_a,1.7,2026-02-27T11:57:52.778Z
sensor.stormbreaker_adaptivecharge_available_current_raw_a,1.69,2026-02-27T11:58:12.780Z
sensor.stormbreaker_adaptivecharge_available_current_raw_a,1.7,2026-02-27T11:58:32.781Z
sensor.stormbreaker_adaptivecharge_available_current_raw_a,1.1,2026-02-27T11:58:42.782Z
sensor.stormbreaker_adaptivecharge_available_current_raw_a,1.04,2026-02-27T11:59:42.788Z
sensor.stormbreaker_adaptivecharge_available_current_raw_a,1.05,2026-02-27T11:59:52.789Z
sensor.stormbreaker_adaptivecharge_available_current_raw_a,1.06,2026-02-27T12:00:12.795Z
sensor.stormbreaker_adaptivecharge_available_current_raw_a,1.05,2026-02-27T12:00:32.797Z
sensor.stormbreaker_adaptivecharge_available_current_raw_a,0.88,2026-02-27T12:00:52.799Z
sensor.stormbreaker_adaptivecharge_available_current_raw_a,0.87,2026-02-27T12:01:02.800Z
sensor.stormbreaker_adaptivecharge_available_current_raw_a,0.88,2026-02-27T12:01:12.801Z
sensor.stormbreaker_adaptivecharge_available_current_raw_a,0.89,2026-02-27T12:01:22.803Z
sensor.stormbreaker_adaptivecharge_available_current_raw_a,0.88,2026-02-27T12:01:32.803Z
sensor.stormbreaker_adaptivecharge_available_current_raw_a,0.89,2026-02-27T12:01:42.803Z
sensor.stormbreaker_adaptivecharge_available_current_raw_a,0.8,2026-02-27T12:01:52.804Z
sensor.stormbreaker_adaptivecharge_available_current_raw_a,0.79,2026-02-27T12:02:02.805Z
sensor.stormbreaker_adaptivecharge_available_current_raw_a,-0.24,2026-02-27T12:02:12.806Z
sensor.stormbreaker_adaptivecharge_available_current_raw_a,-0.23,2026-02-27T12:02:22.807Z
sensor.stormbreaker_adaptivecharge_available_current_raw_a,0.85,2026-02-27T12:02:52.810Z
sensor.stormbreaker_adaptivecharge_available_current_raw_a,0.84,2026-02-27T12:03:12.812Z
sensor.stormbreaker_adaptivecharge_available_current_raw_a,0.94,2026-02-27T12:04:52.825Z
sensor.stormbreaker_adaptivecharge_available_current_raw_a,0.93,2026-02-27T12:05:42.827Z
sensor.stormbreaker_adaptivecharge_available_current_raw_a,1.17,2026-02-27T12:05:52.828Z
sensor.stormbreaker_adaptivecharge_available_current_raw_a,1.16,2026-02-27T12:06:22.835Z
sensor.stormbreaker_adaptivecharge_available_current_raw_a,1.17,2026-02-27T12:06:32.836Z
sensor.stormbreaker_adaptivecharge_available_current_raw_a,1.29,2026-02-27T12:06:52.840Z
sensor.stormbreaker_adaptivecharge_available_current_raw_a,1.9,2026-02-27T12:07:02.842Z
sensor.stormbreaker_adaptivecharge_available_current_raw_a,1.21,2026-02-27T12:07:52.847Z
sensor.stormbreaker_adaptivecharge_available_current_raw_a,1.2,2026-02-27T12:08:12.851Z
sensor.stormbreaker_adaptivecharge_available_current_raw_a,1.19,2026-02-27T12:08:22.851Z
sensor.stormbreaker_adaptivecharge_available_current_raw_a,1.2,2026-02-27T12:08:32.853Z
sensor.stormbreaker_adaptivecharge_available_current_raw_a,1.19,2026-02-27T12:08:42.856Z
sensor.stormbreaker_adaptivecharge_available_current_raw_a,1.2,2026-02-27T12:08:52.857Z
sensor.stormbreaker_adaptivecharge_available_current_raw_a,1.42,2026-02-27T12:09:02.858Z
sensor.stormbreaker_adaptivecharge_available_current_raw_a,1.41,2026-02-27T12:09:12.860Z
sensor.stormbreaker_adaptivecharge_available_current_raw_a,1.43,2026-02-27T12:09:42.865Z
sensor.stormbreaker_adaptivecharge_available_current_raw_a,1.45,2026-02-27T12:10:02.868Z
sensor.stormbreaker_adaptivecharge_available_current_raw_a,1.44,2026-02-27T12:10:42.871Z
sensor.stormbreaker_adaptivecharge_available_current_raw_a,1.47,2026-02-27T12:11:02.873Z
sensor.stormbreaker_adaptivecharge_available_current_raw_a,1.48,2026-02-27T12:11:42.876Z
sensor.stormbreaker_adaptivecharge_available_current_raw_a,1.54,2026-02-27T12:12:02.877Z
sensor.stormbreaker_adaptivecharge_available_current_raw_a,1.53,2026-02-27T12:12:12.878Z
sensor.stormbreaker_adaptivecharge_available_current_raw_a,1.54,2026-02-27T12:12:22.880Z
sensor.stormbreaker_adaptivecharge_available_current_raw_a,1.53,2026-02-27T12:12:32.880Z
sensor.stormbreaker_adaptivecharge_available_current_raw_a,1.54,2026-02-27T12:12:52.881Z
sensor.stormbreaker_adaptivecharge_available_current_raw_a,1.51,2026-02-27T12:13:02.882Z
sensor.stormbreaker_adaptivecharge_available_current_raw_a,1.5,2026-02-27T12:13:42.886Z
sensor.stormbreaker_adaptivecharge_available_current_raw_a,1.51,2026-02-27T12:13:52.887Z
sensor.stormbreaker_adaptivecharge_available_current_raw_a,1.57,2026-02-27T12:14:12.889Z
sensor.stormbreaker_adaptivecharge_available_current_raw_a,1.58,2026-02-27T12:14:32.890Z
sensor.stormbreaker_adaptivecharge_available_current_raw_a,1.57,2026-02-27T12:14:52.892Z
sensor.stormbreaker_adaptivecharge_available_current_raw_a,1.42,2026-02-27T12:15:12.894Z
sensor.stormbreaker_adaptivecharge_available_current_raw_a,1.52,2026-02-27T12:16:12.899Z
sensor.stormbreaker_adaptivecharge_available_current_raw_a,1.51,2026-02-27T12:16:32.899Z
sensor.stormbreaker_adaptivecharge_available_current_raw_a,1.52,2026-02-27T12:16:42.900Z
sensor.stormbreaker_adaptivecharge_available_current_raw_a,1.51,2026-02-27T12:16:52.901Z
sensor.stormbreaker_adaptivecharge_available_current_raw_a,1.43,2026-02-27T12:17:12.903Z
sensor.stormbreaker_adaptivecharge_available_current_raw_a,1.44,2026-02-27T12:17:22.903Z
sensor.stormbreaker_adaptivecharge_available_current_raw_a,1.43,2026-02-27T12:17:32.904Z
sensor.stormbreaker_adaptivecharge_available_current_raw_a,1.38,2026-02-27T12:18:12.907Z
sensor.stormbreaker_adaptivecharge_available_current_raw_a,1.39,2026-02-27T12:18:32.909Z
sensor.stormbreaker_adaptivecharge_available_current_raw_a,1.37,2026-02-27T12:19:12.913Z
sensor.stormbreaker_adaptivecharge_available_current_raw_a,1.36,2026-02-27T12:19:22.914Z
sensor.stormbreaker_adaptivecharge_available_current_raw_a,1.37,2026-02-27T12:19:52.915Z
sensor.stormbreaker_adaptivecharge_available_current_raw_a,1.36,2026-02-27T12:20:02.917Z
sensor.stormbreaker_adaptivecharge_available_current_raw_a,1.35,2026-02-27T12:20:12.917Z
sensor.stormbreaker_adaptivecharge_available_current_raw_a,1.36,2026-02-27T12:20:52.921Z
sensor.stormbreaker_adaptivecharge_available_current_raw_a,1.41,2026-02-27T12:21:22.926Z
sensor.stormbreaker_adaptivecharge_available_current_raw_a,1.4,2026-02-27T12:21:32.927Z
sensor.stormbreaker_adaptivecharge_available_current_raw_a,1.41,2026-02-27T12:21:52.928Z
sensor.stormbreaker_adaptivecharge_available_current_raw_a,1.4,2026-02-27T12:22:02.930Z
sensor.stormbreaker_adaptivecharge_available_current_raw_a,1.41,2026-02-27T12:22:12.931Z
sensor.stormbreaker_adaptivecharge_available_current_raw_a,1.32,2026-02-27T12:22:22.931Z
sensor.stormbreaker_adaptivecharge_available_current_raw_a,1.29,2026-02-27T12:23:22.938Z
sensor.stormbreaker_adaptivecharge_available_current_raw_a,1.3,2026-02-27T12:23:32.938Z
sensor.stormbreaker_adaptivecharge_available_current_raw_a,1.29,2026-02-27T12:23:52.939Z
sensor.stormbreaker_adaptivecharge_available_current_raw_a,1.3,2026-02-27T12:24:02.941Z
sensor.stormbreaker_adaptivecharge_available_current_raw_a,1.24,2026-02-27T12:24:22.944Z
sensor.stormbreaker_adaptivecharge_available_current_raw_a,1.23,2026-02-27T12:24:42.946Z
sensor.stormbreaker_adaptivecharge_available_current_raw_a,2.78,2026-02-27T12:25:02.951Z
sensor.stormbreaker_adaptivecharge_available_current_raw_a,13.2,2026-02-27T12:25:12.953Z
sensor.stormbreaker_adaptivecharge_available_current_raw_a,1.55,2026-02-27T12:25:22.954Z
sensor.stormbreaker_adaptivecharge_available_current_raw_a,1.48,2026-02-27T12:25:32.954Z
sensor.stormbreaker_adaptivecharge_available_current_raw_a,-14.57,2026-02-27T12:25:42.956Z
sensor.stormbreaker_adaptivecharge_available_current_raw_a,-14.56,2026-02-27T12:25:52.956Z
sensor.stormbreaker_adaptivecharge_available_current_raw_a,-14.45,2026-02-27T12:26:12.957Z
sensor.stormbreaker_adaptivecharge_available_current_raw_a,1.19,2026-02-27T12:26:22.959Z
sensor.stormbreaker_adaptivecharge_available_current_raw_a,1.18,2026-02-27T12:26:32.960Z
sensor.stormbreaker_adaptivecharge_available_current_raw_a,1.19,2026-02-27T12:27:02.962Z
sensor.stormbreaker_adaptivecharge_available_current_raw_a,1.22,2026-02-27T12:27:32.965Z
sensor.stormbreaker_adaptivecharge_available_current_raw_a,1.21,2026-02-27T12:27:52.967Z
sensor.stormbreaker_adaptivecharge_available_current_raw_a,0.85,2026-02-27T12:28:32.970Z
sensor.stormbreaker_adaptivecharge_available_charge_current_raw_floored_a,5,2026-02-27T10:00:00.000Z
sensor.stormbreaker_adaptivecharge_available_charge_current_raw_floored_a,4,2026-02-27T10:06:38.699Z
sensor.stormbreaker_adaptivecharge_available_charge_current_raw_floored_a,3,2026-02-27T10:06:58.702Z
sensor.stormbreaker_adaptivecharge_available_charge_current_raw_floored_a,4,2026-02-27T10:07:38.562Z
sensor.stormbreaker_adaptivecharge_available_charge_current_raw_floored_a,5,2026-02-27T10:08:38.568Z
sensor.stormbreaker_adaptivecharge_available_charge_current_raw_floored_a,7,2026-02-27T10:10:48.580Z
sensor.stormbreaker_adaptivecharge_available_charge_current_raw_floored_a,5,2026-02-27T10:11:48.584Z
sensor.stormbreaker_adaptivecharge_available_charge_current_raw_floored_a,6,2026-02-27T10:13:48.608Z
sensor.stormbreaker_adaptivecharge_available_charge_current_raw_floored_a,4,2026-02-27T10:18:58.815Z
sensor.stormbreaker_adaptivecharge_available_charge_current_raw_floored_a,5,2026-02-27T10:19:08.665Z
sensor.stormbreaker_adaptivecharge_available_charge_current_raw_floored_a,4,2026-02-27T10:19:28.668Z
sensor.stormbreaker_adaptivecharge_available_charge_current_raw_floored_a,5,2026-02-27T10:19:38.668Z
sensor.stormbreaker_adaptivecharge_available_charge_current_raw_floored_a,4,2026-02-27T10:19:48.670Z
sensor.stormbreaker_adaptivecharge_available_charge_current_raw_floored_a,6,2026-02-27T10:20:00.678Z
sensor.stormbreaker_adaptivecharge_available_charge_current_raw_floored_a,7,2026-02-27T10:20:08.672Z
sensor.stormbreaker_adaptivecharge_available_charge_current_raw_floored_a,6,2026-02-27T10:23:08.693Z
sensor.stormbreaker_adaptivecharge_available_charge_current_raw_floored_a,7,2026-02-27T10:25:08.709Z
sensor.stormbreaker_adaptivecharge_available_charge_current_raw_floored_a,4,2026-02-27T10:26:08.859Z
sensor.stormbreaker_adaptivecharge_available_charge_current_raw_floored_a,3,2026-02-27T10:26:28.865Z
sensor.stormbreaker_adaptivecharge_available_charge_current_raw_floored_a,unavailable,2026-02-27T10:27:00.871Z
sensor.stormbreaker_adaptivecharge_available_charge_current_raw_floored_a,3,2026-02-27T10:27:00.881Z
sensor.stormbreaker_adaptivecharge_available_charge_current_raw_floored_a,5,2026-02-27T10:27:10.881Z
sensor.stormbreaker_adaptivecharge_available_charge_current_raw_floored_a,0,2026-02-27T10:28:00.885Z
sensor.stormbreaker_adaptivecharge_available_charge_current_raw_floored_a,5,2026-02-27T10:28:10.886Z
sensor.stormbreaker_adaptivecharge_available_charge_current_raw_floored_a,8,2026-02-27T10:28:30.888Z
sensor.stormbreaker_adaptivecharge_available_charge_current_raw_floored_a,10,2026-02-27T10:28:40.891Z
sensor.stormbreaker_adaptivecharge_available_charge_current_raw_floored_a,2,2026-02-27T10:29:16.194Z
sensor.stormbreaker_adaptivecharge_available_charge_current_raw_floored_a,1,2026-02-27T10:29:21.046Z
sensor.stormbreaker_adaptivecharge_available_charge_current_raw_floored_a,2,2026-02-27T10:29:31.036Z
sensor.stormbreaker_adaptivecharge_available_charge_current_raw_floored_a,1,2026-02-27T10:29:41.048Z
sensor.stormbreaker_adaptivecharge_available_charge_current_raw_floored_a,0,2026-02-27T10:30:00.897Z
sensor.stormbreaker_adaptivecharge_available_charge_current_raw_floored_a,2,2026-02-27T10:30:20.901Z
sensor.stormbreaker_adaptivecharge_available_charge_current_raw_floored_a,3,2026-02-27T10:33:01.068Z
sensor.stormbreaker_adaptivecharge_available_charge_current_raw_floored_a,2,2026-02-27T10:33:20.914Z
sensor.stormbreaker_adaptivecharge_available_charge_current_raw_floored_a,3,2026-02-27T10:44:40.981Z
sensor.stormbreaker_adaptivecharge_available_charge_current_raw_floored_a,2,2026-02-27T10:53:01.438Z
sensor.stormbreaker_adaptivecharge_available_charge_current_raw_floored_a,3,2026-02-27T10:54:01.443Z
sensor.stormbreaker_adaptivecharge_available_charge_current_raw_floored_a,6,2026-02-27T10:55:07.886Z
sensor.stormbreaker_adaptivecharge_available_charge_current_raw_floored_a,8,2026-02-27T10:55:11.448Z
sensor.stormbreaker_adaptivecharge_available_charge_current_raw_floored_a,5,2026-02-27T10:56:03.895Z
sensor.stormbreaker_adaptivecharge_available_charge_current_raw_floored_a,6,2026-02-27T10:56:11.456Z
sensor.stormbreaker_adaptivecharge_available_charge_current_raw_floored_a,4,2026-02-27T10:57:01.460Z
sensor.stormbreaker_adaptivecharge_available_charge_current_raw_floored_a,3,2026-02-27T10:57:21.610Z
sensor.stormbreaker_adaptivecharge_available_charge_current_raw_floored_a,0,2026-02-27T10:58:01.466Z
sensor.stormbreaker_adaptivecharge_available_charge_current_raw_floored_a,3,2026-02-27T10:58:11.467Z
sensor.stormbreaker_adaptivecharge_available_charge_current_raw_floored_a,2,2026-02-27T10:59:11.477Z
sensor.stormbreaker_adaptivecharge_available_charge_current_raw_floored_a,4,2026-02-27T11:00:11.486Z
sensor.stormbreaker_adaptivecharge_available_charge_current_raw_floored_a,5,2026-02-27T11:01:01.493Z
sensor.stormbreaker_adaptivecharge_available_charge_current_raw_floored_a,7,2026-02-27T11:01:11.494Z
sensor.stormbreaker_adaptivecharge_available_charge_current_raw_floored_a,6,2026-02-27T11:02:11.499Z
sensor.stormbreaker_adaptivecharge_available_charge_current_raw_floored_a,3,2026-02-27T11:03:11.504Z
sensor.stormbreaker_adaptivecharge_available_charge_current_raw_floored_a,4,2026-02-27T11:03:31.505Z
sensor.stormbreaker_adaptivecharge_available_charge_current_raw_floored_a,3,2026-02-27T11:03:51.507Z
sensor.stormbreaker_adaptivecharge_available_charge_current_raw_floored_a,4,2026-02-27T11:04:11.509Z
sensor.stormbreaker_adaptivecharge_available_charge_current_raw_floored_a,6,2026-02-27T11:04:24.025Z
sensor.stormbreaker_adaptivecharge_available_charge_current_raw_floored_a,7,2026-02-27T11:04:31.511Z
sensor.stormbreaker_adaptivecharge_available_charge_current_raw_floored_a,6,2026-02-27T11:05:23.782Z
sensor.stormbreaker_adaptivecharge_available_charge_current_raw_floored_a,7,2026-02-27T11:05:31.516Z
sensor.stormbreaker_adaptivecharge_available_charge_current_raw_floored_a,6,2026-02-27T11:06:21.521Z
sensor.stormbreaker_adaptivecharge_available_charge_current_raw_floored_a,2,2026-02-27T11:09:33.589Z
sensor.stormbreaker_adaptivecharge_available_charge_current_raw_floored_a,1,2026-02-27T11:09:41.687Z
sensor.stormbreaker_adaptivecharge_available_charge_current_raw_floored_a,0,2026-02-27T11:10:31.546Z
sensor.stormbreaker_adaptivecharge_available_charge_current_raw_floored_a,2,2026-02-27T11:11:31.552Z
sensor.stormbreaker_adaptivecharge_available_charge_current_raw_floored_a,3,2026-02-27T11:13:41.565Z
sensor.stormbreaker_adaptivecharge_available_charge_current_raw_floored_a,4,2026-02-27T11:14:51.569Z
sensor.stormbreaker_adaptivecharge_available_charge_current_raw_floored_a,3,2026-02-27T11:15:41.574Z
sensor.stormbreaker_adaptivecharge_available_charge_current_raw_floored_a,7,2026-02-27T11:16:48.186Z
sensor.stormbreaker_adaptivecharge_available_charge_current_raw_floored_a,8,2026-02-27T11:16:51.583Z
sensor.stormbreaker_adaptivecharge_available_charge_current_raw_floored_a,4,2026-02-27T11:17:41.587Z
sensor.stormbreaker_adaptivecharge_available_charge_current_raw_floored_a,3,2026-02-27T11:18:41.591Z
sensor.stormbreaker_adaptivecharge_available_charge_current_raw_floored_a,2,2026-02-27T11:19:01.748Z
sensor.stormbreaker_adaptivecharge_available_charge_current_raw_floored_a,0,2026-02-27T11:19:31.597Z
sensor.stormbreaker_adaptivecharge_available_charge_current_raw_floored_a,2,2026-02-27T11:19:41.598Z
sensor.stormbreaker_adaptivecharge_available_charge_current_raw_floored_a,1,2026-02-27T11:21:51.614Z
sensor.stormbreaker_adaptivecharge_available_charge_current_raw_floored_a,3,2026-02-27T11:22:31.618Z
sensor.stormbreaker_adaptivecharge_available_charge_current_raw_floored_a,2,2026-02-27T11:22:51.618Z
sensor.stormbreaker_adaptivecharge_available_charge_current_raw_floored_a,1,2026-02-27T11:23:51.624Z
sensor.stormbreaker_adaptivecharge_available_charge_current_raw_floored_a,0,2026-02-27T11:26:11.818Z
sensor.stormbreaker_adaptivecharge_available_charge_current_raw_floored_a,1,2026-02-27T11:27:01.824Z
sensor.stormbreaker_adaptivecharge_available_charge_current_raw_floored_a,2,2026-02-27T11:29:21.835Z
sensor.stormbreaker_adaptivecharge_available_charge_current_raw_floored_a,3,2026-02-27T11:30:11.841Z
sensor.stormbreaker_adaptivecharge_available_charge_current_raw_floored_a,2,2026-02-27T11:31:01.843Z
sensor.stormbreaker_adaptivecharge_available_charge_current_raw_floored_a,1,2026-02-27T11:34:11.863Z
sensor.stormbreaker_adaptivecharge_available_charge_current_raw_floored_a,2,2026-02-27T11:37:12.028Z
sensor.stormbreaker_adaptivecharge_available_charge_current_raw_floored_a,1,2026-02-27T11:41:22.196Z
sensor.stormbreaker_adaptivecharge_available_charge_current_raw_floored_a,0,2026-02-27T11:42:42.208Z
sensor.stormbreaker_adaptivecharge_available_charge_current_raw_floored_a,1,2026-02-27T11:43:22.211Z
sensor.stormbreaker_adaptivecharge_available_charge_current_raw_floored_a,0,2026-02-27T11:44:22.215Z
sensor.stormbreaker_adaptivecharge_available_charge_current_raw_floored_a,1,2026-02-27T11:45:22.219Z
sensor.stormbreaker_adaptivecharge_available_charge_current_raw_floored_a,2,2026-02-27T11:46:42.385Z
sensor.stormbreaker_adaptivecharge_available_charge_current_raw_floored_a,1,2026-02-27T11:47:32.229Z
sensor.stormbreaker_adaptivecharge_available_charge_current_raw_floored_a,0,2026-02-27T11:49:32.243Z
sensor.stormbreaker_adaptivecharge_available_charge_current_raw_floored_a,1,2026-02-27T11:50:02.246Z
sensor.stormbreaker_adaptivecharge_available_charge_current_raw_floored_a,0,2026-02-27T11:50:42.250Z
sensor.stormbreaker_adaptivecharge_available_charge_current_raw_floored_a,1,2026-02-27T11:51:32.745Z
sensor.stormbreaker_adaptivecharge_available_charge_current_raw_floored_a,0,2026-02-27T11:51:52.746Z
sensor.stormbreaker_adaptivecharge_available_charge_current_raw_floored_a,1,2026-02-27T11:52:32.749Z
sensor.stormbreaker_adaptivecharge_available_charge_current_raw_floored_a,0,2026-02-27T11:53:42.754Z
sensor.stormbreaker_adaptivecharge_available_charge_current_raw_floored_a,1,2026-02-27T11:56:42.772Z
sensor.stormbreaker_adaptivecharge_available_charge_current_raw_floored_a,0,2026-02-27T12:00:52.800Z
sensor.stormbreaker_adaptivecharge_available_charge_current_raw_floored_a,1,2026-02-27T12:05:52.829Z
sensor.stormbreaker_adaptivecharge_available_charge_current_raw_floored_a,2,2026-02-27T12:25:02.951Z
sensor.stormbreaker_adaptivecharge_available_charge_current_raw_floored_a,13,2026-02-27T12:25:12.953Z
sensor.stormbreaker_adaptivecharge_available_charge_current_raw_floored_a,1,2026-02-27T12:25:22.955Z
sensor.stormbreaker_adaptivecharge_available_charge_current_raw_floored_a,0,2026-02-27T12:25:42.956Z
sensor.stormbreaker_adaptivecharge_available_charge_current_raw_floored_a,1,2026-02-27T12:26:22.959Z
sensor.stormbreaker_adaptivecharge_available_charge_current_raw_floored_a,0,2026-02-27T12:28:32.971Z
sensor.stormbreaker_adaptivecharge_available_charge_current_smoothed_a,5.82,2026-02-27T10:00:00.000Z
sensor.stormbreaker_adaptivecharge_available_charge_current_smoothed_a,5.85,2026-02-27T10:00:08.502Z
sensor.stormbreaker_adaptivecharge_available_charge_current_smoothed_a,5.83,2026-02-27T10:00:18.502Z
sensor.stormbreaker_adaptivecharge_available_charge_current_smoothed_a,5.82,2026-02-27T10:00:28.502Z
sensor.stormbreaker_adaptivecharge_available_charge_current_smoothed_a,5.8,2026-02-27T10:00:38.504Z
sensor.stormbreaker_adaptivecharge_available_charge_current_smoothed_a,5.79,2026-02-27T10:00:48.505Z
sensor.stormbreaker_adaptivecharge_available_charge_current_smoothed_a,5.78,2026-02-27T10:00:58.505Z
sensor.stormbreaker_adaptivecharge_available_charge_current_smoothed_a,5.77,2026-02-27T10:01:08.506Z
sensor.stormbreaker_adaptivecharge_available_charge_current_smoothed_a,5.76,2026-02-27T10:01:18.506Z
sensor.stormbreaker_adaptivecharge_available_charge_current_smoothed_a,5.77,2026-02-27T10:01:28.506Z
sensor.stormbreaker_adaptivecharge_available_charge_current_smoothed_a,5.78,2026-02-27T10:01:48.507Z
sensor.stormbreaker_adaptivecharge_available_charge_current_smoothed_a,5.79,2026-02-27T10:02:08.508Z
sensor.stormbreaker_adaptivecharge_available_charge_current_smoothed_a,5.78,2026-02-27T10:02:28.508Z
sensor.stormbreaker_adaptivecharge_available_charge_current_smoothed_a,5.76,2026-02-27T10:02:38.511Z
sensor.stormbreaker_adaptivecharge_available_charge_current_smoothed_a,5.75,2026-02-27T10:02:48.512Z
sensor.stormbreaker_adaptivecharge_available_charge_current_smoothed_a,5.73,2026-02-27T10:02:58.513Z
sensor.stormbreaker_adaptivecharge_available_charge_current_smoothed_a,5.71,2026-02-27T10:03:08.514Z
sensor.stormbreaker_adaptivecharge_available_charge_current_smoothed_a,5.7,2026-02-27T10:03:18.515Z
sensor.stormbreaker_adaptivecharge_available_charge_current_smoothed_a,5.69,2026-02-27T10:03:28.515Z
sensor.stormbreaker_adaptivecharge_available_charge_current_smoothed_a,5.68,2026-02-27T10:03:38.518Z
sensor.stormbreaker_adaptivecharge_available_charge_current_smoothed_a,5.67,2026-02-27T10:03:58.532Z
sensor.stormbreaker_adaptivecharge_available_charge_current_smoothed_a,5.66,2026-02-27T10:04:18.535Z
sensor.stormbreaker_adaptivecharge_available_charge_current_smoothed_a,5.67,2026-02-27T10:04:28.536Z
sensor.stormbreaker_adaptivecharge_available_charge_current_smoothed_a,5.68,2026-02-27T10:04:38.537Z
sensor.stormbreaker_adaptivecharge_available_charge_current_smoothed_a,5.69,2026-02-27T10:04:48.538Z
sensor.stormbreaker_adaptivecharge_available_charge_current_smoothed_a,5.71,2026-02-27T10:04:58.537Z
sensor.stormbreaker_adaptivecharge_available_charge_current_smoothed_a,5.72,2026-02-27T10:05:08.538Z
sensor.stormbreaker_adaptivecharge_available_charge_current_smoothed_a,5.73,2026-02-27T10:05:18.540Z
sensor.stormbreaker_adaptivecharge_available_charge_current_smoothed_a,5.68,2026-02-27T10:05:28.542Z
sensor.stormbreaker_adaptivecharge_available_charge_current_smoothed_a,5.63,2026-02-27T10:05:38.542Z
sensor.stormbreaker_adaptivecharge_available_charge_current_smoothed_a,5.58,2026-02-27T10:05:48.543Z
sensor.stormbreaker_adaptivecharge_available_charge_current_smoothed_a,5.54,2026-02-27T10:05:58.544Z
sensor.stormbreaker_adaptivecharge_available_charge_current_smoothed_a,5.49,2026-02-27T10:06:08.552Z
sensor.stormbreaker_adaptivecharge_available_charge_current_smoothed_a,5.44,2026-02-27T10:06:18.554Z
sensor.stormbreaker_adaptivecharge_available_charge_current_smoothed_a,5.39,2026-02-27T10:06:28.554Z
sensor.stormbreaker_adaptivecharge_available_charge_current_smoothed_a,5.28,2026-02-27T10:06:38.700Z
sensor.stormbreaker_adaptivecharge_available_charge_current_smoothed_a,5.16,2026-02-27T10:06:54.830Z
sensor.stormbreaker_adaptivecharge_available_charge_current_smoothed_a,4.96,2026-02-27T10:06:58.702Z
sensor.stormbreaker_adaptivecharge_available_charge_current_smoothed_a,4.77,2026-02-27T10:07:08.714Z
sensor.stormbreaker_adaptivecharge_available_charge_current_smoothed_a,4.57,2026-02-27T10:07:18.708Z
sensor.stormbreaker_adaptivecharge_available_charge_current_smoothed_a,4.43,2026-02-27T10:07:28.560Z
sensor.stormbreaker_adaptivecharge_available_charge_current_smoothed_a,4.38,2026-02-27T10:07:38.562Z
sensor.stormbreaker_adaptivecharge_available_charge_current_smoothed_a,4.32,2026-02-27T10:07:48.564Z
sensor.stormbreaker_adaptivecharge_available_charge_current_smoothed_a,4.26,2026-02-27T10:07:58.565Z
sensor.stormbreaker_adaptivecharge_available_charge_current_smoothed_a,4.2,2026-02-27T10:08:08.566Z
sensor.stormbreaker_adaptivecharge_available_charge_current_smoothed_a,4.15,2026-02-27T10:08:18.566Z
sensor.stormbreaker_adaptivecharge_available_charge_current_smoothed_a,4.09,2026-02-27T10:08:28.568Z
sensor.stormbreaker_adaptivecharge_available_charge_current_smoothed_a,4.21,2026-02-27T10:08:38.568Z
sensor.stormbreaker_adaptivecharge_available_charge_current_smoothed_a,4.33,2026-02-27T10:08:48.569Z
sensor.stormbreaker_adaptivecharge_available_charge_current_smoothed_a,4.53,2026-02-27T10:08:58.569Z
sensor.stormbreaker_adaptivecharge_available_charge_current_smoothed_a,4.74,2026-02-27T10:09:08.571Z
sensor.stormbreaker_adaptivecharge_available_charge_current_smoothed_a,4.94,2026-02-27T10:09:18.572Z
sensor.stormbreaker_adaptivecharge_available_charge_current_smoothed_a,5.14,2026-02-27T10:09:28.573Z
sensor.stormbreaker_adaptivecharge_available_charge_current_smoothed_a,5.26,2026-02-27T10:09:38.574Z
sensor.stormbreaker_adaptivecharge_available_charge_current_smoothed_a,5.38,2026-02-27T10:09:48.575Z
sensor.stormbreaker_adaptivecharge_available_charge_current_smoothed_a,5.5,2026-02-27T10:09:58.576Z
sensor.stormbreaker_adaptivecharge_available_charge_current_smoothed_a,5.62,2026-02-27T10:10:08.577Z
sensor.stormbreaker_adaptivecharge_available_charge_current_smoothed_a,5.74,2026-02-27T10:10:18.578Z
sensor.stormbreaker_adaptivecharge_available_charge_current_smoothed_a,5.86,2026-02-27T10:10:28.579Z
sensor.stormbreaker_adaptivecharge_available_charge_current_smoothed_a,6.01,2026-02-27T10:10:48.580Z
sensor.stormbreaker_adaptivecharge_available_charge_current_smoothed_a,6.16,2026-02-27T10:10:58.723Z
sensor.stormbreaker_adaptivecharge_available_charge_current_smoothed_a,6.31,2026-02-27T10:11:08.581Z
sensor.stormbreaker_adaptivecharge_available_charge_current_smoothed_a,6.46,2026-02-27T10:11:18.582Z
sensor.stormbreaker_adaptivecharge_available_charge_current_smoothed_a,6.6,2026-02-27T10:11:28.583Z
sensor.stormbreaker_adaptivecharge_available_charge_current_smoothed_a,6.75,2026-02-27T10:11:38.584Z
sensor.stormbreaker_adaptivecharge_available_charge_current_smoothed_a,6.76,2026-02-27T10:12:18.589Z
sensor.stormbreaker_adaptivecharge_available_charge_current_smoothed_a,6.75,2026-02-27T10:12:28.589Z
sensor.stormbreaker_adaptivecharge_available_charge_current_smoothed_a,6.76,2026-02-27T10:12:38.590Z
sensor.stormbreaker_adaptivecharge_available_charge_current_smoothed_a,6.62,2026-02-27T10:12:48.591Z
sensor.stormbreaker_adaptivecharge_available_charge_current_smoothed_a,6.49,2026-02-27T10:12:58.590Z
sensor.stormbreaker_adaptivecharge_available_charge_current_smoothed_a,6.35,2026-02-27T10:13:08.593Z
sensor.stormbreaker_adaptivecharge_available_charge_current_smoothed_a,6.21,2026-02-27T10:13:18.594Z
sensor.stormbreaker_adaptivecharge_available_charge_current_smoothed_a,6.08,2026-02-27T10:13:28.604Z
sensor.stormbreaker_adaptivecharge_available_charge_current_smoothed_a,5.94,2026-02-27T10:13:38.607Z
sensor.stormbreaker_adaptivecharge_available_charge_current_smoothed_a,5.96,2026-02-27T10:13:48.608Z
sensor.stormbreaker_adaptivecharge_available_charge_current_smoothed_a,5.97,2026-02-27T10:13:58.608Z
sensor.stormbreaker_adaptivecharge_available_charge_current_smoothed_a,5.99,2026-02-27T10:14:08.609Z
sensor.stormbreaker_adaptivecharge_available_charge_current_smoothed_a,6.0,2026-02-27T10:14:18.610Z
sensor.stormbreaker_adaptivecharge_available_charge_current_smoothed_a,6.02,2026-02-27T10:14:28.611Z
sensor.stormbreaker_adaptivecharge_available_charge_current_smoothed_a,6.03,2026-02-27T10:14:38.612Z
sensor.stormbreaker_adaptivecharge_available_charge_current_smoothed_a,6.05,2026-02-27T10:14:48.613Z
sensor.stormbreaker_adaptivecharge_available_charge_current_smoothed_a,6.06,2026-02-27T10:14:58.616Z
sensor.stormbreaker_adaptivecharge_available_charge_current_smoothed_a,6.08,2026-02-27T10:15:08.616Z
sensor.stormbreaker_adaptivecharge_available_charge_current_smoothed_a,6.09,2026-02-27T10:15:18.617Z
sensor.stormbreaker_adaptivecharge_available_charge_current_smoothed_a,6.1,2026-02-27T10:15:28.618Z
sensor.stormbreaker_adaptivecharge_available_charge_current_smoothed_a,6.11,2026-02-27T10:15:38.620Z
sensor.stormbreaker_adaptivecharge_available_charge_current_smoothed_a,6.13,2026-02-27T10:15:48.621Z
sensor.stormbreaker_adaptivecharge_available_charge_current_smoothed_a,6.15,2026-02-27T10:15:58.623Z
sensor.stormbreaker_adaptivecharge_available_charge_current_smoothed_a,6.17,2026-02-27T10:16:08.624Z
sensor.stormbreaker_adaptivecharge_available_charge_current_smoothed_a,6.19,2026-02-27T10:16:18.624Z
sensor.stormbreaker_adaptivecharge_available_charge_current_smoothed_a,6.21,2026-02-27T10:16:28.627Z
sensor.stormbreaker_adaptivecharge_available_charge_current_smoothed_a,6.23,2026-02-27T10:16:38.629Z
sensor.stormbreaker_adaptivecharge_available_charge_current_smoothed_a,6.25,2026-02-27T10:16:48.629Z
sensor.stormbreaker_adaptivecharge_available_charge_current_smoothed_a,6.26,2026-02-27T10:16:58.631Z
sensor.stormbreaker_adaptivecharge_available_charge_current_smoothed_a,6.28,2026-02-27T10:17:08.632Z
sensor.stormbreaker_adaptivecharge_available_charge_current_smoothed_a,6.29,2026-02-27T10:17:18.633Z
sensor.stormbreaker_adaptivecharge_available_charge_current_smoothed_a,6.31,2026-02-27T10:17:28.634Z
sensor.stormbreaker_adaptivecharge_available_charge_current_smoothed_a,6.33,2026-02-27T10:17:38.635Z
sensor.stormbreaker_adaptivecharge_available_charge_current_smoothed_a,6.35,2026-02-27T10:17:58.636Z
sensor.stormbreaker_adaptivecharge_available_charge_current_smoothed_a,6.38,2026-02-27T10:18:08.638Z
sensor.stormbreaker_adaptivecharge_available_charge_current_smoothed_a,6.41,2026-02-27T10:18:18.640Z
sensor.stormbreaker_adaptivecharge_available_charge_current_smoothed_a,6.43,2026-02-27T10:18:28.661Z
sensor.stormbreaker_adaptivecharge_available_charge_current_smoothed_a,6.46,2026-02-27T10:18:38.664Z
sensor.stormbreaker_adaptivecharge_available_charge_current_smoothed_a,6.48,2026-02-27T10:18:48.665Z
sensor.stormbreaker_adaptivecharge_available_charge_current_smoothed_a,6.36,2026-02-27T10:18:58.816Z
sensor.stormbreaker_adaptivecharge_available_charge_current_smoothed_a,6.25,2026-02-27T10:19:08.666Z
sensor.stormbreaker_adaptivecharge_available_charge_current_smoothed_a,6.14,2026-02-27T10:19:18.667Z
sensor.stormbreaker_adaptivecharge_available_charge_current_smoothed_a,6.03,2026-02-27T10:19:28.668Z
sensor.stormbreaker_adaptivecharge_available_charge_current_smoothed_a,5.92,2026-02-27T10:19:38.669Z
sensor.stormbreaker_adaptivecharge_available_charge_current_smoothed_a,5.81,2026-02-27T10:19:48.670Z
sensor.stormbreaker_adaptivecharge_available_charge_current_smoothed_a,5.83,2026-02-27T10:20:00.678Z
sensor.stormbreaker_adaptivecharge_available_charge_current_smoothed_a,5.94,2026-02-27T10:20:08.673Z
sensor.stormbreaker_adaptivecharge_available_charge_current_smoothed_a,6.04,2026-02-27T10:20:18.673Z
sensor.stormbreaker_adaptivecharge_available_charge_current_smoothed_a,6.15,2026-02-27T10:20:28.674Z
sensor.stormbreaker_adaptivecharge_available_charge_current_smoothed_a,6.25,2026-02-27T10:20:38.674Z
sensor.stormbreaker_adaptivecharge_available_charge_current_smoothed_a,6.35,2026-02-27T10:20:48.825Z
sensor.stormbreaker_adaptivecharge_available_charge_current_smoothed_a,6.53,2026-02-27T10:20:58.677Z
sensor.stormbreaker_adaptivecharge_available_charge_current_smoothed_a,6.7,2026-02-27T10:21:08.679Z
sensor.stormbreaker_adaptivecharge_available_charge_current_smoothed_a,6.86,2026-02-27T10:21:18.680Z
sensor.stormbreaker_adaptivecharge_available_charge_current_smoothed_a,7.03,2026-02-27T10:21:28.683Z
sensor.stormbreaker_adaptivecharge_available_charge_current_smoothed_a,7.2,2026-02-27T10:21:38.683Z
sensor.stormbreaker_adaptivecharge_available_charge_current_smoothed_a,7.37,2026-02-27T10:21:48.686Z
sensor.stormbreaker_adaptivecharge_available_charge_current_smoothed_a,7.39,2026-02-27T10:21:58.687Z
sensor.stormbreaker_adaptivecharge_available_charge_current_smoothed_a,7.31,2026-02-27T10:22:08.689Z
sensor.stormbreaker_adaptivecharge_available_charge_current_smoothed_a,7.24,2026-02-27T10:22:18.690Z
sensor.stormbreaker_adaptivecharge_available_charge_current_smoothed_a,7.17,2026-02-27T10:22:28.691Z
sensor.stormbreaker_adaptivecharge_available_charge_current_smoothed_a,7.1,2026-02-27T10:22:38.692Z
sensor.stormbreaker_adaptivecharge_available_charge_current_smoothed_a,7.03,2026-02-27T10:22:48.692Z
sensor.stormbreaker_adaptivecharge_available_charge_current_smoothed_a,6.97,2026-02-27T10:23:08.693Z
sensor.stormbreaker_adaptivecharge_available_charge_current_smoothed_a,6.91,2026-02-27T10:23:18.694Z
sensor.stormbreaker_adaptivecharge_available_charge_current_smoothed_a,6.84,2026-02-27T10:23:28.695Z
sensor.stormbreaker_adaptivecharge_available_charge_current_smoothed_a,6.78,2026-02-27T10:23:38.695Z
sensor.stormbreaker_adaptivecharge_available_charge_current_smoothed_a,6.7,2026-02-27T10:23:48.698Z
sensor.stormbreaker_adaptivecharge_available_charge_current_smoothed_a,6.63,2026-02-27T10:23:58.700Z
sensor.stormbreaker_adaptivecharge_available_charge_current_smoothed_a,6.55,2026-02-27T10:24:08.700Z
sensor.stormbreaker_adaptivecharge_available_charge_current_smoothed_a,6.47,2026-02-27T10:24:18.701Z
sensor.stormbreaker_adaptivecharge_available_charge_current_smoothed_a,6.4,2026-02-27T10:24:28.701Z
sensor.stormbreaker_adaptivecharge_available_charge_current_smoothed_a,6.33,2026-02-27T10:24:38.702Z
sensor.stormbreaker_adaptivecharge_available_charge_current_smoothed_a,6.25,2026-02-27T10:24:48.706Z
sensor.stormbreaker_adaptivecharge_available_charge_current_smoothed_a,6.18,2026-02-27T10:24:58.709Z
sensor.stormbreaker_adaptivecharge_available_charge_current_smoothed_a,6.25,2026-02-27T10:25:08.710Z
sensor.stormbreaker_adaptivecharge_available_charge_current_smoothed_a,6.32,2026-02-27T10:25:18.711Z
sensor.stormbreaker_adaptivecharge_available_charge_current_smoothed_a,6.4,2026-02-27T10:25:28.711Z
sensor.stormbreaker_adaptivecharge_available_charge_current_smoothed_a,6.47,2026-02-27T10:25:38.712Z
sensor.stormbreaker_adaptivecharge_available_charge_current_smoothed_a,6.56,2026-02-27T10:25:48.713Z
sensor.stormbreaker_adaptivecharge_available_charge_current_smoothed_a,6.63,2026-02-27T10:25:58.714Z
sensor.stormbreaker_adaptivecharge_available_charge_current_smoothed_a,6.51,2026-02-27T10:26:08.859Z
sensor.stormbreaker_adaptivecharge_available_charge_current_smoothed_a,6.39,2026-02-27T10:26:20.990Z
sensor.stormbreaker_adaptivecharge_available_charge_current_smoothed_a,6.18,2026-02-27T10:26:28.865Z
sensor.stormbreaker_adaptivecharge_available_charge_current_smoothed_a,5.98,2026-02-27T10:26:38.862Z
sensor.stormbreaker_adaptivecharge_available_charge_current_smoothed_a,5.78,2026-02-27T10:26:48.871Z
sensor.stormbreaker_adaptivecharge_available_charge_current_smoothed_a,5.57,2026-02-27T10:26:58.864Z
sensor.stormbreaker_adaptivecharge_available_charge_current_smoothed_a,unavailable,2026-02-27T10:27:00.871Z
sensor.stormbreaker_adaptivecharge_available_charge_current_smoothed_a,3.68,2026-02-27T10:27:00.881Z
sensor.stormbreaker_adaptivecharge_available_charge_current_smoothed_a,4.52,2026-02-27T10:27:10.881Z
sensor.stormbreaker_adaptivecharge_available_charge_current_smoothed_a,4.8,2026-02-27T10:27:20.882Z
sensor.stormbreaker_adaptivecharge_available_charge_current_smoothed_a,4.93,2026-02-27T10:27:30.882Z
sensor.stormbreaker_adaptivecharge_available_charge_current_smoothed_a,5.02,2026-02-27T10:27:40.882Z
sensor.stormbreaker_adaptivecharge_available_charge_current_smoothed_a,5.08,2026-02-27T10:27:50.884Z
sensor.stormbreaker_adaptivecharge_available_charge_current_smoothed_a,4.39,2026-02-27T10:28:00.885Z
sensor.stormbreaker_adaptivecharge_available_charge_current_smoothed_a,4.51,2026-02-27T10:28:10.886Z
sensor.stormbreaker_adaptivecharge_available_charge_current_smoothed_a,4.62,2026-02-27T10:28:20.888Z
sensor.stormbreaker_adaptivecharge_available_charge_current_smoothed_a,5.02,2026-02-27T10:28:30.889Z
sensor.stormbreaker_adaptivecharge_available_charge_current_smoothed_a,5.51,2026-02-27T10:28:40.891Z
sensor.stormbreaker_adaptivecharge_available_charge_current_smoothed_a,5.91,2026-02-27T10:28:50.891Z
sensor.stormbreaker_adaptivecharge_available_charge_current_smoothed_a,6.47,2026-02-27T10:29:00.892Z
sensor.stormbreaker_adaptivecharge_available_charge_current_smoothed_a,6.27,2026-02-27T10:29:16.194Z
sensor.stormbreaker_adaptivecharge_available_charge_current_smoothed_a,5.99,2026-02-27T10:29:21.046Z
sensor.stormbreaker_adaptivecharge_available_charge_current_smoothed_a,5.71,2026-02-27T10:29:31.036Z
sensor.stormbreaker_adaptivecharge_available_charge_current_smoothed_a,5.43,2026-02-27T10:29:41.048Z
sensor.stormbreaker_adaptivecharge_available_charge_current_smoothed_a,5.15,2026-02-27T10:29:50.899Z
sensor.stormbreaker_adaptivecharge_available_charge_current_smoothed_a,4.95,2026-02-27T10:30:00.897Z
sensor.stormbreaker_adaptivecharge_available_charge_current_smoothed_a,4.34,2026-02-27T10:30:10.901Z
sensor.stormbreaker_adaptivecharge_available_charge_current_smoothed_a,4.1,2026-02-27T10:30:20.901Z
sensor.stormbreaker_adaptivecharge_available_charge_current_smoothed_a,3.61,2026-02-27T10:30:30.902Z
sensor.stormbreaker_adaptivecharge_available_charge_current_smoothed_a,2.96,2026-02-27T10:30:40.901Z
sensor.stormbreaker_adaptivecharge_available_charge_current_smoothed_a,2.32,2026-02-27T10:30:50.903Z
sensor.stormbreaker_adaptivecharge_available_charge_current_smoothed_a,1.68,2026-02-27T10:31:00.906Z
sensor.stormbreaker_adaptivecharge_available_charge_current_smoothed_a,1.65,2026-02-27T10:31:10.906Z
sensor.stormbreaker_adaptivecharge_available_charge_current_smoothed_a,1.7,2026-02-27T10:31:20.906Z
sensor.stormbreaker_adaptivecharge_available_charge_current_smoothed_a,1.74,2026-02-27T10:31:30.905Z
sensor.stormbreaker_adaptivecharge_available_charge_current_smoothed_a,1.79,2026-02-27T10:31:40.908Z
sensor.stormbreaker_adaptivecharge_available_charge_current_smoothed_a,1.83,2026-02-27T10:31:50.908Z
sensor.stormbreaker_adaptivecharge_available_charge_current_smoothed_a,2.21,2026-02-27T10:32:00.908Z
sensor.stormbreaker_adaptivecharge_available_charge_current_smoothed_a,2.59,2026-02-27T10:32:10.909Z
sensor.stormbreaker_adaptivecharge_available_charge_current_smoothed_a,2.58,2026-02-27T10:32:20.910Z
sensor.stormbreaker_adaptivecharge_available_charge_current_smoothed_a,2.56,2026-02-27T10:32:30.910Z
sensor.stormbreaker_adaptivecharge_available_charge_current_smoothed_a,2.55,2026-02-27T10:32:40.910Z
sensor.stormbreaker_adaptivecharge_available_charge_current_smoothed_a,2.54,2026-02-27T10:32:50.912Z
sensor.stormbreaker_adaptivecharge_available_charge_current_smoothed_a,2.57,2026-02-27T10:33:01.069Z
sensor.stormbreaker_adaptivecharge_available_charge_current_smoothed_a,2.66,2026-02-27T10:33:10.914Z
sensor.stormbreaker_adaptivecharge_available_charge_current_smoothed_a,2.67,2026-02-27T10:33:20.915Z
sensor.stormbreaker_adaptivecharge_available_charge_current_smoothed_a,2.68,2026-02-27T10:34:10.922Z
sensor.stormbreaker_adaptivecharge_available_charge_current_smoothed_a,2.69,2026-02-27T10:34:30.925Z
sensor.stormbreaker_adaptivecharge_available_charge_current_smoothed_a,2.7,2026-02-27T10:34:40.925Z
sensor.stormbreaker_adaptivecharge_available_charge_current_smoothed_a,2.66,2026-02-27T10:35:00.926Z
sensor.stormbreaker_adaptivecharge_available_charge_current_smoothed_a,2.56,2026-02-27T10:35:10.928Z
sensor.stormbreaker_adaptivecharge_available_charge_current_smoothed_a,2.52,2026-02-27T10:35:20.927Z
sensor.stormbreaker_adaptivecharge_available_charge_current_smoothed_a,2.49,2026-02-27T10:35:30.929Z
sensor.stormbreaker_adaptivecharge_available_charge_current_smoothed_a,2.46,2026-02-27T10:35:40.929Z
sensor.stormbreaker_adaptivecharge_available_charge_current_smoothed_a,2.42,2026-02-27T10:35:50.930Z
sensor.stormbreaker_adaptivecharge_available_charge_current_smoothed_a,2.39,2026-02-27T10:36:00.931Z
sensor.stormbreaker_adaptivecharge_available_charge_current_smoothed_a,2.35,2026-02-27T10:36:10.932Z
sensor.stormbreaker_adaptivecharge_available_charge_current_smoothed_a,2.32,2026-02-27T10:36:20.934Z
sensor.stormbreaker_adaptivecharge_available_charge_current_smoothed_a,2.31,2026-02-27T10:36:30.935Z
sensor.stormbreaker_adaptivecharge_available_charge_current_smoothed_a,2.3,2026-02-27T10:36:50.937Z
sensor.stormbreaker_adaptivecharge_available_charge_current_smoothed_a,2.29,2026-02-27T10:37:10.937Z
sensor.stormbreaker_adaptivecharge_available_charge_current_smoothed_a,2.32,2026-02-27T10:37:20.939Z
sensor.stormbreaker_adaptivecharge_available_charge_current_smoothed_a,2.35,2026-02-27T10:37:30.940Z
sensor.stormbreaker_adaptivecharge_available_charge_current_smoothed_a,2.38,2026-02-27T10:37:40.939Z
sensor.stormbreaker_adaptivecharge_available_charge_current_smoothed_a,2.41,2026-02-27T10:37:50.940Z
sensor.stormbreaker_adaptivecharge_available_charge_current_smoothed_a,2.44,2026-02-27T10:38:00.942Z
sensor.stormbreaker_adaptivecharge_available_charge_current_smoothed_a,2.47,2026-02-27T10:38:10.943Z
sensor.stormbreaker_adaptivecharge_available_charge_current_smoothed_a,2.5,2026-02-27T10:38:20.944Z
sensor.stormbreaker_adaptivecharge_available_charge_current_smoothed_a,2.47,2026-02-27T10:38:30.946Z
sensor.stormbreaker_adaptivecharge_available_charge_current_smoothed_a,2.45,2026-02-27T10:38:40.947Z
sensor.stormbreaker_adaptivecharge_available_charge_current_smoothed_a,2.43,2026-02-27T10:38:50.948Z
sensor.stormbreaker_adaptivecharge_available_charge_current_smoothed_a,2.4,2026-02-27T10:39:00.949Z
sensor.stormbreaker_adaptivecharge_available_charge_current_smoothed_a,2.38,2026-02-27T10:39:10.950Z
sensor.stormbreaker_adaptivecharge_available_charge_current_smoothed_a,2.36,2026-02-27T10:39:20.950Z
sensor.stormbreaker_adaptivecharge_available_charge_current_smoothed_a,2.34,2026-02-27T10:39:30.952Z
sensor.stormbreaker_adaptivecharge_available_charge_current_smoothed_a,2.32,2026-02-27T10:39:40.952Z
sensor.stormbreaker_adaptivecharge_available_charge_current_smoothed_a,2.3,2026-02-27T10:39:50.953Z
sensor.stormbreaker_adaptivecharge_available_charge_current_smoothed_a,2.28,2026-02-27T10:40:00.953Z
sensor.stormbreaker_adaptivecharge_available_charge_current_smoothed_a,2.27,2026-02-27T10:40:10.955Z
sensor.stormbreaker_adaptivecharge_available_charge_current_smoothed_a,2.25,2026-02-27T10:40:20.957Z
sensor.stormbreaker_adaptivecharge_available_charge_current_smoothed_a,2.26,2026-02-27T10:41:40.965Z
sensor.stormbreaker_adaptivecharge_available_charge_current_smoothed_a,2.27,2026-02-27T10:42:10.969Z
sensor.stormbreaker_adaptivecharge_available_charge_current_smoothed_a,2.28,2026-02-27T10:42:30.971Z
sensor.stormbreaker_adaptivecharge_available_charge_current_smoothed_a,2.29,2026-02-27T10:42:40.971Z
sensor.stormbreaker_adaptivecharge_available_charge_current_smoothed_a,2.3,2026-02-27T10:42:50.970Z
sensor.stormbreaker_adaptivecharge_available_charge_current_smoothed_a,2.31,2026-02-27T10:43:00.971Z
sensor.stormbreaker_adaptivecharge_available_charge_current_smoothed_a,2.32,2026-02-27T10:43:10.972Z
sensor.stormbreaker_adaptivecharge_available_charge_current_smoothed_a,2.33,2026-02-27T10:43:20.974Z
sensor.stormbreaker_adaptivecharge_available_charge_current_smoothed_a,2.37,2026-02-27T10:43:40.976Z
sensor.stormbreaker_adaptivecharge_available_charge_current_smoothed_a,2.41,2026-02-27T10:43:50.977Z
sensor.stormbreaker_adaptivecharge_available_charge_current_smoothed_a,2.45,2026-02-27T10:44:00.977Z
sensor.stormbreaker_adaptivecharge_available_charge_current_smoothed_a,2.49,2026-02-27T10:44:10.979Z
sensor.stormbreaker_adaptivecharge_available_charge_current_smoothed_a,2.53,2026-02-27T10:44:20.980Z
sensor.stormbreaker_adaptivecharge_available_charge_current_smoothed_a,2.57,2026-02-27T10:44:30.980Z
sensor.stormbreaker_adaptivecharge_available_charge_current_smoothed_a,2.65,2026-02-27T10:44:40.981Z
sensor.stormbreaker_adaptivecharge_available_charge_current_smoothed_a,2.73,2026-02-27T10:44:50.982Z
sensor.stormbreaker_adaptivecharge_available_charge_current_smoothed_a,2.81,2026-02-27T10:45:00.983Z
sensor.stormbreaker_adaptivecharge_available_charge_current_smoothed_a,2.88,2026-02-27T10:45:10.987Z
sensor.stormbreaker_adaptivecharge_available_charge_current_smoothed_a,2.96,2026-02-27T10:45:20.988Z
sensor.stormbreaker_adaptivecharge_available_charge_current_smoothed_a,3.04,2026-02-27T10:45:30.988Z
sensor.stormbreaker_adaptivecharge_available_charge_current_smoothed_a,3.07,2026-02-27T10:45:40.990Z
sensor.stormbreaker_adaptivecharge_available_charge_current_smoothed_a,3.1,2026-02-27T10:45:50.990Z
sensor.stormbreaker_adaptivecharge_available_charge_current_smoothed_a,3.13,2026-02-27T10:46:00.991Z
sensor.stormbreaker_adaptivecharge_available_charge_current_smoothed_a,3.16,2026-02-27T10:46:10.992Z
sensor.stormbreaker_adaptivecharge_available_charge_current_smoothed_a,3.19,2026-02-27T10:46:20.991Z
sensor.stormbreaker_adaptivecharge_available_charge_current_smoothed_a,3.22,2026-02-27T10:46:30.992Z
sensor.stormbreaker_adaptivecharge_available_charge_current_smoothed_a,3.21,2026-02-27T10:46:40.993Z
sensor.stormbreaker_adaptivecharge_available_charge_current_smoothed_a,3.19,2026-02-27T10:46:50.994Z
sensor.stormbreaker_adaptivecharge_available_charge_current_smoothed_a,3.17,2026-02-27T10:47:00.995Z
sensor.stormbreaker_adaptivecharge_available_charge_current_smoothed_a,3.16,2026-02-27T10:47:10.994Z
sensor.stormbreaker_adaptivecharge_available_charge_current_smoothed_a,3.14,2026-02-27T10:47:20.997Z
sensor.stormbreaker_adaptivecharge_available_charge_current_smoothed_a,3.12,2026-02-27T10:47:30.997Z
sensor.stormbreaker_adaptivecharge_available_charge_current_smoothed_a,3.16,2026-02-27T10:47:50.999Z
sensor.stormbreaker_adaptivecharge_available_charge_current_smoothed_a,3.2,2026-02-27T10:48:01.000Z
sensor.stormbreaker_adaptivecharge_available_charge_current_smoothed_a,3.24,2026-02-27T10:48:11.001Z
sensor.stormbreaker_adaptivecharge_available_charge_current_smoothed_a,3.28,2026-02-27T10:48:21.002Z
sensor.stormbreaker_adaptivecharge_available_charge_current_smoothed_a,3.32,2026-02-27T10:48:31.002Z
sensor.stormbreaker_adaptivecharge_available_charge_current_smoothed_a,3.36,2026-02-27T10:48:41.003Z
sensor.stormbreaker_adaptivecharge_available_charge_current_smoothed_a,3.42,2026-02-27T10:48:51.003Z
sensor.stormbreaker_adaptivecharge_available_charge_current_smoothed_a,3.48,2026-02-27T10:49:01.003Z
sensor.stormbreaker_adaptivecharge_available_charge_current_smoothed_a,3.53,2026-02-27T10:49:11.102Z
sensor.stormbreaker_adaptivecharge_available_charge_current_smoothed_a,3.59,2026-02-27T10:49:21.103Z
sensor.stormbreaker_adaptivecharge_available_charge_current_smoothed_a,3.65,2026-02-27T10:49:31.107Z
sensor.stormbreaker_adaptivecharge_available_charge_current_smoothed_a,3.71,2026-02-27T10:49:41.108Z
sensor.stormbreaker_adaptivecharge_available_charge_current_smoothed_a,3.7,2026-02-27T10:50:01.109Z
sensor.stormbreaker_adaptivecharge_available_charge_current_smoothed_a,3.69,2026-02-27T10:50:41.362Z
sensor.stormbreaker_adaptivecharge_available_charge_current_smoothed_a,3.66,2026-02-27T10:50:51.367Z
sensor.stormbreaker_adaptivecharge_available_charge_current_smoothed_a,3.62,2026-02-27T10:51:01.370Z
sensor.stormbreaker_adaptivecharge_available_charge_current_smoothed_a,3.58,2026-02-27T10:51:11.370Z
sensor.stormbreaker_adaptivecharge_available_charge_current_smoothed_a,3.54,2026-02-27T10:51:21.371Z
sensor.stormbreaker_adaptivecharge_available_charge_current_smoothed_a,3.51,2026-02-27T10:51:31.372Z
sensor.stormbreaker_adaptivecharge_available_charge_current_smoothed_a,3.47,2026-02-27T10:51:41.425Z
sensor.stormbreaker_adaptivecharge_available_charge_current_smoothed_a,3.45,2026-02-27T10:51:51.432Z
sensor.stormbreaker_adaptivecharge_available_charge_current_smoothed_a,3.4,2026-02-27T10:52:01.433Z
sensor.stormbreaker_adaptivecharge_available_charge_current_smoothed_a,3.35,2026-02-27T10:52:11.435Z
sensor.stormbreaker_adaptivecharge_available_charge_current_smoothed_a,3.3,2026-02-27T10:52:21.435Z
sensor.stormbreaker_adaptivecharge_available_charge_current_smoothed_a,3.26,2026-02-27T10:52:31.436Z
sensor.stormbreaker_adaptivecharge_available_charge_current_smoothed_a,3.21,2026-02-27T10:52:41.436Z
sensor.stormbreaker_adaptivecharge_available_charge_current_smoothed_a,3.18,2026-02-27T10:52:51.438Z
sensor.stormbreaker_adaptivecharge_available_charge_current_smoothed_a,3.15,2026-02-27T10:53:01.439Z
sensor.stormbreaker_adaptivecharge_available_charge_current_smoothed_a,3.11,2026-02-27T10:53:11.440Z
sensor.stormbreaker_adaptivecharge_available_charge_current_smoothed_a,3.08,2026-02-27T10:53:21.440Z
sensor.stormbreaker_adaptivecharge_available_charge_current_smoothed_a,3.05,2026-02-27T10:53:31.441Z
sensor.stormbreaker_adaptivecharge_available_charge_current_smoothed_a,3.01,2026-02-27T10:53:41.442Z
sensor.stormbreaker_adaptivecharge_available_charge_current_smoothed_a,2.97,2026-02-27T10:53:51.443Z
sensor.stormbreaker_adaptivecharge_available_charge_current_smoothed_a,3.02,2026-02-27T10:54:01.444Z
sensor.stormbreaker_adaptivecharge_available_charge_current_smoothed_a,3.06,2026-02-27T10:54:11.443Z
sensor.stormbreaker_adaptivecharge_available_charge_current_smoothed_a,3.1,2026-02-27T10:54:21.445Z
sensor.stormbreaker_adaptivecharge_available_charge_current_smoothed_a,3.15,2026-02-27T10:54:31.445Z
sensor.stormbreaker_adaptivecharge_available_charge_current_smoothed_a,3.19,2026-02-27T10:54:41.446Z
sensor.stormbreaker_adaptivecharge_available_charge_current_smoothed_a,3.23,2026-02-27T10:54:51.447Z
sensor.stormbreaker_adaptivecharge_available_charge_current_smoothed_a,3.51,2026-02-27T10:55:07.886Z
sensor.stormbreaker_adaptivecharge_available_charge_current_smoothed_a,3.95,2026-02-27T10:55:11.448Z
sensor.stormbreaker_adaptivecharge_available_charge_current_smoothed_a,4.4,2026-02-27T10:55:21.448Z
sensor.stormbreaker_adaptivecharge_available_charge_current_smoothed_a,4.85,2026-02-27T10:55:31.449Z
sensor.stormbreaker_adaptivecharge_available_charge_current_smoothed_a,5.3,2026-02-27T10:55:41.449Z
sensor.stormbreaker_adaptivecharge_available_charge_current_smoothed_a,5.76,2026-02-27T10:55:51.451Z
sensor.stormbreaker_adaptivecharge_available_charge_current_smoothed_a,5.92,2026-02-27T10:56:03.895Z
sensor.stormbreaker_adaptivecharge_available_charge_current_smoothed_a,6.18,2026-02-27T10:56:11.456Z
sensor.stormbreaker_adaptivecharge_available_charge_current_smoothed_a,6.42,2026-02-27T10:56:21.456Z
sensor.stormbreaker_adaptivecharge_available_charge_current_smoothed_a,6.66,2026-02-27T10:56:31.458Z
sensor.stormbreaker_adaptivecharge_available_charge_current_smoothed_a,6.9,2026-02-27T10:56:41.459Z
sensor.stormbreaker_adaptivecharge_available_charge_current_smoothed_a,7.15,2026-02-27T10:56:51.460Z
sensor.stormbreaker_adaptivecharge_available_charge_current_smoothed_a,6.98,2026-02-27T10:57:01.460Z
sensor.stormbreaker_adaptivecharge_available_charge_current_smoothed_a,6.64,2026-02-27T10:57:19.403Z
sensor.stormbreaker_adaptivecharge_available_charge_current_smoothed_a,6.2,2026-02-27T10:57:21.610Z
sensor.stormbreaker_adaptivecharge_available_charge_current_smoothed_a,5.76,2026-02-27T10:57:31.612Z
sensor.stormbreaker_adaptivecharge_available_charge_current_smoothed_a,5.32,2026-02-27T10:57:41.607Z
sensor.stormbreaker_adaptivecharge_available_charge_current_smoothed_a,4.88,2026-02-27T10:57:51.464Z
sensor.stormbreaker_adaptivecharge_available_charge_current_smoothed_a,4.34,2026-02-27T10:58:01.467Z
sensor.stormbreaker_adaptivecharge_available_charge_current_smoothed_a,4.06,2026-02-27T10:58:11.467Z
sensor.stormbreaker_adaptivecharge_available_charge_current_smoothed_a,3.8,2026-02-27T10:58:21.467Z
sensor.stormbreaker_adaptivecharge_available_charge_current_smoothed_a,3.54,2026-02-27T10:58:31.469Z
sensor.stormbreaker_adaptivecharge_available_charge_current_smoothed_a,3.27,2026-02-27T10:58:41.469Z
sensor.stormbreaker_adaptivecharge_available_charge_current_smoothed_a,3.0,2026-02-27T10:58:51.470Z
sensor.stormbreaker_adaptivecharge_available_charge_current_smoothed_a,2.93,2026-02-27T10:59:01.476Z
sensor.stormbreaker_adaptivecharge_available_charge_current_smoothed_a,2.81,2026-02-27T10:59:11.477Z
sensor.stormbreaker_adaptivecharge_available_charge_current_smoothed_a,2.78,2026-02-27T10:59:21.480Z
sensor.stormbreaker_adaptivecharge_available_charge_current_smoothed_a,2.75,2026-02-27T10:59:31.482Z
sensor.stormbreaker_adaptivecharge_available_charge_current_smoothed_a,2.71,2026-02-27T10:59:41.483Z
sensor.stormbreaker_adaptivecharge_available_charge_current_smoothed_a,2.68,2026-02-27T10:59:51.484Z
sensor.stormbreaker_adaptivecharge_available_charge_current_smoothed_a,2.98,2026-02-27T11:00:01.485Z
sensor.stormbreaker_adaptivecharge_available_charge_current_smoothed_a,3.09,2026-02-27T11:00:11.486Z
sensor.stormbreaker_adaptivecharge_available_charge_current_smoothed_a,3.19,2026-02-27T11:00:21.487Z
sensor.stormbreaker_adaptivecharge_available_charge_current_smoothed_a,3.29,2026-02-27T11:00:31.488Z
sensor.stormbreaker_adaptivecharge_available_charge_current_smoothed_a,3.4,2026-02-27T11:00:41.489Z
sensor.stormbreaker_adaptivecharge_available_charge_current_smoothed_a,3.5,2026-02-27T11:00:51.641Z
sensor.stormbreaker_adaptivecharge_available_charge_current_smoothed_a,3.66,2026-02-27T11:01:01.493Z
sensor.stormbreaker_adaptivecharge_available_charge_current_smoothed_a,4.04,2026-02-27T11:01:11.494Z
sensor.stormbreaker_adaptivecharge_available_charge_current_smoothed_a,4.41,2026-02-27T11:01:21.494Z
sensor.stormbreaker_adaptivecharge_available_charge_current_smoothed_a,4.78,2026-02-27T11:01:31.495Z
sensor.stormbreaker_adaptivecharge_available_charge_current_smoothed_a,5.15,2026-02-27T11:01:41.496Z
sensor.stormbreaker_adaptivecharge_available_charge_current_smoothed_a,5.52,2026-02-27T11:01:51.497Z
sensor.stormbreaker_adaptivecharge_available_charge_current_smoothed_a,5.89,2026-02-27T11:02:07.951Z
sensor.stormbreaker_adaptivecharge_available_charge_current_smoothed_a,6.05,2026-02-27T11:02:11.499Z
sensor.stormbreaker_adaptivecharge_available_charge_current_smoothed_a,6.21,2026-02-27T11:02:21.500Z
sensor.stormbreaker_adaptivecharge_available_charge_current_smoothed_a,6.37,2026-02-27T11:02:31.501Z
sensor.stormbreaker_adaptivecharge_available_charge_current_smoothed_a,6.54,2026-02-27T11:02:41.501Z
sensor.stormbreaker_adaptivecharge_available_charge_current_smoothed_a,6.7,2026-02-27T11:02:51.503Z
sensor.stormbreaker_adaptivecharge_available_charge_current_smoothed_a,6.8,2026-02-27T11:03:01.502Z
sensor.stormbreaker_adaptivecharge_available_charge_current_smoothed_a,6.53,2026-02-27T11:03:11.504Z
sensor.stormbreaker_adaptivecharge_available_charge_current_smoothed_a,6.27,2026-02-27T11:03:21.505Z
sensor.stormbreaker_adaptivecharge_available_charge_current_smoothed_a,6.01,2026-02-27T11:03:31.505Z
sensor.stormbreaker_adaptivecharge_available_charge_current_smoothed_a,5.75,2026-02-27T11:03:41.507Z
sensor.stormbreaker_adaptivecharge_available_charge_current_smoothed_a,5.49,2026-02-27T11:03:51.508Z
sensor.stormbreaker_adaptivecharge_available_charge_current_smoothed_a,5.24,2026-02-27T11:04:01.509Z
sensor.stormbreaker_adaptivecharge_available_charge_current_smoothed_a,5.03,2026-02-27T11:04:11.510Z
sensor.stormbreaker_adaptivecharge_available_charge_current_smoothed_a,5.02,2026-02-27T11:04:24.025Z
sensor.stormbreaker_adaptivecharge_available_charge_current_smoothed_a,5.08,2026-02-27T11:04:31.511Z
sensor.stormbreaker_adaptivecharge_available_charge_current_smoothed_a,5.14,2026-02-27T11:04:41.513Z
sensor.stormbreaker_adaptivecharge_available_charge_current_smoothed_a,5.2,2026-02-27T11:04:51.515Z
sensor.stormbreaker_adaptivecharge_available_charge_current_smoothed_a,5.27,2026-02-27T11:05:01.514Z
sensor.stormbreaker_adaptivecharge_available_charge_current_smoothed_a,5.54,2026-02-27T11:05:11.516Z
sensor.stormbreaker_adaptivecharge_available_charge_current_smoothed_a,5.75,2026-02-27T11:05:23.782Z
sensor.stormbreaker_adaptivecharge_available_charge_current_smoothed_a,6.05,2026-02-27T11:05:31.517Z
sensor.stormbreaker_adaptivecharge_available_charge_current_smoothed_a,6.34,2026-02-27T11:05:41.518Z
sensor.stormbreaker_adaptivecharge_available_charge_current_smoothed_a,6.63,2026-02-27T11:05:51.518Z
sensor.stormbreaker_adaptivecharge_available_charge_current_smoothed_a,6.93,2026-02-27T11:06:01.520Z
sensor.stormbreaker_adaptivecharge_available_charge_current_smoothed_a,7.23,2026-02-27T11:06:11.520Z
sensor.stormbreaker_adaptivecharge_available_charge_current_smoothed_a,7.26,2026-02-27T11:06:21.522Z
sensor.stormbreaker_adaptivecharge_available_charge_current_smoothed_a,7.2,2026-02-27T11:06:31.523Z
sensor.stormbreaker_adaptivecharge_available_charge_current_smoothed_a,7.14,2026-02-27T11:06:41.524Z
sensor.stormbreaker_adaptivecharge_available_charge_current_smoothed_a,7.08,2026-02-27T11:06:51.524Z
sensor.stormbreaker_adaptivecharge_available_charge_current_smoothed_a,7.03,2026-02-27T11:07:01.525Z
sensor.stormbreaker_adaptivecharge_available_charge_current_smoothed_a,6.97,2026-02-27T11:07:11.526Z
sensor.stormbreaker_adaptivecharge_available_charge_current_smoothed_a,6.98,2026-02-27T11:07:21.526Z
sensor.stormbreaker_adaptivecharge_available_charge_current_smoothed_a,6.89,2026-02-27T11:07:31.528Z
sensor.stormbreaker_adaptivecharge_available_charge_current_smoothed_a,6.82,2026-02-27T11:07:41.529Z
sensor.stormbreaker_adaptivecharge_available_charge_current_smoothed_a,6.73,2026-02-27T11:07:51.529Z
sensor.stormbreaker_adaptivecharge_available_charge_current_smoothed_a,6.65,2026-02-27T11:08:01.530Z
sensor.stormbreaker_adaptivecharge_available_charge_current_smoothed_a,6.56,2026-02-27T11:08:11.531Z
sensor.stormbreaker_adaptivecharge_available_charge_current_smoothed_a,6.55,2026-02-27T11:08:51.535Z
sensor.stormbreaker_adaptivecharge_available_charge_current_smoothed_a,6.54,2026-02-27T11:09:11.537Z
sensor.stormbreaker_adaptivecharge_available_charge_current_smoothed_a,6.22,2026-02-27T11:09:33.589Z
sensor.stormbreaker_adaptivecharge_available_charge_current_smoothed_a,5.8,2026-02-27T11:09:41.687Z
sensor.stormbreaker_adaptivecharge_available_charge_current_smoothed_a,5.4,2026-02-27T11:09:51.701Z
sensor.stormbreaker_adaptivecharge_available_charge_current_smoothed_a,4.99,2026-02-27T11:10:01.688Z
sensor.stormbreaker_adaptivecharge_available_charge_current_smoothed_a,4.59,2026-02-27T11:10:11.688Z
sensor.stormbreaker_adaptivecharge_available_charge_current_smoothed_a,4.18,2026-02-27T11:10:21.544Z
sensor.stormbreaker_adaptivecharge_available_charge_current_smoothed_a,3.63,2026-02-27T11:10:31.546Z
sensor.stormbreaker_adaptivecharge_available_charge_current_smoothed_a,3.08,2026-02-27T11:10:41.547Z
sensor.stormbreaker_adaptivecharge_available_charge_current_smoothed_a,2.53,2026-02-27T11:10:51.548Z
sensor.stormbreaker_adaptivecharge_available_charge_current_smoothed_a,1.98,2026-02-27T11:11:01.549Z
sensor.stormbreaker_adaptivecharge_available_charge_current_smoothed_a,1.43,2026-02-27T11:11:11.549Z
sensor.stormbreaker_adaptivecharge_available_charge_current_smoothed_a,0.88,2026-02-27T11:11:21.550Z
sensor.stormbreaker_adaptivecharge_available_charge_current_smoothed_a,0.85,2026-02-27T11:11:31.553Z
sensor.stormbreaker_adaptivecharge_available_charge_current_smoothed_a,0.91,2026-02-27T11:11:41.554Z
sensor.stormbreaker_adaptivecharge_available_charge_current_smoothed_a,0.97,2026-02-27T11:11:51.556Z
sensor.stormbreaker_adaptivecharge_available_charge_current_smoothed_a,1.02,2026-02-27T11:12:01.556Z
sensor.stormbreaker_adaptivecharge_available_charge_current_smoothed_a,1.08,2026-02-27T11:12:11.558Z
sensor.stormbreaker_adaptivecharge_available_charge_current_smoothed_a,1.14,2026-02-27T11:12:21.559Z
sensor.stormbreaker_adaptivecharge_available_charge_current_smoothed_a,1.34,2026-02-27T11:12:31.560Z
sensor.stormbreaker_adaptivecharge_available_charge_current_smoothed_a,1.55,2026-02-27T11:12:41.560Z
sensor.stormbreaker_adaptivecharge_available_charge_current_smoothed_a,1.75,2026-02-27T11:12:51.562Z
sensor.stormbreaker_adaptivecharge_available_charge_current_smoothed_a,1.96,2026-02-27T11:13:01.562Z
sensor.stormbreaker_adaptivecharge_available_charge_current_smoothed_a,2.16,2026-02-27T11:13:11.563Z
sensor.stormbreaker_adaptivecharge_available_charge_current_smoothed_a,2.37,2026-02-27T11:13:21.565Z
sensor.stormbreaker_adaptivecharge_available_charge_current_smoothed_a,2.39,2026-02-27T11:13:31.565Z
sensor.stormbreaker_adaptivecharge_available_charge_current_smoothed_a,2.52,2026-02-27T11:13:41.566Z
sensor.stormbreaker_adaptivecharge_available_charge_current_smoothed_a,2.65,2026-02-27T11:13:51.566Z
sensor.stormbreaker_adaptivecharge_available_charge_current_smoothed_a,2.78,2026-02-27T11:14:01.566Z
sensor.stormbreaker_adaptivecharge_available_charge_current_smoothed_a,2.9,2026-02-27T11:14:11.567Z
sensor.stormbreaker_adaptivecharge_available_charge_current_smoothed_a,3.03,2026-02-27T11:14:21.567Z
sensor.stormbreaker_adaptivecharge_available_charge_current_smoothed_a,3.15,2026-02-27T11:14:31.569Z
sensor.stormbreaker_adaptivecharge_available_charge_current_smoothed_a,3.2,2026-02-27T11:14:48.263Z
sensor.stormbreaker_adaptivecharge_available_charge_current_smoothed_a,3.34,2026-02-27T11:14:51.570Z
sensor.stormbreaker_adaptivecharge_available_charge_current_smoothed_a,3.47,2026-02-27T11:15:01.571Z
sensor.stormbreaker_adaptivecharge_available_charge_current_smoothed_a,3.61,2026-02-27T11:15:11.572Z
sensor.stormbreaker_adaptivecharge_available_charge_current_smoothed_a,3.74,2026-02-27T11:15:21.572Z
sensor.stormbreaker_adaptivecharge_available_charge_current_smoothed_a,3.86,2026-02-27T11:15:31.574Z
sensor.stormbreaker_adaptivecharge_available_charge_current_smoothed_a,3.85,2026-02-27T11:15:51.575Z
sensor.stormbreaker_adaptivecharge_available_charge_current_smoothed_a,4.2,2026-02-27T11:16:48.186Z
sensor.stormbreaker_adaptivecharge_available_charge_current_smoothed_a,4.55,2026-02-27T11:16:51.584Z
sensor.stormbreaker_adaptivecharge_available_charge_current_smoothed_a,4.89,2026-02-27T11:17:01.583Z
sensor.stormbreaker_adaptivecharge_available_charge_current_smoothed_a,5.24,2026-02-27T11:17:11.586Z
sensor.stormbreaker_adaptivecharge_available_charge_current_smoothed_a,5.59,2026-02-27T11:17:21.586Z
sensor.stormbreaker_adaptivecharge_available_charge_current_smoothed_a,5.93,2026-02-27T11:17:31.587Z
sensor.stormbreaker_adaptivecharge_available_charge_current_smoothed_a,6.0,2026-02-27T11:17:41.587Z
sensor.stormbreaker_adaptivecharge_available_charge_current_smoothed_a,6.06,2026-02-27T11:17:51.587Z
sensor.stormbreaker_adaptivecharge_available_charge_current_smoothed_a,6.12,2026-02-27T11:18:01.589Z
sensor.stormbreaker_adaptivecharge_available_charge_current_smoothed_a,6.18,2026-02-27T11:18:11.589Z
sensor.stormbreaker_adaptivecharge_available_charge_current_smoothed_a,6.23,2026-02-27T11:18:21.591Z
sensor.stormbreaker_adaptivecharge_available_charge_current_smoothed_a,6.29,2026-02-27T11:18:31.589Z
sensor.stormbreaker_adaptivecharge_available_charge_current_smoothed_a,5.97,2026-02-27T11:18:41.591Z
sensor.stormbreaker_adaptivecharge_available_charge_current_smoothed_a,5.57,2026-02-27T11:18:58.340Z
sensor.stormbreaker_adaptivecharge_available_charge_current_smoothed_a,5.08,2026-02-27T11:19:01.748Z
sensor.stormbreaker_adaptivecharge_available_charge_current_smoothed_a,4.59,2026-02-27T11:19:11.741Z
sensor.stormbreaker_adaptivecharge_available_charge_current_smoothed_a,4.1,2026-02-27T11:19:21.596Z
sensor.stormbreaker_adaptivecharge_available_charge_current_smoothed_a,3.36,2026-02-27T11:19:31.597Z
sensor.stormbreaker_adaptivecharge_available_charge_current_smoothed_a,3.19,2026-02-27T11:19:41.598Z
sensor.stormbreaker_adaptivecharge_available_charge_current_smoothed_a,3.03,2026-02-27T11:19:51.599Z
sensor.stormbreaker_adaptivecharge_available_charge_current_smoothed_a,2.87,2026-02-27T11:20:01.600Z
sensor.stormbreaker_adaptivecharge_available_charge_current_smoothed_a,2.7,2026-02-27T11:20:11.602Z
sensor.stormbreaker_adaptivecharge_available_charge_current_smoothed_a,2.54,2026-02-27T11:20:21.602Z
sensor.stormbreaker_adaptivecharge_available_charge_current_smoothed_a,2.38,2026-02-27T11:20:31.606Z
sensor.stormbreaker_adaptivecharge_available_charge_current_smoothed_a,2.32,2026-02-27T11:20:41.607Z
sensor.stormbreaker_adaptivecharge_available_charge_current_smoothed_a,2.23,2026-02-27T11:20:51.608Z
sensor.stormbreaker_adaptivecharge_available_charge_current_smoothed_a,2.24,2026-02-27T11:21:01.609Z
sensor.stormbreaker_adaptivecharge_available_charge_current_smoothed_a,2.5,2026-02-27T11:21:31.613Z
sensor.stormbreaker_adaptivecharge_available_charge_current_smoothed_a,2.48,2026-02-27T11:21:41.614Z
sensor.stormbreaker_adaptivecharge_available_charge_current_smoothed_a,2.42,2026-02-27T11:21:51.614Z
sensor.stormbreaker_adaptivecharge_available_charge_current_smoothed_a,2.36,2026-02-27T11:22:01.615Z
sensor.stormbreaker_adaptivecharge_available_charge_current_smoothed_a,2.3,2026-02-27T11:22:11.616Z
sensor.stormbreaker_adaptivecharge_available_charge_current_smoothed_a,2.25,2026-02-27T11:22:21.618Z
sensor.stormbreaker_adaptivecharge_available_charge_current_smoothed_a,2.3,2026-02-27T11:22:31.619Z
sensor.stormbreaker_adaptivecharge_available_charge_current_smoothed_a,2.42,2026-02-27T11:22:41.619Z
sensor.stormbreaker_adaptivecharge_available_charge_current_smoothed_a,2.39,2026-02-27T11:22:51.619Z
sensor.stormbreaker_adaptivecharge_available_charge_current_smoothed_a,2.36,2026-02-27T11:23:01.620Z
sensor.stormbreaker_adaptivecharge_available_charge_current_smoothed_a,2.33,2026-02-27T11:23:11.621Z
sensor.stormbreaker_adaptivecharge_available_charge_current_smoothed_a,2.3,2026-02-27T11:23:21.621Z
sensor.stormbreaker_adaptivecharge_available_charge_current_smoothed_a,2.28,2026-02-27T11:23:31.622Z
sensor.stormbreaker_adaptivecharge_available_charge_current_smoothed_a,2.25,2026-02-27T11:23:41.622Z
sensor.stormbreaker_adaptivecharge_available_charge_current_smoothed_a,2.26,2026-02-27T11:24:11.626Z
sensor.stormbreaker_adaptivecharge_available_charge_current_smoothed_a,2.25,2026-02-27T11:24:21.628Z
sensor.stormbreaker_adaptivecharge_available_charge_current_smoothed_a,2.14,2026-02-27T11:24:31.629Z
sensor.stormbreaker_adaptivecharge_available_charge_current_smoothed_a,1.97,2026-02-27T11:24:41.628Z
sensor.stormbreaker_adaptivecharge_available_charge_current_smoothed_a,1.96,2026-02-27T11:24:51.809Z
sensor.stormbreaker_adaptivecharge_available_charge_current_smoothed_a,1.95,2026-02-27T11:25:01.812Z
sensor.stormbreaker_adaptivecharge_available_charge_current_smoothed_a,1.94,2026-02-27T11:25:11.812Z
sensor.stormbreaker_adaptivecharge_available_charge_current_smoothed_a,1.92,2026-02-27T11:25:21.814Z
sensor.stormbreaker_adaptivecharge_available_charge_current_smoothed_a,1.91,2026-02-27T11:25:31.815Z
sensor.stormbreaker_adaptivecharge_available_charge_current_smoothed_a,1.9,2026-02-27T11:25:41.817Z
sensor.stormbreaker_adaptivecharge_available_charge_current_smoothed_a,1.87,2026-02-27T11:25:51.818Z
sensor.stormbreaker_adaptivecharge_available_charge_current_smoothed_a,1.85,2026-02-27T11:26:06.935Z
sensor.stormbreaker_adaptivecharge_available_charge_current_smoothed_a,1.74,2026-02-27T11:26:11.818Z
sensor.stormbreaker_adaptivecharge_available_charge_current_smoothed_a,1.55,2026-02-27T11:26:21.821Z
sensor.stormbreaker_adaptivecharge_available_charge_current_smoothed_a,1.35,2026-02-27T11:26:31.823Z
sensor.stormbreaker_adaptivecharge_available_charge_current_smoothed_a,1.16,2026-02-27T11:26:41.823Z
sensor.stormbreaker_adaptivecharge_available_charge_current_smoothed_a,0.97,2026-02-27T11:26:51.824Z
sensor.stormbreaker_adaptivecharge_available_charge_current_smoothed_a,0.96,2026-02-27T11:27:41.827Z
sensor.stormbreaker_adaptivecharge_available_charge_current_smoothed_a,0.98,2026-02-27T11:27:51.829Z
sensor.stormbreaker_adaptivecharge_available_charge_current_smoothed_a,1.0,2026-02-27T11:28:01.830Z
sensor.stormbreaker_adaptivecharge_available_charge_current_smoothed_a,1.1,2026-02-27T11:28:11.831Z
sensor.stormbreaker_adaptivecharge_available_charge_current_smoothed_a,1.29,2026-02-27T11:28:21.831Z
sensor.stormbreaker_adaptivecharge_available_charge_current_smoothed_a,1.48,2026-02-27T11:28:31.832Z
sensor.stormbreaker_adaptivecharge_available_charge_current_smoothed_a,1.67,2026-02-27T11:28:41.833Z
sensor.stormbreaker_adaptivecharge_available_charge_current_smoothed_a,1.85,2026-02-27T11:28:51.834Z
sensor.stormbreaker_adaptivecharge_available_charge_current_smoothed_a,1.86,2026-02-27T11:29:01.835Z
sensor.stormbreaker_adaptivecharge_available_charge_current_smoothed_a,1.87,2026-02-27T11:29:11.836Z
sensor.stormbreaker_adaptivecharge_available_charge_current_smoothed_a,1.93,2026-02-27T11:29:21.835Z
sensor.stormbreaker_adaptivecharge_available_charge_current_smoothed_a,2.03,2026-02-27T11:29:31.837Z
sensor.stormbreaker_adaptivecharge_available_charge_current_smoothed_a,2.12,2026-02-27T11:29:41.838Z
sensor.stormbreaker_adaptivecharge_available_charge_current_smoothed_a,2.21,2026-02-27T11:29:51.839Z
sensor.stormbreaker_adaptivecharge_available_charge_current_smoothed_a,2.24,2026-02-27T11:30:08.271Z
sensor.stormbreaker_adaptivecharge_available_charge_current_smoothed_a,2.36,2026-02-27T11:30:11.841Z
sensor.stormbreaker_adaptivecharge_available_charge_current_smoothed_a,2.47,2026-02-27T11:30:21.840Z
sensor.stormbreaker_adaptivecharge_available_charge_current_smoothed_a,2.59,2026-02-27T11:30:31.840Z
sensor.stormbreaker_adaptivecharge_available_charge_current_smoothed_a,2.7,2026-02-27T11:30:41.843Z
sensor.stormbreaker_adaptivecharge_available_charge_current_smoothed_a,2.82,2026-02-27T11:30:51.843Z
sensor.stormbreaker_adaptivecharge_available_charge_current_smoothed_a,2.87,2026-02-27T11:31:01.843Z
sensor.stormbreaker_adaptivecharge_available_charge_current_smoothed_a,2.92,2026-02-27T11:31:11.845Z
sensor.stormbreaker_adaptivecharge_available_charge_current_smoothed_a,2.89,2026-02-27T11:31:31.846Z
sensor.stormbreaker_adaptivecharge_available_charge_current_smoothed_a,2.86,2026-02-27T11:31:41.848Z
sensor.stormbreaker_adaptivecharge_available_charge_current_smoothed_a,2.83,2026-02-27T11:31:51.849Z
sensor.stormbreaker_adaptivecharge_available_charge_current_smoothed_a,2.84,2026-02-27T11:32:01.850Z
sensor.stormbreaker_adaptivecharge_available_charge_current_smoothed_a,2.77,2026-02-27T11:32:11.852Z
sensor.stormbreaker_adaptivecharge_available_charge_current_smoothed_a,2.7,2026-02-27T11:32:21.854Z
sensor.stormbreaker_adaptivecharge_available_charge_current_smoothed_a,2.63,2026-02-27T11:32:31.855Z
sensor.stormbreaker_adaptivecharge_available_charge_current_smoothed_a,2.56,2026-02-27T11:32:41.855Z
sensor.stormbreaker_adaptivecharge_available_charge_current_smoothed_a,2.49,2026-02-27T11:32:51.856Z
sensor.stormbreaker_adaptivecharge_available_charge_current_smoothed_a,2.46,2026-02-27T11:33:01.857Z
sensor.stormbreaker_adaptivecharge_available_charge_current_smoothed_a,2.44,2026-02-27T11:33:11.857Z
sensor.stormbreaker_adaptivecharge_available_charge_current_smoothed_a,2.42,2026-02-27T11:33:21.860Z
sensor.stormbreaker_adaptivecharge_available_charge_current_smoothed_a,2.39,2026-02-27T11:33:31.860Z
sensor.stormbreaker_adaptivecharge_available_charge_current_smoothed_a,2.37,2026-02-27T11:33:41.862Z
sensor.stormbreaker_adaptivecharge_available_charge_current_smoothed_a,2.35,2026-02-27T11:33:51.861Z
sensor.stormbreaker_adaptivecharge_available_charge_current_smoothed_a,2.34,2026-02-27T11:34:01.863Z
sensor.stormbreaker_adaptivecharge_available_charge_current_smoothed_a,2.3,2026-02-27T11:34:11.864Z
sensor.stormbreaker_adaptivecharge_available_charge_current_smoothed_a,2.26,2026-02-27T11:34:21.863Z
sensor.stormbreaker_adaptivecharge_available_charge_current_smoothed_a,2.23,2026-02-27T11:34:31.865Z
sensor.stormbreaker_adaptivecharge_available_charge_current_smoothed_a,2.19,2026-02-27T11:34:41.865Z
sensor.stormbreaker_adaptivecharge_available_charge_current_smoothed_a,2.15,2026-02-27T11:34:51.867Z
sensor.stormbreaker_adaptivecharge_available_charge_current_smoothed_a,2.13,2026-02-27T11:35:01.871Z
sensor.stormbreaker_adaptivecharge_available_charge_current_smoothed_a,2.1,2026-02-27T11:35:11.873Z
sensor.stormbreaker_adaptivecharge_available_charge_current_smoothed_a,2.07,2026-02-27T11:35:21.874Z
sensor.stormbreaker_adaptivecharge_available_charge_current_smoothed_a,2.04,2026-02-27T11:35:31.875Z
sensor.stormbreaker_adaptivecharge_available_charge_current_smoothed_a,2.02,2026-02-27T11:35:41.876Z
sensor.stormbreaker_adaptivecharge_available_charge_current_smoothed_a,1.99,2026-02-27T11:35:52.015Z
sensor.stormbreaker_adaptivecharge_available_charge_current_smoothed_a,1.96,2026-02-27T11:36:02.021Z
sensor.stormbreaker_adaptivecharge_available_charge_current_smoothed_a,1.95,2026-02-27T11:36:22.024Z
sensor.stormbreaker_adaptivecharge_available_charge_current_smoothed_a,1.94,2026-02-27T11:36:42.026Z
sensor.stormbreaker_adaptivecharge_available_charge_current_smoothed_a,1.93,2026-02-27T11:37:02.028Z
sensor.stormbreaker_adaptivecharge_available_charge_current_smoothed_a,1.94,2026-02-27T11:37:12.029Z
sensor.stormbreaker_adaptivecharge_available_charge_current_smoothed_a,1.95,2026-02-27T11:37:22.171Z
sensor.stormbreaker_adaptivecharge_available_charge_current_smoothed_a,1.96,2026-02-27T11:37:32.175Z
sensor.stormbreaker_adaptivecharge_available_charge_current_smoothed_a,1.97,2026-02-27T11:37:42.179Z
sensor.stormbreaker_adaptivecharge_available_charge_current_smoothed_a,1.98,2026-02-27T11:37:52.179Z
sensor.stormbreaker_adaptivecharge_available_charge_current_smoothed_a,1.99,2026-02-27T11:38:02.182Z
sensor.stormbreaker_adaptivecharge_available_charge_current_smoothed_a,2.03,2026-02-27T11:38:12.183Z
sensor.stormbreaker_adaptivecharge_available_charge_current_smoothed_a,2.07,2026-02-27T11:38:22.182Z
sensor.stormbreaker_adaptivecharge_available_charge_current_smoothed_a,2.11,2026-02-27T11:38:32.184Z
sensor.stormbreaker_adaptivecharge_available_charge_current_smoothed_a,2.15,2026-02-27T11:38:42.185Z
sensor.stormbreaker_adaptivecharge_available_charge_current_smoothed_a,2.19,2026-02-27T11:38:52.186Z
sensor.stormbreaker_adaptivecharge_available_charge_current_smoothed_a,2.23,2026-02-27T11:39:02.185Z
sensor.stormbreaker_adaptivecharge_available_charge_current_smoothed_a,2.24,2026-02-27T11:39:22.188Z
sensor.stormbreaker_adaptivecharge_available_charge_current_smoothed_a,2.25,2026-02-27T11:40:02.191Z
sensor.stormbreaker_adaptivecharge_available_charge_current_smoothed_a,2.22,2026-02-27T11:40:12.194Z
sensor.stormbreaker_adaptivecharge_available_charge_current_smoothed_a,2.19,2026-02-27T11:40:22.193Z
sensor.stormbreaker_adaptivecharge_available_charge_current_smoothed_a,2.16,2026-02-27T11:40:32.193Z
sensor.stormbreaker_adaptivecharge_available_charge_current_smoothed_a,2.13,2026-02-27T11:40:42.194Z
sensor.stormbreaker_adaptivecharge_available_charge_current_smoothed_a,2.1,2026-02-27T11:40:52.195Z
sensor.stormbreaker_adaptivecharge_available_charge_current_smoothed_a,2.08,2026-02-27T11:41:02.196Z
sensor.stormbreaker_adaptivecharge_available_charge_current_smoothed_a,2.07,2026-02-27T11:41:12.197Z
sensor.stormbreaker_adaptivecharge_available_charge_current_smoothed_a,2.05,2026-02-27T11:41:22.196Z
sensor.stormbreaker_adaptivecharge_available_charge_current_smoothed_a,2.03,2026-02-27T11:41:32.198Z
sensor.stormbreaker_adaptivecharge_available_charge_current_smoothed_a,2.0,2026-02-27T11:41:42.199Z
sensor.stormbreaker_adaptivecharge_available_charge_current_smoothed_a,1.98,2026-02-27T11:41:52.200Z
sensor.stormbreaker_adaptivecharge_available_charge_current_smoothed_a,1.95,2026-02-27T11:42:02.201Z
sensor.stormbreaker_adaptivecharge_available_charge_current_smoothed_a,1.94,2026-02-27T11:42:12.201Z
sensor.stormbreaker_adaptivecharge_available_charge_current_smoothed_a,1.91,2026-02-27T11:42:22.203Z
sensor.stormbreaker_adaptivecharge_available_charge_current_smoothed_a,1.88,2026-02-27T11:42:38.849Z
sensor.stormbreaker_adaptivecharge_available_charge_current_smoothed_a,1.77,2026-02-27T11:42:42.209Z
sensor.stormbreaker_adaptivecharge_available_charge_current_smoothed_a,1.57,2026-02-27T11:42:52.209Z
sensor.stormbreaker_adaptivecharge_available_charge_current_smoothed_a,1.37,2026-02-27T11:43:02.209Z
sensor.stormbreaker_adaptivecharge_available_charge_current_smoothed_a,1.17,2026-02-27T11:43:12.211Z
sensor.stormbreaker_adaptivecharge_available_charge_current_smoothed_a,1.18,2026-02-27T11:44:02.213Z
sensor.stormbreaker_adaptivecharge_available_charge_current_smoothed_a,0.98,2026-02-27T11:44:22.215Z
sensor.stormbreaker_adaptivecharge_available_charge_current_smoothed_a,0.78,2026-02-27T11:44:32.215Z
sensor.stormbreaker_adaptivecharge_available_charge_current_smoothed_a,0.66,2026-02-27T11:44:42.216Z
sensor.stormbreaker_adaptivecharge_available_charge_current_smoothed_a,0.63,2026-02-27T11:44:52.216Z
sensor.stormbreaker_adaptivecharge_available_charge_current_smoothed_a,0.6,2026-02-27T11:45:02.217Z
sensor.stormbreaker_adaptivecharge_available_charge_current_smoothed_a,0.57,2026-02-27T11:45:12.217Z
sensor.stormbreaker_adaptivecharge_available_charge_current_smoothed_a,0.52,2026-02-27T11:45:22.219Z
sensor.stormbreaker_adaptivecharge_available_charge_current_smoothed_a,0.46,2026-02-27T11:45:32.219Z
sensor.stormbreaker_adaptivecharge_available_charge_current_smoothed_a,0.41,2026-02-27T11:45:42.220Z
sensor.stormbreaker_adaptivecharge_available_charge_current_smoothed_a,0.35,2026-02-27T11:45:52.221Z
sensor.stormbreaker_adaptivecharge_available_charge_current_smoothed_a,0.3,2026-02-27T11:46:02.221Z
sensor.stormbreaker_adaptivecharge_available_charge_current_smoothed_a,0.24,2026-02-27T11:46:12.223Z
sensor.stormbreaker_adaptivecharge_available_charge_current_smoothed_a,0.42,2026-02-27T11:46:22.224Z
sensor.stormbreaker_adaptivecharge_available_charge_current_smoothed_a,0.62,2026-02-27T11:46:32.225Z
sensor.stormbreaker_adaptivecharge_available_charge_current_smoothed_a,0.86,2026-02-27T11:46:42.386Z
sensor.stormbreaker_adaptivecharge_available_charge_current_smoothed_a,1.09,2026-02-27T11:46:52.228Z
sensor.stormbreaker_adaptivecharge_available_charge_current_smoothed_a,1.32,2026-02-27T11:47:02.229Z
sensor.stormbreaker_adaptivecharge_available_charge_current_smoothed_a,1.56,2026-02-27T11:47:12.229Z
sensor.stormbreaker_adaptivecharge_available_charge_current_smoothed_a,1.64,2026-02-27T11:47:22.230Z
sensor.stormbreaker_adaptivecharge_available_charge_current_smoothed_a,1.65,2026-02-27T11:48:02.232Z
sensor.stormbreaker_adaptivecharge_available_charge_current_smoothed_a,1.63,2026-02-27T11:48:22.234Z
sensor.stormbreaker_adaptivecharge_available_charge_current_smoothed_a,1.58,2026-02-27T11:48:32.234Z
sensor.stormbreaker_adaptivecharge_available_charge_current_smoothed_a,1.49,2026-02-27T11:48:42.234Z
sensor.stormbreaker_adaptivecharge_available_charge_current_smoothed_a,1.41,2026-02-27T11:48:52.236Z
sensor.stormbreaker_adaptivecharge_available_charge_current_smoothed_a,1.32,2026-02-27T11:49:02.237Z
sensor.stormbreaker_adaptivecharge_available_charge_current_smoothed_a,1.24,2026-02-27T11:49:12.239Z
sensor.stormbreaker_adaptivecharge_available_charge_current_smoothed_a,1.15,2026-02-27T11:49:22.240Z
sensor.stormbreaker_adaptivecharge_available_charge_current_smoothed_a,1.13,2026-02-27T11:49:32.243Z
sensor.stormbreaker_adaptivecharge_available_charge_current_smoothed_a,1.11,2026-02-27T11:49:42.246Z
sensor.stormbreaker_adaptivecharge_available_charge_current_smoothed_a,1.1,2026-02-27T11:49:52.247Z
sensor.stormbreaker_adaptivecharge_available_charge_current_smoothed_a,1.08,2026-02-27T11:50:02.247Z
sensor.stormbreaker_adaptivecharge_available_charge_current_smoothed_a,1.06,2026-02-27T11:50:12.248Z
sensor.stormbreaker_adaptivecharge_available_charge_current_smoothed_a,1.05,2026-02-27T11:50:22.249Z
sensor.stormbreaker_adaptivecharge_available_charge_current_smoothed_a,1.04,2026-02-27T11:50:32.249Z
sensor.stormbreaker_adaptivecharge_available_charge_current_smoothed_a,1.03,2026-02-27T11:50:42.250Z
sensor.stormbreaker_adaptivecharge_available_charge_current_smoothed_a,1.02,2026-02-27T11:50:52.251Z
sensor.stormbreaker_adaptivecharge_available_charge_current_smoothed_a,1.01,2026-02-27T11:51:02.251Z
sensor.stormbreaker_adaptivecharge_available_charge_current_smoothed_a,1.0,2026-02-27T11:51:12.741Z
sensor.stormbreaker_adaptivecharge_available_charge_current_smoothed_a,0.99,2026-02-27T11:51:22.744Z
sensor.stormbreaker_adaptivecharge_available_charge_current_smoothed_a,1.01,2026-02-27T11:51:32.745Z
sensor.stormbreaker_adaptivecharge_available_charge_current_smoothed_a,1.02,2026-02-27T11:51:42.744Z
sensor.stormbreaker_adaptivecharge_available_charge_current_smoothed_a,0.94,2026-02-27T11:51:52.746Z
sensor.stormbreaker_adaptivecharge_available_charge_current_smoothed_a,0.86,2026-02-27T11:52:02.747Z
sensor.stormbreaker_adaptivecharge_available_charge_current_smoothed_a,0.79,2026-02-27T11:52:12.748Z
sensor.stormbreaker_adaptivecharge_available_charge_current_smoothed_a,0.71,2026-02-27T11:52:22.748Z
sensor.stormbreaker_adaptivecharge_available_charge_current_smoothed_a,0.72,2026-02-27T11:52:32.750Z
sensor.stormbreaker_adaptivecharge_available_charge_current_smoothed_a,0.73,2026-02-27T11:52:52.751Z
sensor.stormbreaker_adaptivecharge_available_charge_current_smoothed_a,0.74,2026-02-27T11:53:02.751Z
sensor.stormbreaker_adaptivecharge_available_charge_current_smoothed_a,0.75,2026-02-27T11:53:12.752Z
sensor.stormbreaker_adaptivecharge_available_charge_current_smoothed_a,0.74,2026-02-27T11:53:42.754Z
sensor.stormbreaker_adaptivecharge_available_charge_current_smoothed_a,0.81,2026-02-27T11:53:52.755Z
sensor.stormbreaker_adaptivecharge_available_charge_current_smoothed_a,0.88,2026-02-27T11:54:02.758Z
sensor.stormbreaker_adaptivecharge_available_charge_current_smoothed_a,0.95,2026-02-27T11:54:12.758Z
sensor.stormbreaker_adaptivecharge_available_charge_current_smoothed_a,1.02,2026-02-27T11:54:22.760Z
sensor.stormbreaker_adaptivecharge_available_charge_current_smoothed_a,1.01,2026-02-27T11:54:32.760Z
sensor.stormbreaker_adaptivecharge_available_charge_current_smoothed_a,1.0,2026-02-27T11:54:42.761Z
sensor.stormbreaker_adaptivecharge_available_charge_current_smoothed_a,0.98,2026-02-27T11:54:52.762Z
sensor.stormbreaker_adaptivecharge_available_charge_current_smoothed_a,0.97,2026-02-27T11:55:02.762Z
sensor.stormbreaker_adaptivecharge_available_charge_current_smoothed_a,0.96,2026-02-27T11:55:12.763Z
sensor.stormbreaker_adaptivecharge_available_charge_current_smoothed_a,0.94,2026-02-27T11:55:22.764Z
sensor.stormbreaker_adaptivecharge_available_charge_current_smoothed_a,0.93,2026-02-27T11:55:32.765Z
sensor.stormbreaker_adaptivecharge_available_charge_current_smoothed_a,0.92,2026-02-27T11:56:02.767Z
sensor.stormbreaker_adaptivecharge_available_charge_current_smoothed_a,0.93,2026-02-27T11:56:42.772Z
sensor.stormbreaker_adaptivecharge_available_charge_current_smoothed_a,0.94,2026-02-27T11:56:52.773Z
sensor.stormbreaker_adaptivecharge_available_charge_current_smoothed_a,0.95,2026-02-27T11:57:12.774Z
sensor.stormbreaker_adaptivecharge_available_charge_current_smoothed_a,0.96,2026-02-27T11:57:22.774Z
sensor.stormbreaker_adaptivecharge_available_charge_current_smoothed_a,0.97,2026-02-27T11:57:32.776Z
sensor.stormbreaker_adaptivecharge_available_charge_current_smoothed_a,0.98,2026-02-27T11:57:42.778Z
sensor.stormbreaker_adaptivecharge_available_charge_current_smoothed_a,1.04,2026-02-27T11:57:52.779Z
sensor.stormbreaker_adaptivecharge_available_charge_current_smoothed_a,1.11,2026-02-27T11:58:02.777Z
sensor.stormbreaker_adaptivecharge_available_charge_current_smoothed_a,1.17,2026-02-27T11:58:12.780Z
sensor.stormbreaker_adaptivecharge_available_charge_current_smoothed_a,1.23,2026-02-27T11:58:22.781Z
sensor.stormbreaker_adaptivecharge_available_charge_current_smoothed_a,1.3,2026-02-27T11:58:32.782Z
sensor.stormbreaker_adaptivecharge_available_charge_current_smoothed_a,1.31,2026-02-27T11:58:42.783Z
sensor.stormbreaker_adaptivecharge_available_charge_current_smoothed_a,1.32,2026-02-27T11:59:02.784Z
sensor.stormbreaker_adaptivecharge_available_charge_current_smoothed_a,1.33,2026-02-27T11:59:12.784Z
sensor.stormbreaker_adaptivecharge_available_charge_current_smoothed_a,1.34,2026-02-27T11:59:22.785Z
sensor.stormbreaker_adaptivecharge_available_charge_current_smoothed_a,1.29,2026-02-27T11:59:52.789Z
sensor.stormbreaker_adaptivecharge_available_charge_current_smoothed_a,1.23,2026-02-27T12:00:02.793Z
sensor.stormbreaker_adaptivecharge_available_charge_current_smoothed_a,1.18,2026-02-27T12:00:12.796Z
sensor.stormbreaker_adaptivecharge_available_charge_current_smoothed_a,1.13,2026-02-27T12:00:22.797Z
sensor.stormbreaker_adaptivecharge_available_charge_current_smoothed_a,1.08,2026-02-27T12:00:32.797Z
sensor.stormbreaker_adaptivecharge_available_charge_current_smoothed_a,1.07,2026-02-27T12:00:42.798Z
sensor.stormbreaker_adaptivecharge_available_charge_current_smoothed_a,1.05,2026-02-27T12:00:52.800Z
sensor.stormbreaker_adaptivecharge_available_charge_current_smoothed_a,1.03,2026-02-27T12:01:02.800Z
sensor.stormbreaker_adaptivecharge_available_charge_current_smoothed_a,1.02,2026-02-27T12:01:12.802Z
sensor.stormbreaker_adaptivecharge_available_charge_current_smoothed_a,1.0,2026-02-27T12:01:22.803Z
sensor.stormbreaker_adaptivecharge_available_charge_current_smoothed_a,0.98,2026-02-27T12:01:32.804Z
sensor.stormbreaker_adaptivecharge_available_charge_current_smoothed_a,0.97,2026-02-27T12:01:42.804Z
sensor.stormbreaker_adaptivecharge_available_charge_current_smoothed_a,0.95,2026-02-27T12:01:52.804Z
sensor.stormbreaker_adaptivecharge_available_charge_current_smoothed_a,0.92,2026-02-27T12:02:02.805Z
sensor.stormbreaker_adaptivecharge_available_charge_current_smoothed_a,0.82,2026-02-27T12:02:12.806Z
sensor.stormbreaker_adaptivecharge_available_charge_current_smoothed_a,0.71,2026-02-27T12:02:22.807Z
sensor.stormbreaker_adaptivecharge_available_charge_current_smoothed_a,0.6,2026-02-27T12:02:32.807Z
sensor.stormbreaker_adaptivecharge_available_charge_current_smoothed_a,0.5,2026-02-27T12:02:42.807Z
sensor.stormbreaker_adaptivecharge_available_charge_current_smoothed_a,0.49,2026-02-27T12:02:52.811Z
sensor.stormbreaker_adaptivecharge_available_charge_current_smoothed_a,0.48,2026-02-27T12:03:22.814Z
sensor.stormbreaker_adaptivecharge_available_charge_current_smoothed_a,0.57,2026-02-27T12:04:12.819Z
sensor.stormbreaker_adaptivecharge_available_charge_current_smoothed_a,0.66,2026-02-27T12:04:22.821Z
sensor.stormbreaker_adaptivecharge_available_charge_current_smoothed_a,0.75,2026-02-27T12:04:32.822Z
sensor.stormbreaker_adaptivecharge_available_charge_current_smoothed_a,0.84,2026-02-27T12:04:42.824Z
sensor.stormbreaker_adaptivecharge_available_charge_current_smoothed_a,0.85,2026-02-27T12:04:52.825Z
sensor.stormbreaker_adaptivecharge_available_charge_current_smoothed_a,0.86,2026-02-27T12:05:02.826Z
sensor.stormbreaker_adaptivecharge_available_charge_current_smoothed_a,0.87,2026-02-27T12:05:12.827Z
sensor.stormbreaker_adaptivecharge_available_charge_current_smoothed_a,0.88,2026-02-27T12:05:32.826Z
sensor.stormbreaker_adaptivecharge_available_charge_current_smoothed_a,0.89,2026-02-27T12:05:42.828Z
sensor.stormbreaker_adaptivecharge_available_charge_current_smoothed_a,0.92,2026-02-27T12:05:52.829Z
sensor.stormbreaker_adaptivecharge_available_charge_current_smoothed_a,0.94,2026-02-27T12:06:02.830Z
sensor.stormbreaker_adaptivecharge_available_charge_current_smoothed_a,0.97,2026-02-27T12:06:12.832Z
sensor.stormbreaker_adaptivecharge_available_charge_current_smoothed_a,1.0,2026-02-27T12:06:22.836Z
sensor.stormbreaker_adaptivecharge_available_charge_current_smoothed_a,1.03,2026-02-27T12:06:32.837Z
sensor.stormbreaker_adaptivecharge_available_charge_current_smoothed_a,1.05,2026-02-27T12:06:42.838Z
sensor.stormbreaker_adaptivecharge_available_charge_current_smoothed_a,1.08,2026-02-27T12:06:52.840Z
sensor.stormbreaker_adaptivecharge_available_charge_current_smoothed_a,1.16,2026-02-27T12:07:02.843Z
sensor.stormbreaker_adaptivecharge_available_charge_current_smoothed_a,1.24,2026-02-27T12:07:12.844Z
sensor.stormbreaker_adaptivecharge_available_charge_current_smoothed_a,1.32,2026-02-27T12:07:22.845Z
sensor.stormbreaker_adaptivecharge_available_charge_current_smoothed_a,1.4,2026-02-27T12:07:32.845Z
sensor.stormbreaker_adaptivecharge_available_charge_current_smoothed_a,1.48,2026-02-27T12:07:42.847Z
sensor.stormbreaker_adaptivecharge_available_charge_current_smoothed_a,1.49,2026-02-27T12:07:52.848Z
sensor.stormbreaker_adaptivecharge_available_charge_current_smoothed_a,1.5,2026-02-27T12:08:22.852Z
sensor.stormbreaker_adaptivecharge_available_charge_current_smoothed_a,1.49,2026-02-27T12:08:52.858Z
sensor.stormbreaker_adaptivecharge_available_charge_current_smoothed_a,1.45,2026-02-27T12:09:02.859Z
sensor.stormbreaker_adaptivecharge_available_charge_current_smoothed_a,1.41,2026-02-27T12:09:12.860Z
sensor.stormbreaker_adaptivecharge_available_charge_current_smoothed_a,1.37,2026-02-27T12:09:22.863Z
sensor.stormbreaker_adaptivecharge_available_charge_current_smoothed_a,1.33,2026-02-27T12:09:32.865Z
sensor.stormbreaker_adaptivecharge_available_charge_current_smoothed_a,1.29,2026-02-27T12:09:42.866Z
sensor.stormbreaker_adaptivecharge_available_charge_current_smoothed_a,1.31,2026-02-27T12:09:52.867Z
sensor.stormbreaker_adaptivecharge_available_charge_current_smoothed_a,1.33,2026-02-27T12:10:02.869Z
sensor.stormbreaker_adaptivecharge_available_charge_current_smoothed_a,1.35,2026-02-27T12:10:12.870Z
sensor.stormbreaker_adaptivecharge_available_charge_current_smoothed_a,1.37,2026-02-27T12:10:22.870Z
sensor.stormbreaker_adaptivecharge_available_charge_current_smoothed_a,1.39,2026-02-27T12:10:32.871Z
sensor.stormbreaker_adaptivecharge_available_charge_current_smoothed_a,1.41,2026-02-27T12:10:42.872Z
sensor.stormbreaker_adaptivecharge_available_charge_current_smoothed_a,1.43,2026-02-27T12:10:52.872Z
sensor.stormbreaker_adaptivecharge_available_charge_current_smoothed_a,1.44,2026-02-27T12:11:02.874Z
sensor.stormbreaker_adaptivecharge_available_charge_current_smoothed_a,1.45,2026-02-27T12:11:22.874Z
sensor.stormbreaker_adaptivecharge_available_charge_current_smoothed_a,1.46,2026-02-27T12:11:42.877Z
sensor.stormbreaker_adaptivecharge_available_charge_current_smoothed_a,1.47,2026-02-27T12:12:02.878Z
sensor.stormbreaker_adaptivecharge_available_charge_current_smoothed_a,1.48,2026-02-27T12:12:22.880Z
sensor.stormbreaker_adaptivecharge_available_charge_current_smoothed_a,1.49,2026-02-27T12:12:32.881Z
sensor.stormbreaker_adaptivecharge_available_charge_current_smoothed_a,1.5,2026-02-27T12:12:42.882Z
sensor.stormbreaker_adaptivecharge_available_charge_current_smoothed_a,1.51,2026-02-27T12:13:02.883Z
sensor.stormbreaker_adaptivecharge_available_charge_current_smoothed_a,1.52,2026-02-27T12:13:32.885Z
sensor.stormbreaker_adaptivecharge_available_charge_current_smoothed_a,1.53,2026-02-27T12:14:22.890Z
sensor.stormbreaker_adaptivecharge_available_charge_current_smoothed_a,1.54,2026-02-27T12:14:52.892Z
sensor.stormbreaker_adaptivecharge_available_charge_current_smoothed_a,1.53,2026-02-27T12:15:12.895Z
sensor.stormbreaker_adaptivecharge_available_charge_current_smoothed_a,1.52,2026-02-27T12:15:32.897Z
sensor.stormbreaker_adaptivecharge_available_charge_current_smoothed_a,1.51,2026-02-27T12:15:42.898Z
sensor.stormbreaker_adaptivecharge_available_charge_current_smoothed_a,1.5,2026-02-27T12:15:52.898Z
sensor.stormbreaker_adaptivecharge_available_charge_current_smoothed_a,1.49,2026-02-27T12:16:12.900Z
sensor.stormbreaker_adaptivecharge_available_charge_current_smoothed_a,1.48,2026-02-27T12:16:32.900Z
sensor.stormbreaker_adaptivecharge_available_charge_current_smoothed_a,1.47,2026-02-27T12:16:52.902Z
sensor.stormbreaker_adaptivecharge_available_charge_current_smoothed_a,1.46,2026-02-27T12:18:12.908Z
sensor.stormbreaker_adaptivecharge_available_charge_current_smoothed_a,1.45,2026-02-27T12:18:22.909Z
sensor.stormbreaker_adaptivecharge_available_charge_current_smoothed_a,1.44,2026-02-27T12:18:32.910Z
sensor.stormbreaker_adaptivecharge_available_charge_current_smoothed_a,1.43,2026-02-27T12:18:42.911Z
sensor.stormbreaker_adaptivecharge_available_charge_current_smoothed_a,1.42,2026-02-27T12:18:52.911Z
sensor.stormbreaker_adaptivecharge_available_charge_current_smoothed_a,1.41,2026-02-27T12:19:02.912Z
sensor.stormbreaker_adaptivecharge_available_charge_current_smoothed_a,1.4,2026-02-27T12:19:12.913Z
sensor.stormbreaker_adaptivecharge_available_charge_current_smoothed_a,1.39,2026-02-27T12:19:32.915Z
sensor.stormbreaker_adaptivecharge_available_charge_current_smoothed_a,1.38,2026-02-27T12:19:52.916Z
sensor.stormbreaker_adaptivecharge_available_charge_current_smoothed_a,1.37,2026-02-27T12:20:12.917Z
sensor.stormbreaker_adaptivecharge_available_charge_current_smoothed_a,1.36,2026-02-27T12:20:42.921Z
sensor.stormbreaker_adaptivecharge_available_charge_current_smoothed_a,1.37,2026-02-27T12:21:32.928Z
sensor.stormbreaker_adaptivecharge_available_charge_current_smoothed_a,1.38,2026-02-27T12:22:12.932Z
sensor.stormbreaker_adaptivecharge_available_charge_current_smoothed_a,1.37,2026-02-27T12:22:42.935Z
sensor.stormbreaker_adaptivecharge_available_charge_current_smoothed_a,1.36,2026-02-27T12:23:12.938Z
sensor.stormbreaker_adaptivecharge_available_charge_current_smoothed_a,1.35,2026-02-27T12:23:22.939Z
sensor.stormbreaker_adaptivecharge_available_charge_current_smoothed_a,1.34,2026-02-27T12:23:32.939Z
sensor.stormbreaker_adaptivecharge_available_charge_current_smoothed_a,1.33,2026-02-27T12:23:52.939Z
sensor.stormbreaker_adaptivecharge_available_charge_current_smoothed_a,1.32,2026-02-27T12:24:02.941Z
sensor.stormbreaker_adaptivecharge_available_charge_current_smoothed_a,1.31,2026-02-27T12:24:12.943Z
sensor.stormbreaker_adaptivecharge_available_charge_current_smoothed_a,1.3,2026-02-27T12:24:22.944Z
sensor.stormbreaker_adaptivecharge_available_charge_current_smoothed_a,1.29,2026-02-27T12:24:42.947Z
sensor.stormbreaker_adaptivecharge_available_charge_current_smoothed_a,1.28,2026-02-27T12:24:52.950Z
sensor.stormbreaker_adaptivecharge_available_charge_current_smoothed_a,1.4,2026-02-27T12:25:02.951Z
sensor.stormbreaker_adaptivecharge_available_charge_current_smoothed_a,2.39,2026-02-27T12:25:12.954Z
sensor.stormbreaker_adaptivecharge_available_charge_current_smoothed_a,2.41,2026-02-27T12:25:22.955Z
sensor.stormbreaker_adaptivecharge_available_charge_current_smoothed_a,2.43,2026-02-27T12:25:32.955Z
sensor.stormbreaker_adaptivecharge_available_charge_current_smoothed_a,1.11,2026-02-27T12:25:42.957Z
sensor.stormbreaker_adaptivecharge_available_charge_current_smoothed_a,-0.22,2026-02-27T12:25:52.957Z
sensor.stormbreaker_adaptivecharge_available_charge_current_smoothed_a,-1.54,2026-02-27T12:26:02.958Z
sensor.stormbreaker_adaptivecharge_available_charge_current_smoothed_a,-2.85,2026-02-27T12:26:12.958Z
sensor.stormbreaker_adaptivecharge_available_charge_current_smoothed_a,-2.86,2026-02-27T12:26:32.960Z
sensor.stormbreaker_adaptivecharge_available_charge_current_smoothed_a,-2.87,2026-02-27T12:26:52.962Z
sensor.stormbreaker_adaptivecharge_available_charge_current_smoothed_a,-3.0,2026-02-27T12:27:02.963Z
sensor.stormbreaker_adaptivecharge_available_charge_current_smoothed_a,-4.0,2026-02-27T12:27:12.963Z
sensor.stormbreaker_adaptivecharge_available_charge_current_smoothed_a,-4.03,2026-02-27T12:27:22.964Z
sensor.stormbreaker_adaptivecharge_available_charge_current_smoothed_a,-4.05,2026-02-27T12:27:32.965Z
sensor.stormbreaker_adaptivecharge_available_charge_current_smoothed_a,-2.74,2026-02-27T12:27:42.967Z
sensor.stormbreaker_adaptivecharge_available_charge_current_smoothed_a,-1.42,2026-02-27T12:27:52.967Z
sensor.stormbreaker_adaptivecharge_available_charge_current_smoothed_a,-0.11,2026-02-27T12:28:02.969Z
sensor.stormbreaker_adaptivecharge_available_charge_current_smoothed_a,1.2,2026-02-27T12:28:12.969Z
sensor.stormbreaker_adaptivecharge_available_charge_current_smoothed_a,1.17,2026-02-27T12:28:32.971Z
sensor.stormbreaker_adaptivecharge_available_charge_current_smoothed_floored_a,5,2026-02-27T10:00:00.000Z
sensor.stormbreaker_adaptivecharge_available_charge_current_smoothed_floored_a,4,2026-02-27T10:06:58.703Z
sensor.stormbreaker_adaptivecharge_available_charge_current_smoothed_floored_a,5,2026-02-27T10:09:28.573Z
sensor.stormbreaker_adaptivecharge_available_charge_current_smoothed_floored_a,6,2026-02-27T10:10:48.580Z
sensor.stormbreaker_adaptivecharge_available_charge_current_smoothed_floored_a,5,2026-02-27T10:13:38.607Z
sensor.stormbreaker_adaptivecharge_available_charge_current_smoothed_floored_a,6,2026-02-27T10:14:18.610Z
sensor.stormbreaker_adaptivecharge_available_charge_current_smoothed_floored_a,5,2026-02-27T10:19:38.669Z
sensor.stormbreaker_adaptivecharge_available_charge_current_smoothed_floored_a,6,2026-02-27T10:20:18.673Z
sensor.stormbreaker_adaptivecharge_available_charge_current_smoothed_floored_a,7,2026-02-27T10:21:28.683Z
sensor.stormbreaker_adaptivecharge_available_charge_current_smoothed_floored_a,6,2026-02-27T10:23:08.694Z
sensor.stormbreaker_adaptivecharge_available_charge_current_smoothed_floored_a,5,2026-02-27T10:26:38.862Z
sensor.stormbreaker_adaptivecharge_available_charge_current_smoothed_floored_a,unavailable,2026-02-27T10:27:00.871Z
sensor.stormbreaker_adaptivecharge_available_charge_current_smoothed_floored_a,3,2026-02-27T10:27:00.885Z
sensor.stormbreaker_adaptivecharge_available_charge_current_smoothed_floored_a,4,2026-02-27T10:27:10.881Z
sensor.stormbreaker_adaptivecharge_available_charge_current_smoothed_floored_a,5,2026-02-27T10:27:40.883Z
sensor.stormbreaker_adaptivecharge_available_charge_current_smoothed_floored_a,4,2026-02-27T10:28:00.885Z
sensor.stormbreaker_adaptivecharge_available_charge_current_smoothed_floored_a,5,2026-02-27T10:28:30.889Z
sensor.stormbreaker_adaptivecharge_available_charge_current_smoothed_floored_a,6,2026-02-27T10:29:00.892Z
sensor.stormbreaker_adaptivecharge_available_charge_current_smoothed_floored_a,5,2026-02-27T10:29:21.046Z
sensor.stormbreaker_adaptivecharge_available_charge_current_smoothed_floored_a,4,2026-02-27T10:30:00.897Z
sensor.stormbreaker_adaptivecharge_available_charge_current_smoothed_floored_a,3,2026-02-27T10:30:30.903Z
sensor.stormbreaker_adaptivecharge_available_charge_current_smoothed_floored_a,2,2026-02-27T10:30:40.901Z
sensor.stormbreaker_adaptivecharge_available_charge_current_smoothed_floored_a,1,2026-02-27T10:31:00.906Z
sensor.stormbreaker_adaptivecharge_available_charge_current_smoothed_floored_a,2,2026-02-27T10:32:00.909Z
sensor.stormbreaker_adaptivecharge_available_charge_current_smoothed_floored_a,3,2026-02-27T10:45:30.988Z
sensor.stormbreaker_adaptivecharge_available_charge_current_smoothed_floored_a,2,2026-02-27T10:53:51.443Z
sensor.stormbreaker_adaptivecharge_available_charge_current_smoothed_floored_a,3,2026-02-27T10:54:01.444Z
sensor.stormbreaker_adaptivecharge_available_charge_current_smoothed_floored_a,4,2026-02-27T10:55:21.449Z
sensor.stormbreaker_adaptivecharge_available_charge_current_smoothed_floored_a,5,2026-02-27T10:55:41.449Z
sensor.stormbreaker_adaptivecharge_available_charge_current_smoothed_floored_a,6,2026-02-27T10:56:11.456Z
sensor.stormbreaker_adaptivecharge_available_charge_current_smoothed_floored_a,7,2026-02-27T10:56:51.460Z
sensor.stormbreaker_adaptivecharge_available_charge_current_smoothed_floored_a,6,2026-02-27T10:57:01.461Z
sensor.stormbreaker_adaptivecharge_available_charge_current_smoothed_floored_a,5,2026-02-27T10:57:31.613Z
sensor.stormbreaker_adaptivecharge_available_charge_current_smoothed_floored_a,4,2026-02-27T10:57:51.464Z
sensor.stormbreaker_adaptivecharge_available_charge_current_smoothed_floored_a,3,2026-02-27T10:58:21.468Z
sensor.stormbreaker_adaptivecharge_available_charge_current_smoothed_floored_a,2,2026-02-27T10:59:01.476Z
sensor.stormbreaker_adaptivecharge_available_charge_current_smoothed_floored_a,3,2026-02-27T11:00:11.487Z
sensor.stormbreaker_adaptivecharge_available_charge_current_smoothed_floored_a,4,2026-02-27T11:01:11.495Z
sensor.stormbreaker_adaptivecharge_available_charge_current_smoothed_floored_a,5,2026-02-27T11:01:41.496Z
sensor.stormbreaker_adaptivecharge_available_charge_current_smoothed_floored_a,6,2026-02-27T11:02:11.499Z
sensor.stormbreaker_adaptivecharge_available_charge_current_smoothed_floored_a,5,2026-02-27T11:03:41.508Z
sensor.stormbreaker_adaptivecharge_available_charge_current_smoothed_floored_a,6,2026-02-27T11:05:31.517Z
sensor.stormbreaker_adaptivecharge_available_charge_current_smoothed_floored_a,7,2026-02-27T11:06:11.521Z
sensor.stormbreaker_adaptivecharge_available_charge_current_smoothed_floored_a,6,2026-02-27T11:07:11.526Z
sensor.stormbreaker_adaptivecharge_available_charge_current_smoothed_floored_a,5,2026-02-27T11:09:41.688Z
sensor.stormbreaker_adaptivecharge_available_charge_current_smoothed_floored_a,4,2026-02-27T11:10:01.688Z
sensor.stormbreaker_adaptivecharge_available_charge_current_smoothed_floored_a,3,2026-02-27T11:10:31.547Z
sensor.stormbreaker_adaptivecharge_available_charge_current_smoothed_floored_a,2,2026-02-27T11:10:51.549Z
sensor.stormbreaker_adaptivecharge_available_charge_current_smoothed_floored_a,1,2026-02-27T11:11:01.549Z
sensor.stormbreaker_adaptivecharge_available_charge_current_smoothed_floored_a,0,2026-02-27T11:11:21.551Z
sensor.stormbreaker_adaptivecharge_available_charge_current_smoothed_floored_a,1,2026-02-27T11:12:01.557Z
sensor.stormbreaker_adaptivecharge_available_charge_current_smoothed_floored_a,2,2026-02-27T11:13:11.563Z
sensor.stormbreaker_adaptivecharge_available_charge_current_smoothed_floored_a,3,2026-02-27T11:14:21.567Z
sensor.stormbreaker_adaptivecharge_available_charge_current_smoothed_floored_a,4,2026-02-27T11:16:48.187Z
sensor.stormbreaker_adaptivecharge_available_charge_current_smoothed_floored_a,5,2026-02-27T11:17:11.586Z
sensor.stormbreaker_adaptivecharge_available_charge_current_smoothed_floored_a,6,2026-02-27T11:17:51.588Z
sensor.stormbreaker_adaptivecharge_available_charge_current_smoothed_floored_a,5,2026-02-27T11:18:41.591Z
sensor.stormbreaker_adaptivecharge_available_charge_current_smoothed_floored_a,4,2026-02-27T11:19:11.741Z
sensor.stormbreaker_adaptivecharge_available_charge_current_smoothed_floored_a,3,2026-02-27T11:19:31.598Z
sensor.stormbreaker_adaptivecharge_available_charge_current_smoothed_floored_a,2,2026-02-27T11:20:01.601Z
sensor.stormbreaker_adaptivecharge_available_charge_current_smoothed_floored_a,1,2026-02-27T11:24:41.629Z
sensor.stormbreaker_adaptivecharge_available_charge_current_smoothed_floored_a,0,2026-02-27T11:26:51.824Z
sensor.stormbreaker_adaptivecharge_available_charge_current_smoothed_floored_a,1,2026-02-27T11:28:11.831Z
sensor.stormbreaker_adaptivecharge_available_charge_current_smoothed_floored_a,2,2026-02-27T11:29:31.837Z
sensor.stormbreaker_adaptivecharge_available_charge_current_smoothed_floored_a,1,2026-02-27T11:35:52.015Z
sensor.stormbreaker_adaptivecharge_available_charge_current_smoothed_floored_a,2,2026-02-27T11:38:12.183Z
sensor.stormbreaker_adaptivecharge_available_charge_current_smoothed_floored_a,1,2026-02-27T11:41:52.200Z
sensor.stormbreaker_adaptivecharge_available_charge_current_smoothed_floored_a,0,2026-02-27T11:44:22.216Z
sensor.stormbreaker_adaptivecharge_available_charge_current_smoothed_floored_a,1,2026-02-27T11:46:52.228Z
sensor.stormbreaker_adaptivecharge_available_charge_current_smoothed_floored_a,0,2026-02-27T11:51:22.744Z
sensor.stormbreaker_adaptivecharge_available_charge_current_smoothed_floored_a,1,2026-02-27T11:51:32.745Z
sensor.stormbreaker_adaptivecharge_available_charge_current_smoothed_floored_a,0,2026-02-27T11:51:52.746Z
sensor.stormbreaker_adaptivecharge_available_charge_current_smoothed_floored_a,1,2026-02-27T11:54:22.760Z
sensor.stormbreaker_adaptivecharge_available_charge_current_smoothed_floored_a,0,2026-02-27T11:54:42.761Z
sensor.stormbreaker_adaptivecharge_available_charge_current_smoothed_floored_a,1,2026-02-27T11:57:52.779Z
sensor.stormbreaker_adaptivecharge_available_charge_current_smoothed_floored_a,0,2026-02-27T12:01:22.804Z
sensor.stormbreaker_adaptivecharge_available_charge_current_smoothed_floored_a,1,2026-02-27T12:06:32.838Z
sensor.stormbreaker_adaptivecharge_available_charge_current_smoothed_floored_a,2,2026-02-27T12:25:12.954Z
sensor.stormbreaker_adaptivecharge_available_charge_current_smoothed_floored_a,1,2026-02-27T12:25:42.957Z
sensor.stormbreaker_adaptivecharge_available_charge_current_smoothed_floored_a,0,2026-02-27T12:25:52.957Z
sensor.stormbreaker_adaptivecharge_available_charge_current_smoothed_floored_a,1,2026-02-27T12:28:12.970Z
sensor.stormbreaker_adaptivecharge_ema_current_a,5.73,2026-02-27T10:00:00.000Z
sensor.stormbreaker_adaptivecharge_ema_current_a,5.7,2026-02-27T10:00:08.502Z
sensor.stormbreaker_adaptivecharge_ema_current_a,5.71,2026-02-27T10:00:18.503Z
sensor.stormbreaker_adaptivecharge_ema_current_a,5.82,2026-02-27T10:00:28.503Z
sensor.stormbreaker_adaptivecharge_ema_current_a,5.81,2026-02-27T10:00:38.505Z
sensor.stormbreaker_adaptivecharge_ema_current_a,5.78,2026-02-27T10:01:28.507Z
sensor.stormbreaker_adaptivecharge_ema_current_a,5.77,2026-02-27T10:01:38.507Z
sensor.stormbreaker_adaptivecharge_ema_current_a,5.78,2026-02-27T10:01:58.507Z
sensor.stormbreaker_adaptivecharge_ema_current_a,5.63,2026-02-27T10:02:28.508Z
sensor.stormbreaker_adaptivecharge_ema_current_a,5.61,2026-02-27T10:02:48.512Z
sensor.stormbreaker_adaptivecharge_ema_current_a,5.62,2026-02-27T10:02:58.514Z
sensor.stormbreaker_adaptivecharge_ema_current_a,5.63,2026-02-27T10:03:18.515Z
sensor.stormbreaker_adaptivecharge_ema_current_a,5.7,2026-02-27T10:03:28.516Z
sensor.stormbreaker_adaptivecharge_ema_current_a,5.68,2026-02-27T10:03:38.519Z
sensor.stormbreaker_adaptivecharge_ema_current_a,5.7,2026-02-27T10:03:48.520Z
sensor.stormbreaker_adaptivecharge_ema_current_a,5.69,2026-02-27T10:03:58.532Z
sensor.stormbreaker_adaptivecharge_ema_current_a,5.7,2026-02-27T10:04:08.535Z
sensor.stormbreaker_adaptivecharge_ema_current_a,5.69,2026-02-27T10:04:18.536Z
sensor.stormbreaker_adaptivecharge_ema_current_a,5.76,2026-02-27T10:04:28.537Z
sensor.stormbreaker_adaptivecharge_ema_current_a,5.75,2026-02-27T10:04:48.538Z
sensor.stormbreaker_adaptivecharge_ema_current_a,5.77,2026-02-27T10:04:58.538Z
sensor.stormbreaker_adaptivecharge_ema_current_a,5.76,2026-02-27T10:05:08.538Z
sensor.stormbreaker_adaptivecharge_ema_current_a,5.75,2026-02-27T10:05:18.541Z
sensor.stormbreaker_adaptivecharge_ema_current_a,5.11,2026-02-27T10:05:28.542Z
sensor.stormbreaker_adaptivecharge_ema_current_a,5.13,2026-02-27T10:05:38.543Z
sensor.stormbreaker_adaptivecharge_ema_current_a,5.12,2026-02-27T10:06:08.552Z
sensor.stormbreaker_adaptivecharge_ema_current_a,5.13,2026-02-27T10:06:18.555Z
sensor.stormbreaker_adaptivecharge_ema_current_a,4.41,2026-02-27T10:06:38.700Z
sensor.stormbreaker_adaptivecharge_ema_current_a,4.4,2026-02-27T10:06:54.830Z
sensor.stormbreaker_adaptivecharge_ema_current_a,3.38,2026-02-27T10:06:58.703Z
sensor.stormbreaker_adaptivecharge_ema_current_a,3.4,2026-02-27T10:07:18.709Z
sensor.stormbreaker_adaptivecharge_ema_current_a,3.43,2026-02-27T10:07:28.561Z
sensor.stormbreaker_adaptivecharge_ema_current_a,4.5,2026-02-27T10:07:38.563Z
sensor.stormbreaker_adaptivecharge_ema_current_a,4.44,2026-02-27T10:07:48.564Z
sensor.stormbreaker_adaptivecharge_ema_current_a,4.43,2026-02-27T10:07:58.565Z
sensor.stormbreaker_adaptivecharge_ema_current_a,4.44,2026-02-27T10:08:08.566Z
sensor.stormbreaker_adaptivecharge_ema_current_a,4.45,2026-02-27T10:08:18.567Z
sensor.stormbreaker_adaptivecharge_ema_current_a,5.85,2026-02-27T10:08:38.569Z
sensor.stormbreaker_adaptivecharge_ema_current_a,5.83,2026-02-27T10:08:48.569Z
sensor.stormbreaker_adaptivecharge_ema_current_a,5.84,2026-02-27T10:09:28.573Z
sensor.stormbreaker_adaptivecharge_ema_current_a,5.88,2026-02-27T10:09:38.574Z
sensor.stormbreaker_adaptivecharge_ema_current_a,5.87,2026-02-27T10:09:48.575Z
sensor.stormbreaker_adaptivecharge_ema_current_a,5.88,2026-02-27T10:10:18.579Z
sensor.stormbreaker_adaptivecharge_ema_current_a,5.94,2026-02-27T10:10:28.579Z
sensor.stormbreaker_adaptivecharge_ema_current_a,5.89,2026-02-27T10:10:38.579Z
sensor.stormbreaker_adaptivecharge_ema_current_a,7.6,2026-02-27T10:10:48.580Z
sensor.stormbreaker_adaptivecharge_ema_current_a,7.59,2026-02-27T10:10:58.724Z
sensor.stormbreaker_adaptivecharge_ema_current_a,7.63,2026-02-27T10:11:08.581Z
sensor.stormbreaker_adaptivecharge_ema_current_a,7.6,2026-02-27T10:11:18.582Z
sensor.stormbreaker_adaptivecharge_ema_current_a,7.61,2026-02-27T10:11:38.584Z
sensor.stormbreaker_adaptivecharge_ema_current_a,5.91,2026-02-27T10:11:48.585Z
sensor.stormbreaker_adaptivecharge_ema_current_a,5.9,2026-02-27T10:12:08.588Z
sensor.stormbreaker_adaptivecharge_ema_current_a,5.91,2026-02-27T10:12:18.589Z
sensor.stormbreaker_adaptivecharge_ema_current_a,5.9,2026-02-27T10:12:28.590Z
sensor.stormbreaker_adaptivecharge_ema_current_a,5.91,2026-02-27T10:12:38.591Z
sensor.stormbreaker_adaptivecharge_ema_current_a,5.97,2026-02-27T10:12:48.592Z
sensor.stormbreaker_adaptivecharge_ema_current_a,5.98,2026-02-27T10:12:58.590Z
sensor.stormbreaker_adaptivecharge_ema_current_a,5.97,2026-02-27T10:13:08.594Z
sensor.stormbreaker_adaptivecharge_ema_current_a,5.98,2026-02-27T10:13:18.594Z
sensor.stormbreaker_adaptivecharge_ema_current_a,5.97,2026-02-27T10:13:28.604Z
sensor.stormbreaker_adaptivecharge_ema_current_a,5.98,2026-02-27T10:13:38.607Z
sensor.stormbreaker_adaptivecharge_ema_current_a,6.1,2026-02-27T10:13:48.609Z
sensor.stormbreaker_adaptivecharge_ema_current_a,6.07,2026-02-27T10:13:58.609Z
sensor.stormbreaker_adaptivecharge_ema_current_a,6.09,2026-02-27T10:14:08.610Z
sensor.stormbreaker_adaptivecharge_ema_current_a,6.12,2026-02-27T10:14:18.611Z
sensor.stormbreaker_adaptivecharge_ema_current_a,6.1,2026-02-27T10:14:28.612Z
sensor.stormbreaker_adaptivecharge_ema_current_a,6.09,2026-02-27T10:14:38.613Z
sensor.stormbreaker_adaptivecharge_ema_current_a,6.12,2026-02-27T10:14:48.614Z
sensor.stormbreaker_adaptivecharge_ema_current_a,6.14,2026-02-27T10:14:58.616Z
sensor.stormbreaker_adaptivecharge_ema_current_a,6.15,2026-02-27T10:15:08.617Z
sensor.stormbreaker_adaptivecharge_ema_current_a,6.14,2026-02-27T10:15:18.617Z
sensor.stormbreaker_adaptivecharge_ema_current_a,6.11,2026-02-27T10:15:28.619Z
sensor.stormbreaker_adaptivecharge_ema_current_a,6.1,2026-02-27T10:15:38.621Z
sensor.stormbreaker_adaptivecharge_ema_current_a,6.31,2026-02-27T10:15:48.622Z
sensor.stormbreaker_adaptivecharge_ema_current_a,6.35,2026-02-27T10:15:58.624Z
sensor.stormbreaker_adaptivecharge_ema_current_a,6.32,2026-02-27T10:16:08.624Z
sensor.stormbreaker_adaptivecharge_ema_current_a,6.35,2026-02-27T10:16:28.627Z
sensor.stormbreaker_adaptivecharge_ema_current_a,6.33,2026-02-27T10:16:38.629Z
sensor.stormbreaker_adaptivecharge_ema_current_a,6.34,2026-02-27T10:16:48.630Z
sensor.stormbreaker_adaptivecharge_ema_current_a,6.33,2026-02-27T10:16:58.631Z
sensor.stormbreaker_adaptivecharge_ema_current_a,6.34,2026-02-27T10:17:08.632Z
sensor.stormbreaker_adaptivecharge_ema_current_a,6.33,2026-02-27T10:17:18.633Z
sensor.stormbreaker_adaptivecharge_ema_current_a,6.31,2026-02-27T10:17:28.634Z
sensor.stormbreaker_adaptivecharge_ema_current_a,6.33,2026-02-27T10:17:38.635Z
sensor.stormbreaker_adaptivecharge_ema_current_a,6.31,2026-02-27T10:17:48.636Z
sensor.stormbreaker_adaptivecharge_ema_current_a,6.64,2026-02-27T10:17:58.636Z
sensor.stormbreaker_adaptivecharge_ema_current_a,6.65,2026-02-27T10:18:08.639Z
sensor.stormbreaker_adaptivecharge_ema_current_a,6.63,2026-02-27T10:18:18.640Z
sensor.stormbreaker_adaptivecharge_ema_current_a,6.64,2026-02-27T10:18:28.661Z
sensor.stormbreaker_adaptivecharge_ema_current_a,6.62,2026-02-27T10:18:48.665Z
sensor.stormbreaker_adaptivecharge_ema_current_a,4.9,2026-02-27T10:18:58.817Z
sensor.stormbreaker_adaptivecharge_ema_current_a,5.01,2026-02-27T10:19:08.666Z
sensor.stormbreaker_adaptivecharge_ema_current_a,4.98,2026-02-27T10:19:28.669Z
sensor.stormbreaker_adaptivecharge_ema_current_a,5.01,2026-02-27T10:19:38.670Z
sensor.stormbreaker_adaptivecharge_ema_current_a,5.0,2026-02-27T10:19:48.671Z
sensor.stormbreaker_adaptivecharge_ema_current_a,6.91,2026-02-27T10:20:00.679Z
sensor.stormbreaker_adaptivecharge_ema_current_a,7.93,2026-02-27T10:20:08.673Z
sensor.stormbreaker_adaptivecharge_ema_current_a,7.87,2026-02-27T10:20:18.674Z
sensor.stormbreaker_adaptivecharge_ema_current_a,7.91,2026-02-27T10:20:28.675Z
sensor.stormbreaker_adaptivecharge_ema_current_a,7.83,2026-02-27T10:20:38.675Z
sensor.stormbreaker_adaptivecharge_ema_current_a,7.86,2026-02-27T10:20:48.826Z
sensor.stormbreaker_adaptivecharge_ema_current_a,7.02,2026-02-27T10:20:58.678Z
sensor.stormbreaker_adaptivecharge_ema_current_a,7.03,2026-02-27T10:21:08.680Z
sensor.stormbreaker_adaptivecharge_ema_current_a,7.02,2026-02-27T10:21:18.680Z
sensor.stormbreaker_adaptivecharge_ema_current_a,7.0,2026-02-27T10:21:28.683Z
sensor.stormbreaker_adaptivecharge_ema_current_a,7.04,2026-02-27T10:21:38.684Z
sensor.stormbreaker_adaptivecharge_ema_current_a,7.1,2026-02-27T10:21:58.688Z
sensor.stormbreaker_adaptivecharge_ema_current_a,7.01,2026-02-27T10:22:08.690Z
sensor.stormbreaker_adaptivecharge_ema_current_a,7.08,2026-02-27T10:22:18.691Z
sensor.stormbreaker_adaptivecharge_ema_current_a,7.02,2026-02-27T10:22:28.692Z
sensor.stormbreaker_adaptivecharge_ema_current_a,7.03,2026-02-27T10:22:38.692Z
sensor.stormbreaker_adaptivecharge_ema_current_a,7.01,2026-02-27T10:22:48.693Z
sensor.stormbreaker_adaptivecharge_ema_current_a,7.03,2026-02-27T10:22:58.693Z
sensor.stormbreaker_adaptivecharge_ema_current_a,6.25,2026-02-27T10:23:08.694Z
sensor.stormbreaker_adaptivecharge_ema_current_a,6.29,2026-02-27T10:23:18.694Z
sensor.stormbreaker_adaptivecharge_ema_current_a,6.22,2026-02-27T10:23:28.695Z
sensor.stormbreaker_adaptivecharge_ema_current_a,6.24,2026-02-27T10:23:38.696Z
sensor.stormbreaker_adaptivecharge_ema_current_a,6.16,2026-02-27T10:23:48.699Z
sensor.stormbreaker_adaptivecharge_ema_current_a,6.19,2026-02-27T10:23:58.701Z
sensor.stormbreaker_adaptivecharge_ema_current_a,6.12,2026-02-27T10:24:08.701Z
sensor.stormbreaker_adaptivecharge_ema_current_a,6.08,2026-02-27T10:24:18.702Z
sensor.stormbreaker_adaptivecharge_ema_current_a,6.18,2026-02-27T10:24:28.702Z
sensor.stormbreaker_adaptivecharge_ema_current_a,6.16,2026-02-27T10:24:38.703Z
sensor.stormbreaker_adaptivecharge_ema_current_a,6.08,2026-02-27T10:24:48.707Z
sensor.stormbreaker_adaptivecharge_ema_current_a,6.15,2026-02-27T10:24:58.709Z
sensor.stormbreaker_adaptivecharge_ema_current_a,7.16,2026-02-27T10:25:08.710Z
sensor.stormbreaker_adaptivecharge_ema_current_a,7.09,2026-02-27T10:25:18.711Z
sensor.stormbreaker_adaptivecharge_ema_current_a,7.18,2026-02-27T10:25:28.712Z
sensor.stormbreaker_adaptivecharge_ema_current_a,7.14,2026-02-27T10:25:38.712Z
sensor.stormbreaker_adaptivecharge_ema_current_a,7.15,2026-02-27T10:25:48.713Z
sensor.stormbreaker_adaptivecharge_ema_current_a,7.09,2026-02-27T10:25:58.714Z
sensor.stormbreaker_adaptivecharge_ema_current_a,4.67,2026-02-27T10:26:08.859Z
sensor.stormbreaker_adaptivecharge_ema_current_a,3.68,2026-02-27T10:26:28.865Z
sensor.stormbreaker_adaptivecharge_ema_current_a,3.67,2026-02-27T10:26:38.862Z
sensor.stormbreaker_adaptivecharge_ema_current_a,3.68,2026-02-27T10:26:58.864Z
sensor.stormbreaker_adaptivecharge_ema_current_a,unavailable,2026-02-27T10:27:00.871Z
sensor.stormbreaker_adaptivecharge_ema_current_a,3.68,2026-02-27T10:27:00.885Z
sensor.stormbreaker_adaptivecharge_ema_current_a,5.36,2026-02-27T10:27:10.881Z
sensor.stormbreaker_adaptivecharge_ema_current_a,5.35,2026-02-27T10:27:20.882Z
sensor.stormbreaker_adaptivecharge_ema_current_a,5.34,2026-02-27T10:27:30.883Z
sensor.stormbreaker_adaptivecharge_ema_current_a,5.36,2026-02-27T10:27:40.883Z
sensor.stormbreaker_adaptivecharge_ema_current_a,5.37,2026-02-27T10:27:50.884Z
sensor.stormbreaker_adaptivecharge_ema_current_a,0.29,2026-02-27T10:28:00.885Z
sensor.stormbreaker_adaptivecharge_ema_current_a,5.31,2026-02-27T10:28:10.887Z
sensor.stormbreaker_adaptivecharge_ema_current_a,5.55,2026-02-27T10:28:20.888Z
sensor.stormbreaker_adaptivecharge_ema_current_a,8.59,2026-02-27T10:28:30.889Z
sensor.stormbreaker_adaptivecharge_ema_current_a,10.36,2026-02-27T10:28:40.892Z
sensor.stormbreaker_adaptivecharge_ema_current_a,10.35,2026-02-27T10:29:00.893Z
sensor.stormbreaker_adaptivecharge_ema_current_a,3.0,2026-02-27T10:29:16.194Z
sensor.stormbreaker_adaptivecharge_ema_current_a,2.0,2026-02-27T10:29:21.046Z
sensor.stormbreaker_adaptivecharge_ema_current_a,2.01,2026-02-27T10:29:31.037Z
sensor.stormbreaker_adaptivecharge_ema_current_a,1.99,2026-02-27T10:29:41.049Z
sensor.stormbreaker_adaptivecharge_ema_current_a,1.96,2026-02-27T10:29:50.899Z
sensor.stormbreaker_adaptivecharge_ema_current_a,0.0,2026-02-27T10:30:00.897Z
sensor.stormbreaker_adaptivecharge_ema_current_a,2.67,2026-02-27T10:30:20.902Z
sensor.stormbreaker_adaptivecharge_ema_current_a,2.66,2026-02-27T10:30:40.901Z
sensor.stormbreaker_adaptivecharge_ema_current_a,2.67,2026-02-27T10:31:10.907Z
sensor.stormbreaker_adaptivecharge_ema_current_a,2.52,2026-02-27T10:31:20.906Z
sensor.stormbreaker_adaptivecharge_ema_current_a,2.49,2026-02-27T10:32:20.911Z
sensor.stormbreaker_adaptivecharge_ema_current_a,2.5,2026-02-27T10:32:50.913Z
sensor.stormbreaker_adaptivecharge_ema_current_a,3.03,2026-02-27T10:33:01.069Z
sensor.stormbreaker_adaptivecharge_ema_current_a,3.84,2026-02-27T10:33:10.915Z
sensor.stormbreaker_adaptivecharge_ema_current_a,2.54,2026-02-27T10:33:20.915Z
sensor.stormbreaker_adaptivecharge_ema_current_a,2.55,2026-02-27T10:33:30.917Z
sensor.stormbreaker_adaptivecharge_ema_current_a,2.57,2026-02-27T10:34:20.923Z
sensor.stormbreaker_adaptivecharge_ema_current_a,2.56,2026-02-27T10:34:30.926Z
sensor.stormbreaker_adaptivecharge_ema_current_a,2.57,2026-02-27T10:34:40.926Z
sensor.stormbreaker_adaptivecharge_ema_current_a,2.55,2026-02-27T10:34:50.928Z
sensor.stormbreaker_adaptivecharge_ema_current_a,2.56,2026-02-27T10:35:00.926Z
sensor.stormbreaker_adaptivecharge_ema_current_a,2.14,2026-02-27T10:35:20.928Z
sensor.stormbreaker_adaptivecharge_ema_current_a,2.15,2026-02-27T10:35:30.929Z
sensor.stormbreaker_adaptivecharge_ema_current_a,2.14,2026-02-27T10:35:50.931Z
sensor.stormbreaker_adaptivecharge_ema_current_a,2.15,2026-02-27T10:36:00.932Z
sensor.stormbreaker_adaptivecharge_ema_current_a,2.14,2026-02-27T10:36:20.935Z
sensor.stormbreaker_adaptivecharge_ema_current_a,2.51,2026-02-27T10:36:30.936Z
sensor.stormbreaker_adaptivecharge_ema_current_a,2.5,2026-02-27T10:36:40.936Z
sensor.stormbreaker_adaptivecharge_ema_current_a,2.49,2026-02-27T10:37:10.938Z
sensor.stormbreaker_adaptivecharge_ema_current_a,2.5,2026-02-27T10:37:20.940Z
sensor.stormbreaker_adaptivecharge_ema_current_a,2.48,2026-02-27T10:37:40.939Z
sensor.stormbreaker_adaptivecharge_ema_current_a,2.5,2026-02-27T10:37:50.940Z
sensor.stormbreaker_adaptivecharge_ema_current_a,2.49,2026-02-27T10:38:00.943Z
sensor.stormbreaker_adaptivecharge_ema_current_a,2.5,2026-02-27T10:38:20.945Z
sensor.stormbreaker_adaptivecharge_ema_current_a,2.23,2026-02-27T10:38:30.946Z
sensor.stormbreaker_adaptivecharge_ema_current_a,2.22,2026-02-27T10:38:40.948Z
sensor.stormbreaker_adaptivecharge_ema_current_a,2.23,2026-02-27T10:39:00.950Z
sensor.stormbreaker_adaptivecharge_ema_current_a,2.24,2026-02-27T10:39:10.951Z
sensor.stormbreaker_adaptivecharge_ema_current_a,2.23,2026-02-27T10:39:20.951Z
sensor.stormbreaker_adaptivecharge_ema_current_a,2.27,2026-02-27T10:39:30.952Z
sensor.stormbreaker_adaptivecharge_ema_current_a,2.26,2026-02-27T10:39:50.954Z
sensor.stormbreaker_adaptivecharge_ema_current_a,2.27,2026-02-27T10:40:00.954Z
sensor.stormbreaker_adaptivecharge_ema_current_a,2.26,2026-02-27T10:40:20.957Z
sensor.stormbreaker_adaptivecharge_ema_current_a,2.24,2026-02-27T10:40:30.959Z
sensor.stormbreaker_adaptivecharge_ema_current_a,2.23,2026-02-27T10:41:00.962Z
sensor.stormbreaker_adaptivecharge_ema_current_a,2.24,2026-02-27T10:41:10.964Z
sensor.stormbreaker_adaptivecharge_ema_current_a,2.3,2026-02-27T10:41:30.965Z
sensor.stormbreaker_adaptivecharge_ema_current_a,2.31,2026-02-27T10:41:40.966Z
sensor.stormbreaker_adaptivecharge_ema_current_a,2.3,2026-02-27T10:41:50.967Z
sensor.stormbreaker_adaptivecharge_ema_current_a,2.31,2026-02-27T10:42:00.968Z
sensor.stormbreaker_adaptivecharge_ema_current_a,2.3,2026-02-27T10:42:10.970Z
sensor.stormbreaker_adaptivecharge_ema_current_a,2.37,2026-02-27T10:42:40.972Z
sensor.stormbreaker_adaptivecharge_ema_current_a,2.36,2026-02-27T10:42:50.970Z
sensor.stormbreaker_adaptivecharge_ema_current_a,2.37,2026-02-27T10:43:00.971Z
sensor.stormbreaker_adaptivecharge_ema_current_a,2.36,2026-02-27T10:43:20.975Z
sensor.stormbreaker_adaptivecharge_ema_current_a,2.78,2026-02-27T10:43:40.976Z
sensor.stormbreaker_adaptivecharge_ema_current_a,2.79,2026-02-27T10:43:50.977Z
sensor.stormbreaker_adaptivecharge_ema_current_a,2.78,2026-02-27T10:44:00.977Z
sensor.stormbreaker_adaptivecharge_ema_current_a,3.29,2026-02-27T10:44:40.982Z
sensor.stormbreaker_adaptivecharge_ema_current_a,3.3,2026-02-27T10:44:50.983Z
sensor.stormbreaker_adaptivecharge_ema_current_a,3.29,2026-02-27T10:45:00.984Z
sensor.stormbreaker_adaptivecharge_ema_current_a,3.15,2026-02-27T10:45:40.990Z
sensor.stormbreaker_adaptivecharge_ema_current_a,3.08,2026-02-27T10:46:50.995Z
sensor.stormbreaker_adaptivecharge_ema_current_a,3.09,2026-02-27T10:47:30.998Z
sensor.stormbreaker_adaptivecharge_ema_current_a,3.08,2026-02-27T10:47:40.999Z
sensor.stormbreaker_adaptivecharge_ema_current_a,3.63,2026-02-27T10:47:50.999Z
sensor.stormbreaker_adaptivecharge_ema_current_a,3.64,2026-02-27T10:48:01.000Z
sensor.stormbreaker_adaptivecharge_ema_current_a,3.63,2026-02-27T10:48:11.002Z
sensor.stormbreaker_adaptivecharge_ema_current_a,3.64,2026-02-27T10:48:21.003Z
sensor.stormbreaker_adaptivecharge_ema_current_a,3.63,2026-02-27T10:48:41.004Z
sensor.stormbreaker_adaptivecharge_ema_current_a,3.78,2026-02-27T10:48:51.004Z
sensor.stormbreaker_adaptivecharge_ema_current_a,3.79,2026-02-27T10:49:21.104Z
sensor.stormbreaker_adaptivecharge_ema_current_a,3.77,2026-02-27T10:49:41.109Z
sensor.stormbreaker_adaptivecharge_ema_current_a,3.6,2026-02-27T10:49:51.108Z
sensor.stormbreaker_adaptivecharge_ema_current_a,3.61,2026-02-27T10:50:11.110Z
sensor.stormbreaker_adaptivecharge_ema_current_a,3.33,2026-02-27T10:50:51.367Z
sensor.stormbreaker_adaptivecharge_ema_current_a,3.34,2026-02-27T10:51:11.370Z
sensor.stormbreaker_adaptivecharge_ema_current_a,3.35,2026-02-27T10:51:51.432Z
sensor.stormbreaker_adaptivecharge_ema_current_a,3.02,2026-02-27T10:52:01.434Z
sensor.stormbreaker_adaptivecharge_ema_current_a,3.03,2026-02-27T10:52:21.436Z
sensor.stormbreaker_adaptivecharge_ema_current_a,2.93,2026-02-27T10:53:01.439Z
sensor.stormbreaker_adaptivecharge_ema_current_a,2.9,2026-02-27T10:53:41.443Z
sensor.stormbreaker_adaptivecharge_ema_current_a,2.91,2026-02-27T10:53:51.444Z
sensor.stormbreaker_adaptivecharge_ema_current_a,3.56,2026-02-27T10:54:01.444Z
sensor.stormbreaker_adaptivecharge_ema_current_a,3.54,2026-02-27T10:54:11.444Z
sensor.stormbreaker_adaptivecharge_ema_current_a,3.53,2026-02-27T10:54:21.445Z
sensor.stormbreaker_adaptivecharge_ema_current_a,3.61,2026-02-27T10:54:31.446Z
sensor.stormbreaker_adaptivecharge_ema_current_a,3.51,2026-02-27T10:54:41.447Z
sensor.stormbreaker_adaptivecharge_ema_current_a,6.19,2026-02-27T10:55:07.887Z
sensor.stormbreaker_adaptivecharge_ema_current_a,8.27,2026-02-27T10:55:11.449Z
sensor.stormbreaker_adaptivecharge_ema_current_a,8.28,2026-02-27T10:55:21.449Z
sensor.stormbreaker_adaptivecharge_ema_current_a,8.35,2026-02-27T10:55:31.450Z
sensor.stormbreaker_adaptivecharge_ema_current_a,8.36,2026-02-27T10:55:41.450Z
sensor.stormbreaker_adaptivecharge_ema_current_a,8.37,2026-02-27T10:55:51.452Z
sensor.stormbreaker_adaptivecharge_ema_current_a,5.56,2026-02-27T10:56:03.896Z
sensor.stormbreaker_adaptivecharge_ema_current_a,6.56,2026-02-27T10:56:11.456Z
sensor.stormbreaker_adaptivecharge_ema_current_a,6.46,2026-02-27T10:56:21.456Z
sensor.stormbreaker_adaptivecharge_ema_current_a,6.45,2026-02-27T10:56:31.459Z
sensor.stormbreaker_adaptivecharge_ema_current_a,6.46,2026-02-27T10:56:41.460Z
sensor.stormbreaker_adaptivecharge_ema_current_a,6.56,2026-02-27T10:56:51.461Z
sensor.stormbreaker_adaptivecharge_ema_current_a,4.15,2026-02-27T10:57:01.461Z
sensor.stormbreaker_adaptivecharge_ema_current_a,4.13,2026-02-27T10:57:19.404Z
sensor.stormbreaker_adaptivecharge_ema_current_a,3.05,2026-02-27T10:57:21.610Z
sensor.stormbreaker_adaptivecharge_ema_current_a,3.06,2026-02-27T10:57:41.607Z
sensor.stormbreaker_adaptivecharge_ema_current_a,0.0,2026-02-27T10:58:01.468Z
sensor.stormbreaker_adaptivecharge_ema_current_a,3.29,2026-02-27T10:58:11.468Z
sensor.stormbreaker_adaptivecharge_ema_current_a,2.68,2026-02-27T10:59:11.478Z
sensor.stormbreaker_adaptivecharge_ema_current_a,2.66,2026-02-27T10:59:51.485Z
sensor.stormbreaker_adaptivecharge_ema_current_a,4.56,2026-02-27T11:00:11.487Z
sensor.stormbreaker_adaptivecharge_ema_current_a,4.52,2026-02-27T11:00:21.487Z
sensor.stormbreaker_adaptivecharge_ema_current_a,4.53,2026-02-27T11:00:51.641Z
sensor.stormbreaker_adaptivecharge_ema_current_a,5.26,2026-02-27T11:01:01.494Z
sensor.stormbreaker_adaptivecharge_ema_current_a,7.19,2026-02-27T11:01:11.495Z
sensor.stormbreaker_adaptivecharge_ema_current_a,7.12,2026-02-27T11:01:21.495Z
sensor.stormbreaker_adaptivecharge_ema_current_a,7.13,2026-02-27T11:01:51.498Z
sensor.stormbreaker_adaptivecharge_ema_current_a,7.05,2026-02-27T11:02:07.951Z
sensor.stormbreaker_adaptivecharge_ema_current_a,6.45,2026-02-27T11:02:11.500Z
sensor.stormbreaker_adaptivecharge_ema_current_a,6.5,2026-02-27T11:02:21.500Z
sensor.stormbreaker_adaptivecharge_ema_current_a,6.51,2026-02-27T11:02:41.502Z
sensor.stormbreaker_adaptivecharge_ema_current_a,6.5,2026-02-27T11:02:51.504Z
sensor.stormbreaker_adaptivecharge_ema_current_a,6.47,2026-02-27T11:03:01.503Z
sensor.stormbreaker_adaptivecharge_ema_current_a,3.95,2026-02-27T11:03:11.505Z
sensor.stormbreaker_adaptivecharge_ema_current_a,3.99,2026-02-27T11:03:21.505Z
sensor.stormbreaker_adaptivecharge_ema_current_a,4.0,2026-02-27T11:03:31.506Z
sensor.stormbreaker_adaptivecharge_ema_current_a,3.99,2026-02-27T11:03:51.509Z
sensor.stormbreaker_adaptivecharge_ema_current_a,4.0,2026-02-27T11:04:11.510Z
sensor.stormbreaker_adaptivecharge_ema_current_a,6.28,2026-02-27T11:04:24.026Z
sensor.stormbreaker_adaptivecharge_ema_current_a,7.25,2026-02-27T11:04:31.512Z
sensor.stormbreaker_adaptivecharge_ema_current_a,7.24,2026-02-27T11:05:01.515Z
sensor.stormbreaker_adaptivecharge_ema_current_a,7.25,2026-02-27T11:05:11.517Z
sensor.stormbreaker_adaptivecharge_ema_current_a,6.55,2026-02-27T11:05:23.783Z
sensor.stormbreaker_adaptivecharge_ema_current_a,7.54,2026-02-27T11:05:31.517Z
sensor.stormbreaker_adaptivecharge_ema_current_a,7.51,2026-02-27T11:05:41.519Z
sensor.stormbreaker_adaptivecharge_ema_current_a,7.52,2026-02-27T11:05:51.518Z
sensor.stormbreaker_adaptivecharge_ema_current_a,7.58,2026-02-27T11:06:01.521Z
sensor.stormbreaker_adaptivecharge_ema_current_a,7.59,2026-02-27T11:06:11.521Z
sensor.stormbreaker_adaptivecharge_ema_current_a,6.57,2026-02-27T11:06:21.523Z
sensor.stormbreaker_adaptivecharge_ema_current_a,6.56,2026-02-27T11:06:31.524Z
sensor.stormbreaker_adaptivecharge_ema_current_a,6.55,2026-02-27T11:06:41.524Z
sensor.stormbreaker_adaptivecharge_ema_current_a,6.56,2026-02-27T11:06:51.525Z
sensor.stormbreaker_adaptivecharge_ema_current_a,6.57,2026-02-27T11:07:01.525Z
sensor.stormbreaker_adaptivecharge_ema_current_a,6.56,2026-02-27T11:07:11.527Z
sensor.stormbreaker_adaptivecharge_ema_current_a,6.59,2026-02-27T11:07:21.527Z
sensor.stormbreaker_adaptivecharge_ema_current_a,6.56,2026-02-27T11:07:31.529Z
sensor.stormbreaker_adaptivecharge_ema_current_a,6.6,2026-02-27T11:07:41.530Z
sensor.stormbreaker_adaptivecharge_ema_current_a,6.52,2026-02-27T11:07:51.530Z
sensor.stormbreaker_adaptivecharge_ema_current_a,6.54,2026-02-27T11:08:01.531Z
sensor.stormbreaker_adaptivecharge_ema_current_a,6.55,2026-02-27T11:08:11.532Z
sensor.stormbreaker_adaptivecharge_ema_current_a,6.57,2026-02-27T11:08:21.534Z
sensor.stormbreaker_adaptivecharge_ema_current_a,6.54,2026-02-27T11:08:31.534Z
sensor.stormbreaker_adaptivecharge_ema_current_a,6.53,2026-02-27T11:08:41.535Z
sensor.stormbreaker_adaptivecharge_ema_current_a,6.49,2026-02-27T11:08:51.535Z
sensor.stormbreaker_adaptivecharge_ema_current_a,6.53,2026-02-27T11:09:01.537Z
sensor.stormbreaker_adaptivecharge_ema_current_a,2.67,2026-02-27T11:09:33.590Z
sensor.stormbreaker_adaptivecharge_ema_current_a,1.66,2026-02-27T11:09:41.688Z
sensor.stormbreaker_adaptivecharge_ema_current_a,1.65,2026-02-27T11:09:51.702Z
sensor.stormbreaker_adaptivecharge_ema_current_a,1.67,2026-02-27T11:10:01.689Z
sensor.stormbreaker_adaptivecharge_ema_current_a,1.66,2026-02-27T11:10:11.688Z
sensor.stormbreaker_adaptivecharge_ema_current_a,1.67,2026-02-27T11:10:21.545Z
sensor.stormbreaker_adaptivecharge_ema_current_a,0.0,2026-02-27T11:10:31.547Z
sensor.stormbreaker_adaptivecharge_ema_current_a,2.34,2026-02-27T11:11:31.554Z
sensor.stormbreaker_adaptivecharge_ema_current_a,2.35,2026-02-27T11:12:11.558Z
sensor.stormbreaker_adaptivecharge_ema_current_a,2.38,2026-02-27T11:12:31.561Z
sensor.stormbreaker_adaptivecharge_ema_current_a,2.39,2026-02-27T11:12:51.562Z
sensor.stormbreaker_adaptivecharge_ema_current_a,2.4,2026-02-27T11:13:21.566Z
sensor.stormbreaker_adaptivecharge_ema_current_a,2.61,2026-02-27T11:13:31.566Z
sensor.stormbreaker_adaptivecharge_ema_current_a,3.89,2026-02-27T11:13:41.567Z
sensor.stormbreaker_adaptivecharge_ema_current_a,3.88,2026-02-27T11:14:01.567Z
sensor.stormbreaker_adaptivecharge_ema_current_a,3.86,2026-02-27T11:14:11.568Z
sensor.stormbreaker_adaptivecharge_ema_current_a,3.87,2026-02-27T11:14:31.570Z
sensor.stormbreaker_adaptivecharge_ema_current_a,3.02,2026-02-27T11:14:48.264Z
sensor.stormbreaker_adaptivecharge_ema_current_a,4.01,2026-02-27T11:14:51.571Z
sensor.stormbreaker_adaptivecharge_ema_current_a,4.02,2026-02-27T11:15:01.572Z
sensor.stormbreaker_adaptivecharge_ema_current_a,4.03,2026-02-27T11:15:11.573Z
sensor.stormbreaker_adaptivecharge_ema_current_a,4.0,2026-02-27T11:15:21.573Z
sensor.stormbreaker_adaptivecharge_ema_current_a,3.83,2026-02-27T11:15:41.575Z
sensor.stormbreaker_adaptivecharge_ema_current_a,3.84,2026-02-27T11:16:01.577Z
sensor.stormbreaker_adaptivecharge_ema_current_a,3.88,2026-02-27T11:16:11.577Z
sensor.stormbreaker_adaptivecharge_ema_current_a,3.89,2026-02-27T11:16:21.578Z
sensor.stormbreaker_adaptivecharge_ema_current_a,3.92,2026-02-27T11:16:31.579Z
sensor.stormbreaker_adaptivecharge_ema_current_a,7.16,2026-02-27T11:16:48.187Z
sensor.stormbreaker_adaptivecharge_ema_current_a,8.16,2026-02-27T11:16:51.584Z
sensor.stormbreaker_adaptivecharge_ema_current_a,8.14,2026-02-27T11:17:01.584Z
sensor.stormbreaker_adaptivecharge_ema_current_a,8.2,2026-02-27T11:17:11.586Z
sensor.stormbreaker_adaptivecharge_ema_current_a,8.17,2026-02-27T11:17:31.588Z
sensor.stormbreaker_adaptivecharge_ema_current_a,4.59,2026-02-27T11:17:41.588Z
sensor.stormbreaker_adaptivecharge_ema_current_a,4.54,2026-02-27T11:17:51.588Z
sensor.stormbreaker_adaptivecharge_ema_current_a,4.56,2026-02-27T11:18:01.589Z
sensor.stormbreaker_adaptivecharge_ema_current_a,4.58,2026-02-27T11:18:11.590Z
sensor.stormbreaker_adaptivecharge_ema_current_a,4.6,2026-02-27T11:18:21.591Z
sensor.stormbreaker_adaptivecharge_ema_current_a,4.57,2026-02-27T11:18:31.589Z
sensor.stormbreaker_adaptivecharge_ema_current_a,3.3,2026-02-27T11:18:41.591Z
sensor.stormbreaker_adaptivecharge_ema_current_a,3.33,2026-02-27T11:18:58.340Z
sensor.stormbreaker_adaptivecharge_ema_current_a,2.32,2026-02-27T11:19:01.749Z
sensor.stormbreaker_adaptivecharge_ema_current_a,2.3,2026-02-27T11:19:11.741Z
sensor.stormbreaker_adaptivecharge_ema_current_a,2.32,2026-02-27T11:19:21.597Z
sensor.stormbreaker_adaptivecharge_ema_current_a,0.0,2026-02-27T11:19:31.598Z
sensor.stormbreaker_adaptivecharge_ema_current_a,2.61,2026-02-27T11:19:41.599Z
sensor.stormbreaker_adaptivecharge_ema_current_a,2.6,2026-02-27T11:20:01.601Z
sensor.stormbreaker_adaptivecharge_ema_current_a,2.61,2026-02-27T11:20:11.602Z
sensor.stormbreaker_adaptivecharge_ema_current_a,2.6,2026-02-27T11:20:31.606Z
sensor.stormbreaker_adaptivecharge_ema_current_a,2.61,2026-02-27T11:20:41.608Z
sensor.stormbreaker_adaptivecharge_ema_current_a,2.34,2026-02-27T11:20:51.608Z
sensor.stormbreaker_adaptivecharge_ema_current_a,2.35,2026-02-27T11:21:41.614Z
sensor.stormbreaker_adaptivecharge_ema_current_a,1.92,2026-02-27T11:21:51.615Z
sensor.stormbreaker_adaptivecharge_ema_current_a,1.98,2026-02-27T11:22:21.618Z
sensor.stormbreaker_adaptivecharge_ema_current_a,3.26,2026-02-27T11:22:31.619Z
sensor.stormbreaker_adaptivecharge_ema_current_a,3.94,2026-02-27T11:22:41.620Z
sensor.stormbreaker_adaptivecharge_ema_current_a,2.0,2026-02-27T11:22:51.619Z
sensor.stormbreaker_adaptivecharge_ema_current_a,2.01,2026-02-27T11:23:01.621Z
sensor.stormbreaker_adaptivecharge_ema_current_a,1.95,2026-02-27T11:23:51.625Z
sensor.stormbreaker_adaptivecharge_ema_current_a,1.94,2026-02-27T11:24:11.627Z
sensor.stormbreaker_adaptivecharge_ema_current_a,1.93,2026-02-27T11:24:21.629Z
sensor.stormbreaker_adaptivecharge_ema_current_a,1.94,2026-02-27T11:24:41.629Z
sensor.stormbreaker_adaptivecharge_ema_current_a,1.86,2026-02-27T11:24:51.809Z
sensor.stormbreaker_adaptivecharge_ema_current_a,1.85,2026-02-27T11:25:11.812Z
sensor.stormbreaker_adaptivecharge_ema_current_a,1.86,2026-02-27T11:25:41.817Z
sensor.stormbreaker_adaptivecharge_ema_current_a,1.64,2026-02-27T11:25:51.818Z
sensor.stormbreaker_adaptivecharge_ema_current_a,0.66,2026-02-27T11:26:11.818Z
sensor.stormbreaker_adaptivecharge_ema_current_a,0.0,2026-02-27T11:26:21.821Z
sensor.stormbreaker_adaptivecharge_ema_current_a,1.83,2026-02-27T11:27:01.826Z
sensor.stormbreaker_adaptivecharge_ema_current_a,1.84,2026-02-27T11:27:11.825Z
sensor.stormbreaker_adaptivecharge_ema_current_a,1.83,2026-02-27T11:27:21.827Z
sensor.stormbreaker_adaptivecharge_ema_current_a,1.84,2026-02-27T11:27:41.827Z
sensor.stormbreaker_adaptivecharge_ema_current_a,1.88,2026-02-27T11:28:01.831Z
sensor.stormbreaker_adaptivecharge_ema_current_a,1.89,2026-02-27T11:28:11.832Z
sensor.stormbreaker_adaptivecharge_ema_current_a,1.87,2026-02-27T11:28:21.832Z
sensor.stormbreaker_adaptivecharge_ema_current_a,1.91,2026-02-27T11:29:01.836Z
sensor.stormbreaker_adaptivecharge_ema_current_a,1.95,2026-02-27T11:29:11.837Z
sensor.stormbreaker_adaptivecharge_ema_current_a,2.6,2026-02-27T11:29:21.836Z
sensor.stormbreaker_adaptivecharge_ema_current_a,2.94,2026-02-27T11:29:31.838Z
sensor.stormbreaker_adaptivecharge_ema_current_a,2.27,2026-02-27T11:30:08.272Z
sensor.stormbreaker_adaptivecharge_ema_current_a,3.26,2026-02-27T11:30:11.841Z
sensor.stormbreaker_adaptivecharge_ema_current_a,3.24,2026-02-27T11:30:31.840Z
sensor.stormbreaker_adaptivecharge_ema_current_a,3.25,2026-02-27T11:30:41.843Z
sensor.stormbreaker_adaptivecharge_ema_current_a,3.24,2026-02-27T11:30:51.844Z
sensor.stormbreaker_adaptivecharge_ema_current_a,2.56,2026-02-27T11:31:01.844Z
sensor.stormbreaker_adaptivecharge_ema_current_a,2.58,2026-02-27T11:31:11.846Z
sensor.stormbreaker_adaptivecharge_ema_current_a,2.56,2026-02-27T11:31:21.847Z
sensor.stormbreaker_adaptivecharge_ema_current_a,2.58,2026-02-27T11:31:31.847Z
sensor.stormbreaker_adaptivecharge_ema_current_a,2.57,2026-02-27T11:31:41.848Z
sensor.stormbreaker_adaptivecharge_ema_current_a,2.41,2026-02-27T11:32:01.850Z
sensor.stormbreaker_adaptivecharge_ema_current_a,2.39,2026-02-27T11:32:31.855Z
sensor.stormbreaker_adaptivecharge_ema_current_a,2.29,2026-02-27T11:33:01.857Z
sensor.stormbreaker_adaptivecharge_ema_current_a,2.3,2026-02-27T11:33:11.858Z
sensor.stormbreaker_adaptivecharge_ema_current_a,2.29,2026-02-27T11:33:41.862Z
sensor.stormbreaker_adaptivecharge_ema_current_a,2.3,2026-02-27T11:33:51.861Z
sensor.stormbreaker_adaptivecharge_ema_current_a,1.96,2026-02-27T11:34:11.864Z
sensor.stormbreaker_adaptivecharge_ema_current_a,1.95,2026-02-27T11:34:31.865Z
sensor.stormbreaker_adaptivecharge_ema_current_a,1.97,2026-02-27T11:35:11.873Z
sensor.stormbreaker_adaptivecharge_ema_current_a,1.96,2026-02-27T11:35:31.875Z
sensor.stormbreaker_adaptivecharge_ema_current_a,1.97,2026-02-27T11:35:41.877Z
sensor.stormbreaker_adaptivecharge_ema_current_a,1.96,2026-02-27T11:36:02.021Z
sensor.stormbreaker_adaptivecharge_ema_current_a,1.9,2026-02-27T11:36:12.024Z
sensor.stormbreaker_adaptivecharge_ema_current_a,1.91,2026-02-27T11:36:32.026Z
sensor.stormbreaker_adaptivecharge_ema_current_a,1.9,2026-02-27T11:36:42.027Z
sensor.stormbreaker_adaptivecharge_ema_current_a,1.91,2026-02-27T11:37:02.029Z
sensor.stormbreaker_adaptivecharge_ema_current_a,2.09,2026-02-27T11:37:12.029Z
sensor.stormbreaker_adaptivecharge_ema_current_a,2.07,2026-02-27T11:37:22.171Z
sensor.stormbreaker_adaptivecharge_ema_current_a,2.08,2026-02-27T11:37:42.179Z
sensor.stormbreaker_adaptivecharge_ema_current_a,2.38,2026-02-27T11:38:12.183Z
sensor.stormbreaker_adaptivecharge_ema_current_a,2.39,2026-02-27T11:38:22.182Z
sensor.stormbreaker_adaptivecharge_ema_current_a,2.38,2026-02-27T11:38:42.186Z
sensor.stormbreaker_adaptivecharge_ema_current_a,2.39,2026-02-27T11:38:52.186Z
sensor.stormbreaker_adaptivecharge_ema_current_a,2.38,2026-02-27T11:39:02.185Z
sensor.stormbreaker_adaptivecharge_ema_current_a,2.11,2026-02-27T11:39:12.188Z
sensor.stormbreaker_adaptivecharge_ema_current_a,2.1,2026-02-27T11:39:32.189Z
sensor.stormbreaker_adaptivecharge_ema_current_a,2.11,2026-02-27T11:39:42.192Z
sensor.stormbreaker_adaptivecharge_ema_current_a,2.1,2026-02-27T11:40:02.192Z
sensor.stormbreaker_adaptivecharge_ema_current_a,2.05,2026-02-27T11:40:12.194Z
sensor.stormbreaker_adaptivecharge_ema_current_a,2.04,2026-02-27T11:40:32.193Z
sensor.stormbreaker_adaptivecharge_ema_current_a,2.05,2026-02-27T11:40:52.196Z
sensor.stormbreaker_adaptivecharge_ema_current_a,2.06,2026-02-27T11:41:02.196Z
sensor.stormbreaker_adaptivecharge_ema_current_a,2.07,2026-02-27T11:41:12.198Z
sensor.stormbreaker_adaptivecharge_ema_current_a,1.82,2026-02-27T11:41:22.197Z
sensor.stormbreaker_adaptivecharge_ema_current_a,1.83,2026-02-27T11:41:32.199Z
sensor.stormbreaker_adaptivecharge_ema_current_a,1.82,2026-02-27T11:41:42.200Z
sensor.stormbreaker_adaptivecharge_ema_current_a,1.81,2026-02-27T11:41:52.201Z
sensor.stormbreaker_adaptivecharge_ema_current_a,1.83,2026-02-27T11:42:12.201Z
sensor.stormbreaker_adaptivecharge_ema_current_a,1.69,2026-02-27T11:42:22.204Z
sensor.stormbreaker_adaptivecharge_ema_current_a,1.7,2026-02-27T11:42:38.850Z
sensor.stormbreaker_adaptivecharge_ema_current_a,0.71,2026-02-27T11:42:42.210Z
sensor.stormbreaker_adaptivecharge_ema_current_a,0.0,2026-02-27T11:42:52.210Z
sensor.stormbreaker_adaptivecharge_ema_current_a,1.83,2026-02-27T11:43:22.212Z
sensor.stormbreaker_adaptivecharge_ema_current_a,1.84,2026-02-27T11:43:32.211Z
sensor.stormbreaker_adaptivecharge_ema_current_a,1.83,2026-02-27T11:43:42.212Z
sensor.stormbreaker_adaptivecharge_ema_current_a,1.84,2026-02-27T11:43:52.213Z
sensor.stormbreaker_adaptivecharge_ema_current_a,0.0,2026-02-27T11:44:22.216Z
sensor.stormbreaker_adaptivecharge_ema_current_a,1.17,2026-02-27T11:45:22.220Z
sensor.stormbreaker_adaptivecharge_ema_current_a,1.18,2026-02-27T11:46:02.221Z
sensor.stormbreaker_adaptivecharge_ema_current_a,1.42,2026-02-27T11:46:22.224Z
sensor.stormbreaker_adaptivecharge_ema_current_a,1.76,2026-02-27T11:46:32.225Z
sensor.stormbreaker_adaptivecharge_ema_current_a,2.11,2026-02-27T11:46:42.386Z
sensor.stormbreaker_adaptivecharge_ema_current_a,2.12,2026-02-27T11:46:52.229Z
sensor.stormbreaker_adaptivecharge_ema_current_a,2.11,2026-02-27T11:47:02.229Z
sensor.stormbreaker_adaptivecharge_ema_current_a,2.12,2026-02-27T11:47:22.231Z
sensor.stormbreaker_adaptivecharge_ema_current_a,1.2,2026-02-27T11:47:32.230Z
sensor.stormbreaker_adaptivecharge_ema_current_a,1.21,2026-02-27T11:47:42.231Z
sensor.stormbreaker_adaptivecharge_ema_current_a,1.2,2026-02-27T11:47:52.231Z
sensor.stormbreaker_adaptivecharge_ema_current_a,1.11,2026-02-27T11:48:32.234Z
sensor.stormbreaker_adaptivecharge_ema_current_a,1.09,2026-02-27T11:48:52.237Z
sensor.stormbreaker_adaptivecharge_ema_current_a,1.1,2026-02-27T11:49:12.240Z
sensor.stormbreaker_adaptivecharge_ema_current_a,1.09,2026-02-27T11:49:22.241Z
sensor.stormbreaker_adaptivecharge_ema_current_a,0.98,2026-02-27T11:49:32.244Z
sensor.stormbreaker_adaptivecharge_ema_current_a,1.0,2026-02-27T11:49:42.246Z
sensor.stormbreaker_adaptivecharge_ema_current_a,0.99,2026-02-27T11:49:52.247Z
sensor.stormbreaker_adaptivecharge_ema_current_a,1.0,2026-02-27T11:50:02.247Z
sensor.stormbreaker_adaptivecharge_ema_current_a,1.01,2026-02-27T11:50:22.250Z
sensor.stormbreaker_adaptivecharge_ema_current_a,1.0,2026-02-27T11:50:42.251Z
sensor.stormbreaker_adaptivecharge_ema_current_a,0.99,2026-02-27T11:50:52.251Z
sensor.stormbreaker_adaptivecharge_ema_current_a,0.98,2026-02-27T11:51:12.741Z
sensor.stormbreaker_adaptivecharge_ema_current_a,1.12,2026-02-27T11:51:32.746Z
sensor.stormbreaker_adaptivecharge_ema_current_a,0.09,2026-02-27T11:51:52.747Z
sensor.stormbreaker_adaptivecharge_ema_current_a,0.08,2026-02-27T11:52:02.748Z
sensor.stormbreaker_adaptivecharge_ema_current_a,1.08,2026-02-27T11:52:32.750Z
sensor.stormbreaker_adaptivecharge_ema_current_a,1.09,2026-02-27T11:53:02.752Z
sensor.stormbreaker_adaptivecharge_ema_current_a,1.08,2026-02-27T11:53:12.753Z
sensor.stormbreaker_adaptivecharge_ema_current_a,0.94,2026-02-27T11:53:42.755Z
sensor.stormbreaker_adaptivecharge_ema_current_a,0.95,2026-02-27T11:54:32.761Z
sensor.stormbreaker_adaptivecharge_ema_current_a,0.91,2026-02-27T11:54:42.762Z
sensor.stormbreaker_adaptivecharge_ema_current_a,0.92,2026-02-27T11:55:12.764Z
sensor.stormbreaker_adaptivecharge_ema_current_a,0.91,2026-02-27T11:55:32.766Z
sensor.stormbreaker_adaptivecharge_ema_current_a,0.93,2026-02-27T11:55:42.766Z
sensor.stormbreaker_adaptivecharge_ema_current_a,0.92,2026-02-27T11:55:52.767Z
sensor.stormbreaker_adaptivecharge_ema_current_a,0.93,2026-02-27T11:56:32.772Z
sensor.stormbreaker_adaptivecharge_ema_current_a,1.01,2026-02-27T11:56:42.773Z
sensor.stormbreaker_adaptivecharge_ema_current_a,1.02,2026-02-27T11:57:32.777Z
sensor.stormbreaker_adaptivecharge_ema_current_a,1.04,2026-02-27T11:57:42.778Z
sensor.stormbreaker_adaptivecharge_ema_current_a,1.7,2026-02-27T11:57:52.779Z
sensor.stormbreaker_adaptivecharge_ema_current_a,1.69,2026-02-27T11:58:12.781Z
sensor.stormbreaker_adaptivecharge_ema_current_a,1.7,2026-02-27T11:58:32.782Z
sensor.stormbreaker_adaptivecharge_ema_current_a,1.1,2026-02-27T11:58:42.783Z
sensor.stormbreaker_adaptivecharge_ema_current_a,1.04,2026-02-27T11:59:42.789Z
sensor.stormbreaker_adaptivecharge_ema_current_a,1.05,2026-02-27T11:59:52.790Z
sensor.stormbreaker_adaptivecharge_ema_current_a,1.06,2026-02-27T12:00:12.797Z
sensor.stormbreaker_adaptivecharge_ema_current_a,1.05,2026-02-27T12:00:32.798Z
sensor.stormbreaker_adaptivecharge_ema_current_a,0.88,2026-02-27T12:00:52.801Z
sensor.stormbreaker_adaptivecharge_ema_current_a,0.87,2026-02-27T12:01:02.801Z
sensor.stormbreaker_adaptivecharge_ema_current_a,0.88,2026-02-27T12:01:12.802Z
sensor.stormbreaker_adaptivecharge_ema_current_a,0.89,2026-02-27T12:01:22.804Z
sensor.stormbreaker_adaptivecharge_ema_current_a,0.88,2026-02-27T12:01:32.804Z
sensor.stormbreaker_adaptivecharge_ema_current_a,0.89,2026-02-27T12:01:42.804Z
sensor.stormbreaker_adaptivecharge_ema_current_a,0.8,2026-02-27T12:01:52.804Z
sensor.stormbreaker_adaptivecharge_ema_current_a,0.79,2026-02-27T12:02:02.806Z
sensor.stormbreaker_adaptivecharge_ema_current_a,0.0,2026-02-27T12:02:12.807Z
sensor.stormbreaker_adaptivecharge_ema_current_a,0.85,2026-02-27T12:02:52.811Z
sensor.stormbreaker_adaptivecharge_ema_current_a,0.84,2026-02-27T12:03:12.813Z
sensor.stormbreaker_adaptivecharge_ema_current_a,0.94,2026-02-27T12:04:52.826Z
sensor.stormbreaker_adaptivecharge_ema_current_a,0.93,2026-02-27T12:05:42.829Z
sensor.stormbreaker_adaptivecharge_ema_current_a,1.17,2026-02-27T12:05:52.830Z
sensor.stormbreaker_adaptivecharge_ema_current_a,1.16,2026-02-27T12:06:22.836Z
sensor.stormbreaker_adaptivecharge_ema_current_a,1.17,2026-02-27T12:06:32.838Z
sensor.stormbreaker_adaptivecharge_ema_current_a,1.29,2026-02-27T12:06:52.840Z
sensor.stormbreaker_adaptivecharge_ema_current_a,1.9,2026-02-27T12:07:02.844Z
sensor.stormbreaker_adaptivecharge_ema_current_a,1.21,2026-02-27T12:07:52.849Z
sensor.stormbreaker_adaptivecharge_ema_current_a,1.2,2026-02-27T12:08:12.852Z
sensor.stormbreaker_adaptivecharge_ema_current_a,1.19,2026-02-27T12:08:22.853Z
sensor.stormbreaker_adaptivecharge_ema_current_a,1.2,2026-02-27T12:08:32.854Z
sensor.stormbreaker_adaptivecharge_ema_current_a,1.19,2026-02-27T12:08:42.857Z
sensor.stormbreaker_adaptivecharge_ema_current_a,1.2,2026-02-27T12:08:52.859Z
sensor.stormbreaker_adaptivecharge_ema_current_a,1.42,2026-02-27T12:09:02.859Z
sensor.stormbreaker_adaptivecharge_ema_current_a,1.41,2026-02-27T12:09:12.860Z
sensor.stormbreaker_adaptivecharge_ema_current_a,1.43,2026-02-27T12:09:42.867Z
sensor.stormbreaker_adaptivecharge_ema_current_a,1.45,2026-02-27T12:10:02.870Z
sensor.stormbreaker_adaptivecharge_ema_current_a,1.44,2026-02-27T12:10:42.873Z
sensor.stormbreaker_adaptivecharge_ema_current_a,1.47,2026-02-27T12:11:02.875Z
sensor.stormbreaker_adaptivecharge_ema_current_a,1.48,2026-02-27T12:11:42.878Z
sensor.stormbreaker_adaptivecharge_ema_current_a,1.54,2026-02-27T12:12:02.879Z
sensor.stormbreaker_adaptivecharge_ema_current_a,1.53,2026-02-27T12:12:12.880Z
sensor.stormbreaker_adaptivecharge_ema_current_a,1.54,2026-02-27T12:12:22.881Z
sensor.stormbreaker_adaptivecharge_ema_current_a,1.53,2026-02-27T12:12:32.882Z
sensor.stormbreaker_adaptivecharge_ema_current_a,1.54,2026-02-27T12:12:52.883Z
sensor.stormbreaker_adaptivecharge_ema_current_a,1.51,2026-02-27T12:13:02.884Z
sensor.stormbreaker_adaptivecharge_ema_current_a,1.5,2026-02-27T12:13:42.888Z
sensor.stormbreaker_adaptivecharge_ema_current_a,1.51,2026-02-27T12:13:52.888Z
sensor.stormbreaker_adaptivecharge_ema_current_a,1.57,2026-02-27T12:14:12.890Z
sensor.stormbreaker_adaptivecharge_ema_current_a,1.58,2026-02-27T12:14:32.891Z
sensor.stormbreaker_adaptivecharge_ema_current_a,1.57,2026-02-27T12:14:52.893Z
sensor.stormbreaker_adaptivecharge_ema_current_a,1.42,2026-02-27T12:15:12.895Z
sensor.stormbreaker_adaptivecharge_ema_current_a,1.52,2026-02-27T12:16:12.900Z
sensor.stormbreaker_adaptivecharge_ema_current_a,1.51,2026-02-27T12:16:32.901Z
sensor.stormbreaker_adaptivecharge_ema_current_a,1.52,2026-02-27T12:16:42.902Z
sensor.stormbreaker_adaptivecharge_ema_current_a,1.51,2026-02-27T12:16:52.902Z
sensor.stormbreaker_adaptivecharge_ema_current_a,1.43,2026-02-27T12:17:12.904Z
sensor.stormbreaker_adaptivecharge_ema_current_a,1.44,2026-02-27T12:17:22.905Z
sensor.stormbreaker_adaptivecharge_ema_current_a,1.43,2026-02-27T12:17:32.906Z
sensor.stormbreaker_adaptivecharge_ema_current_a,1.38,2026-02-27T12:18:12.909Z
sensor.stormbreaker_adaptivecharge_ema_current_a,1.39,2026-02-27T12:18:32.910Z
sensor.stormbreaker_adaptivecharge_ema_current_a,1.37,2026-02-27T12:19:12.914Z
sensor.stormbreaker_adaptivecharge_ema_current_a,1.36,2026-02-27T12:19:22.916Z
sensor.stormbreaker_adaptivecharge_ema_current_a,1.37,2026-02-27T12:19:52.917Z
sensor.stormbreaker_adaptivecharge_ema_current_a,1.36,2026-02-27T12:20:02.918Z
sensor.stormbreaker_adaptivecharge_ema_current_a,1.35,2026-02-27T12:20:12.917Z
sensor.stormbreaker_adaptivecharge_ema_current_a,1.36,2026-02-27T12:20:52.923Z
sensor.stormbreaker_adaptivecharge_ema_current_a,1.41,2026-02-27T12:21:22.927Z
sensor.stormbreaker_adaptivecharge_ema_current_a,1.4,2026-02-27T12:21:32.929Z
sensor.stormbreaker_adaptivecharge_ema_current_a,1.41,2026-02-27T12:21:52.930Z
sensor.stormbreaker_adaptivecharge_ema_current_a,1.4,2026-02-27T12:22:02.932Z
sensor.stormbreaker_adaptivecharge_ema_current_a,1.41,2026-02-27T12:22:12.933Z
sensor.stormbreaker_adaptivecharge_ema_current_a,1.32,2026-02-27T12:22:22.933Z
sensor.stormbreaker_adaptivecharge_ema_current_a,1.29,2026-02-27T12:23:22.939Z
sensor.stormbreaker_adaptivecharge_ema_current_a,1.3,2026-02-27T12:23:32.940Z
sensor.stormbreaker_adaptivecharge_ema_current_a,1.29,2026-02-27T12:23:52.940Z
sensor.stormbreaker_adaptivecharge_ema_current_a,1.3,2026-02-27T12:24:02.942Z
sensor.stormbreaker_adaptivecharge_ema_current_a,1.24,2026-02-27T12:24:22.945Z
sensor.stormbreaker_adaptivecharge_ema_current_a,1.23,2026-02-27T12:24:42.948Z
sensor.stormbreaker_adaptivecharge_ema_current_a,2.78,2026-02-27T12:25:02.952Z
sensor.stormbreaker_adaptivecharge_ema_current_a,13.2,2026-02-27T12:25:12.954Z
sensor.stormbreaker_adaptivecharge_ema_current_a,1.55,2026-02-27T12:25:22.956Z
sensor.stormbreaker_adaptivecharge_ema_current_a,1.48,2026-02-27T12:25:32.955Z
sensor.stormbreaker_adaptivecharge_ema_current_a,0.0,2026-02-27T12:25:42.957Z
sensor.stormbreaker_adaptivecharge_ema_current_a,1.19,2026-02-27T12:26:22.960Z
sensor.stormbreaker_adaptivecharge_ema_current_a,1.18,2026-02-27T12:26:32.961Z
sensor.stormbreaker_adaptivecharge_ema_current_a,1.19,2026-02-27T12:27:02.963Z
sensor.stormbreaker_adaptivecharge_ema_current_a,1.22,2026-02-27T12:27:32.966Z
sensor.stormbreaker_adaptivecharge_ema_current_a,1.21,2026-02-27T12:27:52.968Z
sensor.stormbreaker_adaptivecharge_ema_current_a,0.85,2026-02-27T12:28:32.972Z
sensor.stormbreaker_adaptivecharge_target_current_a,5.73,2026-02-27T10:00:00.000Z
sensor.stormbreaker_adaptivecharge_target_current_a,5.7,2026-02-27T10:00:08.505Z
sensor.stormbreaker_adaptivecharge_target_current_a,5.71,2026-02-27T10:00:18.505Z
sensor.stormbreaker_adaptivecharge_target_current_a,5.82,2026-02-27T10:00:28.505Z
sensor.stormbreaker_adaptivecharge_target_current_a,5.81,2026-02-27T10:00:38.507Z
sensor.stormbreaker_adaptivecharge_target_current_a,5.78,2026-02-27T10:01:28.509Z
sensor.stormbreaker_adaptivecharge_target_current_a,5.77,2026-02-27T10:01:38.508Z
sensor.stormbreaker_adaptivecharge_target_current_a,5.78,2026-02-27T10:01:58.509Z
sensor.stormbreaker_adaptivecharge_target_current_a,5.63,2026-02-27T10:02:28.509Z
sensor.stormbreaker_adaptivecharge_target_current_a,5.61,2026-02-27T10:02:48.515Z
sensor.stormbreaker_adaptivecharge_target_current_a,5.62,2026-02-27T10:02:58.516Z
sensor.stormbreaker_adaptivecharge_target_current_a,5.63,2026-02-27T10:03:18.518Z
sensor.stormbreaker_adaptivecharge_target_current_a,5.7,2026-02-27T10:03:28.517Z
sensor.stormbreaker_adaptivecharge_target_current_a,5.68,2026-02-27T10:03:38.521Z
sensor.stormbreaker_adaptivecharge_target_current_a,5.7,2026-02-27T10:03:48.522Z
sensor.stormbreaker_adaptivecharge_target_current_a,5.69,2026-02-27T10:03:58.533Z
sensor.stormbreaker_adaptivecharge_target_current_a,5.7,2026-02-27T10:04:08.537Z
sensor.stormbreaker_adaptivecharge_target_current_a,5.69,2026-02-27T10:04:18.538Z
sensor.stormbreaker_adaptivecharge_target_current_a,5.76,2026-02-27T10:04:28.539Z
sensor.stormbreaker_adaptivecharge_target_current_a,5.75,2026-02-27T10:04:48.541Z
sensor.stormbreaker_adaptivecharge_target_current_a,5.77,2026-02-27T10:04:58.539Z
sensor.stormbreaker_adaptivecharge_target_current_a,5.76,2026-02-27T10:05:08.540Z
sensor.stormbreaker_adaptivecharge_target_current_a,5.75,2026-02-27T10:05:18.543Z
sensor.stormbreaker_adaptivecharge_target_current_a,5.11,2026-02-27T10:05:28.544Z
sensor.stormbreaker_adaptivecharge_target_current_a,5.13,2026-02-27T10:05:38.545Z
sensor.stormbreaker_adaptivecharge_target_current_a,5.12,2026-02-27T10:06:08.553Z
sensor.stormbreaker_adaptivecharge_target_current_a,5.13,2026-02-27T10:06:18.557Z
sensor.stormbreaker_adaptivecharge_target_current_a,4.41,2026-02-27T10:06:38.702Z
sensor.stormbreaker_adaptivecharge_target_current_a,4.4,2026-02-27T10:06:54.833Z
sensor.stormbreaker_adaptivecharge_target_current_a,3.38,2026-02-27T10:06:58.705Z
sensor.stormbreaker_adaptivecharge_target_current_a,3.4,2026-02-27T10:07:18.711Z
sensor.stormbreaker_adaptivecharge_target_current_a,3.43,2026-02-27T10:07:28.563Z
sensor.stormbreaker_adaptivecharge_target_current_a,4.5,2026-02-27T10:07:38.565Z
sensor.stormbreaker_adaptivecharge_target_current_a,4.44,2026-02-27T10:07:48.566Z
sensor.stormbreaker_adaptivecharge_target_current_a,4.43,2026-02-27T10:07:58.568Z
sensor.stormbreaker_adaptivecharge_target_current_a,4.44,2026-02-27T10:08:08.568Z
sensor.stormbreaker_adaptivecharge_target_current_a,4.45,2026-02-27T10:08:18.568Z
sensor.stormbreaker_adaptivecharge_target_current_a,5.85,2026-02-27T10:08:38.571Z
sensor.stormbreaker_adaptivecharge_target_current_a,5.83,2026-02-27T10:08:48.572Z
sensor.stormbreaker_adaptivecharge_target_current_a,5.84,2026-02-27T10:09:28.575Z
sensor.stormbreaker_adaptivecharge_target_current_a,5.88,2026-02-27T10:09:38.576Z
sensor.stormbreaker_adaptivecharge_target_current_a,5.87,2026-02-27T10:09:48.578Z
sensor.stormbreaker_adaptivecharge_target_current_a,5.88,2026-02-27T10:10:18.581Z
sensor.stormbreaker_adaptivecharge_target_current_a,5.94,2026-02-27T10:10:28.582Z
sensor.stormbreaker_adaptivecharge_target_current_a,5.89,2026-02-27T10:10:38.581Z
sensor.stormbreaker_adaptivecharge_target_current_a,7.6,2026-02-27T10:10:48.583Z
sensor.stormbreaker_adaptivecharge_target_current_a,7.59,2026-02-27T10:10:58.726Z
sensor.stormbreaker_adaptivecharge_target_current_a,7.63,2026-02-27T10:11:08.584Z
sensor.stormbreaker_adaptivecharge_target_current_a,7.6,2026-02-27T10:11:18.584Z
sensor.stormbreaker_adaptivecharge_target_current_a,7.61,2026-02-27T10:11:38.587Z
sensor.stormbreaker_adaptivecharge_target_current_a,5.91,2026-02-27T10:11:48.587Z
sensor.stormbreaker_adaptivecharge_target_current_a,5.9,2026-02-27T10:12:08.591Z
sensor.stormbreaker_adaptivecharge_target_current_a,5.91,2026-02-27T10:12:18.592Z
sensor.stormbreaker_adaptivecharge_target_current_a,5.9,2026-02-27T10:12:28.592Z
sensor.stormbreaker_adaptivecharge_target_current_a,5.91,2026-02-27T10:12:38.593Z
sensor.stormbreaker_adaptivecharge_target_current_a,5.97,2026-02-27T10:12:48.594Z
sensor.stormbreaker_adaptivecharge_target_current_a,5.98,2026-02-27T10:12:58.592Z
sensor.stormbreaker_adaptivecharge_target_current_a,5.97,2026-02-27T10:13:08.596Z
sensor.stormbreaker_adaptivecharge_target_current_a,5.98,2026-02-27T10:13:18.596Z
sensor.stormbreaker_adaptivecharge_target_current_a,5.97,2026-02-27T10:13:28.605Z
sensor.stormbreaker_adaptivecharge_target_current_a,5.98,2026-02-27T10:13:38.610Z
sensor.stormbreaker_adaptivecharge_target_current_a,6.1,2026-02-27T10:13:48.611Z
sensor.stormbreaker_adaptivecharge_target_current_a,6.07,2026-02-27T10:13:58.611Z
sensor.stormbreaker_adaptivecharge_target_current_a,6.09,2026-02-27T10:14:08.612Z
sensor.stormbreaker_adaptivecharge_target_current_a,6.12,2026-02-27T10:14:18.613Z
sensor.stormbreaker_adaptivecharge_target_current_a,6.1,2026-02-27T10:14:28.614Z
sensor.stormbreaker_adaptivecharge_target_current_a,6.09,2026-02-27T10:14:38.615Z
sensor.stormbreaker_adaptivecharge_target_current_a,6.12,2026-02-27T10:14:48.617Z
sensor.stormbreaker_adaptivecharge_target_current_a,6.14,2026-02-27T10:14:58.618Z
sensor.stormbreaker_adaptivecharge_target_current_a,6.15,2026-02-27T10:15:08.619Z
sensor.stormbreaker_adaptivecharge_target_current_a,6.14,2026-02-27T10:15:18.620Z
sensor.stormbreaker_adaptivecharge_target_current_a,6.11,2026-02-27T10:15:28.621Z
sensor.stormbreaker_adaptivecharge_target_current_a,6.1,2026-02-27T10:15:38.623Z
sensor.stormbreaker_adaptivecharge_target_current_a,6.31,2026-02-27T10:15:48.624Z
sensor.stormbreaker_adaptivecharge_target_current_a,6.35,2026-02-27T10:15:58.626Z
sensor.stormbreaker_adaptivecharge_target_current_a,6.32,2026-02-27T10:16:08.625Z
sensor.stormbreaker_adaptivecharge_target_current_a,6.35,2026-02-27T10:16:28.630Z
sensor.stormbreaker_adaptivecharge_target_current_a,6.33,2026-02-27T10:16:38.631Z
sensor.stormbreaker_adaptivecharge_target_current_a,6.34,2026-02-27T10:16:48.632Z
sensor.stormbreaker_adaptivecharge_target_current_a,6.33,2026-02-27T10:16:58.634Z
sensor.stormbreaker_adaptivecharge_target_current_a,6.34,2026-02-27T10:17:08.635Z
sensor.stormbreaker_adaptivecharge_target_current_a,6.33,2026-02-27T10:17:18.635Z
sensor.stormbreaker_adaptivecharge_target_current_a,6.31,2026-02-27T10:17:28.637Z
sensor.stormbreaker_adaptivecharge_target_current_a,6.33,2026-02-27T10:17:38.637Z
sensor.stormbreaker_adaptivecharge_target_current_a,6.31,2026-02-27T10:17:48.639Z
sensor.stormbreaker_adaptivecharge_target_current_a,6.64,2026-02-27T10:17:58.638Z
sensor.stormbreaker_adaptivecharge_target_current_a,6.65,2026-02-27T10:18:08.641Z
sensor.stormbreaker_adaptivecharge_target_current_a,6.63,2026-02-27T10:18:18.643Z
sensor.stormbreaker_adaptivecharge_target_current_a,6.64,2026-02-27T10:18:28.662Z
sensor.stormbreaker_adaptivecharge_target_current_a,6.62,2026-02-27T10:18:48.667Z
sensor.stormbreaker_adaptivecharge_target_current_a,4.9,2026-02-27T10:18:58.821Z
sensor.stormbreaker_adaptivecharge_target_current_a,5.01,2026-02-27T10:19:08.671Z
sensor.stormbreaker_adaptivecharge_target_current_a,4.98,2026-02-27T10:19:28.674Z
sensor.stormbreaker_adaptivecharge_target_current_a,5.01,2026-02-27T10:19:38.682Z
sensor.stormbreaker_adaptivecharge_target_current_a,5.0,2026-02-27T10:19:48.673Z
sensor.stormbreaker_adaptivecharge_target_current_a,6.91,2026-02-27T10:20:00.683Z
sensor.stormbreaker_adaptivecharge_target_current_a,7.93,2026-02-27T10:20:08.679Z
sensor.stormbreaker_adaptivecharge_target_current_a,7.87,2026-02-27T10:20:18.679Z
sensor.stormbreaker_adaptivecharge_target_current_a,7.91,2026-02-27T10:20:28.677Z
sensor.stormbreaker_adaptivecharge_target_current_a,7.83,2026-02-27T10:20:38.677Z
sensor.stormbreaker_adaptivecharge_target_current_a,7.86,2026-02-27T10:20:48.830Z
sensor.stormbreaker_adaptivecharge_target_current_a,7.02,2026-02-27T10:20:58.682Z
sensor.stormbreaker_adaptivecharge_target_current_a,7.03,2026-02-27T10:21:08.684Z
sensor.stormbreaker_adaptivecharge_target_current_a,7.02,2026-02-27T10:21:18.683Z
sensor.stormbreaker_adaptivecharge_target_current_a,7.0,2026-02-27T10:21:28.686Z
sensor.stormbreaker_adaptivecharge_target_current_a,7.04,2026-02-27T10:21:38.690Z
sensor.stormbreaker_adaptivecharge_target_current_a,7.1,2026-02-27T10:21:58.693Z
sensor.stormbreaker_adaptivecharge_target_current_a,7.01,2026-02-27T10:22:08.692Z
sensor.stormbreaker_adaptivecharge_target_current_a,7.08,2026-02-27T10:22:18.693Z
sensor.stormbreaker_adaptivecharge_target_current_a,7.02,2026-02-27T10:22:28.693Z
sensor.stormbreaker_adaptivecharge_target_current_a,7.03,2026-02-27T10:22:38.695Z
sensor.stormbreaker_adaptivecharge_target_current_a,7.01,2026-02-27T10:22:48.695Z
sensor.stormbreaker_adaptivecharge_target_current_a,7.03,2026-02-27T10:22:58.698Z
sensor.stormbreaker_adaptivecharge_target_current_a,6.25,2026-02-27T10:23:08.696Z
sensor.stormbreaker_adaptivecharge_target_current_a,6.29,2026-02-27T10:23:18.697Z
sensor.stormbreaker_adaptivecharge_target_current_a,6.22,2026-02-27T10:23:28.697Z
sensor.stormbreaker_adaptivecharge_target_current_a,6.24,2026-02-27T10:23:38.699Z
sensor.stormbreaker_adaptivecharge_target_current_a,6.16,2026-02-27T10:23:48.701Z
sensor.stormbreaker_adaptivecharge_target_current_a,6.19,2026-02-27T10:23:58.703Z
sensor.stormbreaker_adaptivecharge_target_current_a,6.12,2026-02-27T10:24:08.703Z
sensor.stormbreaker_adaptivecharge_target_current_a,6.08,2026-02-27T10:24:18.704Z
sensor.stormbreaker_adaptivecharge_target_current_a,6.18,2026-02-27T10:24:28.708Z
sensor.stormbreaker_adaptivecharge_target_current_a,6.16,2026-02-27T10:24:38.708Z
sensor.stormbreaker_adaptivecharge_target_current_a,6.08,2026-02-27T10:24:48.708Z
sensor.stormbreaker_adaptivecharge_target_current_a,6.15,2026-02-27T10:24:58.712Z
sensor.stormbreaker_adaptivecharge_target_current_a,7.16,2026-02-27T10:25:08.713Z
sensor.stormbreaker_adaptivecharge_target_current_a,7.09,2026-02-27T10:25:18.713Z
sensor.stormbreaker_adaptivecharge_target_current_a,7.18,2026-02-27T10:25:28.714Z
sensor.stormbreaker_adaptivecharge_target_current_a,7.14,2026-02-27T10:25:38.715Z
sensor.stormbreaker_adaptivecharge_target_current_a,7.15,2026-02-27T10:25:48.716Z
sensor.stormbreaker_adaptivecharge_target_current_a,7.09,2026-02-27T10:25:58.716Z
sensor.stormbreaker_adaptivecharge_target_current_a,4.67,2026-02-27T10:26:08.861Z
sensor.stormbreaker_adaptivecharge_target_current_a,3.68,2026-02-27T10:26:28.868Z
sensor.stormbreaker_adaptivecharge_target_current_a,3.67,2026-02-27T10:26:38.864Z
sensor.stormbreaker_adaptivecharge_target_current_a,3.68,2026-02-27T10:26:58.866Z
sensor.stormbreaker_adaptivecharge_target_current_a,unavailable,2026-02-27T10:27:00.873Z
sensor.stormbreaker_adaptivecharge_target_current_a,3.68,2026-02-27T10:27:00.889Z
sensor.stormbreaker_adaptivecharge_target_current_a,5.36,2026-02-27T10:27:10.883Z
sensor.stormbreaker_adaptivecharge_target_current_a,5.35,2026-02-27T10:27:20.885Z
sensor.stormbreaker_adaptivecharge_target_current_a,5.34,2026-02-27T10:27:30.885Z
sensor.stormbreaker_adaptivecharge_target_current_a,5.36,2026-02-27T10:27:40.885Z
sensor.stormbreaker_adaptivecharge_target_current_a,5.37,2026-02-27T10:27:50.886Z
sensor.stormbreaker_adaptivecharge_target_current_a,0.29,2026-02-27T10:28:00.888Z
sensor.stormbreaker_adaptivecharge_target_current_a,5.31,2026-02-27T10:28:10.889Z
sensor.stormbreaker_adaptivecharge_target_current_a,5.55,2026-02-27T10:28:20.891Z
sensor.stormbreaker_adaptivecharge_target_current_a,8.59,2026-02-27T10:28:30.902Z
sensor.stormbreaker_adaptivecharge_target_current_a,10.36,2026-02-27T10:28:40.894Z
sensor.stormbreaker_adaptivecharge_target_current_a,10.35,2026-02-27T10:29:00.895Z
sensor.stormbreaker_adaptivecharge_target_current_a,3.0,2026-02-27T10:29:16.199Z
sensor.stormbreaker_adaptivecharge_target_current_a,2.0,2026-02-27T10:29:21.049Z
sensor.stormbreaker_adaptivecharge_target_current_a,2.01,2026-02-27T10:29:31.042Z
sensor.stormbreaker_adaptivecharge_target_current_a,1.99,2026-02-27T10:29:41.054Z
sensor.stormbreaker_adaptivecharge_target_current_a,1.96,2026-02-27T10:29:50.901Z
sensor.stormbreaker_adaptivecharge_target_current_a,0.0,2026-02-27T10:30:00.900Z
sensor.stormbreaker_adaptivecharge_target_current_a,2.67,2026-02-27T10:30:20.904Z
sensor.stormbreaker_adaptivecharge_target_current_a,2.66,2026-02-27T10:30:40.904Z
sensor.stormbreaker_adaptivecharge_target_current_a,2.67,2026-02-27T10:31:10.909Z
sensor.stormbreaker_adaptivecharge_target_current_a,2.52,2026-02-27T10:31:20.909Z
sensor.stormbreaker_adaptivecharge_target_current_a,2.49,2026-02-27T10:32:20.916Z
sensor.stormbreaker_adaptivecharge_target_current_a,2.5,2026-02-27T10:32:50.918Z
sensor.stormbreaker_adaptivecharge_target_current_a,3.03,2026-02-27T10:33:01.074Z
sensor.stormbreaker_adaptivecharge_target_current_a,3.84,2026-02-27T10:33:10.921Z
sensor.stormbreaker_adaptivecharge_target_current_a,2.54,2026-02-27T10:33:20.919Z
sensor.stormbreaker_adaptivecharge_target_current_a,2.55,2026-02-27T10:33:30.923Z
sensor.stormbreaker_adaptivecharge_target_current_a,2.57,2026-02-27T10:34:20.929Z
sensor.stormbreaker_adaptivecharge_target_current_a,2.56,2026-02-27T10:34:30.927Z
sensor.stormbreaker_adaptivecharge_target_current_a,2.57,2026-02-27T10:34:40.932Z
sensor.stormbreaker_adaptivecharge_target_current_a,2.55,2026-02-27T10:34:50.934Z
sensor.stormbreaker_adaptivecharge_target_current_a,2.56,2026-02-27T10:35:00.929Z
sensor.stormbreaker_adaptivecharge_target_current_a,2.14,2026-02-27T10:35:20.931Z
sensor.stormbreaker_adaptivecharge_target_current_a,2.15,2026-02-27T10:35:30.931Z
sensor.stormbreaker_adaptivecharge_target_current_a,2.14,2026-02-27T10:35:50.932Z
sensor.stormbreaker_adaptivecharge_target_current_a,2.15,2026-02-27T10:36:00.940Z
sensor.stormbreaker_adaptivecharge_target_current_a,2.14,2026-02-27T10:36:20.943Z
sensor.stormbreaker_adaptivecharge_target_current_a,2.51,2026-02-27T10:36:30.938Z
sensor.stormbreaker_adaptivecharge_target_current_a,2.5,2026-02-27T10:36:40.941Z
sensor.stormbreaker_adaptivecharge_target_current_a,2.49,2026-02-27T10:37:10.943Z
sensor.stormbreaker_adaptivecharge_target_current_a,2.5,2026-02-27T10:37:20.945Z
sensor.stormbreaker_adaptivecharge_target_current_a,2.48,2026-02-27T10:37:40.942Z
sensor.stormbreaker_adaptivecharge_target_current_a,2.5,2026-02-27T10:37:50.943Z
sensor.stormbreaker_adaptivecharge_target_current_a,2.49,2026-02-27T10:38:00.945Z
sensor.stormbreaker_adaptivecharge_target_current_a,2.5,2026-02-27T10:38:20.947Z
sensor.stormbreaker_adaptivecharge_target_current_a,2.23,2026-02-27T10:38:30.948Z
sensor.stormbreaker_adaptivecharge_target_current_a,2.22,2026-02-27T10:38:40.950Z
sensor.stormbreaker_adaptivecharge_target_current_a,2.23,2026-02-27T10:39:00.952Z
sensor.stormbreaker_adaptivecharge_target_current_a,2.24,2026-02-27T10:39:10.956Z
sensor.stormbreaker_adaptivecharge_target_current_a,2.23,2026-02-27T10:39:20.953Z
sensor.stormbreaker_adaptivecharge_target_current_a,2.27,2026-02-27T10:39:30.957Z
sensor.stormbreaker_adaptivecharge_target_current_a,2.26,2026-02-27T10:39:50.958Z
sensor.stormbreaker_adaptivecharge_target_current_a,2.27,2026-02-27T10:40:00.957Z
sensor.stormbreaker_adaptivecharge_target_current_a,2.26,2026-02-27T10:40:20.964Z
sensor.stormbreaker_adaptivecharge_target_current_a,2.24,2026-02-27T10:40:30.965Z
sensor.stormbreaker_adaptivecharge_target_current_a,2.23,2026-02-27T10:41:00.964Z
sensor.stormbreaker_adaptivecharge_target_current_a,2.24,2026-02-27T10:41:10.969Z
sensor.stormbreaker_adaptivecharge_target_current_a,2.3,2026-02-27T10:41:30.967Z
sensor.stormbreaker_adaptivecharge_target_current_a,2.31,2026-02-27T10:41:40.968Z
sensor.stormbreaker_adaptivecharge_target_current_a,2.3,2026-02-27T10:41:50.968Z
sensor.stormbreaker_adaptivecharge_target_current_a,2.31,2026-02-27T10:42:00.973Z
sensor.stormbreaker_adaptivecharge_target_current_a,2.3,2026-02-27T10:42:10.975Z
sensor.stormbreaker_adaptivecharge_target_current_a,2.37,2026-02-27T10:42:40.977Z
sensor.stormbreaker_adaptivecharge_target_current_a,2.36,2026-02-27T10:42:50.972Z
sensor.stormbreaker_adaptivecharge_target_current_a,2.37,2026-02-27T10:43:00.974Z
sensor.stormbreaker_adaptivecharge_target_current_a,2.36,2026-02-27T10:43:20.977Z
sensor.stormbreaker_adaptivecharge_target_current_a,2.78,2026-02-27T10:43:40.979Z
sensor.stormbreaker_adaptivecharge_target_current_a,2.79,2026-02-27T10:43:50.982Z
sensor.stormbreaker_adaptivecharge_target_current_a,2.78,2026-02-27T10:44:00.980Z
sensor.stormbreaker_adaptivecharge_target_current_a,3.29,2026-02-27T10:44:40.984Z
sensor.stormbreaker_adaptivecharge_target_current_a,3.3,2026-02-27T10:44:50.988Z
sensor.stormbreaker_adaptivecharge_target_current_a,3.29,2026-02-27T10:45:00.994Z
sensor.stormbreaker_adaptivecharge_target_current_a,3.15,2026-02-27T10:45:40.992Z
sensor.stormbreaker_adaptivecharge_target_current_a,3.08,2026-02-27T10:46:51.000Z
sensor.stormbreaker_adaptivecharge_target_current_a,3.09,2026-02-27T10:47:31.002Z
sensor.stormbreaker_adaptivecharge_target_current_a,3.08,2026-02-27T10:47:41.004Z
sensor.stormbreaker_adaptivecharge_target_current_a,3.63,2026-02-27T10:47:51.004Z
sensor.stormbreaker_adaptivecharge_target_current_a,3.64,2026-02-27T10:48:01.005Z
sensor.stormbreaker_adaptivecharge_target_current_a,3.63,2026-02-27T10:48:11.004Z
sensor.stormbreaker_adaptivecharge_target_current_a,3.64,2026-02-27T10:48:21.007Z
sensor.stormbreaker_adaptivecharge_target_current_a,3.63,2026-02-27T10:48:41.005Z
sensor.stormbreaker_adaptivecharge_target_current_a,3.78,2026-02-27T10:48:51.009Z
sensor.stormbreaker_adaptivecharge_target_current_a,3.79,2026-02-27T10:49:21.105Z
sensor.stormbreaker_adaptivecharge_target_current_a,3.77,2026-02-27T10:49:41.111Z
sensor.stormbreaker_adaptivecharge_target_current_a,3.6,2026-02-27T10:49:51.115Z
sensor.stormbreaker_adaptivecharge_target_current_a,3.61,2026-02-27T10:50:11.112Z
sensor.stormbreaker_adaptivecharge_target_current_a,3.33,2026-02-27T10:50:51.368Z
sensor.stormbreaker_adaptivecharge_target_current_a,3.34,2026-02-27T10:51:11.376Z
sensor.stormbreaker_adaptivecharge_target_current_a,3.35,2026-02-27T10:51:51.437Z
sensor.stormbreaker_adaptivecharge_target_current_a,3.02,2026-02-27T10:52:01.439Z
sensor.stormbreaker_adaptivecharge_target_current_a,3.03,2026-02-27T10:52:21.441Z
sensor.stormbreaker_adaptivecharge_target_current_a,2.93,2026-02-27T10:53:01.442Z
sensor.stormbreaker_adaptivecharge_target_current_a,2.9,2026-02-27T10:53:41.448Z
sensor.stormbreaker_adaptivecharge_target_current_a,2.91,2026-02-27T10:53:51.448Z
sensor.stormbreaker_adaptivecharge_target_current_a,3.56,2026-02-27T10:54:01.446Z
sensor.stormbreaker_adaptivecharge_target_current_a,3.54,2026-02-27T10:54:11.448Z
sensor.stormbreaker_adaptivecharge_target_current_a,3.53,2026-02-27T10:54:21.451Z
sensor.stormbreaker_adaptivecharge_target_current_a,3.61,2026-02-27T10:54:31.451Z
sensor.stormbreaker_adaptivecharge_target_current_a,3.51,2026-02-27T10:54:41.449Z
sensor.stormbreaker_adaptivecharge_target_current_a,6.19,2026-02-27T10:55:07.889Z
sensor.stormbreaker_adaptivecharge_target_current_a,8.27,2026-02-27T10:55:11.454Z
sensor.stormbreaker_adaptivecharge_target_current_a,8.28,2026-02-27T10:55:21.454Z
sensor.stormbreaker_adaptivecharge_target_current_a,8.35,2026-02-27T10:55:31.455Z
sensor.stormbreaker_adaptivecharge_target_current_a,8.36,2026-02-27T10:55:41.455Z
sensor.stormbreaker_adaptivecharge_target_current_a,8.37,2026-02-27T10:55:51.458Z
sensor.stormbreaker_adaptivecharge_target_current_a,5.56,2026-02-27T10:56:03.897Z
sensor.stormbreaker_adaptivecharge_target_current_a,6.56,2026-02-27T10:56:11.459Z
sensor.stormbreaker_adaptivecharge_target_current_a,6.46,2026-02-27T10:56:21.459Z
sensor.stormbreaker_adaptivecharge_target_current_a,6.45,2026-02-27T10:56:31.469Z
sensor.stormbreaker_adaptivecharge_target_current_a,6.46,2026-02-27T10:56:41.462Z
sensor.stormbreaker_adaptivecharge_target_current_a,6.56,2026-02-27T10:56:51.465Z
sensor.stormbreaker_adaptivecharge_target_current_a,4.15,2026-02-27T10:57:01.463Z
sensor.stormbreaker_adaptivecharge_target_current_a,4.13,2026-02-27T10:57:19.405Z
sensor.stormbreaker_adaptivecharge_target_current_a,3.05,2026-02-27T10:57:21.614Z
sensor.stormbreaker_adaptivecharge_target_current_a,3.06,2026-02-27T10:57:41.608Z
sensor.stormbreaker_adaptivecharge_target_current_a,0.0,2026-02-27T10:58:01.473Z
sensor.stormbreaker_adaptivecharge_target_current_a,3.29,2026-02-27T10:58:11.470Z
sensor.stormbreaker_adaptivecharge_target_current_a,2.68,2026-02-27T10:59:11.481Z
sensor.stormbreaker_adaptivecharge_target_current_a,2.66,2026-02-27T10:59:51.487Z
sensor.stormbreaker_adaptivecharge_target_current_a,4.56,2026-02-27T11:00:11.492Z
sensor.stormbreaker_adaptivecharge_target_current_a,4.52,2026-02-27T11:00:21.490Z
sensor.stormbreaker_adaptivecharge_target_current_a,4.53,2026-02-27T11:00:51.642Z
sensor.stormbreaker_adaptivecharge_target_current_a,5.26,2026-02-27T11:01:01.500Z
sensor.stormbreaker_adaptivecharge_target_current_a,7.19,2026-02-27T11:01:11.499Z
sensor.stormbreaker_adaptivecharge_target_current_a,7.12,2026-02-27T11:01:21.497Z
sensor.stormbreaker_adaptivecharge_target_current_a,7.13,2026-02-27T11:01:51.506Z
sensor.stormbreaker_adaptivecharge_target_current_a,7.05,2026-02-27T11:02:07.953Z
sensor.stormbreaker_adaptivecharge_target_current_a,6.45,2026-02-27T11:02:11.502Z
sensor.stormbreaker_adaptivecharge_target_current_a,6.5,2026-02-27T11:02:21.502Z
sensor.stormbreaker_adaptivecharge_target_current_a,6.51,2026-02-27T11:02:41.504Z
sensor.stormbreaker_adaptivecharge_target_current_a,6.5,2026-02-27T11:02:51.506Z
sensor.stormbreaker_adaptivecharge_target_current_a,6.47,2026-02-27T11:03:01.506Z
sensor.stormbreaker_adaptivecharge_target_current_a,3.95,2026-02-27T11:03:11.510Z
sensor.stormbreaker_adaptivecharge_target_current_a,3.99,2026-02-27T11:03:21.511Z
sensor.stormbreaker_adaptivecharge_target_current_a,4.0,2026-02-27T11:03:31.508Z
sensor.stormbreaker_adaptivecharge_target_current_a,3.99,2026-02-27T11:03:51.511Z
sensor.stormbreaker_adaptivecharge_target_current_a,4.0,2026-02-27T11:04:11.514Z
sensor.stormbreaker_adaptivecharge_target_current_a,6.28,2026-02-27T11:04:24.028Z
sensor.stormbreaker_adaptivecharge_target_current_a,7.25,2026-02-27T11:04:31.514Z
sensor.stormbreaker_adaptivecharge_target_current_a,7.24,2026-02-27T11:05:01.518Z
sensor.stormbreaker_adaptivecharge_target_current_a,7.25,2026-02-27T11:05:11.519Z
sensor.stormbreaker_adaptivecharge_target_current_a,6.55,2026-02-27T11:05:23.787Z
sensor.stormbreaker_adaptivecharge_target_current_a,7.54,2026-02-27T11:05:31.519Z
sensor.stormbreaker_adaptivecharge_target_current_a,7.51,2026-02-27T11:05:41.521Z
sensor.stormbreaker_adaptivecharge_target_current_a,7.52,2026-02-27T11:05:51.521Z
sensor.stormbreaker_adaptivecharge_target_current_a,7.58,2026-02-27T11:06:01.522Z
sensor.stormbreaker_adaptivecharge_target_current_a,7.59,2026-02-27T11:06:11.523Z
sensor.stormbreaker_adaptivecharge_target_current_a,6.57,2026-02-27T11:06:21.527Z
sensor.stormbreaker_adaptivecharge_target_current_a,6.56,2026-02-27T11:06:31.529Z
sensor.stormbreaker_adaptivecharge_target_current_a,6.55,2026-02-27T11:06:41.529Z
sensor.stormbreaker_adaptivecharge_target_current_a,6.56,2026-02-27T11:06:51.527Z
sensor.stormbreaker_adaptivecharge_target_current_a,6.57,2026-02-27T11:07:01.529Z
sensor.stormbreaker_adaptivecharge_target_current_a,6.56,2026-02-27T11:07:11.529Z
sensor.stormbreaker_adaptivecharge_target_current_a,6.59,2026-02-27T11:07:21.530Z
sensor.stormbreaker_adaptivecharge_target_current_a,6.56,2026-02-27T11:07:31.531Z
sensor.stormbreaker_adaptivecharge_target_current_a,6.6,2026-02-27T11:07:41.532Z
sensor.stormbreaker_adaptivecharge_target_current_a,6.52,2026-02-27T11:07:51.534Z
sensor.stormbreaker_adaptivecharge_target_current_a,6.54,2026-02-27T11:08:01.534Z
sensor.stormbreaker_adaptivecharge_target_current_a,6.55,2026-02-27T11:08:11.537Z
sensor.stormbreaker_adaptivecharge_target_current_a,6.57,2026-02-27T11:08:21.536Z
sensor.stormbreaker_adaptivecharge_target_current_a,6.54,2026-02-27T11:08:31.536Z
sensor.stormbreaker_adaptivecharge_target_current_a,6.53,2026-02-27T11:08:41.537Z
sensor.stormbreaker_adaptivecharge_target_current_a,6.49,2026-02-27T11:08:51.539Z
sensor.stormbreaker_adaptivecharge_target_current_a,6.53,2026-02-27T11:09:01.542Z
sensor.stormbreaker_adaptivecharge_target_current_a,2.67,2026-02-27T11:09:33.594Z
sensor.stormbreaker_adaptivecharge_target_current_a,1.66,2026-02-27T11:09:41.689Z
sensor.stormbreaker_adaptivecharge_target_current_a,1.65,2026-02-27T11:09:51.703Z
sensor.stormbreaker_adaptivecharge_target_current_a,1.67,2026-02-27T11:10:01.691Z
sensor.stormbreaker_adaptivecharge_target_current_a,1.66,2026-02-27T11:10:11.690Z
sensor.stormbreaker_adaptivecharge_target_current_a,1.67,2026-02-27T11:10:21.547Z
sensor.stormbreaker_adaptivecharge_target_current_a,0.0,2026-02-27T11:10:31.549Z
sensor.stormbreaker_adaptivecharge_target_current_a,2.34,2026-02-27T11:11:31.556Z
sensor.stormbreaker_adaptivecharge_target_current_a,2.35,2026-02-27T11:12:11.561Z
sensor.stormbreaker_adaptivecharge_target_current_a,2.38,2026-02-27T11:12:31.563Z
sensor.stormbreaker_adaptivecharge_target_current_a,2.39,2026-02-27T11:12:51.565Z
sensor.stormbreaker_adaptivecharge_target_current_a,2.4,2026-02-27T11:13:21.571Z
sensor.stormbreaker_adaptivecharge_target_current_a,2.61,2026-02-27T11:13:31.568Z
sensor.stormbreaker_adaptivecharge_target_current_a,3.89,2026-02-27T11:13:41.569Z
sensor.stormbreaker_adaptivecharge_target_current_a,3.88,2026-02-27T11:14:01.571Z
sensor.stormbreaker_adaptivecharge_target_current_a,3.86,2026-02-27T11:14:11.573Z
sensor.stormbreaker_adaptivecharge_target_current_a,3.87,2026-02-27T11:14:31.574Z
sensor.stormbreaker_adaptivecharge_target_current_a,3.02,2026-02-27T11:14:48.268Z
sensor.stormbreaker_adaptivecharge_target_current_a,4.01,2026-02-27T11:14:51.576Z
sensor.stormbreaker_adaptivecharge_target_current_a,4.02,2026-02-27T11:15:01.574Z
sensor.stormbreaker_adaptivecharge_target_current_a,4.03,2026-02-27T11:15:11.576Z
sensor.stormbreaker_adaptivecharge_target_current_a,4.0,2026-02-27T11:15:21.576Z
sensor.stormbreaker_adaptivecharge_target_current_a,3.83,2026-02-27T11:15:41.577Z
sensor.stormbreaker_adaptivecharge_target_current_a,3.84,2026-02-27T11:16:01.581Z
sensor.stormbreaker_adaptivecharge_target_current_a,3.88,2026-02-27T11:16:11.580Z
sensor.stormbreaker_adaptivecharge_target_current_a,3.89,2026-02-27T11:16:21.581Z
sensor.stormbreaker_adaptivecharge_target_current_a,3.92,2026-02-27T11:16:31.580Z
sensor.stormbreaker_adaptivecharge_target_current_a,7.16,2026-02-27T11:16:48.190Z
sensor.stormbreaker_adaptivecharge_target_current_a,8.16,2026-02-27T11:16:51.586Z
sensor.stormbreaker_adaptivecharge_target_current_a,8.14,2026-02-27T11:17:01.587Z
sensor.stormbreaker_adaptivecharge_target_current_a,8.2,2026-02-27T11:17:11.589Z
sensor.stormbreaker_adaptivecharge_target_current_a,8.17,2026-02-27T11:17:31.589Z
sensor.stormbreaker_adaptivecharge_target_current_a,4.59,2026-02-27T11:17:41.590Z
sensor.stormbreaker_adaptivecharge_target_current_a,4.54,2026-02-27T11:17:51.591Z
sensor.stormbreaker_adaptivecharge_target_current_a,4.56,2026-02-27T11:18:01.593Z
sensor.stormbreaker_adaptivecharge_target_current_a,4.58,2026-02-27T11:18:11.592Z
sensor.stormbreaker_adaptivecharge_target_current_a,4.6,2026-02-27T11:18:21.595Z
sensor.stormbreaker_adaptivecharge_target_current_a,4.57,2026-02-27T11:18:31.590Z
sensor.stormbreaker_adaptivecharge_target_current_a,3.3,2026-02-27T11:18:41.592Z
sensor.stormbreaker_adaptivecharge_target_current_a,3.33,2026-02-27T11:18:58.345Z
sensor.stormbreaker_adaptivecharge_target_current_a,2.32,2026-02-27T11:19:01.751Z
sensor.stormbreaker_adaptivecharge_target_current_a,2.3,2026-02-27T11:19:11.743Z
sensor.stormbreaker_adaptivecharge_target_current_a,2.32,2026-02-27T11:19:21.599Z
sensor.stormbreaker_adaptivecharge_target_current_a,0.0,2026-02-27T11:19:31.600Z
sensor.stormbreaker_adaptivecharge_target_current_a,2.61,2026-02-27T11:19:41.604Z
sensor.stormbreaker_adaptivecharge_target_current_a,2.6,2026-02-27T11:20:01.603Z
sensor.stormbreaker_adaptivecharge_target_current_a,2.61,2026-02-27T11:20:11.605Z
sensor.stormbreaker_adaptivecharge_target_current_a,2.6,2026-02-27T11:20:31.609Z
sensor.stormbreaker_adaptivecharge_target_current_a,2.61,2026-02-27T11:20:41.610Z
sensor.stormbreaker_adaptivecharge_target_current_a,2.34,2026-02-27T11:20:51.611Z
sensor.stormbreaker_adaptivecharge_target_current_a,2.35,2026-02-27T11:21:41.618Z
sensor.stormbreaker_adaptivecharge_target_current_a,1.92,2026-02-27T11:21:51.617Z
sensor.stormbreaker_adaptivecharge_target_current_a,1.98,2026-02-27T11:22:21.622Z
sensor.stormbreaker_adaptivecharge_target_current_a,3.26,2026-02-27T11:22:31.621Z
sensor.stormbreaker_adaptivecharge_target_current_a,3.94,2026-02-27T11:22:41.622Z
sensor.stormbreaker_adaptivecharge_target_current_a,2.0,2026-02-27T11:22:51.621Z
sensor.stormbreaker_adaptivecharge_target_current_a,2.01,2026-02-27T11:23:01.623Z
sensor.stormbreaker_adaptivecharge_target_current_a,1.95,2026-02-27T11:23:51.627Z
sensor.stormbreaker_adaptivecharge_target_current_a,1.94,2026-02-27T11:24:11.629Z
sensor.stormbreaker_adaptivecharge_target_current_a,1.93,2026-02-27T11:24:21.631Z
sensor.stormbreaker_adaptivecharge_target_current_a,1.94,2026-02-27T11:24:41.632Z
sensor.stormbreaker_adaptivecharge_target_current_a,1.86,2026-02-27T11:24:51.810Z
sensor.stormbreaker_adaptivecharge_target_current_a,1.85,2026-02-27T11:25:11.815Z
sensor.stormbreaker_adaptivecharge_target_current_a,1.86,2026-02-27T11:25:41.820Z
sensor.stormbreaker_adaptivecharge_target_current_a,1.64,2026-02-27T11:25:51.821Z
sensor.stormbreaker_adaptivecharge_target_current_a,0.66,2026-02-27T11:26:11.819Z
sensor.stormbreaker_adaptivecharge_target_current_a,0.0,2026-02-27T11:26:21.825Z
sensor.stormbreaker_adaptivecharge_target_current_a,1.83,2026-02-27T11:27:01.829Z
sensor.stormbreaker_adaptivecharge_target_current_a,1.84,2026-02-27T11:27:11.828Z
sensor.stormbreaker_adaptivecharge_target_current_a,1.83,2026-02-27T11:27:21.832Z
sensor.stormbreaker_adaptivecharge_target_current_a,1.84,2026-02-27T11:27:41.830Z
sensor.stormbreaker_adaptivecharge_target_current_a,1.88,2026-02-27T11:28:01.834Z
sensor.stormbreaker_adaptivecharge_target_current_a,1.89,2026-02-27T11:28:11.836Z
sensor.stormbreaker_adaptivecharge_target_current_a,1.87,2026-02-27T11:28:21.835Z
sensor.stormbreaker_adaptivecharge_target_current_a,1.91,2026-02-27T11:29:01.839Z
sensor.stormbreaker_adaptivecharge_target_current_a,1.95,2026-02-27T11:29:11.840Z
sensor.stormbreaker_adaptivecharge_target_current_a,2.6,2026-02-27T11:29:21.838Z
sensor.stormbreaker_adaptivecharge_target_current_a,2.94,2026-02-27T11:29:31.841Z
sensor.stormbreaker_adaptivecharge_target_current_a,2.27,2026-02-27T11:30:08.276Z
sensor.stormbreaker_adaptivecharge_target_current_a,3.26,2026-02-27T11:30:11.844Z
sensor.stormbreaker_adaptivecharge_target_current_a,3.24,2026-02-27T11:30:31.841Z
sensor.stormbreaker_adaptivecharge_target_current_a,3.25,2026-02-27T11:30:41.847Z
sensor.stormbreaker_adaptivecharge_target_current_a,3.24,2026-02-27T11:30:51.847Z
sensor.stormbreaker_adaptivecharge_target_current_a,2.56,2026-02-27T11:31:01.846Z
sensor.stormbreaker_adaptivecharge_target_current_a,2.58,2026-02-27T11:31:11.849Z
sensor.stormbreaker_adaptivecharge_target_current_a,2.56,2026-02-27T11:31:21.852Z
sensor.stormbreaker_adaptivecharge_target_current_a,2.58,2026-02-27T11:31:31.849Z
sensor.stormbreaker_adaptivecharge_target_current_a,2.57,2026-02-27T11:31:41.852Z
sensor.stormbreaker_adaptivecharge_target_current_a,2.41,2026-02-27T11:32:01.854Z
sensor.stormbreaker_adaptivecharge_target_current_a,2.39,2026-02-27T11:32:31.858Z
sensor.stormbreaker_adaptivecharge_target_current_a,2.29,2026-02-27T11:33:01.860Z
sensor.stormbreaker_adaptivecharge_target_current_a,2.3,2026-02-27T11:33:11.861Z
sensor.stormbreaker_adaptivecharge_target_current_a,2.29,2026-02-27T11:33:41.866Z
sensor.stormbreaker_adaptivecharge_target_current_a,2.3,2026-02-27T11:33:51.862Z
sensor.stormbreaker_adaptivecharge_target_current_a,1.96,2026-02-27T11:34:11.868Z
sensor.stormbreaker_adaptivecharge_target_current_a,1.95,2026-02-27T11:34:31.868Z
sensor.stormbreaker_adaptivecharge_target_current_a,1.97,2026-02-27T11:35:11.876Z
sensor.stormbreaker_adaptivecharge_target_current_a,1.96,2026-02-27T11:35:31.878Z
sensor.stormbreaker_adaptivecharge_target_current_a,1.97,2026-02-27T11:35:41.879Z
sensor.stormbreaker_adaptivecharge_target_current_a,1.96,2026-02-27T11:36:02.022Z
sensor.stormbreaker_adaptivecharge_target_current_a,1.9,2026-02-27T11:36:12.027Z
sensor.stormbreaker_adaptivecharge_target_current_a,1.91,2026-02-27T11:36:32.028Z
sensor.stormbreaker_adaptivecharge_target_current_a,1.9,2026-02-27T11:36:42.029Z
sensor.stormbreaker_adaptivecharge_target_current_a,1.91,2026-02-27T11:37:02.032Z
sensor.stormbreaker_adaptivecharge_target_current_a,2.09,2026-02-27T11:37:12.031Z
sensor.stormbreaker_adaptivecharge_target_current_a,2.07,2026-02-27T11:37:22.172Z
sensor.stormbreaker_adaptivecharge_target_current_a,2.08,2026-02-27T11:37:42.183Z
sensor.stormbreaker_adaptivecharge_target_current_a,2.38,2026-02-27T11:38:12.188Z
sensor.stormbreaker_adaptivecharge_target_current_a,2.39,2026-02-27T11:38:22.185Z
sensor.stormbreaker_adaptivecharge_target_current_a,2.38,2026-02-27T11:38:42.189Z
sensor.stormbreaker_adaptivecharge_target_current_a,2.39,2026-02-27T11:38:52.190Z
sensor.stormbreaker_adaptivecharge_target_current_a,2.38,2026-02-27T11:39:02.187Z
sensor.stormbreaker_adaptivecharge_target_current_a,2.11,2026-02-27T11:39:12.190Z
sensor.stormbreaker_adaptivecharge_target_current_a,2.1,2026-02-27T11:39:32.191Z
sensor.stormbreaker_adaptivecharge_target_current_a,2.11,2026-02-27T11:39:42.194Z
sensor.stormbreaker_adaptivecharge_target_current_a,2.1,2026-02-27T11:40:02.194Z
sensor.stormbreaker_adaptivecharge_target_current_a,2.05,2026-02-27T11:40:12.197Z
sensor.stormbreaker_adaptivecharge_target_current_a,2.04,2026-02-27T11:40:32.196Z
sensor.stormbreaker_adaptivecharge_target_current_a,2.05,2026-02-27T11:40:52.198Z
sensor.stormbreaker_adaptivecharge_target_current_a,2.06,2026-02-27T11:41:02.199Z
sensor.stormbreaker_adaptivecharge_target_current_a,2.07,2026-02-27T11:41:12.201Z
sensor.stormbreaker_adaptivecharge_target_current_a,1.82,2026-02-27T11:41:22.199Z
sensor.stormbreaker_adaptivecharge_target_current_a,1.83,2026-02-27T11:41:32.209Z
sensor.stormbreaker_adaptivecharge_target_current_a,1.82,2026-02-27T11:41:42.203Z
sensor.stormbreaker_adaptivecharge_target_current_a,1.81,2026-02-27T11:41:52.204Z
sensor.stormbreaker_adaptivecharge_target_current_a,1.83,2026-02-27T11:42:12.203Z
sensor.stormbreaker_adaptivecharge_target_current_a,1.69,2026-02-27T11:42:22.207Z
sensor.stormbreaker_adaptivecharge_target_current_a,1.7,2026-02-27T11:42:38.854Z
sensor.stormbreaker_adaptivecharge_target_current_a,0.71,2026-02-27T11:42:42.214Z
sensor.stormbreaker_adaptivecharge_target_current_a,0.0,2026-02-27T11:42:52.213Z
sensor.stormbreaker_adaptivecharge_target_current_a,1.83,2026-02-27T11:43:22.220Z
sensor.stormbreaker_adaptivecharge_target_current_a,1.84,2026-02-27T11:43:32.214Z
sensor.stormbreaker_adaptivecharge_target_current_a,1.83,2026-02-27T11:43:42.215Z
sensor.stormbreaker_adaptivecharge_target_current_a,1.84,2026-02-27T11:43:52.216Z
sensor.stormbreaker_adaptivecharge_target_current_a,0.0,2026-02-27T11:44:22.220Z
sensor.stormbreaker_adaptivecharge_target_current_a,1.17,2026-02-27T11:45:22.223Z
sensor.stormbreaker_adaptivecharge_target_current_a,1.18,2026-02-27T11:46:02.224Z
sensor.stormbreaker_adaptivecharge_target_current_a,1.42,2026-02-27T11:46:22.229Z
sensor.stormbreaker_adaptivecharge_target_current_a,1.76,2026-02-27T11:46:32.228Z
sensor.stormbreaker_adaptivecharge_target_current_a,2.11,2026-02-27T11:46:42.389Z
sensor.stormbreaker_adaptivecharge_target_current_a,2.12,2026-02-27T11:46:52.232Z
sensor.stormbreaker_adaptivecharge_target_current_a,2.11,2026-02-27T11:47:02.233Z
sensor.stormbreaker_adaptivecharge_target_current_a,2.12,2026-02-27T11:47:22.234Z
sensor.stormbreaker_adaptivecharge_target_current_a,1.2,2026-02-27T11:47:32.233Z
sensor.stormbreaker_adaptivecharge_target_current_a,1.21,2026-02-27T11:47:42.234Z
sensor.stormbreaker_adaptivecharge_target_current_a,1.2,2026-02-27T11:47:52.233Z
sensor.stormbreaker_adaptivecharge_target_current_a,1.11,2026-02-27T11:48:32.237Z
sensor.stormbreaker_adaptivecharge_target_current_a,1.09,2026-02-27T11:48:52.240Z
sensor.stormbreaker_adaptivecharge_target_current_a,1.1,2026-02-27T11:49:12.242Z
sensor.stormbreaker_adaptivecharge_target_current_a,1.09,2026-02-27T11:49:22.246Z
sensor.stormbreaker_adaptivecharge_target_current_a,0.98,2026-02-27T11:49:32.246Z
sensor.stormbreaker_adaptivecharge_target_current_a,1.0,2026-02-27T11:49:42.250Z
sensor.stormbreaker_adaptivecharge_target_current_a,0.99,2026-02-27T11:49:52.250Z
sensor.stormbreaker_adaptivecharge_target_current_a,1.0,2026-02-27T11:50:02.250Z
sensor.stormbreaker_adaptivecharge_target_current_a,1.01,2026-02-27T11:50:22.254Z
sensor.stormbreaker_adaptivecharge_target_current_a,1.0,2026-02-27T11:50:42.254Z
sensor.stormbreaker_adaptivecharge_target_current_a,0.99,2026-02-27T11:50:52.255Z
sensor.stormbreaker_adaptivecharge_target_current_a,0.98,2026-02-27T11:51:12.742Z
sensor.stormbreaker_adaptivecharge_target_current_a,1.12,2026-02-27T11:51:32.748Z
sensor.stormbreaker_adaptivecharge_target_current_a,0.09,2026-02-27T11:51:52.749Z
sensor.stormbreaker_adaptivecharge_target_current_a,0.08,2026-02-27T11:52:02.752Z
sensor.stormbreaker_adaptivecharge_target_current_a,1.08,2026-02-27T11:52:32.754Z
sensor.stormbreaker_adaptivecharge_target_current_a,1.09,2026-02-27T11:53:02.754Z
sensor.stormbreaker_adaptivecharge_target_current_a,1.08,2026-02-27T11:53:12.755Z
sensor.stormbreaker_adaptivecharge_target_current_a,0.94,2026-02-27T11:53:42.757Z
sensor.stormbreaker_adaptivecharge_target_current_a,0.95,2026-02-27T11:54:32.763Z
sensor.stormbreaker_adaptivecharge_target_current_a,0.91,2026-02-27T11:54:42.765Z
sensor.stormbreaker_adaptivecharge_target_current_a,0.92,2026-02-27T11:55:12.766Z
sensor.stormbreaker_adaptivecharge_target_current_a,0.91,2026-02-27T11:55:32.768Z
sensor.stormbreaker_adaptivecharge_target_current_a,0.93,2026-02-27T11:55:42.769Z
sensor.stormbreaker_adaptivecharge_target_current_a,0.92,2026-02-27T11:55:52.770Z
sensor.stormbreaker_adaptivecharge_target_current_a,0.93,2026-02-27T11:56:32.773Z
sensor.stormbreaker_adaptivecharge_target_current_a,1.01,2026-02-27T11:56:42.776Z
sensor.stormbreaker_adaptivecharge_target_current_a,1.02,2026-02-27T11:57:32.782Z
sensor.stormbreaker_adaptivecharge_target_current_a,1.04,2026-02-27T11:57:42.781Z
sensor.stormbreaker_adaptivecharge_target_current_a,1.7,2026-02-27T11:57:52.781Z
sensor.stormbreaker_adaptivecharge_target_current_a,1.69,2026-02-27T11:58:12.785Z
sensor.stormbreaker_adaptivecharge_target_current_a,1.7,2026-02-27T11:58:32.785Z
sensor.stormbreaker_adaptivecharge_target_current_a,1.1,2026-02-27T11:58:42.788Z
sensor.stormbreaker_adaptivecharge_target_current_a,1.04,2026-02-27T11:59:42.793Z
sensor.stormbreaker_adaptivecharge_target_current_a,1.05,2026-02-27T11:59:52.792Z
sensor.stormbreaker_adaptivecharge_target_current_a,1.06,2026-02-27T12:00:12.799Z
sensor.stormbreaker_adaptivecharge_target_current_a,1.05,2026-02-27T12:00:32.800Z
sensor.stormbreaker_adaptivecharge_target_current_a,0.88,2026-02-27T12:00:52.803Z
sensor.stormbreaker_adaptivecharge_target_current_a,0.87,2026-02-27T12:01:02.803Z
sensor.stormbreaker_adaptivecharge_target_current_a,0.88,2026-02-27T12:01:12.805Z
sensor.stormbreaker_adaptivecharge_target_current_a,0.89,2026-02-27T12:01:22.807Z
sensor.stormbreaker_adaptivecharge_target_current_a,0.88,2026-02-27T12:01:32.807Z
sensor.stormbreaker_adaptivecharge_target_current_a,0.89,2026-02-27T12:01:42.807Z
sensor.stormbreaker_adaptivecharge_target_current_a,0.8,2026-02-27T12:01:52.807Z
sensor.stormbreaker_adaptivecharge_target_current_a,0.79,2026-02-27T12:02:02.809Z
sensor.stormbreaker_adaptivecharge_target_current_a,0.0,2026-02-27T12:02:12.810Z
sensor.stormbreaker_adaptivecharge_target_current_a,0.85,2026-02-27T12:02:52.814Z
sensor.stormbreaker_adaptivecharge_target_current_a,0.84,2026-02-27T12:03:12.817Z
sensor.stormbreaker_adaptivecharge_target_current_a,0.94,2026-02-27T12:04:52.829Z
sensor.stormbreaker_adaptivecharge_target_current_a,0.93,2026-02-27T12:05:42.832Z
sensor.stormbreaker_adaptivecharge_target_current_a,1.17,2026-02-27T12:05:52.832Z
sensor.stormbreaker_adaptivecharge_target_current_a,1.16,2026-02-27T12:06:22.840Z
sensor.stormbreaker_adaptivecharge_target_current_a,1.17,2026-02-27T12:06:32.841Z
sensor.stormbreaker_adaptivecharge_target_current_a,1.29,2026-02-27T12:06:52.841Z
sensor.stormbreaker_adaptivecharge_target_current_a,1.9,2026-02-27T12:07:02.848Z
sensor.stormbreaker_adaptivecharge_target_current_a,1.21,2026-02-27T12:07:52.852Z
sensor.stormbreaker_adaptivecharge_target_current_a,1.2,2026-02-27T12:08:12.855Z
sensor.stormbreaker_adaptivecharge_target_current_a,1.19,2026-02-27T12:08:22.857Z
sensor.stormbreaker_adaptivecharge_target_current_a,1.2,2026-02-27T12:08:32.858Z
sensor.stormbreaker_adaptivecharge_target_current_a,1.19,2026-02-27T12:08:42.860Z
sensor.stormbreaker_adaptivecharge_target_current_a,1.2,2026-02-27T12:08:52.862Z
sensor.stormbreaker_adaptivecharge_target_current_a,1.42,2026-02-27T12:09:02.862Z
sensor.stormbreaker_adaptivecharge_target_current_a,1.41,2026-02-27T12:09:12.861Z
sensor.stormbreaker_adaptivecharge_target_current_a,1.43,2026-02-27T12:09:42.870Z
sensor.stormbreaker_adaptivecharge_target_current_a,1.45,2026-02-27T12:10:02.872Z
sensor.stormbreaker_adaptivecharge_target_current_a,1.44,2026-02-27T12:10:42.876Z
sensor.stormbreaker_adaptivecharge_target_current_a,1.47,2026-02-27T12:11:02.877Z
sensor.stormbreaker_adaptivecharge_target_current_a,1.48,2026-02-27T12:11:42.880Z
sensor.stormbreaker_adaptivecharge_target_current_a,1.54,2026-02-27T12:12:02.882Z
sensor.stormbreaker_adaptivecharge_target_current_a,1.53,2026-02-27T12:12:12.883Z
sensor.stormbreaker_adaptivecharge_target_current_a,1.54,2026-02-27T12:12:22.884Z
sensor.stormbreaker_adaptivecharge_target_current_a,1.53,2026-02-27T12:12:32.885Z
sensor.stormbreaker_adaptivecharge_target_current_a,1.54,2026-02-27T12:12:52.884Z
sensor.stormbreaker_adaptivecharge_target_current_a,1.51,2026-02-27T12:13:02.887Z
sensor.stormbreaker_adaptivecharge_target_current_a,1.5,2026-02-27T12:13:42.891Z
sensor.stormbreaker_adaptivecharge_target_current_a,1.51,2026-02-27T12:13:52.892Z
sensor.stormbreaker_adaptivecharge_target_current_a,1.57,2026-02-27T12:14:12.894Z
sensor.stormbreaker_adaptivecharge_target_current_a,1.58,2026-02-27T12:14:32.894Z
sensor.stormbreaker_adaptivecharge_target_current_a,1.57,2026-02-27T12:14:52.895Z
sensor.stormbreaker_adaptivecharge_target_current_a,1.42,2026-02-27T12:15:12.897Z
sensor.stormbreaker_adaptivecharge_target_current_a,1.52,2026-02-27T12:16:12.905Z
sensor.stormbreaker_adaptivecharge_target_current_a,1.51,2026-02-27T12:16:32.903Z
sensor.stormbreaker_adaptivecharge_target_current_a,1.52,2026-02-27T12:16:42.904Z
sensor.stormbreaker_adaptivecharge_target_current_a,1.51,2026-02-27T12:16:52.907Z
sensor.stormbreaker_adaptivecharge_target_current_a,1.43,2026-02-27T12:17:12.908Z
sensor.stormbreaker_adaptivecharge_target_current_a,1.44,2026-02-27T12:17:22.906Z
sensor.stormbreaker_adaptivecharge_target_current_a,1.43,2026-02-27T12:17:32.910Z
sensor.stormbreaker_adaptivecharge_target_current_a,1.38,2026-02-27T12:18:12.912Z
sensor.stormbreaker_adaptivecharge_target_current_a,1.39,2026-02-27T12:18:32.923Z
sensor.stormbreaker_adaptivecharge_target_current_a,1.37,2026-02-27T12:19:12.916Z
sensor.stormbreaker_adaptivecharge_target_current_a,1.36,2026-02-27T12:19:22.918Z
sensor.stormbreaker_adaptivecharge_target_current_a,1.37,2026-02-27T12:19:52.920Z
sensor.stormbreaker_adaptivecharge_target_current_a,1.36,2026-02-27T12:20:02.920Z
sensor.stormbreaker_adaptivecharge_target_current_a,1.35,2026-02-27T12:20:12.918Z
sensor.stormbreaker_adaptivecharge_target_current_a,1.36,2026-02-27T12:20:52.925Z
sensor.stormbreaker_adaptivecharge_target_current_a,1.41,2026-02-27T12:21:22.930Z
sensor.stormbreaker_adaptivecharge_target_current_a,1.4,2026-02-27T12:21:32.931Z
sensor.stormbreaker_adaptivecharge_target_current_a,1.41,2026-02-27T12:21:52.933Z
sensor.stormbreaker_adaptivecharge_target_current_a,1.4,2026-02-27T12:22:02.935Z
sensor.stormbreaker_adaptivecharge_target_current_a,1.41,2026-02-27T12:22:12.936Z
sensor.stormbreaker_adaptivecharge_target_current_a,1.32,2026-02-27T12:22:22.935Z
sensor.stormbreaker_adaptivecharge_target_current_a,1.29,2026-02-27T12:23:22.941Z
sensor.stormbreaker_adaptivecharge_target_current_a,1.3,2026-02-27T12:23:32.942Z
sensor.stormbreaker_adaptivecharge_target_current_a,1.29,2026-02-27T12:23:52.942Z
sensor.stormbreaker_adaptivecharge_target_current_a,1.3,2026-02-27T12:24:02.944Z
sensor.stormbreaker_adaptivecharge_target_current_a,1.24,2026-02-27T12:24:22.948Z
sensor.stormbreaker_adaptivecharge_target_current_a,1.23,2026-02-27T12:24:42.951Z
sensor.stormbreaker_adaptivecharge_target_current_a,2.78,2026-02-27T12:25:02.954Z
sensor.stormbreaker_adaptivecharge_target_current_a,13.2,2026-02-27T12:25:12.959Z
sensor.stormbreaker_adaptivecharge_target_current_a,1.55,2026-02-27T12:25:22.958Z
sensor.stormbreaker_adaptivecharge_target_current_a,1.48,2026-02-27T12:25:32.958Z
sensor.stormbreaker_adaptivecharge_target_current_a,0.0,2026-02-27T12:25:42.960Z
sensor.stormbreaker_adaptivecharge_target_current_a,1.19,2026-02-27T12:26:22.963Z
sensor.stormbreaker_adaptivecharge_target_current_a,1.18,2026-02-27T12:26:32.964Z
sensor.stormbreaker_adaptivecharge_target_current_a,1.19,2026-02-27T12:27:02.965Z
sensor.stormbreaker_adaptivecharge_target_current_a,1.22,2026-02-27T12:27:32.968Z
sensor.stormbreaker_adaptivecharge_target_current_a,1.21,2026-02-27T12:27:52.971Z
sensor.stormbreaker_adaptivecharge_target_current_a,0.85,2026-02-27T12:28:32.974Z
sensor.stormbreaker_adaptivecharge_current_setting_a,6,2026-02-27T10:00:00.000Z
sensor.stormbreaker_adaptivecharge_current_setting_a,5,2026-02-27T10:06:38.702Z
sensor.stormbreaker_adaptivecharge_current_setting_a,4,2026-02-27T10:06:54.833Z
sensor.stormbreaker_adaptivecharge_current_setting_a,3,2026-02-27T10:06:58.705Z
sensor.stormbreaker_adaptivecharge_current_setting_a,2,2026-02-27T10:07:08.717Z
sensor.stormbreaker_adaptivecharge_current_setting_a,1,2026-02-27T10:07:18.711Z
sensor.stormbreaker_adaptivecharge_current_setting_a,unknown,2026-02-27T10:07:38.565Z
sensor.stormbreaker_adaptivecharge_current_setting_a,5,2026-02-27T10:10:18.581Z
sensor.stormbreaker_adaptivecharge_current_setting_a,6,2026-02-27T10:10:58.726Z
sensor.stormbreaker_adaptivecharge_current_setting_a,5,2026-02-27T10:18:58.822Z
sensor.stormbreaker_adaptivecharge_current_setting_a,6,2026-02-27T10:20:00.684Z
sensor.stormbreaker_adaptivecharge_current_setting_a,7,2026-02-27T10:20:48.830Z
sensor.stormbreaker_adaptivecharge_current_setting_a,6,2026-02-27T10:26:08.861Z
sensor.stormbreaker_adaptivecharge_current_setting_a,5,2026-02-27T10:26:20.991Z
sensor.stormbreaker_adaptivecharge_current_setting_a,4,2026-02-27T10:26:28.868Z
sensor.stormbreaker_adaptivecharge_current_setting_a,3,2026-02-27T10:26:38.864Z
sensor.stormbreaker_adaptivecharge_current_setting_a,2,2026-02-27T10:26:48.872Z
sensor.stormbreaker_adaptivecharge_current_setting_a,1,2026-02-27T10:26:58.867Z
sensor.stormbreaker_adaptivecharge_current_setting_a,unavailable,2026-02-27T10:27:00.873Z
sensor.stormbreaker_adaptivecharge_current_setting_a,unknown,2026-02-27T10:27:00.889Z
sensor.stormbreaker_adaptivecharge_current_setting_a,5,2026-02-27T10:27:50.887Z
sensor.stormbreaker_adaptivecharge_current_setting_a,4,2026-02-27T10:29:16.199Z
sensor.stormbreaker_adaptivecharge_current_setting_a,3,2026-02-27T10:29:21.049Z
sensor.stormbreaker_adaptivecharge_current_setting_a,2,2026-02-27T10:29:31.042Z
sensor.stormbreaker_adaptivecharge_current_setting_a,1,2026-02-27T10:29:41.054Z
sensor.stormbreaker_adaptivecharge_current_setting_a,unknown,2026-02-27T10:30:00.900Z
sensor.stormbreaker_adaptivecharge_current_setting_a,2,2026-02-27T10:32:50.918Z
sensor.stormbreaker_adaptivecharge_current_setting_a,3,2026-02-27T10:33:01.074Z
sensor.stormbreaker_adaptivecharge_current_setting_a,4,2026-02-27T10:55:07.890Z
sensor.stormbreaker_adaptivecharge_current_setting_a,5,2026-02-27T10:56:03.897Z
sensor.stormbreaker_adaptivecharge_current_setting_a,4,2026-02-27T10:57:19.405Z
sensor.stormbreaker_adaptivecharge_current_setting_a,3,2026-02-27T10:57:21.615Z
sensor.stormbreaker_adaptivecharge_current_setting_a,2,2026-02-27T10:57:31.618Z
sensor.stormbreaker_adaptivecharge_current_setting_a,1,2026-02-27T10:57:41.609Z
sensor.stormbreaker_adaptivecharge_current_setting_a,unknown,2026-02-27T10:58:01.473Z
sensor.stormbreaker_adaptivecharge_current_setting_a,3,2026-02-27T11:00:51.642Z
sensor.stormbreaker_adaptivecharge_current_setting_a,4,2026-02-27T11:02:07.953Z
sensor.stormbreaker_adaptivecharge_current_setting_a,5,2026-02-27T11:04:24.028Z
sensor.stormbreaker_adaptivecharge_current_setting_a,6,2026-02-27T11:05:23.787Z
sensor.stormbreaker_adaptivecharge_current_setting_a,5,2026-02-27T11:09:33.595Z
sensor.stormbreaker_adaptivecharge_current_setting_a,4,2026-02-27T11:09:41.690Z
sensor.stormbreaker_adaptivecharge_current_setting_a,3,2026-02-27T11:09:51.703Z
sensor.stormbreaker_adaptivecharge_current_setting_a,2,2026-02-27T11:10:01.691Z
sensor.stormbreaker_adaptivecharge_current_setting_a,1,2026-02-27T11:10:11.690Z
sensor.stormbreaker_adaptivecharge_current_setting_a,unknown,2026-02-27T11:10:31.549Z
sensor.stormbreaker_adaptivecharge_current_setting_a,2,2026-02-27T11:13:21.571Z
sensor.stormbreaker_adaptivecharge_current_setting_a,3,2026-02-27T11:14:48.269Z
sensor.stormbreaker_adaptivecharge_current_setting_a,4,2026-02-27T11:16:48.190Z
sensor.stormbreaker_adaptivecharge_current_setting_a,3,2026-02-27T11:18:58.345Z
sensor.stormbreaker_adaptivecharge_current_setting_a,2,2026-02-27T11:19:01.752Z
sensor.stormbreaker_adaptivecharge_current_setting_a,1,2026-02-27T11:19:11.743Z
sensor.stormbreaker_adaptivecharge_current_setting_a,unknown,2026-02-27T11:19:31.600Z
sensor.stormbreaker_adaptivecharge_current_setting_a,2,2026-02-27T11:22:21.622Z
sensor.stormbreaker_adaptivecharge_current_setting_a,1,2026-02-27T11:26:06.938Z
sensor.stormbreaker_adaptivecharge_current_setting_a,unknown,2026-02-27T11:26:21.826Z
sensor.stormbreaker_adaptivecharge_current_setting_a,1,2026-02-27T11:29:01.839Z
sensor.stormbreaker_adaptivecharge_current_setting_a,2,2026-02-27T11:30:08.277Z
sensor.stormbreaker_adaptivecharge_current_setting_a,1,2026-02-27T11:42:38.854Z
sensor.stormbreaker_adaptivecharge_current_setting_a,unknown,2026-02-27T11:42:52.213Z
sensor.stormbreaker_adaptivecharge_current_setting_a,1,2026-02-27T11:46:12.229Z
sensor.stormbreaker_adaptivecharge_current_setting_a,2,2026-02-27T11:46:42.389Z
sensor.stormbreaker_adaptivecharge_current_setting_a,unknown,2026-02-27T11:51:52.749Z
sensor.stormbreaker_adaptivecharge_current_setting_a,1,2026-02-27T11:57:32.782Z
sensor.stormbreaker_adaptivecharge_current_setting_a,unknown,2026-02-27T12:02:12.812Z
sensor.stormbreaker_adaptivecharge_current_setting_a,1,2026-02-27T12:06:42.844Z
sensor.stormbreaker_adaptivecharge_current_setting_a,unknown,2026-02-27T12:25:42.961Z
sensor.stormbreaker_adaptivecharge_current_setting_a,1,2026-02-27T12:28:32.974Z
sensor.stormbreaker_adaptivecharge_available_current_decision_a,5.73,2026-02-27T10:00:00.000Z
sensor.stormbreaker_adaptivecharge_available_current_decision_a,5.7,2026-02-27T10:00:08.505Z
sensor.stormbreaker_adaptivecharge_available_current_decision_a,5.71,2026-02-27T10:00:18.505Z
sensor.stormbreaker_adaptivecharge_available_current_decision_a,5.82,2026-02-27T10:00:28.505Z
sensor.stormbreaker_adaptivecharge_available_current_decision_a,5.81,2026-02-27T10:00:38.507Z
sensor.stormbreaker_adaptivecharge_available_current_decision_a,5.78,2026-02-27T10:01:28.509Z
sensor.stormbreaker_adaptivecharge_available_current_decision_a,5.77,2026-02-27T10:01:38.508Z
sensor.stormbreaker_adaptivecharge_available_current_decision_a,5.78,2026-02-27T10:01:58.509Z
sensor.stormbreaker_adaptivecharge_available_current_decision_a,5.63,2026-02-27T10:02:28.509Z
sensor.stormbreaker_adaptivecharge_available_current_decision_a,5.61,2026-02-27T10:02:48.515Z
sensor.stormbreaker_adaptivecharge_available_current_decision_a,5.62,2026-02-27T10:02:58.517Z
sensor.stormbreaker_adaptivecharge_available_current_decision_a,5.63,2026-02-27T10:03:18.518Z
sensor.stormbreaker_adaptivecharge_available_current_decision_a,5.7,2026-02-27T10:03:28.517Z
sensor.stormbreaker_adaptivecharge_available_current_decision_a,5.68,2026-02-27T10:03:38.521Z
sensor.stormbreaker_adaptivecharge_available_current_decision_a,5.7,2026-02-27T10:03:48.523Z
sensor.stormbreaker_adaptivecharge_available_current_decision_a,5.69,2026-02-27T10:03:58.533Z
sensor.stormbreaker_adaptivecharge_available_current_decision_a,5.7,2026-02-27T10:04:08.537Z
sensor.stormbreaker_adaptivecharge_available_current_decision_a,5.69,2026-02-27T10:04:18.539Z
sensor.stormbreaker_adaptivecharge_available_current_decision_a,5.76,2026-02-27T10:04:28.539Z
sensor.stormbreaker_adaptivecharge_available_current_decision_a,5.75,2026-02-27T10:04:48.541Z
sensor.stormbreaker_adaptivecharge_available_current_decision_a,5.77,2026-02-27T10:04:58.540Z
sensor.stormbreaker_adaptivecharge_available_current_decision_a,5.76,2026-02-27T10:05:08.540Z
sensor.stormbreaker_adaptivecharge_available_current_decision_a,5.75,2026-02-27T10:05:18.543Z
sensor.stormbreaker_adaptivecharge_available_current_decision_a,5.11,2026-02-27T10:05:28.544Z
sensor.stormbreaker_adaptivecharge_available_current_decision_a,5.13,2026-02-27T10:05:38.546Z
sensor.stormbreaker_adaptivecharge_available_current_decision_a,5.12,2026-02-27T10:06:08.554Z
sensor.stormbreaker_adaptivecharge_available_current_decision_a,5.13,2026-02-27T10:06:18.557Z
sensor.stormbreaker_adaptivecharge_available_current_decision_a,4.41,2026-02-27T10:06:38.702Z
sensor.stormbreaker_adaptivecharge_available_current_decision_a,4.4,2026-02-27T10:06:54.833Z
sensor.stormbreaker_adaptivecharge_available_current_decision_a,3.38,2026-02-27T10:06:58.706Z
sensor.stormbreaker_adaptivecharge_available_current_decision_a,3.4,2026-02-27T10:07:18.711Z
sensor.stormbreaker_adaptivecharge_available_current_decision_a,3.43,2026-02-27T10:07:28.564Z
sensor.stormbreaker_adaptivecharge_available_current_decision_a,4.5,2026-02-27T10:07:38.565Z
sensor.stormbreaker_adaptivecharge_available_current_decision_a,4.44,2026-02-27T10:07:48.566Z
sensor.stormbreaker_adaptivecharge_available_current_decision_a,4.43,2026-02-27T10:07:58.568Z
sensor.stormbreaker_adaptivecharge_available_current_decision_a,4.44,2026-02-27T10:08:08.568Z
sensor.stormbreaker_adaptivecharge_available_current_decision_a,4.45,2026-02-27T10:08:18.569Z
sensor.stormbreaker_adaptivecharge_available_current_decision_a,5.85,2026-02-27T10:08:38.571Z
sensor.stormbreaker_adaptivecharge_available_current_decision_a,5.83,2026-02-27T10:08:48.572Z
sensor.stormbreaker_adaptivecharge_available_current_decision_a,5.84,2026-02-27T10:09:28.575Z
sensor.stormbreaker_adaptivecharge_available_current_decision_a,5.88,2026-02-27T10:09:38.576Z
sensor.stormbreaker_adaptivecharge_available_current_decision_a,5.87,2026-02-27T10:09:48.578Z
sensor.stormbreaker_adaptivecharge_available_current_decision_a,5.88,2026-02-27T10:10:18.582Z
sensor.stormbreaker_adaptivecharge_available_current_decision_a,5.94,2026-02-27T10:10:28.582Z
sensor.stormbreaker_adaptivecharge_available_current_decision_a,5.89,2026-02-27T10:10:38.582Z
sensor.stormbreaker_adaptivecharge_available_current_decision_a,7.6,2026-02-27T10:10:48.583Z
sensor.stormbreaker_adaptivecharge_available_current_decision_a,7.59,2026-02-27T10:10:58.726Z
sensor.stormbreaker_adaptivecharge_available_current_decision_a,7.63,2026-02-27T10:11:08.584Z
sensor.stormbreaker_adaptivecharge_available_current_decision_a,7.6,2026-02-27T10:11:18.584Z
sensor.stormbreaker_adaptivecharge_available_current_decision_a,7.61,2026-02-27T10:11:38.587Z
sensor.stormbreaker_adaptivecharge_available_current_decision_a,5.91,2026-02-27T10:11:48.587Z
sensor.stormbreaker_adaptivecharge_available_current_decision_a,5.9,2026-02-27T10:12:08.591Z
sensor.stormbreaker_adaptivecharge_available_current_decision_a,5.91,2026-02-27T10:12:18.592Z
sensor.stormbreaker_adaptivecharge_available_current_decision_a,5.9,2026-02-27T10:12:28.592Z
sensor.stormbreaker_adaptivecharge_available_current_decision_a,5.91,2026-02-27T10:12:38.593Z
sensor.stormbreaker_adaptivecharge_available_current_decision_a,5.97,2026-02-27T10:12:48.594Z
sensor.stormbreaker_adaptivecharge_available_current_decision_a,5.98,2026-02-27T10:12:58.592Z
sensor.stormbreaker_adaptivecharge_available_current_decision_a,5.97,2026-02-27T10:13:08.597Z
sensor.stormbreaker_adaptivecharge_available_current_decision_a,5.98,2026-02-27T10:13:18.597Z
sensor.stormbreaker_adaptivecharge_available_current_decision_a,5.97,2026-02-27T10:13:28.605Z
sensor.stormbreaker_adaptivecharge_available_current_decision_a,5.98,2026-02-27T10:13:38.610Z
sensor.stormbreaker_adaptivecharge_available_current_decision_a,6.1,2026-02-27T10:13:48.611Z
sensor.stormbreaker_adaptivecharge_available_current_decision_a,6.07,2026-02-27T10:13:58.611Z
sensor.stormbreaker_adaptivecharge_available_current_decision_a,6.09,2026-02-27T10:14:08.612Z
sensor.stormbreaker_adaptivecharge_available_current_decision_a,6.12,2026-02-27T10:14:18.614Z
sensor.stormbreaker_adaptivecharge_available_current_decision_a,6.1,2026-02-27T10:14:28.615Z
sensor.stormbreaker_adaptivecharge_available_current_decision_a,6.09,2026-02-27T10:14:38.615Z
sensor.stormbreaker_adaptivecharge_available_current_decision_a,6.12,2026-02-27T10:14:48.617Z
sensor.stormbreaker_adaptivecharge_available_current_decision_a,6.14,2026-02-27T10:14:58.618Z
sensor.stormbreaker_adaptivecharge_available_current_decision_a,6.15,2026-02-27T10:15:08.619Z
sensor.stormbreaker_adaptivecharge_available_current_decision_a,6.14,2026-02-27T10:15:18.620Z
sensor.stormbreaker_adaptivecharge_available_current_decision_a,6.11,2026-02-27T10:15:28.622Z
sensor.stormbreaker_adaptivecharge_available_current_decision_a,6.1,2026-02-27T10:15:38.623Z
sensor.stormbreaker_adaptivecharge_available_current_decision_a,6.31,2026-02-27T10:15:48.624Z
sensor.stormbreaker_adaptivecharge_available_current_decision_a,6.35,2026-02-27T10:15:58.626Z
sensor.stormbreaker_adaptivecharge_available_current_decision_a,6.32,2026-02-27T10:16:08.625Z
sensor.stormbreaker_adaptivecharge_available_current_decision_a,6.35,2026-02-27T10:16:28.630Z
sensor.stormbreaker_adaptivecharge_available_current_decision_a,6.33,2026-02-27T10:16:38.632Z
sensor.stormbreaker_adaptivecharge_available_current_decision_a,6.34,2026-02-27T10:16:48.632Z
sensor.stormbreaker_adaptivecharge_available_current_decision_a,6.33,2026-02-27T10:16:58.634Z
sensor.stormbreaker_adaptivecharge_available_current_decision_a,6.34,2026-02-27T10:17:08.635Z
sensor.stormbreaker_adaptivecharge_available_current_decision_a,6.33,2026-02-27T10:17:18.635Z
sensor.stormbreaker_adaptivecharge_available_current_decision_a,6.31,2026-02-27T10:17:28.637Z
sensor.stormbreaker_adaptivecharge_available_current_decision_a,6.33,2026-02-27T10:17:38.637Z
sensor.stormbreaker_adaptivecharge_available_current_decision_a,6.31,2026-02-27T10:17:48.639Z
sensor.stormbreaker_adaptivecharge_available_current_decision_a,6.64,2026-02-27T10:17:58.638Z
sensor.stormbreaker_adaptivecharge_available_current_decision_a,6.65,2026-02-27T10:18:08.642Z
sensor.stormbreaker_adaptivecharge_available_current_decision_a,6.63,2026-02-27T10:18:18.643Z
sensor.stormbreaker_adaptivecharge_available_current_decision_a,6.64,2026-02-27T10:18:28.663Z
sensor.stormbreaker_adaptivecharge_available_current_decision_a,6.62,2026-02-27T10:18:48.667Z
sensor.stormbreaker_adaptivecharge_available_current_decision_a,4.9,2026-02-27T10:18:58.822Z
sensor.stormbreaker_adaptivecharge_available_current_decision_a,5.01,2026-02-27T10:19:08.671Z
sensor.stormbreaker_adaptivecharge_available_current_decision_a,4.98,2026-02-27T10:19:28.675Z
sensor.stormbreaker_adaptivecharge_available_current_decision_a,5.01,2026-02-27T10:19:38.682Z
sensor.stormbreaker_adaptivecharge_available_current_decision_a,5.0,2026-02-27T10:19:48.673Z
sensor.stormbreaker_adaptivecharge_available_current_decision_a,6.91,2026-02-27T10:20:00.684Z
sensor.stormbreaker_adaptivecharge_available_current_decision_a,7.93,2026-02-27T10:20:08.680Z
sensor.stormbreaker_adaptivecharge_available_current_decision_a,7.87,2026-02-27T10:20:18.679Z
sensor.stormbreaker_adaptivecharge_available_current_decision_a,7.91,2026-02-27T10:20:28.677Z
sensor.stormbreaker_adaptivecharge_available_current_decision_a,7.83,2026-02-27T10:20:38.677Z
sensor.stormbreaker_adaptivecharge_available_current_decision_a,7.86,2026-02-27T10:20:48.831Z
sensor.stormbreaker_adaptivecharge_available_current_decision_a,7.02,2026-02-27T10:20:58.683Z
sensor.stormbreaker_adaptivecharge_available_current_decision_a,7.03,2026-02-27T10:21:08.685Z
sensor.stormbreaker_adaptivecharge_available_current_decision_a,7.02,2026-02-27T10:21:18.686Z
sensor.stormbreaker_adaptivecharge_available_current_decision_a,7.0,2026-02-27T10:21:28.686Z
sensor.stormbreaker_adaptivecharge_available_current_decision_a,7.04,2026-02-27T10:21:38.690Z
sensor.stormbreaker_adaptivecharge_available_current_decision_a,7.1,2026-02-27T10:21:58.693Z
sensor.stormbreaker_adaptivecharge_available_current_decision_a,7.01,2026-02-27T10:22:08.692Z
sensor.stormbreaker_adaptivecharge_available_current_decision_a,7.08,2026-02-27T10:22:18.693Z
sensor.stormbreaker_adaptivecharge_available_current_decision_a,7.02,2026-02-27T10:22:28.694Z
sensor.stormbreaker_adaptivecharge_available_current_decision_a,7.03,2026-02-27T10:22:38.695Z
sensor.stormbreaker_adaptivecharge_available_current_decision_a,7.01,2026-02-27T10:22:48.695Z
sensor.stormbreaker_adaptivecharge_available_current_decision_a,7.03,2026-02-27T10:22:58.699Z
sensor.stormbreaker_adaptivecharge_available_current_decision_a,6.25,2026-02-27T10:23:08.696Z
sensor.stormbreaker_adaptivecharge_available_current_decision_a,6.29,2026-02-27T10:23:18.699Z
sensor.stormbreaker_adaptivecharge_available_current_decision_a,6.22,2026-02-27T10:23:28.698Z
sensor.stormbreaker_adaptivecharge_available_current_decision_a,6.24,2026-02-27T10:23:38.699Z
sensor.stormbreaker_adaptivecharge_available_current_decision_a,6.16,2026-02-27T10:23:48.701Z
sensor.stormbreaker_adaptivecharge_available_current_decision_a,6.19,2026-02-27T10:23:58.703Z
sensor.stormbreaker_adaptivecharge_available_current_decision_a,6.12,2026-02-27T10:24:08.704Z
sensor.stormbreaker_adaptivecharge_available_current_decision_a,6.08,2026-02-27T10:24:18.704Z
sensor.stormbreaker_adaptivecharge_available_current_decision_a,6.18,2026-02-27T10:24:28.708Z
sensor.stormbreaker_adaptivecharge_available_current_decision_a,6.16,2026-02-27T10:24:38.709Z
sensor.stormbreaker_adaptivecharge_available_current_decision_a,6.08,2026-02-27T10:24:48.708Z
sensor.stormbreaker_adaptivecharge_available_current_decision_a,6.15,2026-02-27T10:24:58.712Z
sensor.stormbreaker_adaptivecharge_available_current_decision_a,7.16,2026-02-27T10:25:08.713Z
sensor.stormbreaker_adaptivecharge_available_current_decision_a,7.09,2026-02-27T10:25:18.713Z
sensor.stormbreaker_adaptivecharge_available_current_decision_a,7.18,2026-02-27T10:25:28.715Z
sensor.stormbreaker_adaptivecharge_available_current_decision_a,7.14,2026-02-27T10:25:38.715Z
sensor.stormbreaker_adaptivecharge_available_current_decision_a,7.15,2026-02-27T10:25:48.716Z
sensor.stormbreaker_adaptivecharge_available_current_decision_a,7.09,2026-02-27T10:25:58.717Z
sensor.stormbreaker_adaptivecharge_available_current_decision_a,4.67,2026-02-27T10:26:08.861Z
sensor.stormbreaker_adaptivecharge_available_current_decision_a,3.68,2026-02-27T10:26:28.868Z
sensor.stormbreaker_adaptivecharge_available_current_decision_a,3.67,2026-02-27T10:26:38.864Z
sensor.stormbreaker_adaptivecharge_available_current_decision_a,3.68,2026-02-27T10:26:58.867Z
sensor.stormbreaker_adaptivecharge_available_current_decision_a,unavailable,2026-02-27T10:27:00.873Z
sensor.stormbreaker_adaptivecharge_available_current_decision_a,3.68,2026-02-27T10:27:00.889Z
sensor.stormbreaker_adaptivecharge_available_current_decision_a,5.36,2026-02-27T10:27:10.883Z
sensor.stormbreaker_adaptivecharge_available_current_decision_a,5.35,2026-02-27T10:27:20.885Z
sensor.stormbreaker_adaptivecharge_available_current_decision_a,5.34,2026-02-27T10:27:30.885Z
sensor.stormbreaker_adaptivecharge_available_current_decision_a,5.36,2026-02-27T10:27:40.885Z
sensor.stormbreaker_adaptivecharge_available_current_decision_a,5.37,2026-02-27T10:27:50.887Z
sensor.stormbreaker_adaptivecharge_available_current_decision_a,0.29,2026-02-27T10:28:00.890Z
sensor.stormbreaker_adaptivecharge_available_current_decision_a,5.31,2026-02-27T10:28:10.889Z
sensor.stormbreaker_adaptivecharge_available_current_decision_a,5.55,2026-02-27T10:28:20.891Z
sensor.stormbreaker_adaptivecharge_available_current_decision_a,8.59,2026-02-27T10:28:30.903Z
sensor.stormbreaker_adaptivecharge_available_current_decision_a,10.36,2026-02-27T10:28:40.894Z
sensor.stormbreaker_adaptivecharge_available_current_decision_a,10.35,2026-02-27T10:29:00.895Z
sensor.stormbreaker_adaptivecharge_available_current_decision_a,3.0,2026-02-27T10:29:16.199Z
sensor.stormbreaker_adaptivecharge_available_current_decision_a,2.0,2026-02-27T10:29:21.050Z
sensor.stormbreaker_adaptivecharge_available_current_decision_a,2.01,2026-02-27T10:29:31.042Z
sensor.stormbreaker_adaptivecharge_available_current_decision_a,1.99,2026-02-27T10:29:41.055Z
sensor.stormbreaker_adaptivecharge_available_current_decision_a,1.96,2026-02-27T10:29:50.902Z
sensor.stormbreaker_adaptivecharge_available_current_decision_a,0.0,2026-02-27T10:30:00.900Z
sensor.stormbreaker_adaptivecharge_available_current_decision_a,2.67,2026-02-27T10:30:20.905Z
sensor.stormbreaker_adaptivecharge_available_current_decision_a,2.66,2026-02-27T10:30:40.904Z
sensor.stormbreaker_adaptivecharge_available_current_decision_a,2.67,2026-02-27T10:31:10.909Z
sensor.stormbreaker_adaptivecharge_available_current_decision_a,2.52,2026-02-27T10:31:20.916Z
sensor.stormbreaker_adaptivecharge_available_current_decision_a,2.49,2026-02-27T10:32:20.917Z
sensor.stormbreaker_adaptivecharge_available_current_decision_a,2.5,2026-02-27T10:32:50.919Z
sensor.stormbreaker_adaptivecharge_available_current_decision_a,3.03,2026-02-27T10:33:01.074Z
sensor.stormbreaker_adaptivecharge_available_current_decision_a,3.84,2026-02-27T10:33:10.922Z
sensor.stormbreaker_adaptivecharge_available_current_decision_a,2.54,2026-02-27T10:33:20.920Z
sensor.stormbreaker_adaptivecharge_available_current_decision_a,2.55,2026-02-27T10:33:30.923Z
sensor.stormbreaker_adaptivecharge_available_current_decision_a,2.57,2026-02-27T10:34:20.929Z
sensor.stormbreaker_adaptivecharge_available_current_decision_a,2.56,2026-02-27T10:34:30.927Z
sensor.stormbreaker_adaptivecharge_available_current_decision_a,2.57,2026-02-27T10:34:40.932Z
sensor.stormbreaker_adaptivecharge_available_current_decision_a,2.55,2026-02-27T10:34:50.934Z
sensor.stormbreaker_adaptivecharge_available_current_decision_a,2.56,2026-02-27T10:35:00.929Z
sensor.stormbreaker_adaptivecharge_available_current_decision_a,2.14,2026-02-27T10:35:20.939Z
sensor.stormbreaker_adaptivecharge_available_current_decision_a,2.15,2026-02-27T10:35:30.932Z
sensor.stormbreaker_adaptivecharge_available_current_decision_a,2.14,2026-02-27T10:35:50.933Z
sensor.stormbreaker_adaptivecharge_available_current_decision_a,2.15,2026-02-27T10:36:00.940Z
sensor.stormbreaker_adaptivecharge_available_current_decision_a,2.14,2026-02-27T10:36:20.943Z
sensor.stormbreaker_adaptivecharge_available_current_decision_a,2.51,2026-02-27T10:36:30.938Z
sensor.stormbreaker_adaptivecharge_available_current_decision_a,2.5,2026-02-27T10:36:40.942Z
sensor.stormbreaker_adaptivecharge_available_current_decision_a,2.49,2026-02-27T10:37:10.943Z
sensor.stormbreaker_adaptivecharge_available_current_decision_a,2.5,2026-02-27T10:37:20.945Z
sensor.stormbreaker_adaptivecharge_available_current_decision_a,2.48,2026-02-27T10:37:40.942Z
sensor.stormbreaker_adaptivecharge_available_current_decision_a,2.5,2026-02-27T10:37:50.943Z
sensor.stormbreaker_adaptivecharge_available_current_decision_a,2.49,2026-02-27T10:38:00.945Z
sensor.stormbreaker_adaptivecharge_available_current_decision_a,2.5,2026-02-27T10:38:20.947Z
sensor.stormbreaker_adaptivecharge_available_current_decision_a,2.23,2026-02-27T10:38:30.948Z
sensor.stormbreaker_adaptivecharge_available_current_decision_a,2.22,2026-02-27T10:38:40.950Z
sensor.stormbreaker_adaptivecharge_available_current_decision_a,2.23,2026-02-27T10:39:00.955Z
sensor.stormbreaker_adaptivecharge_available_current_decision_a,2.24,2026-02-27T10:39:10.956Z
sensor.stormbreaker_adaptivecharge_available_current_decision_a,2.23,2026-02-27T10:39:20.953Z
sensor.stormbreaker_adaptivecharge_available_current_decision_a,2.27,2026-02-27T10:39:30.958Z
sensor.stormbreaker_adaptivecharge_available_current_decision_a,2.26,2026-02-27T10:39:50.959Z
sensor.stormbreaker_adaptivecharge_available_current_decision_a,2.27,2026-02-27T10:40:00.962Z
sensor.stormbreaker_adaptivecharge_available_current_decision_a,2.26,2026-02-27T10:40:20.964Z
sensor.stormbreaker_adaptivecharge_available_current_decision_a,2.24,2026-02-27T10:40:30.965Z
sensor.stormbreaker_adaptivecharge_available_current_decision_a,2.23,2026-02-27T10:41:00.964Z
sensor.stormbreaker_adaptivecharge_available_current_decision_a,2.24,2026-02-27T10:41:10.969Z
sensor.stormbreaker_adaptivecharge_available_current_decision_a,2.3,2026-02-27T10:41:30.967Z
sensor.stormbreaker_adaptivecharge_available_current_decision_a,2.31,2026-02-27T10:41:40.968Z
sensor.stormbreaker_adaptivecharge_available_current_decision_a,2.3,2026-02-27T10:41:50.969Z
sensor.stormbreaker_adaptivecharge_available_current_decision_a,2.31,2026-02-27T10:42:00.973Z
sensor.stormbreaker_adaptivecharge_available_current_decision_a,2.3,2026-02-27T10:42:10.975Z
sensor.stormbreaker_adaptivecharge_available_current_decision_a,2.37,2026-02-27T10:42:40.977Z
sensor.stormbreaker_adaptivecharge_available_current_decision_a,2.36,2026-02-27T10:42:50.973Z
sensor.stormbreaker_adaptivecharge_available_current_decision_a,2.37,2026-02-27T10:43:00.982Z
sensor.stormbreaker_adaptivecharge_available_current_decision_a,2.36,2026-02-27T10:43:20.977Z
sensor.stormbreaker_adaptivecharge_available_current_decision_a,2.78,2026-02-27T10:43:40.979Z
sensor.stormbreaker_adaptivecharge_available_current_decision_a,2.79,2026-02-27T10:43:50.983Z
sensor.stormbreaker_adaptivecharge_available_current_decision_a,2.78,2026-02-27T10:44:00.982Z
sensor.stormbreaker_adaptivecharge_available_current_decision_a,3.29,2026-02-27T10:44:40.984Z
sensor.stormbreaker_adaptivecharge_available_current_decision_a,3.3,2026-02-27T10:44:50.988Z
sensor.stormbreaker_adaptivecharge_available_current_decision_a,3.29,2026-02-27T10:45:00.995Z
sensor.stormbreaker_adaptivecharge_available_current_decision_a,3.15,2026-02-27T10:45:40.992Z
sensor.stormbreaker_adaptivecharge_available_current_decision_a,3.08,2026-02-27T10:46:51.000Z
sensor.stormbreaker_adaptivecharge_available_current_decision_a,3.09,2026-02-27T10:47:31.003Z
sensor.stormbreaker_adaptivecharge_available_current_decision_a,3.08,2026-02-27T10:47:41.004Z
sensor.stormbreaker_adaptivecharge_available_current_decision_a,3.63,2026-02-27T10:47:51.004Z
sensor.stormbreaker_adaptivecharge_available_current_decision_a,3.64,2026-02-27T10:48:01.005Z
sensor.stormbreaker_adaptivecharge_available_current_decision_a,3.63,2026-02-27T10:48:11.004Z
sensor.stormbreaker_adaptivecharge_available_current_decision_a,3.64,2026-02-27T10:48:21.008Z
sensor.stormbreaker_adaptivecharge_available_current_decision_a,3.63,2026-02-27T10:48:41.006Z
sensor.stormbreaker_adaptivecharge_available_current_decision_a,3.78,2026-02-27T10:48:51.010Z
sensor.stormbreaker_adaptivecharge_available_current_decision_a,3.79,2026-02-27T10:49:21.105Z
sensor.stormbreaker_adaptivecharge_available_current_decision_a,3.77,2026-02-27T10:49:41.111Z
sensor.stormbreaker_adaptivecharge_available_current_decision_a,3.6,2026-02-27T10:49:51.115Z
sensor.stormbreaker_adaptivecharge_available_current_decision_a,3.61,2026-02-27T10:50:11.112Z
sensor.stormbreaker_adaptivecharge_available_current_decision_a,3.33,2026-02-27T10:50:51.369Z
sensor.stormbreaker_adaptivecharge_available_current_decision_a,3.34,2026-02-27T10:51:11.376Z
sensor.stormbreaker_adaptivecharge_available_current_decision_a,3.35,2026-02-27T10:51:51.437Z
sensor.stormbreaker_adaptivecharge_available_current_decision_a,3.02,2026-02-27T10:52:01.439Z
sensor.stormbreaker_adaptivecharge_available_current_decision_a,3.03,2026-02-27T10:52:21.442Z
sensor.stormbreaker_adaptivecharge_available_current_decision_a,2.93,2026-02-27T10:53:01.442Z
sensor.stormbreaker_adaptivecharge_available_current_decision_a,2.9,2026-02-27T10:53:41.449Z
sensor.stormbreaker_adaptivecharge_available_current_decision_a,2.91,2026-02-27T10:53:51.449Z
sensor.stormbreaker_adaptivecharge_available_current_decision_a,3.56,2026-02-27T10:54:01.447Z
sensor.stormbreaker_adaptivecharge_available_current_decision_a,3.54,2026-02-27T10:54:11.449Z
sensor.stormbreaker_adaptivecharge_available_current_decision_a,3.53,2026-02-27T10:54:21.451Z
sensor.stormbreaker_adaptivecharge_available_current_decision_a,3.61,2026-02-27T10:54:31.451Z
sensor.stormbreaker_adaptivecharge_available_current_decision_a,3.51,2026-02-27T10:54:41.450Z
sensor.stormbreaker_adaptivecharge_available_current_decision_a,6.19,2026-02-27T10:55:07.890Z
sensor.stormbreaker_adaptivecharge_available_current_decision_a,8.27,2026-02-27T10:55:11.455Z
sensor.stormbreaker_adaptivecharge_available_current_decision_a,8.28,2026-02-27T10:55:21.454Z
sensor.stormbreaker_adaptivecharge_available_current_decision_a,8.35,2026-02-27T10:55:31.455Z
sensor.stormbreaker_adaptivecharge_available_current_decision_a,8.36,2026-02-27T10:55:41.455Z
sensor.stormbreaker_adaptivecharge_available_current_decision_a,8.37,2026-02-27T10:55:51.458Z
sensor.stormbreaker_adaptivecharge_available_current_decision_a,5.56,2026-02-27T10:56:03.897Z
sensor.stormbreaker_adaptivecharge_available_current_decision_a,6.56,2026-02-27T10:56:11.459Z
sensor.stormbreaker_adaptivecharge_available_current_decision_a,6.46,2026-02-27T10:56:21.460Z
sensor.stormbreaker_adaptivecharge_available_current_decision_a,6.45,2026-02-27T10:56:31.470Z
sensor.stormbreaker_adaptivecharge_available_current_decision_a,6.46,2026-02-27T10:56:41.462Z
sensor.stormbreaker_adaptivecharge_available_current_decision_a,6.56,2026-02-27T10:56:51.465Z
sensor.stormbreaker_adaptivecharge_available_current_decision_a,4.15,2026-02-27T10:57:01.463Z
sensor.stormbreaker_adaptivecharge_available_current_decision_a,4.13,2026-02-27T10:57:19.405Z
sensor.stormbreaker_adaptivecharge_available_current_decision_a,3.05,2026-02-27T10:57:21.615Z
sensor.stormbreaker_adaptivecharge_available_current_decision_a,3.06,2026-02-27T10:57:41.609Z
sensor.stormbreaker_adaptivecharge_available_current_decision_a,0.0,2026-02-27T10:58:01.474Z
sensor.stormbreaker_adaptivecharge_available_current_decision_a,3.29,2026-02-27T10:58:11.470Z
sensor.stormbreaker_adaptivecharge_available_current_decision_a,2.68,2026-02-27T10:59:11.481Z
sensor.stormbreaker_adaptivecharge_available_current_decision_a,2.66,2026-02-27T10:59:51.487Z
sensor.stormbreaker_adaptivecharge_available_current_decision_a,4.56,2026-02-27T11:00:11.493Z
sensor.stormbreaker_adaptivecharge_available_current_decision_a,4.52,2026-02-27T11:00:21.496Z
sensor.stormbreaker_adaptivecharge_available_current_decision_a,4.53,2026-02-27T11:00:51.642Z
sensor.stormbreaker_adaptivecharge_available_current_decision_a,5.26,2026-02-27T11:01:01.500Z
sensor.stormbreaker_adaptivecharge_available_current_decision_a,7.19,2026-02-27T11:01:11.499Z
sensor.stormbreaker_adaptivecharge_available_current_decision_a,7.12,2026-02-27T11:01:21.497Z
sensor.stormbreaker_adaptivecharge_available_current_decision_a,7.13,2026-02-27T11:01:51.507Z
sensor.stormbreaker_adaptivecharge_available_current_decision_a,7.05,2026-02-27T11:02:07.953Z
sensor.stormbreaker_adaptivecharge_available_current_decision_a,6.45,2026-02-27T11:02:11.502Z
sensor.stormbreaker_adaptivecharge_available_current_decision_a,6.5,2026-02-27T11:02:21.502Z
sensor.stormbreaker_adaptivecharge_available_current_decision_a,6.51,2026-02-27T11:02:41.504Z
sensor.stormbreaker_adaptivecharge_available_current_decision_a,6.5,2026-02-27T11:02:51.506Z
sensor.stormbreaker_adaptivecharge_available_current_decision_a,6.47,2026-02-27T11:03:01.506Z
sensor.stormbreaker_adaptivecharge_available_current_decision_a,3.95,2026-02-27T11:03:11.510Z
sensor.stormbreaker_adaptivecharge_available_current_decision_a,3.99,2026-02-27T11:03:21.511Z
sensor.stormbreaker_adaptivecharge_available_current_decision_a,4.0,2026-02-27T11:03:31.508Z
sensor.stormbreaker_adaptivecharge_available_current_decision_a,3.99,2026-02-27T11:03:51.511Z
sensor.stormbreaker_adaptivecharge_available_current_decision_a,4.0,2026-02-27T11:04:11.515Z
sensor.stormbreaker_adaptivecharge_available_current_decision_a,6.28,2026-02-27T11:04:24.028Z
sensor.stormbreaker_adaptivecharge_available_current_decision_a,7.25,2026-02-27T11:04:31.514Z
sensor.stormbreaker_adaptivecharge_available_current_decision_a,7.24,2026-02-27T11:05:01.518Z
sensor.stormbreaker_adaptivecharge_available_current_decision_a,7.25,2026-02-27T11:05:11.519Z
sensor.stormbreaker_adaptivecharge_available_current_decision_a,6.55,2026-02-27T11:05:23.787Z
sensor.stormbreaker_adaptivecharge_available_current_decision_a,7.54,2026-02-27T11:05:31.519Z
sensor.stormbreaker_adaptivecharge_available_current_decision_a,7.51,2026-02-27T11:05:41.522Z
sensor.stormbreaker_adaptivecharge_available_current_decision_a,7.52,2026-02-27T11:05:51.521Z
sensor.stormbreaker_adaptivecharge_available_current_decision_a,7.58,2026-02-27T11:06:01.523Z
sensor.stormbreaker_adaptivecharge_available_current_decision_a,7.59,2026-02-27T11:06:11.524Z
sensor.stormbreaker_adaptivecharge_available_current_decision_a,6.57,2026-02-27T11:06:21.528Z
sensor.stormbreaker_adaptivecharge_available_current_decision_a,6.56,2026-02-27T11:06:31.529Z
sensor.stormbreaker_adaptivecharge_available_current_decision_a,6.55,2026-02-27T11:06:41.529Z
sensor.stormbreaker_adaptivecharge_available_current_decision_a,6.56,2026-02-27T11:06:51.527Z
sensor.stormbreaker_adaptivecharge_available_current_decision_a,6.57,2026-02-27T11:07:01.530Z
sensor.stormbreaker_adaptivecharge_available_current_decision_a,6.56,2026-02-27T11:07:11.529Z
sensor.stormbreaker_adaptivecharge_available_current_decision_a,6.59,2026-02-27T11:07:21.530Z
sensor.stormbreaker_adaptivecharge_available_current_decision_a,6.56,2026-02-27T11:07:31.531Z
sensor.stormbreaker_adaptivecharge_available_current_decision_a,6.6,2026-02-27T11:07:41.532Z
sensor.stormbreaker_adaptivecharge_available_current_decision_a,6.52,2026-02-27T11:07:51.534Z
sensor.stormbreaker_adaptivecharge_available_current_decision_a,6.54,2026-02-27T11:08:01.535Z
sensor.stormbreaker_adaptivecharge_available_current_decision_a,6.55,2026-02-27T11:08:11.538Z
sensor.stormbreaker_adaptivecharge_available_current_decision_a,6.57,2026-02-27T11:08:21.536Z
sensor.stormbreaker_adaptivecharge_available_current_decision_a,6.54,2026-02-27T11:08:31.536Z
sensor.stormbreaker_adaptivecharge_available_current_decision_a,6.53,2026-02-27T11:08:41.537Z
sensor.stormbreaker_adaptivecharge_available_current_decision_a,6.49,2026-02-27T11:08:51.540Z
sensor.stormbreaker_adaptivecharge_available_current_decision_a,6.53,2026-02-27T11:09:01.542Z
sensor.stormbreaker_adaptivecharge_available_current_decision_a,2.67,2026-02-27T11:09:33.595Z
sensor.stormbreaker_adaptivecharge_available_current_decision_a,1.66,2026-02-27T11:09:41.690Z
sensor.stormbreaker_adaptivecharge_available_current_decision_a,1.65,2026-02-27T11:09:51.703Z
sensor.stormbreaker_adaptivecharge_available_current_decision_a,1.67,2026-02-27T11:10:01.691Z
sensor.stormbreaker_adaptivecharge_available_current_decision_a,1.66,2026-02-27T11:10:11.690Z
sensor.stormbreaker_adaptivecharge_available_current_decision_a,1.67,2026-02-27T11:10:21.547Z
sensor.stormbreaker_adaptivecharge_available_current_decision_a,0.0,2026-02-27T11:10:31.549Z
sensor.stormbreaker_adaptivecharge_available_current_decision_a,2.34,2026-02-27T11:11:31.556Z
sensor.stormbreaker_adaptivecharge_available_current_decision_a,2.35,2026-02-27T11:12:11.561Z
sensor.stormbreaker_adaptivecharge_available_current_decision_a,2.38,2026-02-27T11:12:31.563Z
sensor.stormbreaker_adaptivecharge_available_current_decision_a,2.39,2026-02-27T11:12:51.565Z
sensor.stormbreaker_adaptivecharge_available_current_decision_a,2.4,2026-02-27T11:13:21.571Z
sensor.stormbreaker_adaptivecharge_available_current_decision_a,2.61,2026-02-27T11:13:31.568Z
sensor.stormbreaker_adaptivecharge_available_current_decision_a,3.89,2026-02-27T11:13:41.569Z
sensor.stormbreaker_adaptivecharge_available_current_decision_a,3.88,2026-02-27T11:14:01.572Z
sensor.stormbreaker_adaptivecharge_available_current_decision_a,3.86,2026-02-27T11:14:11.573Z
sensor.stormbreaker_adaptivecharge_available_current_decision_a,3.87,2026-02-27T11:14:31.575Z
sensor.stormbreaker_adaptivecharge_available_current_decision_a,3.02,2026-02-27T11:14:48.269Z
sensor.stormbreaker_adaptivecharge_available_current_decision_a,4.01,2026-02-27T11:14:51.576Z
sensor.stormbreaker_adaptivecharge_available_current_decision_a,4.02,2026-02-27T11:15:01.574Z
sensor.stormbreaker_adaptivecharge_available_current_decision_a,4.03,2026-02-27T11:15:11.577Z
sensor.stormbreaker_adaptivecharge_available_current_decision_a,4.0,2026-02-27T11:15:21.576Z
sensor.stormbreaker_adaptivecharge_available_current_decision_a,3.83,2026-02-27T11:15:41.577Z
sensor.stormbreaker_adaptivecharge_available_current_decision_a,3.84,2026-02-27T11:16:01.582Z
sensor.stormbreaker_adaptivecharge_available_current_decision_a,3.88,2026-02-27T11:16:11.580Z
sensor.stormbreaker_adaptivecharge_available_current_decision_a,3.89,2026-02-27T11:16:21.583Z
sensor.stormbreaker_adaptivecharge_available_current_decision_a,3.92,2026-02-27T11:16:31.580Z
sensor.stormbreaker_adaptivecharge_available_current_decision_a,7.16,2026-02-27T11:16:48.190Z
sensor.stormbreaker_adaptivecharge_available_current_decision_a,8.16,2026-02-27T11:16:51.587Z
sensor.stormbreaker_adaptivecharge_available_current_decision_a,8.14,2026-02-27T11:17:01.587Z
sensor.stormbreaker_adaptivecharge_available_current_decision_a,8.2,2026-02-27T11:17:11.589Z
sensor.stormbreaker_adaptivecharge_available_current_decision_a,8.17,2026-02-27T11:17:31.590Z
sensor.stormbreaker_adaptivecharge_available_current_decision_a,4.59,2026-02-27T11:17:41.590Z
sensor.stormbreaker_adaptivecharge_available_current_decision_a,4.54,2026-02-27T11:17:51.591Z
sensor.stormbreaker_adaptivecharge_available_current_decision_a,4.56,2026-02-27T11:18:01.594Z
sensor.stormbreaker_adaptivecharge_available_current_decision_a,4.58,2026-02-27T11:18:11.593Z
sensor.stormbreaker_adaptivecharge_available_current_decision_a,4.6,2026-02-27T11:18:21.595Z
sensor.stormbreaker_adaptivecharge_available_current_decision_a,4.57,2026-02-27T11:18:31.590Z
sensor.stormbreaker_adaptivecharge_available_current_decision_a,3.3,2026-02-27T11:18:41.593Z
sensor.stormbreaker_adaptivecharge_available_current_decision_a,3.33,2026-02-27T11:18:58.345Z
sensor.stormbreaker_adaptivecharge_available_current_decision_a,2.32,2026-02-27T11:19:01.752Z
sensor.stormbreaker_adaptivecharge_available_current_decision_a,2.3,2026-02-27T11:19:11.743Z
sensor.stormbreaker_adaptivecharge_available_current_decision_a,2.32,2026-02-27T11:19:21.599Z
sensor.stormbreaker_adaptivecharge_available_current_decision_a,0.0,2026-02-27T11:19:31.601Z
sensor.stormbreaker_adaptivecharge_available_current_decision_a,2.61,2026-02-27T11:19:41.604Z
sensor.stormbreaker_adaptivecharge_available_current_decision_a,2.6,2026-02-27T11:20:01.603Z
sensor.stormbreaker_adaptivecharge_available_current_decision_a,2.61,2026-02-27T11:20:11.605Z
sensor.stormbreaker_adaptivecharge_available_current_decision_a,2.6,2026-02-27T11:20:31.610Z
sensor.stormbreaker_adaptivecharge_available_current_decision_a,2.61,2026-02-27T11:20:41.610Z
sensor.stormbreaker_adaptivecharge_available_current_decision_a,2.34,2026-02-27T11:20:51.611Z
sensor.stormbreaker_adaptivecharge_available_current_decision_a,2.35,2026-02-27T11:21:41.620Z
sensor.stormbreaker_adaptivecharge_available_current_decision_a,1.92,2026-02-27T11:21:51.617Z
sensor.stormbreaker_adaptivecharge_available_current_decision_a,1.98,2026-02-27T11:22:21.623Z
sensor.stormbreaker_adaptivecharge_available_current_decision_a,3.26,2026-02-27T11:22:31.621Z
sensor.stormbreaker_adaptivecharge_available_current_decision_a,3.94,2026-02-27T11:22:41.622Z
sensor.stormbreaker_adaptivecharge_available_current_decision_a,2.0,2026-02-27T11:22:51.622Z
sensor.stormbreaker_adaptivecharge_available_current_decision_a,2.01,2026-02-27T11:23:01.623Z
sensor.stormbreaker_adaptivecharge_available_current_decision_a,1.95,2026-02-27T11:23:51.628Z
sensor.stormbreaker_adaptivecharge_available_current_decision_a,1.94,2026-02-27T11:24:11.629Z
sensor.stormbreaker_adaptivecharge_available_current_decision_a,1.93,2026-02-27T11:24:21.631Z
sensor.stormbreaker_adaptivecharge_available_current_decision_a,1.94,2026-02-27T11:24:41.632Z
sensor.stormbreaker_adaptivecharge_available_current_decision_a,1.86,2026-02-27T11:24:51.810Z
sensor.stormbreaker_adaptivecharge_available_current_decision_a,1.85,2026-02-27T11:25:11.815Z
sensor.stormbreaker_adaptivecharge_available_current_decision_a,1.86,2026-02-27T11:25:41.821Z
sensor.stormbreaker_adaptivecharge_available_current_decision_a,1.64,2026-02-27T11:25:51.822Z
sensor.stormbreaker_adaptivecharge_available_current_decision_a,0.66,2026-02-27T11:26:11.819Z
sensor.stormbreaker_adaptivecharge_available_current_decision_a,0.0,2026-02-27T11:26:21.826Z
sensor.stormbreaker_adaptivecharge_available_current_decision_a,1.83,2026-02-27T11:27:01.830Z
sensor.stormbreaker_adaptivecharge_available_current_decision_a,1.84,2026-02-27T11:27:11.828Z
sensor.stormbreaker_adaptivecharge_available_current_decision_a,1.83,2026-02-27T11:27:21.833Z
sensor.stormbreaker_adaptivecharge_available_current_decision_a,1.84,2026-02-27T11:27:41.830Z
sensor.stormbreaker_adaptivecharge_available_current_decision_a,1.88,2026-02-27T11:28:01.835Z
sensor.stormbreaker_adaptivecharge_available_current_decision_a,1.89,2026-02-27T11:28:11.837Z
sensor.stormbreaker_adaptivecharge_available_current_decision_a,1.87,2026-02-27T11:28:21.836Z
sensor.stormbreaker_adaptivecharge_available_current_decision_a,1.91,2026-02-27T11:29:01.841Z
sensor.stormbreaker_adaptivecharge_available_current_decision_a,1.95,2026-02-27T11:29:11.842Z
sensor.stormbreaker_adaptivecharge_available_current_decision_a,2.6,2026-02-27T11:29:21.838Z
sensor.stormbreaker_adaptivecharge_available_current_decision_a,2.94,2026-02-27T11:29:31.841Z
sensor.stormbreaker_adaptivecharge_available_current_decision_a,2.27,2026-02-27T11:30:08.277Z
sensor.stormbreaker_adaptivecharge_available_current_decision_a,3.26,2026-02-27T11:30:11.845Z
sensor.stormbreaker_adaptivecharge_available_current_decision_a,3.24,2026-02-27T11:30:31.842Z
sensor.stormbreaker_adaptivecharge_available_current_decision_a,3.25,2026-02-27T11:30:41.848Z
sensor.stormbreaker_adaptivecharge_available_current_decision_a,3.24,2026-02-27T11:30:51.849Z
sensor.stormbreaker_adaptivecharge_available_current_decision_a,2.56,2026-02-27T11:31:01.847Z
sensor.stormbreaker_adaptivecharge_available_current_decision_a,2.58,2026-02-27T11:31:11.850Z
sensor.stormbreaker_adaptivecharge_available_current_decision_a,2.56,2026-02-27T11:31:21.852Z
sensor.stormbreaker_adaptivecharge_available_current_decision_a,2.58,2026-02-27T11:31:31.849Z
sensor.stormbreaker_adaptivecharge_available_current_decision_a,2.57,2026-02-27T11:31:41.853Z
sensor.stormbreaker_adaptivecharge_available_current_decision_a,2.41,2026-02-27T11:32:01.854Z
sensor.stormbreaker_adaptivecharge_available_current_decision_a,2.39,2026-02-27T11:32:31.858Z
sensor.stormbreaker_adaptivecharge_available_current_decision_a,2.29,2026-02-27T11:33:01.860Z
sensor.stormbreaker_adaptivecharge_available_current_decision_a,2.3,2026-02-27T11:33:11.861Z
sensor.stormbreaker_adaptivecharge_available_current_decision_a,2.29,2026-02-27T11:33:41.867Z
sensor.stormbreaker_adaptivecharge_available_current_decision_a,2.3,2026-02-27T11:33:51.863Z
sensor.stormbreaker_adaptivecharge_available_current_decision_a,1.96,2026-02-27T11:34:11.869Z
sensor.stormbreaker_adaptivecharge_available_current_decision_a,1.95,2026-02-27T11:34:31.869Z
sensor.stormbreaker_adaptivecharge_available_current_decision_a,1.97,2026-02-27T11:35:11.876Z
sensor.stormbreaker_adaptivecharge_available_current_decision_a,1.96,2026-02-27T11:35:31.878Z
sensor.stormbreaker_adaptivecharge_available_current_decision_a,1.97,2026-02-27T11:35:41.879Z
sensor.stormbreaker_adaptivecharge_available_current_decision_a,1.96,2026-02-27T11:36:02.022Z
sensor.stormbreaker_adaptivecharge_available_current_decision_a,1.9,2026-02-27T11:36:12.027Z
sensor.stormbreaker_adaptivecharge_available_current_decision_a,1.91,2026-02-27T11:36:32.028Z
sensor.stormbreaker_adaptivecharge_available_current_decision_a,1.9,2026-02-27T11:36:42.029Z
sensor.stormbreaker_adaptivecharge_available_current_decision_a,1.91,2026-02-27T11:37:02.034Z
sensor.stormbreaker_adaptivecharge_available_current_decision_a,2.09,2026-02-27T11:37:12.031Z
sensor.stormbreaker_adaptivecharge_available_current_decision_a,2.07,2026-02-27T11:37:22.172Z
sensor.stormbreaker_adaptivecharge_available_current_decision_a,2.08,2026-02-27T11:37:42.183Z
sensor.stormbreaker_adaptivecharge_available_current_decision_a,2.38,2026-02-27T11:38:12.189Z
sensor.stormbreaker_adaptivecharge_available_current_decision_a,2.39,2026-02-27T11:38:22.185Z
sensor.stormbreaker_adaptivecharge_available_current_decision_a,2.38,2026-02-27T11:38:42.191Z
sensor.stormbreaker_adaptivecharge_available_current_decision_a,2.39,2026-02-27T11:38:52.190Z
sensor.stormbreaker_adaptivecharge_available_current_decision_a,2.38,2026-02-27T11:39:02.188Z
sensor.stormbreaker_adaptivecharge_available_current_decision_a,2.11,2026-02-27T11:39:12.191Z
sensor.stormbreaker_adaptivecharge_available_current_decision_a,2.1,2026-02-27T11:39:32.193Z
sensor.stormbreaker_adaptivecharge_available_current_decision_a,2.11,2026-02-27T11:39:42.194Z
sensor.stormbreaker_adaptivecharge_available_current_decision_a,2.1,2026-02-27T11:40:02.194Z
sensor.stormbreaker_adaptivecharge_available_current_decision_a,2.05,2026-02-27T11:40:12.197Z
sensor.stormbreaker_adaptivecharge_available_current_decision_a,2.04,2026-02-27T11:40:32.196Z
sensor.stormbreaker_adaptivecharge_available_current_decision_a,2.05,2026-02-27T11:40:52.198Z
sensor.stormbreaker_adaptivecharge_available_current_decision_a,2.06,2026-02-27T11:41:02.199Z
sensor.stormbreaker_adaptivecharge_available_current_decision_a,2.07,2026-02-27T11:41:12.203Z
sensor.stormbreaker_adaptivecharge_available_current_decision_a,1.82,2026-02-27T11:41:22.199Z
sensor.stormbreaker_adaptivecharge_available_current_decision_a,1.83,2026-02-27T11:41:32.209Z
sensor.stormbreaker_adaptivecharge_available_current_decision_a,1.82,2026-02-27T11:41:42.205Z
sensor.stormbreaker_adaptivecharge_available_current_decision_a,1.81,2026-02-27T11:41:52.206Z
sensor.stormbreaker_adaptivecharge_available_current_decision_a,1.83,2026-02-27T11:42:12.204Z
sensor.stormbreaker_adaptivecharge_available_current_decision_a,1.69,2026-02-27T11:42:22.208Z
sensor.stormbreaker_adaptivecharge_available_current_decision_a,1.7,2026-02-27T11:42:38.855Z
sensor.stormbreaker_adaptivecharge_available_current_decision_a,0.71,2026-02-27T11:42:42.215Z
sensor.stormbreaker_adaptivecharge_available_current_decision_a,0.0,2026-02-27T11:42:52.213Z
sensor.stormbreaker_adaptivecharge_available_current_decision_a,1.83,2026-02-27T11:43:22.221Z
sensor.stormbreaker_adaptivecharge_available_current_decision_a,1.84,2026-02-27T11:43:32.214Z
sensor.stormbreaker_adaptivecharge_available_current_decision_a,1.83,2026-02-27T11:43:42.215Z
sensor.stormbreaker_adaptivecharge_available_current_decision_a,1.84,2026-02-27T11:43:52.217Z
sensor.stormbreaker_adaptivecharge_available_current_decision_a,0.0,2026-02-27T11:44:22.221Z
sensor.stormbreaker_adaptivecharge_available_current_decision_a,1.17,2026-02-27T11:45:22.223Z
sensor.stormbreaker_adaptivecharge_available_current_decision_a,1.18,2026-02-27T11:46:02.224Z
sensor.stormbreaker_adaptivecharge_available_current_decision_a,1.42,2026-02-27T11:46:22.230Z
sensor.stormbreaker_adaptivecharge_available_current_decision_a,1.76,2026-02-27T11:46:32.229Z
sensor.stormbreaker_adaptivecharge_available_current_decision_a,2.11,2026-02-27T11:46:42.389Z
sensor.stormbreaker_adaptivecharge_available_current_decision_a,2.12,2026-02-27T11:46:52.234Z
sensor.stormbreaker_adaptivecharge_available_current_decision_a,2.11,2026-02-27T11:47:02.234Z
sensor.stormbreaker_adaptivecharge_available_current_decision_a,2.12,2026-02-27T11:47:22.234Z
sensor.stormbreaker_adaptivecharge_available_current_decision_a,1.2,2026-02-27T11:47:32.233Z
sensor.stormbreaker_adaptivecharge_available_current_decision_a,1.21,2026-02-27T11:47:42.235Z
sensor.stormbreaker_adaptivecharge_available_current_decision_a,1.2,2026-02-27T11:47:52.233Z
sensor.stormbreaker_adaptivecharge_available_current_decision_a,1.11,2026-02-27T11:48:32.238Z
sensor.stormbreaker_adaptivecharge_available_current_decision_a,1.09,2026-02-27T11:48:52.242Z
sensor.stormbreaker_adaptivecharge_available_current_decision_a,1.1,2026-02-27T11:49:12.242Z
sensor.stormbreaker_adaptivecharge_available_current_decision_a,1.09,2026-02-27T11:49:22.246Z
sensor.stormbreaker_adaptivecharge_available_current_decision_a,0.98,2026-02-27T11:49:32.246Z
sensor.stormbreaker_adaptivecharge_available_current_decision_a,1.0,2026-02-27T11:49:42.251Z
sensor.stormbreaker_adaptivecharge_available_current_decision_a,0.99,2026-02-27T11:49:52.251Z
sensor.stormbreaker_adaptivecharge_available_current_decision_a,1.0,2026-02-27T11:50:02.250Z
sensor.stormbreaker_adaptivecharge_available_current_decision_a,1.01,2026-02-27T11:50:22.255Z
sensor.stormbreaker_adaptivecharge_available_current_decision_a,1.0,2026-02-27T11:50:42.256Z
sensor.stormbreaker_adaptivecharge_available_current_decision_a,0.99,2026-02-27T11:50:52.256Z
sensor.stormbreaker_adaptivecharge_available_current_decision_a,0.98,2026-02-27T11:51:12.742Z
sensor.stormbreaker_adaptivecharge_available_current_decision_a,1.12,2026-02-27T11:51:32.748Z
sensor.stormbreaker_adaptivecharge_available_current_decision_a,0.09,2026-02-27T11:51:52.749Z
sensor.stormbreaker_adaptivecharge_available_current_decision_a,0.08,2026-02-27T11:52:02.753Z
sensor.stormbreaker_adaptivecharge_available_current_decision_a,1.08,2026-02-27T11:52:32.755Z
sensor.stormbreaker_adaptivecharge_available_current_decision_a,1.09,2026-02-27T11:53:02.755Z
sensor.stormbreaker_adaptivecharge_available_current_decision_a,1.08,2026-02-27T11:53:12.755Z
sensor.stormbreaker_adaptivecharge_available_current_decision_a,0.94,2026-02-27T11:53:42.757Z
sensor.stormbreaker_adaptivecharge_available_current_decision_a,0.95,2026-02-27T11:54:32.763Z
sensor.stormbreaker_adaptivecharge_available_current_decision_a,0.91,2026-02-27T11:54:42.767Z
sensor.stormbreaker_adaptivecharge_available_current_decision_a,0.92,2026-02-27T11:55:12.766Z
sensor.stormbreaker_adaptivecharge_available_current_decision_a,0.91,2026-02-27T11:55:32.768Z
sensor.stormbreaker_adaptivecharge_available_current_decision_a,0.93,2026-02-27T11:55:42.771Z
sensor.stormbreaker_adaptivecharge_available_current_decision_a,0.92,2026-02-27T11:55:52.771Z
sensor.stormbreaker_adaptivecharge_available_current_decision_a,0.93,2026-02-27T11:56:32.773Z
sensor.stormbreaker_adaptivecharge_available_current_decision_a,1.01,2026-02-27T11:56:42.778Z
sensor.stormbreaker_adaptivecharge_available_current_decision_a,1.02,2026-02-27T11:57:32.783Z
sensor.stormbreaker_adaptivecharge_available_current_decision_a,1.04,2026-02-27T11:57:42.781Z
sensor.stormbreaker_adaptivecharge_available_current_decision_a,1.7,2026-02-27T11:57:52.782Z
sensor.stormbreaker_adaptivecharge_available_current_decision_a,1.69,2026-02-27T11:58:12.786Z
sensor.stormbreaker_adaptivecharge_available_current_decision_a,1.7,2026-02-27T11:58:32.785Z
sensor.stormbreaker_adaptivecharge_available_current_decision_a,1.1,2026-02-27T11:58:42.788Z
sensor.stormbreaker_adaptivecharge_available_current_decision_a,1.04,2026-02-27T11:59:42.794Z
sensor.stormbreaker_adaptivecharge_available_current_decision_a,1.05,2026-02-27T11:59:52.793Z
sensor.stormbreaker_adaptivecharge_available_current_decision_a,1.06,2026-02-27T12:00:12.799Z
sensor.stormbreaker_adaptivecharge_available_current_decision_a,1.05,2026-02-27T12:00:32.800Z
sensor.stormbreaker_adaptivecharge_available_current_decision_a,0.88,2026-02-27T12:00:52.803Z
sensor.stormbreaker_adaptivecharge_available_current_decision_a,0.87,2026-02-27T12:01:02.804Z
sensor.stormbreaker_adaptivecharge_available_current_decision_a,0.88,2026-02-27T12:01:12.806Z
sensor.stormbreaker_adaptivecharge_available_current_decision_a,0.89,2026-02-27T12:01:22.807Z
sensor.stormbreaker_adaptivecharge_available_current_decision_a,0.88,2026-02-27T12:01:32.807Z
sensor.stormbreaker_adaptivecharge_available_current_decision_a,0.89,2026-02-27T12:01:42.807Z
sensor.stormbreaker_adaptivecharge_available_current_decision_a,0.8,2026-02-27T12:01:52.807Z
sensor.stormbreaker_adaptivecharge_available_current_decision_a,0.79,2026-02-27T12:02:02.809Z
sensor.stormbreaker_adaptivecharge_available_current_decision_a,0.0,2026-02-27T12:02:12.812Z
sensor.stormbreaker_adaptivecharge_available_current_decision_a,0.85,2026-02-27T12:02:52.814Z
sensor.stormbreaker_adaptivecharge_available_current_decision_a,0.84,2026-02-27T12:03:12.818Z
sensor.stormbreaker_adaptivecharge_available_current_decision_a,0.94,2026-02-27T12:04:52.831Z
sensor.stormbreaker_adaptivecharge_available_current_decision_a,0.93,2026-02-27T12:05:42.834Z
sensor.stormbreaker_adaptivecharge_available_current_decision_a,1.17,2026-02-27T12:05:52.832Z
sensor.stormbreaker_adaptivecharge_available_current_decision_a,1.16,2026-02-27T12:06:22.840Z
sensor.stormbreaker_adaptivecharge_available_current_decision_a,1.17,2026-02-27T12:06:32.843Z
sensor.stormbreaker_adaptivecharge_available_current_decision_a,1.29,2026-02-27T12:06:52.842Z
sensor.stormbreaker_adaptivecharge_available_current_decision_a,1.9,2026-02-27T12:07:02.849Z
sensor.stormbreaker_adaptivecharge_available_current_decision_a,1.21,2026-02-27T12:07:52.853Z
sensor.stormbreaker_adaptivecharge_available_current_decision_a,1.2,2026-02-27T12:08:12.857Z
sensor.stormbreaker_adaptivecharge_available_current_decision_a,1.19,2026-02-27T12:08:22.858Z
sensor.stormbreaker_adaptivecharge_available_current_decision_a,1.2,2026-02-27T12:08:32.859Z
sensor.stormbreaker_adaptivecharge_available_current_decision_a,1.19,2026-02-27T12:08:42.860Z
sensor.stormbreaker_adaptivecharge_available_current_decision_a,1.2,2026-02-27T12:08:52.864Z
sensor.stormbreaker_adaptivecharge_available_current_decision_a,1.42,2026-02-27T12:09:02.862Z
sensor.stormbreaker_adaptivecharge_available_current_decision_a,1.41,2026-02-27T12:09:12.861Z
sensor.stormbreaker_adaptivecharge_available_current_decision_a,1.43,2026-02-27T12:09:42.872Z
sensor.stormbreaker_adaptivecharge_available_current_decision_a,1.45,2026-02-27T12:10:02.872Z
sensor.stormbreaker_adaptivecharge_available_current_decision_a,1.44,2026-02-27T12:10:42.876Z
sensor.stormbreaker_adaptivecharge_available_current_decision_a,1.47,2026-02-27T12:11:02.877Z
sensor.stormbreaker_adaptivecharge_available_current_decision_a,1.48,2026-02-27T12:11:42.880Z
sensor.stormbreaker_adaptivecharge_available_current_decision_a,1.54,2026-02-27T12:12:02.882Z
sensor.stormbreaker_adaptivecharge_available_current_decision_a,1.53,2026-02-27T12:12:12.884Z
sensor.stormbreaker_adaptivecharge_available_current_decision_a,1.54,2026-02-27T12:12:22.886Z
sensor.stormbreaker_adaptivecharge_available_current_decision_a,1.53,2026-02-27T12:12:32.886Z
sensor.stormbreaker_adaptivecharge_available_current_decision_a,1.54,2026-02-27T12:12:52.884Z
sensor.stormbreaker_adaptivecharge_available_current_decision_a,1.51,2026-02-27T12:13:02.891Z
sensor.stormbreaker_adaptivecharge_available_current_decision_a,1.5,2026-02-27T12:13:42.893Z
sensor.stormbreaker_adaptivecharge_available_current_decision_a,1.51,2026-02-27T12:13:52.893Z
sensor.stormbreaker_adaptivecharge_available_current_decision_a,1.57,2026-02-27T12:14:12.895Z
sensor.stormbreaker_adaptivecharge_available_current_decision_a,1.58,2026-02-27T12:14:32.894Z
sensor.stormbreaker_adaptivecharge_available_current_decision_a,1.57,2026-02-27T12:14:52.896Z
sensor.stormbreaker_adaptivecharge_available_current_decision_a,1.42,2026-02-27T12:15:12.898Z
sensor.stormbreaker_adaptivecharge_available_current_decision_a,1.52,2026-02-27T12:16:12.905Z
sensor.stormbreaker_adaptivecharge_available_current_decision_a,1.51,2026-02-27T12:16:32.904Z
sensor.stormbreaker_adaptivecharge_available_current_decision_a,1.52,2026-02-27T12:16:42.904Z
sensor.stormbreaker_adaptivecharge_available_current_decision_a,1.51,2026-02-27T12:16:52.908Z
sensor.stormbreaker_adaptivecharge_available_current_decision_a,1.43,2026-02-27T12:17:12.908Z
sensor.stormbreaker_adaptivecharge_available_current_decision_a,1.44,2026-02-27T12:17:22.907Z
sensor.stormbreaker_adaptivecharge_available_current_decision_a,1.43,2026-02-27T12:17:32.911Z
sensor.stormbreaker_adaptivecharge_available_current_decision_a,1.38,2026-02-27T12:18:12.912Z
sensor.stormbreaker_adaptivecharge_available_current_decision_a,1.39,2026-02-27T12:18:32.923Z
sensor.stormbreaker_adaptivecharge_available_current_decision_a,1.37,2026-02-27T12:19:12.917Z
sensor.stormbreaker_adaptivecharge_available_current_decision_a,1.36,2026-02-27T12:19:22.918Z
sensor.stormbreaker_adaptivecharge_available_current_decision_a,1.37,2026-02-27T12:19:52.920Z
sensor.stormbreaker_adaptivecharge_available_current_decision_a,1.36,2026-02-27T12:20:02.920Z
sensor.stormbreaker_adaptivecharge_available_current_decision_a,1.35,2026-02-27T12:20:12.918Z
sensor.stormbreaker_adaptivecharge_available_current_decision_a,1.36,2026-02-27T12:20:52.925Z
sensor.stormbreaker_adaptivecharge_available_current_decision_a,1.41,2026-02-27T12:21:22.930Z
sensor.stormbreaker_adaptivecharge_available_current_decision_a,1.4,2026-02-27T12:21:32.931Z
sensor.stormbreaker_adaptivecharge_available_current_decision_a,1.41,2026-02-27T12:21:52.935Z
sensor.stormbreaker_adaptivecharge_available_current_decision_a,1.4,2026-02-27T12:22:02.937Z
sensor.stormbreaker_adaptivecharge_available_current_decision_a,1.41,2026-02-27T12:22:12.936Z
sensor.stormbreaker_adaptivecharge_available_current_decision_a,1.32,2026-02-27T12:22:22.936Z
sensor.stormbreaker_adaptivecharge_available_current_decision_a,1.29,2026-02-27T12:23:22.941Z
sensor.stormbreaker_adaptivecharge_available_current_decision_a,1.3,2026-02-27T12:23:32.942Z
sensor.stormbreaker_adaptivecharge_available_current_decision_a,1.29,2026-02-27T12:23:52.942Z
sensor.stormbreaker_adaptivecharge_available_current_decision_a,1.3,2026-02-27T12:24:02.944Z
sensor.stormbreaker_adaptivecharge_available_current_decision_a,1.24,2026-02-27T12:24:22.949Z
sensor.stormbreaker_adaptivecharge_available_current_decision_a,1.23,2026-02-27T12:24:42.952Z
sensor.stormbreaker_adaptivecharge_available_current_decision_a,2.78,2026-02-27T12:25:02.954Z
sensor.stormbreaker_adaptivecharge_available_current_decision_a,13.2,2026-02-27T12:25:12.959Z
sensor.stormbreaker_adaptivecharge_available_current_decision_a,1.55,2026-02-27T12:25:22.958Z
sensor.stormbreaker_adaptivecharge_available_current_decision_a,1.48,2026-02-27T12:25:32.959Z
sensor.stormbreaker_adaptivecharge_available_current_decision_a,0.0,2026-02-27T12:25:42.962Z
sensor.stormbreaker_adaptivecharge_available_current_decision_a,1.19,2026-02-27T12:26:22.963Z
sensor.stormbreaker_adaptivecharge_available_current_decision_a,1.18,2026-02-27T12:26:32.964Z
sensor.stormbreaker_adaptivecharge_available_current_decision_a,1.19,2026-02-27T12:27:02.966Z
sensor.stormbreaker_adaptivecharge_available_current_decision_a,1.22,2026-02-27T12:27:32.968Z
sensor.stormbreaker_adaptivecharge_available_current_decision_a,1.21,2026-02-27T12:27:52.971Z
sensor.stormbreaker_adaptivecharge_available_current_decision_a,0.85,2026-02-27T12:28:32.974Z
sensor.envoy_122252032811_balanced_net_power_consumption,-0.449,2026-02-27T10:00:00.000Z
sensor.envoy_122252032811_balanced_net_power_consumption,-0.526,2026-02-27T10:00:19.643Z
sensor.envoy_122252032811_balanced_net_power_consumption,-0.502,2026-02-27T10:01:21.445Z
sensor.envoy_122252032811_balanced_net_power_consumption,-0.4,2026-02-27T10:02:23.626Z
sensor.envoy_122252032811_balanced_net_power_consumption,-0.45,2026-02-27T10:03:25.424Z
sensor.envoy_122252032811_balanced_net_power_consumption,-0.494,2026-02-27T10:04:26.900Z
sensor.envoy_122252032811_balanced_net_power_consumption,-0.042,2026-02-27T10:05:28.182Z
sensor.envoy_122252032811_balanced_net_power_consumption,0.481,2026-02-27T10:06:30.527Z
sensor.envoy_122252032811_balanced_net_power_consumption,-3.2,2026-02-27T10:07:33.267Z
sensor.envoy_122252032811_balanced_net_power_consumption,-4.205,2026-02-27T10:08:35.380Z
sensor.envoy_122252032811_balanced_net_power_consumption,-4.238,2026-02-27T10:09:36.575Z
sensor.envoy_122252032811_balanced_net_power_consumption,-1.83,2026-02-27T10:10:37.916Z
sensor.envoy_122252032811_balanced_net_power_consumption,-0.599,2026-02-27T10:11:39.879Z
sensor.envoy_122252032811_balanced_net_power_consumption,-0.649,2026-02-27T10:12:41.341Z
sensor.envoy_122252032811_balanced_net_power_consumption,-0.734,2026-02-27T10:13:42.933Z
sensor.envoy_122252032811_balanced_net_power_consumption,-0.773,2026-02-27T10:14:45.949Z
sensor.envoy_122252032811_balanced_net_power_consumption,-0.918,2026-02-27T10:15:48.413Z
sensor.envoy_122252032811_balanced_net_power_consumption,-0.905,2026-02-27T10:16:49.358Z
sensor.envoy_122252032811_balanced_net_power_consumption,-1.125,2026-02-27T10:17:52.485Z
sensor.envoy_122252032811_balanced_net_power_consumption,0.066,2026-02-27T10:18:53.793Z
sensor.envoy_122252032811_balanced_net_power_consumption,-1.321,2026-02-27T10:19:54.776Z
sensor.envoy_122252032811_balanced_net_power_consumption,-0.718,2026-02-27T10:20:57.030Z
sensor.envoy_122252032811_balanced_net_power_consumption,-0.724,2026-02-27T10:21:59.091Z
sensor.envoy_122252032811_balanced_net_power_consumption,-0.107,2026-02-27T10:23:00.227Z
sensor.envoy_122252032811_balanced_net_power_consumption,-0.042,2026-02-27T10:24:01.887Z
sensor.envoy_122252032811_balanced_net_power_consumption,-0.781,2026-02-27T10:25:03.533Z
sensor.envoy_122252032811_balanced_net_power_consumption,1.005,2026-02-27T10:26:05.328Z
sensor.envoy_122252032811_balanced_net_power_consumption,-0.205,2026-02-27T10:27:06.443Z
sensor.envoy_122252032811_balanced_net_power_consumption,-3.784,2026-02-27T10:28:08.331Z
sensor.envoy_122252032811_balanced_net_power_consumption,1.447,2026-02-27T10:29:09.798Z
sensor.envoy_122252032811_balanced_net_power_consumption,-1.875,2026-02-27T10:30:11.444Z
sensor.envoy_122252032811_balanced_net_power_consumption,-1.771,2026-02-27T10:31:13.926Z
sensor.envoy_122252032811_balanced_net_power_consumption,-1.752,2026-02-27T10:32:16.826Z
sensor.envoy_122252032811_balanced_net_power_consumption,-0.36,2026-02-27T10:33:17.637Z
sensor.envoy_122252032811_balanced_net_power_consumption,-0.366,2026-02-27T10:34:18.740Z
sensor.envoy_122252032811_balanced_net_power_consumption,-0.074,2026-02-27T10:35:20.358Z
sensor.envoy_122252032811_balanced_net_power_consumption,-0.322,2026-02-27T10:36:21.766Z
sensor.envoy_122252032811_balanced_net_power_consumption,-0.315,2026-02-27T10:37:22.873Z
sensor.envoy_122252032811_balanced_net_power_consumption,-0.128,2026-02-27T10:38:24.002Z
sensor.envoy_122252032811_balanced_net_power_consumption,-0.158,2026-02-27T10:39:26.135Z
sensor.envoy_122252032811_balanced_net_power_consumption,-0.145,2026-02-27T10:40:27.961Z
sensor.envoy_122252032811_balanced_net_power_consumption,-0.187,2026-02-27T10:41:30.642Z
sensor.envoy_122252032811_balanced_net_power_consumption,-0.229,2026-02-27T10:42:32.943Z
sensor.envoy_122252032811_balanced_net_power_consumption,-0.529,2026-02-27T10:43:35.907Z
sensor.envoy_122252032811_balanced_net_power_consumption,-0.897,2026-02-27T10:44:37.924Z
sensor.envoy_122252032811_balanced_net_power_consumption,-0.795,2026-02-27T10:45:40.327Z
sensor.envoy_122252032811_balanced_net_power_consumption,-0.747,2026-02-27T10:46:42.278Z
sensor.envoy_122252032811_balanced_net_power_consumption,-1.142,2026-02-27T10:47:44.171Z
sensor.envoy_122252032811_balanced_net_power_consumption,-1.248,2026-02-27T10:48:46.295Z
sensor.envoy_122252032811_balanced_net_power_consumption,-1.122,2026-02-27T10:49:48.296Z
sensor.envoy_122252032811_balanced_net_power_consumption,-0.93,2026-02-27T10:50:50.101Z
sensor.envoy_122252032811_balanced_net_power_consumption,-0.701,2026-02-27T10:51:51.899Z
sensor.envoy_122252032811_balanced_net_power_consumption,-0.636,2026-02-27T10:52:52.249Z
sensor.envoy_122252032811_balanced_net_power_consumption,-1.105,2026-02-27T10:53:54.117Z
sensor.envoy_122252032811_balanced_net_power_consumption,-3.047,2026-02-27T10:54:56.064Z
sensor.envoy_122252032811_balanced_net_power_consumption,-1.032,2026-02-27T10:55:58.192Z
sensor.envoy_122252032811_balanced_net_power_consumption,0.668,2026-02-27T10:57:00.455Z
sensor.envoy_122252032811_balanced_net_power_consumption,-2.324,2026-02-27T10:58:01.495Z
sensor.envoy_122252032811_balanced_net_power_consumption,-1.898,2026-02-27T10:59:03.156Z
sensor.envoy_122252032811_balanced_net_power_consumption,-3.266,2026-02-27T11:00:04.997Z
sensor.envoy_122252032811_balanced_net_power_consumption,-3.698,2026-02-27T11:01:06.941Z
sensor.envoy_122252032811_balanced_net_power_consumption,-1.757,2026-02-27T11:02:09.791Z
sensor.envoy_122252032811_balanced_net_power_consumption,0.062,2026-02-27T11:03:10.972Z
sensor.envoy_122252032811_balanced_net_power_consumption,-1.589,2026-02-27T11:04:13.269Z
sensor.envoy_122252032811_balanced_net_power_consumption,-1.081,2026-02-27T11:05:15.340Z
sensor.envoy_122252032811_balanced_net_power_consumption,-0.347,2026-02-27T11:06:18.044Z
sensor.envoy_122252032811_balanced_net_power_consumption,-0.369,2026-02-27T11:07:21.199Z
sensor.envoy_122252032811_balanced_net_power_consumption,-0.368,2026-02-27T11:08:23.104Z
sensor.envoy_122252032811_balanced_net_power_consumption,2.378,2026-02-27T11:09:24.198Z
sensor.envoy_122252032811_balanced_net_power_consumption,0.054,2026-02-27T11:10:25.675Z
sensor.envoy_122252032811_balanced_net_power_consumption,-1.644,2026-02-27T11:11:27.615Z
sensor.envoy_122252032811_balanced_net_power_consumption,-1.677,2026-02-27T11:12:29.154Z
sensor.envoy_122252032811_balanced_net_power_consumption,-1.294,2026-02-27T11:13:31.239Z
sensor.envoy_122252032811_balanced_net_power_consumption,-0.692,2026-02-27T11:14:32.815Z
sensor.envoy_122252032811_balanced_net_power_consumption,-0.582,2026-02-27T11:15:34.669Z
sensor.envoy_122252032811_balanced_net_power_consumption,-2.96,2026-02-27T11:16:35.767Z
sensor.envoy_122252032811_balanced_net_power_consumption,-0.397,2026-02-27T11:17:37.554Z
sensor.envoy_122252032811_balanced_net_power_consumption,0.508,2026-02-27T11:18:39.745Z
sensor.envoy_122252032811_balanced_net_power_consumption,-1.828,2026-02-27T11:19:40.891Z
sensor.envoy_122252032811_balanced_net_power_consumption,-1.639,2026-02-27T11:20:42.401Z
sensor.envoy_122252032811_balanced_net_power_consumption,-1.338,2026-02-27T11:21:43.188Z
sensor.envoy_122252032811_balanced_net_power_consumption,0.023,2026-02-27T11:22:45.163Z
sensor.envoy_122252032811_balanced_net_power_consumption,0.07,2026-02-27T11:23:47.292Z
sensor.envoy_122252032811_balanced_net_power_consumption,0.133,2026-02-27T11:24:49.644Z
sensor.envoy_122252032811_balanced_net_power_consumption,0.276,2026-02-27T11:25:50.676Z
sensor.envoy_122252032811_balanced_net_power_consumption,-1.276,2026-02-27T11:26:52.248Z
sensor.envoy_122252032811_balanced_net_power_consumption,-1.304,2026-02-27T11:27:53.753Z
sensor.envoy_122252032811_balanced_net_power_consumption,-1.34,2026-02-27T11:28:55.417Z
sensor.envoy_122252032811_balanced_net_power_consumption,-0.864,2026-02-27T11:29:56.243Z
sensor.envoy_122252032811_balanced_net_power_consumption,-0.387,2026-02-27T11:30:58.030Z
sensor.envoy_122252032811_balanced_net_power_consumption,-0.273,2026-02-27T11:31:59.753Z
sensor.envoy_122252032811_balanced_net_power_consumption,-0.188,2026-02-27T11:33:01.489Z
sensor.envoy_122252032811_balanced_net_power_consumption,0.052,2026-02-27T11:34:02.559Z
sensor.envoy_122252032811_balanced_net_power_consumption,0.044,2026-02-27T11:35:04.295Z
sensor.envoy_122252032811_balanced_net_power_consumption,0.084,2026-02-27T11:36:05.770Z
sensor.envoy_122252032811_balanced_net_power_consumption,-0.044,2026-02-27T11:37:06.815Z
sensor.envoy_122252032811_balanced_net_power_consumption,-0.258,2026-02-27T11:38:07.655Z
sensor.envoy_122252032811_balanced_net_power_consumption,-0.062,2026-02-27T11:39:09.076Z
sensor.envoy_122252032811_balanced_net_power_consumption,-0.023,2026-02-27T11:40:11.012Z
sensor.envoy_122252032811_balanced_net_power_consumption,0.144,2026-02-27T11:41:13.075Z
sensor.envoy_122252032811_balanced_net_power_consumption,0.232,2026-02-27T11:42:14.740Z
sensor.envoy_122252032811_balanced_net_power_consumption,-1.288,2026-02-27T11:43:16.604Z
sensor.envoy_122252032811_balanced_net_power_consumption,0.488,2026-02-27T11:44:17.532Z
sensor.envoy_122252032811_balanced_net_power_consumption,-0.821,2026-02-27T11:45:19.004Z
sensor.envoy_122252032811_balanced_net_power_consumption,-0.754,2026-02-27T11:46:21.649Z
sensor.envoy_122252032811_balanced_net_power_consumption,-0.114,2026-02-27T11:47:23.193Z
sensor.envoy_122252032811_balanced_net_power_consumption,-0.04,2026-02-27T11:48:25.462Z
sensor.envoy_122252032811_balanced_net_power_consumption,0.026,2026-02-27T11:49:26.229Z
sensor.envoy_122252032811_balanced_net_power_consumption,0.032,2026-02-27T11:50:28.609Z
sensor.envoy_122252032811_balanced_net_power_consumption,-0.056,2026-02-27T11:51:29.858Z
sensor.envoy_122252032811_balanced_net_power_consumption,-0.763,2026-02-27T11:52:31.986Z
sensor.envoy_122252032811_balanced_net_power_consumption,-0.664,2026-02-27T11:53:33.840Z
sensor.envoy_122252032811_balanced_net_power_consumption,-0.644,2026-02-27T11:54:34.880Z
sensor.envoy_122252032811_balanced_net_power_consumption,-0.653,2026-02-27T11:55:35.540Z
sensor.envoy_122252032811_balanced_net_power_consumption,-0.712,2026-02-27T11:56:37.605Z
sensor.envoy_122252032811_balanced_net_power_consumption,-0.465,2026-02-27T11:57:39.532Z
sensor.envoy_122252032811_balanced_net_power_consumption,-0.045,2026-02-27T11:58:41.015Z
sensor.envoy_122252032811_balanced_net_power_consumption,-0.01,2026-02-27T11:59:42.675Z
sensor.envoy_122252032811_balanced_net_power_consumption,0.11,2026-02-27T12:00:43.771Z
sensor.envoy_122252032811_balanced_net_power_consumption,0.169,2026-02-27T12:01:44.252Z
sensor.envoy_122252032811_balanced_net_power_consumption,-0.592,2026-02-27T12:02:46.778Z
sensor.envoy_122252032811_balanced_net_power_consumption,-0.589,2026-02-27T12:03:47.321Z
sensor.envoy_122252032811_balanced_net_power_consumption,-0.66,2026-02-27T12:04:48.669Z
sensor.envoy_122252032811_balanced_net_power_consumption,-0.819,2026-02-27T12:05:49.838Z
sensor.envoy_122252032811_balanced_net_power_consumption,-0.611,2026-02-27T12:06:50.661Z
sensor.envoy_122252032811_balanced_net_power_consumption,-0.116,2026-02-27T12:07:52.679Z
sensor.envoy_122252032811_balanced_net_power_consumption,-0.268,2026-02-27T12:08:54.069Z
sensor.envoy_122252032811_balanced_net_power_consumption,-0.283,2026-02-27T12:09:56.743Z
sensor.envoy_122252032811_balanced_net_power_consumption,-0.302,2026-02-27T12:10:58.249Z
sensor.envoy_122252032811_balanced_net_power_consumption,-0.345,2026-02-27T12:12:01.103Z
sensor.envoy_122252032811_balanced_net_power_consumption,-0.327,2026-02-27T12:13:02.796Z
sensor.envoy_122252032811_balanced_net_power_consumption,-0.376,2026-02-27T12:14:03.664Z
sensor.envoy_122252032811_balanced_net_power_consumption,-0.268,2026-02-27T12:15:04.859Z
sensor.envoy_122252032811_balanced_net_power_consumption,-0.336,2026-02-27T12:16:05.155Z
sensor.envoy_122252032811_balanced_net_power_consumption,-0.279,2026-02-27T12:17:06.683Z
sensor.envoy_122252032811_balanced_net_power_consumption,-0.246,2026-02-27T12:18:08.662Z
sensor.envoy_122252032811_balanced_net_power_consumption,-0.229,2026-02-27T12:19:09.925Z
sensor.envoy_122252032811_balanced_net_power_consumption,-0.223,2026-02-27T12:20:11.304Z
sensor.envoy_122252032811_balanced_net_power_consumption,-0.256,2026-02-27T12:21:13.287Z
sensor.envoy_122252032811_balanced_net_power_consumption,-0.2,2026-02-27T12:22:16.315Z
sensor.envoy_122252032811_balanced_net_power_consumption,-0.184,2026-02-27T12:23:17.887Z
sensor.envoy_122252032811_balanced_net_power_consumption,-0.142,2026-02-27T12:24:19.457Z
sensor.envoy_122252032811_balanced_net_power_consumption,10.182,2026-02-27T12:25:21.096Z
sensor.envoy_122252032811_balanced_net_power_consumption,-0.831,2026-02-27T12:26:22.477Z
sensor.envoy_122252032811_balanced_net_power_consumption,-0.85,2026-02-27T12:27:23.766Z
sensor.envoy_122252032811_balanced_net_power_consumption,-0.586,2026-02-27T12:28:25.218Z
sensor.car_charger_enphase_power,3.641559,2026-02-27T10:00:00.000Z
sensor.car_charger_enphase_power,3.637919,2026-02-27T10:00:00.323Z
sensor.car_charger_enphase_power,3.64285,2026-02-27T10:00:05.329Z
sensor.car_charger_enphase_power,3.644128,2026-02-27T10:00:10.320Z
sensor.car_charger_enphase_power,3.644823,2026-02-27T10:00:15.302Z
sensor.car_charger_enphase_power,3.646041,2026-02-27T10:00:20.314Z
sensor.car_charger_enphase_power,3.646555,2026-02-27T10:00:25.304Z
sensor.car_charger_enphase_power,3.640923,2026-02-27T10:00:30.314Z
sensor.car_charger_enphase_power,3.637261,2026-02-27T10:00:35.301Z
sensor.car_charger_enphase_power,3.637386,2026-02-27T10:00:40.282Z
sensor.car_charger_enphase_power,3.641715,2026-02-27T10:00:45.295Z
sensor.car_charger_enphase_power,3.64058,2026-02-27T10:00:50.305Z
sensor.car_charger_enphase_power,3.640945,2026-02-27T10:00:55.314Z
sensor.car_charger_enphase_power,3.642785,2026-02-27T10:01:00.301Z
sensor.car_charger_enphase_power,3.646482,2026-02-27T10:01:05.308Z
sensor.car_charger_enphase_power,3.643199,2026-02-27T10:01:10.307Z
sensor.car_charger_enphase_power,3.645607,2026-02-27T10:01:15.313Z
sensor.car_charger_enphase_power,3.649731,2026-02-27T10:01:20.378Z
sensor.car_charger_enphase_power,3.645317,2026-02-27T10:01:25.300Z
sensor.car_charger_enphase_power,3.645466,2026-02-27T10:01:30.320Z
sensor.car_charger_enphase_power,3.648572,2026-02-27T10:01:35.367Z
sensor.car_charger_enphase_power,3.65136,2026-02-27T10:01:40.302Z
sensor.car_charger_enphase_power,3.64386,2026-02-27T10:01:45.313Z
sensor.car_charger_enphase_power,3.648927,2026-02-27T10:01:50.407Z
sensor.car_charger_enphase_power,3.654861,2026-02-27T10:01:55.339Z
sensor.car_charger_enphase_power,3.650781,2026-02-27T10:02:00.326Z
sensor.car_charger_enphase_power,3.652394,2026-02-27T10:02:05.322Z
sensor.car_charger_enphase_power,3.649931,2026-02-27T10:02:10.319Z
sensor.car_charger_enphase_power,3.650717,2026-02-27T10:02:15.320Z
sensor.car_charger_enphase_power,3.647605,2026-02-27T10:02:20.353Z
sensor.car_charger_enphase_power,3.644137,2026-02-27T10:02:25.317Z
sensor.car_charger_enphase_power,3.650146,2026-02-27T10:02:30.294Z
sensor.car_charger_enphase_power,3.649304,2026-02-27T10:02:35.514Z
sensor.car_charger_enphase_power,3.645094,2026-02-27T10:02:40.367Z
sensor.car_charger_enphase_power,3.64113,2026-02-27T10:02:45.304Z
sensor.car_charger_enphase_power,3.647395,2026-02-27T10:02:50.326Z
sensor.car_charger_enphase_power,3.642015,2026-02-27T10:02:55.341Z
sensor.car_charger_enphase_power,3.635223,2026-02-27T10:03:00.301Z
sensor.car_charger_enphase_power,3.642763,2026-02-27T10:03:05.317Z
sensor.car_charger_enphase_power,3.654297,2026-02-27T10:03:10.300Z
sensor.car_charger_enphase_power,3.64745,2026-02-27T10:03:15.321Z
sensor.car_charger_enphase_power,3.649215,2026-02-27T10:03:20.300Z
sensor.car_charger_enphase_power,3.651228,2026-02-27T10:03:25.325Z
sensor.car_charger_enphase_power,3.65012,2026-02-27T10:03:30.357Z
sensor.car_charger_enphase_power,3.639023,2026-02-27T10:03:35.298Z
sensor.car_charger_enphase_power,3.64344,2026-02-27T10:03:40.998Z
sensor.car_charger_enphase_power,3.651406,2026-02-27T10:03:46.308Z
sensor.car_charger_enphase_power,3.646178,2026-02-27T10:03:51.316Z
sensor.car_charger_enphase_power,3.647632,2026-02-27T10:03:56.299Z
sensor.car_charger_enphase_power,3.652298,2026-02-27T10:04:01.362Z
sensor.car_charger_enphase_power,3.650678,2026-02-27T10:04:06.325Z
sensor.car_charger_enphase_power,3.6426,2026-02-27T10:04:11.304Z
sensor.car_charger_enphase_power,3.646096,2026-02-27T10:04:16.324Z
sensor.car_charger_enphase_power,3.649451,2026-02-27T10:04:21.322Z
sensor.car_charger_enphase_power,3.650685,2026-02-27T10:04:26.289Z
sensor.car_charger_enphase_power,3.653855,2026-02-27T10:04:31.321Z
sensor.car_charger_enphase_power,3.650649,2026-02-27T10:04:36.307Z
sensor.car_charger_enphase_power,3.650099,2026-02-27T10:04:41.403Z
sensor.car_charger_enphase_power,3.646101,2026-02-27T10:04:46.300Z
sensor.car_charger_enphase_power,3.648836,2026-02-27T10:04:51.310Z
sensor.car_charger_enphase_power,3.654268,2026-02-27T10:04:56.304Z
sensor.car_charger_enphase_power,3.646578,2026-02-27T10:05:01.311Z
sensor.car_charger_enphase_power,3.648397,2026-02-27T10:05:06.338Z
sensor.car_charger_enphase_power,3.647931,2026-02-27T10:05:11.308Z
sensor.car_charger_enphase_power,3.639925,2026-02-27T10:05:16.409Z
sensor.car_charger_enphase_power,3.635352,2026-02-27T10:05:21.318Z
sensor.car_charger_enphase_power,3.63153,2026-02-27T10:05:26.318Z
sensor.car_charger_enphase_power,3.63739,2026-02-27T10:05:31.300Z
sensor.car_charger_enphase_power,3.642926,2026-02-27T10:05:36.387Z
sensor.car_charger_enphase_power,3.638973,2026-02-27T10:05:41.326Z
sensor.car_charger_enphase_power,3.633139,2026-02-27T10:05:46.309Z
sensor.car_charger_enphase_power,3.627084,2026-02-27T10:05:51.313Z
sensor.car_charger_enphase_power,3.636549,2026-02-27T10:05:56.300Z
sensor.car_charger_enphase_power,3.626977,2026-02-27T10:06:01.340Z
sensor.car_charger_enphase_power,3.625296,2026-02-27T10:06:06.344Z
sensor.car_charger_enphase_power,3.623656,2026-02-27T10:06:11.312Z
sensor.car_charger_enphase_power,3.6204,2026-02-27T10:06:16.317Z
sensor.car_charger_enphase_power,3.622602,2026-02-27T10:06:21.371Z
sensor.car_charger_enphase_power,3.622529,2026-02-27T10:06:26.312Z
sensor.car_charger_enphase_power,3.621825,2026-02-27T10:06:31.310Z
sensor.car_charger_enphase_power,3.627241,2026-02-27T10:06:36.303Z
sensor.car_charger_enphase_power,3.62977,2026-02-27T10:06:41.308Z
sensor.car_charger_enphase_power,3.629595,2026-02-27T10:06:46.332Z
sensor.car_charger_enphase_power,3.617838,2026-02-27T10:06:51.316Z
sensor.car_charger_enphase_power,2.895285,2026-02-27T10:06:56.298Z
sensor.car_charger_enphase_power,2.898077,2026-02-27T10:07:01.332Z
sensor.car_charger_enphase_power,2.89967,2026-02-27T10:07:06.311Z
sensor.car_charger_enphase_power,2.898545,2026-02-27T10:07:11.309Z
sensor.car_charger_enphase_power,2.901299,2026-02-27T10:07:16.358Z
sensor.car_charger_enphase_power,2.911129,2026-02-27T10:07:21.306Z
sensor.car_charger_enphase_power,2.924951,2026-02-27T10:07:26.304Z
sensor.car_charger_enphase_power,2.929023,2026-02-27T10:07:31.356Z
sensor.car_charger_enphase_power,0.005578,2026-02-27T10:07:36.358Z
sensor.car_charger_enphase_power,0.005523,2026-02-27T10:07:41.300Z
sensor.car_charger_enphase_power,0.005782,2026-02-27T10:07:46.300Z
sensor.car_charger_enphase_power,0.005641,2026-02-27T10:07:51.341Z
sensor.car_charger_enphase_power,0.0,2026-02-27T10:07:56.326Z
sensor.car_charger_enphase_power,0.006046,2026-02-27T10:08:06.320Z
sensor.car_charger_enphase_power,0.0,2026-02-27T10:08:11.300Z
sensor.car_charger_enphase_power,0.005616,2026-02-27T10:08:16.305Z
sensor.car_charger_enphase_power,0.005739,2026-02-27T10:08:21.338Z
sensor.car_charger_enphase_power,0.00556,2026-02-27T10:08:26.293Z
sensor.car_charger_enphase_power,0.0,2026-02-27T10:08:31.317Z
sensor.car_charger_enphase_power,0.005894,2026-02-27T10:08:36.313Z
sensor.car_charger_enphase_power,0.0,2026-02-27T10:08:41.299Z
sensor.car_charger_enphase_power,0.005694,2026-02-27T10:08:46.281Z
sensor.car_charger_enphase_power,0.0,2026-02-27T10:08:51.321Z
sensor.car_charger_enphase_power,0.005821,2026-02-27T10:08:56.326Z
sensor.car_charger_enphase_power,0.0,2026-02-27T10:09:01.298Z
sensor.car_charger_enphase_power,0.005891,2026-02-27T10:09:06.443Z
sensor.car_charger_enphase_power,0.0,2026-02-27T10:09:11.315Z
sensor.car_charger_enphase_power,0.005603,2026-02-27T10:09:21.294Z
sensor.car_charger_enphase_power,0.005661,2026-02-27T10:09:26.343Z
sensor.car_charger_enphase_power,0.0,2026-02-27T10:09:31.331Z
sensor.car_charger_enphase_power,0.006082,2026-02-27T10:09:36.333Z
sensor.car_charger_enphase_power,0.0,2026-02-27T10:09:41.309Z
sensor.car_charger_enphase_power,0.005603,2026-02-27T10:09:46.288Z
sensor.car_charger_enphase_power,0.005605,2026-02-27T10:09:51.334Z
sensor.car_charger_enphase_power,0.005689,2026-02-27T10:09:56.300Z
sensor.car_charger_enphase_power,0.0,2026-02-27T10:10:01.317Z
sensor.car_charger_enphase_power,0.005871,2026-02-27T10:10:06.395Z
sensor.car_charger_enphase_power,0.0,2026-02-27T10:10:11.312Z
sensor.car_charger_enphase_power,0.005532,2026-02-27T10:10:16.298Z
sensor.car_charger_enphase_power,0.007716,2026-02-27T10:10:21.305Z
sensor.car_charger_enphase_power,0.046483,2026-02-27T10:10:26.314Z
sensor.car_charger_enphase_power,1.041958,2026-02-27T10:10:31.311Z
sensor.car_charger_enphase_power,2.418974,2026-02-27T10:10:36.384Z
sensor.car_charger_enphase_power,2.56118,2026-02-27T10:10:41.298Z
sensor.car_charger_enphase_power,3.64352,2026-02-27T10:10:46.287Z
sensor.car_charger_enphase_power,3.636134,2026-02-27T10:10:51.311Z
sensor.car_charger_enphase_power,3.638451,2026-02-27T10:10:56.315Z
sensor.car_charger_enphase_power,3.653661,2026-02-27T10:11:01.308Z
sensor.car_charger_enphase_power,3.662629,2026-02-27T10:11:06.305Z
sensor.car_charger_enphase_power,3.647772,2026-02-27T10:11:11.309Z
sensor.car_charger_enphase_power,3.647952,2026-02-27T10:11:16.295Z
sensor.car_charger_enphase_power,3.643002,2026-02-27T10:11:21.291Z
sensor.car_charger_enphase_power,3.643803,2026-02-27T10:11:26.304Z
sensor.car_charger_enphase_power,3.646125,2026-02-27T10:11:31.319Z
sensor.car_charger_enphase_power,3.650801,2026-02-27T10:11:36.318Z
sensor.car_charger_enphase_power,3.656119,2026-02-27T10:11:41.305Z
sensor.car_charger_enphase_power,3.658008,2026-02-27T10:11:46.312Z
sensor.car_charger_enphase_power,3.655338,2026-02-27T10:11:51.293Z
sensor.car_charger_enphase_power,3.652221,2026-02-27T10:11:56.302Z
sensor.car_charger_enphase_power,3.656397,2026-02-27T10:12:01.313Z
sensor.car_charger_enphase_power,3.650381,2026-02-27T10:12:06.322Z
sensor.car_charger_enphase_power,3.646809,2026-02-27T10:12:11.319Z
sensor.car_charger_enphase_power,3.649195,2026-02-27T10:12:16.315Z
sensor.car_charger_enphase_power,3.650824,2026-02-27T10:12:21.349Z
sensor.car_charger_enphase_power,3.642945,2026-02-27T10:12:26.302Z
sensor.car_charger_enphase_power,3.647445,2026-02-27T10:12:31.307Z
sensor.car_charger_enphase_power,3.65138,2026-02-27T10:12:36.314Z
sensor.car_charger_enphase_power,3.647214,2026-02-27T10:12:41.325Z
sensor.car_charger_enphase_power,3.644406,2026-02-27T10:12:46.361Z
sensor.car_charger_enphase_power,3.652112,2026-02-27T10:12:51.450Z
sensor.car_charger_enphase_power,3.652207,2026-02-27T10:12:56.297Z
sensor.car_charger_enphase_power,3.646087,2026-02-27T10:13:01.298Z
sensor.car_charger_enphase_power,3.643063,2026-02-27T10:13:06.310Z
sensor.car_charger_enphase_power,3.645185,2026-02-27T10:13:11.306Z
sensor.car_charger_enphase_power,3.644253,2026-02-27T10:13:16.429Z
sensor.car_charger_enphase_power,3.646861,2026-02-27T10:13:21.310Z
sensor.car_charger_enphase_power,3.640344,2026-02-27T10:13:26.387Z
sensor.car_charger_enphase_power,3.638285,2026-02-27T10:13:31.302Z
sensor.car_charger_enphase_power,3.646087,2026-02-27T10:13:36.522Z
sensor.car_charger_enphase_power,3.643329,2026-02-27T10:13:41.312Z
sensor.car_charger_enphase_power,3.642268,2026-02-27T10:13:46.295Z
sensor.car_charger_enphase_power,3.641529,2026-02-27T10:13:51.317Z
sensor.car_charger_enphase_power,3.628943,2026-02-27T10:13:56.297Z
sensor.car_charger_enphase_power,3.64459,2026-02-27T10:14:01.292Z
sensor.car_charger_enphase_power,3.637595,2026-02-27T10:14:06.556Z
sensor.car_charger_enphase_power,3.653993,2026-02-27T10:14:11.303Z
sensor.car_charger_enphase_power,3.662236,2026-02-27T10:14:16.652Z
sensor.car_charger_enphase_power,3.65616,2026-02-27T10:14:21.306Z
sensor.car_charger_enphase_power,3.665812,2026-02-27T10:14:26.315Z
sensor.car_charger_enphase_power,3.666375,2026-02-27T10:14:31.314Z
sensor.car_charger_enphase_power,3.657664,2026-02-27T10:14:36.285Z
sensor.car_charger_enphase_power,3.659193,2026-02-27T10:14:41.300Z
sensor.car_charger_enphase_power,3.64384,2026-02-27T10:14:46.307Z
sensor.car_charger_enphase_power,3.656204,2026-02-27T10:14:51.282Z
sensor.car_charger_enphase_power,3.660814,2026-02-27T10:14:56.336Z
sensor.car_charger_enphase_power,3.659837,2026-02-27T10:15:01.442Z
sensor.car_charger_enphase_power,3.667559,2026-02-27T10:15:06.319Z
sensor.car_charger_enphase_power,3.671757,2026-02-27T10:15:11.336Z
sensor.car_charger_enphase_power,3.658114,2026-02-27T10:15:16.319Z
sensor.car_charger_enphase_power,3.660718,2026-02-27T10:15:21.503Z
sensor.car_charger_enphase_power,3.645314,2026-02-27T10:15:26.328Z
sensor.car_charger_enphase_power,3.659298,2026-02-27T10:15:31.297Z
sensor.car_charger_enphase_power,3.64105,2026-02-27T10:15:36.311Z
sensor.car_charger_enphase_power,3.663726,2026-02-27T10:15:41.298Z
sensor.car_charger_enphase_power,3.644562,2026-02-27T10:15:46.327Z
sensor.car_charger_enphase_power,3.649108,2026-02-27T10:15:51.303Z
sensor.car_charger_enphase_power,3.664687,2026-02-27T10:15:56.341Z
sensor.car_charger_enphase_power,3.656263,2026-02-27T10:16:01.298Z
sensor.car_charger_enphase_power,3.647809,2026-02-27T10:16:06.337Z
sensor.car_charger_enphase_power,3.665882,2026-02-27T10:16:11.321Z
sensor.car_charger_enphase_power,3.64812,2026-02-27T10:16:16.309Z
sensor.car_charger_enphase_power,3.657422,2026-02-27T10:16:21.318Z
sensor.car_charger_enphase_power,3.662663,2026-02-27T10:16:26.307Z
sensor.car_charger_enphase_power,3.645092,2026-02-27T10:16:31.303Z
sensor.car_charger_enphase_power,3.649735,2026-02-27T10:16:36.321Z
sensor.car_charger_enphase_power,3.653741,2026-02-27T10:16:41.334Z
sensor.car_charger_enphase_power,3.65559,2026-02-27T10:16:46.376Z
sensor.car_charger_enphase_power,3.649168,2026-02-27T10:16:51.313Z
sensor.car_charger_enphase_power,3.65291,2026-02-27T10:16:56.308Z
sensor.car_charger_enphase_power,3.658975,2026-02-27T10:17:01.305Z
sensor.car_charger_enphase_power,3.657624,2026-02-27T10:17:06.305Z
sensor.car_charger_enphase_power,3.653325,2026-02-27T10:17:11.331Z
sensor.car_charger_enphase_power,3.652748,2026-02-27T10:17:16.317Z
sensor.car_charger_enphase_power,3.659021,2026-02-27T10:17:21.303Z
sensor.car_charger_enphase_power,3.652419,2026-02-27T10:17:26.309Z
sensor.car_charger_enphase_power,3.66127,2026-02-27T10:17:31.338Z
sensor.car_charger_enphase_power,3.663749,2026-02-27T10:17:36.290Z
sensor.car_charger_enphase_power,3.654398,2026-02-27T10:17:41.326Z
sensor.car_charger_enphase_power,3.652187,2026-02-27T10:17:46.291Z
sensor.car_charger_enphase_power,3.650074,2026-02-27T10:17:51.292Z
sensor.car_charger_enphase_power,3.651576,2026-02-27T10:17:56.299Z
sensor.car_charger_enphase_power,3.652396,2026-02-27T10:18:01.335Z
sensor.car_charger_enphase_power,3.655175,2026-02-27T10:18:06.352Z
sensor.car_charger_enphase_power,3.645703,2026-02-27T10:18:11.320Z
sensor.car_charger_enphase_power,3.645944,2026-02-27T10:18:16.301Z
sensor.car_charger_enphase_power,3.645599,2026-02-27T10:18:21.374Z
sensor.car_charger_enphase_power,3.648949,2026-02-27T10:18:26.301Z
sensor.car_charger_enphase_power,3.64862,2026-02-27T10:18:31.303Z
sensor.car_charger_enphase_power,3.650785,2026-02-27T10:18:36.353Z
sensor.car_charger_enphase_power,3.645867,2026-02-27T10:18:41.317Z
sensor.car_charger_enphase_power,3.631424,2026-02-27T10:18:46.329Z
sensor.car_charger_enphase_power,3.616109,2026-02-27T10:18:51.322Z
sensor.car_charger_enphase_power,3.55284,2026-02-27T10:18:56.332Z
sensor.car_charger_enphase_power,3.557948,2026-02-27T10:19:01.306Z
sensor.car_charger_enphase_power,3.627382,2026-02-27T10:19:06.430Z
sensor.car_charger_enphase_power,3.627927,2026-02-27T10:19:11.318Z
sensor.car_charger_enphase_power,3.628066,2026-02-27T10:19:16.313Z
sensor.car_charger_enphase_power,3.629381,2026-02-27T10:19:21.305Z
sensor.car_charger_enphase_power,3.627269,2026-02-27T10:19:26.307Z
sensor.car_charger_enphase_power,3.636979,2026-02-27T10:19:31.318Z
sensor.car_charger_enphase_power,3.646752,2026-02-27T10:19:36.321Z
sensor.car_charger_enphase_power,3.64448,2026-02-27T10:19:41.305Z
sensor.car_charger_enphase_power,3.639105,2026-02-27T10:19:46.301Z
sensor.car_charger_enphase_power,3.648627,2026-02-27T10:19:51.329Z
sensor.car_charger_enphase_power,3.670263,2026-02-27T10:19:56.350Z
sensor.car_charger_enphase_power,3.661111,2026-02-27T10:20:01.324Z
sensor.car_charger_enphase_power,4.408732,2026-02-27T10:20:06.309Z
sensor.car_charger_enphase_power,4.416932,2026-02-27T10:20:11.338Z
sensor.car_charger_enphase_power,4.364759,2026-02-27T10:20:16.311Z
sensor.car_charger_enphase_power,4.375816,2026-02-27T10:20:21.309Z
sensor.car_charger_enphase_power,4.406574,2026-02-27T10:20:26.305Z
sensor.car_charger_enphase_power,4.406822,2026-02-27T10:20:31.315Z
sensor.car_charger_enphase_power,4.35372,2026-02-27T10:20:36.317Z
sensor.car_charger_enphase_power,4.359055,2026-02-27T10:20:41.306Z
sensor.car_charger_enphase_power,4.373083,2026-02-27T10:20:46.300Z
sensor.car_charger_enphase_power,4.379776,2026-02-27T10:20:51.308Z
sensor.car_charger_enphase_power,4.371936,2026-02-27T10:20:56.300Z
sensor.car_charger_enphase_power,4.372793,2026-02-27T10:21:01.307Z
sensor.car_charger_enphase_power,4.379799,2026-02-27T10:21:06.311Z
sensor.car_charger_enphase_power,4.369621,2026-02-27T10:21:11.306Z
sensor.car_charger_enphase_power,4.37205,2026-02-27T10:21:16.310Z
sensor.car_charger_enphase_power,4.370126,2026-02-27T10:21:21.296Z
sensor.car_charger_enphase_power,4.362217,2026-02-27T10:21:26.294Z
sensor.car_charger_enphase_power,4.361919,2026-02-27T10:21:31.302Z
sensor.car_charger_enphase_power,4.367192,2026-02-27T10:21:36.307Z
sensor.car_charger_enphase_power,4.361313,2026-02-27T10:21:41.318Z
sensor.car_charger_enphase_power,4.367658,2026-02-27T10:21:46.297Z
sensor.car_charger_enphase_power,4.413594,2026-02-27T10:21:51.311Z
sensor.car_charger_enphase_power,4.411576,2026-02-27T10:21:56.317Z
sensor.car_charger_enphase_power,4.37394,2026-02-27T10:22:01.330Z
sensor.car_charger_enphase_power,4.355465,2026-02-27T10:22:06.322Z
sensor.car_charger_enphase_power,4.404922,2026-02-27T10:22:11.309Z
sensor.car_charger_enphase_power,4.408816,2026-02-27T10:22:16.310Z
sensor.car_charger_enphase_power,4.41832,2026-02-27T10:22:21.314Z
sensor.car_charger_enphase_power,4.365999,2026-02-27T10:22:26.310Z
sensor.car_charger_enphase_power,4.376398,2026-02-27T10:22:31.303Z
sensor.car_charger_enphase_power,4.371473,2026-02-27T10:22:36.369Z
sensor.car_charger_enphase_power,4.371032,2026-02-27T10:22:41.306Z
sensor.car_charger_enphase_power,4.360961,2026-02-27T10:22:46.288Z
sensor.car_charger_enphase_power,4.372531,2026-02-27T10:22:51.312Z
sensor.car_charger_enphase_power,4.370085,2026-02-27T10:22:56.307Z
sensor.car_charger_enphase_power,4.357448,2026-02-27T10:23:01.308Z
sensor.car_charger_enphase_power,4.39747,2026-02-27T10:23:06.320Z
sensor.car_charger_enphase_power,4.414757,2026-02-27T10:23:11.297Z
sensor.car_charger_enphase_power,4.423297,2026-02-27T10:23:16.318Z
sensor.car_charger_enphase_power,4.371257,2026-02-27T10:23:21.315Z
sensor.car_charger_enphase_power,4.371291,2026-02-27T10:23:26.307Z
sensor.car_charger_enphase_power,4.410965,2026-02-27T10:23:31.311Z
sensor.car_charger_enphase_power,4.415364,2026-02-27T10:23:36.300Z
sensor.car_charger_enphase_power,4.416002,2026-02-27T10:23:41.300Z
sensor.car_charger_enphase_power,4.359493,2026-02-27T10:23:46.301Z
sensor.car_charger_enphase_power,4.372241,2026-02-27T10:23:51.304Z
sensor.car_charger_enphase_power,4.38121,2026-02-27T10:23:56.301Z
sensor.car_charger_enphase_power,4.377064,2026-02-27T10:24:01.297Z
sensor.car_charger_enphase_power,4.368242,2026-02-27T10:24:06.310Z
sensor.car_charger_enphase_power,4.350985,2026-02-27T10:24:11.318Z
sensor.car_charger_enphase_power,4.341574,2026-02-27T10:24:16.313Z
sensor.car_charger_enphase_power,4.363734,2026-02-27T10:24:21.309Z
sensor.car_charger_enphase_power,4.411227,2026-02-27T10:24:26.366Z
sensor.car_charger_enphase_power,4.424595,2026-02-27T10:24:31.307Z
sensor.car_charger_enphase_power,4.436804,2026-02-27T10:24:36.310Z
sensor.car_charger_enphase_power,4.428464,2026-02-27T10:24:41.338Z
sensor.car_charger_enphase_power,4.378766,2026-02-27T10:24:46.305Z
sensor.car_charger_enphase_power,4.429345,2026-02-27T10:24:51.300Z
sensor.car_charger_enphase_power,4.428937,2026-02-27T10:24:56.314Z
sensor.car_charger_enphase_power,4.427223,2026-02-27T10:25:01.312Z
sensor.car_charger_enphase_power,4.426251,2026-02-27T10:25:06.589Z
sensor.car_charger_enphase_power,4.429529,2026-02-27T10:25:11.298Z
sensor.car_charger_enphase_power,4.37143,2026-02-27T10:25:16.492Z
sensor.car_charger_enphase_power,4.430461,2026-02-27T10:25:21.297Z
sensor.car_charger_enphase_power,4.437211,2026-02-27T10:25:26.317Z
sensor.car_charger_enphase_power,4.39361,2026-02-27T10:25:31.310Z
sensor.car_charger_enphase_power,4.420276,2026-02-27T10:25:36.311Z
sensor.car_charger_enphase_power,4.424368,2026-02-27T10:25:41.306Z
sensor.car_charger_enphase_power,4.422214,2026-02-27T10:25:46.306Z
sensor.car_charger_enphase_power,4.365202,2026-02-27T10:25:51.306Z
sensor.car_charger_enphase_power,4.379356,2026-02-27T10:25:56.295Z
sensor.car_charger_enphase_power,4.371795,2026-02-27T10:26:01.347Z
sensor.car_charger_enphase_power,4.355865,2026-02-27T10:26:06.282Z
sensor.car_charger_enphase_power,4.340234,2026-02-27T10:26:11.305Z
sensor.car_charger_enphase_power,4.351653,2026-02-27T10:26:16.301Z
sensor.car_charger_enphase_power,4.369484,2026-02-27T10:26:21.317Z
sensor.car_charger_enphase_power,3.645851,2026-02-27T10:26:26.315Z
sensor.car_charger_enphase_power,3.631576,2026-02-27T10:26:31.331Z
sensor.car_charger_enphase_power,3.628684,2026-02-27T10:26:36.338Z
sensor.car_charger_enphase_power,3.625403,2026-02-27T10:26:41.309Z
sensor.car_charger_enphase_power,3.630245,2026-02-27T10:26:46.286Z
sensor.car_charger_enphase_power,3.637671,2026-02-27T10:26:51.334Z
sensor.car_charger_enphase_power,3.640094,2026-02-27T10:26:56.303Z
sensor.car_charger_enphase_power,3.640087,2026-02-27T10:27:01.290Z
sensor.car_charger_enphase_power,3.63326,2026-02-27T10:27:06.295Z
sensor.car_charger_enphase_power,3.624801,2026-02-27T10:27:11.319Z
sensor.car_charger_enphase_power,3.631329,2026-02-27T10:27:16.313Z
sensor.car_charger_enphase_power,3.62715,2026-02-27T10:27:21.299Z
sensor.car_charger_enphase_power,3.623554,2026-02-27T10:27:26.310Z
sensor.car_charger_enphase_power,3.626021,2026-02-27T10:27:31.341Z
sensor.car_charger_enphase_power,3.633687,2026-02-27T10:27:36.307Z
sensor.car_charger_enphase_power,3.629443,2026-02-27T10:27:41.332Z
sensor.car_charger_enphase_power,3.63714,2026-02-27T10:27:46.300Z
sensor.car_charger_enphase_power,0.007734,2026-02-27T10:27:51.304Z
sensor.car_charger_enphase_power,0.005844,2026-02-27T10:27:56.298Z
sensor.car_charger_enphase_power,0.0,2026-02-27T10:28:01.348Z
sensor.car_charger_enphase_power,0.005564,2026-02-27T10:28:06.297Z
sensor.car_charger_enphase_power,0.006907,2026-02-27T10:28:11.313Z
sensor.car_charger_enphase_power,0.181881,2026-02-27T10:28:16.362Z
sensor.car_charger_enphase_power,1.199034,2026-02-27T10:28:21.294Z
sensor.car_charger_enphase_power,2.351166,2026-02-27T10:28:26.288Z
sensor.car_charger_enphase_power,3.551139,2026-02-27T10:28:31.283Z
sensor.car_charger_enphase_power,3.542453,2026-02-27T10:28:36.309Z
sensor.car_charger_enphase_power,3.582189,2026-02-27T10:28:41.309Z
sensor.car_charger_enphase_power,3.544325,2026-02-27T10:28:46.306Z
sensor.car_charger_enphase_power,3.545157,2026-02-27T10:28:51.313Z
sensor.car_charger_enphase_power,3.541051,2026-02-27T10:28:56.306Z
sensor.car_charger_enphase_power,3.54169,2026-02-27T10:29:01.295Z
sensor.car_charger_enphase_power,3.538886,2026-02-27T10:29:06.329Z
sensor.car_charger_enphase_power,3.529519,2026-02-27T10:29:11.304Z
sensor.car_charger_enphase_power,2.842463,2026-02-27T10:29:16.295Z
sensor.car_charger_enphase_power,2.852036,2026-02-27T10:29:21.285Z
sensor.car_charger_enphase_power,2.849683,2026-02-27T10:29:26.317Z
sensor.car_charger_enphase_power,2.840886,2026-02-27T10:29:31.352Z
sensor.car_charger_enphase_power,2.843056,2026-02-27T10:29:36.302Z
sensor.car_charger_enphase_power,2.840161,2026-02-27T10:29:41.313Z
sensor.car_charger_enphase_power,2.826148,2026-02-27T10:29:46.349Z
sensor.car_charger_enphase_power,2.838303,2026-02-27T10:29:51.421Z
sensor.car_charger_enphase_power,0.005602,2026-02-27T10:29:56.329Z
sensor.car_charger_enphase_power,0.005684,2026-02-27T10:30:01.322Z
sensor.car_charger_enphase_power,0.005907,2026-02-27T10:30:06.298Z
sensor.car_charger_enphase_power,0.005843,2026-02-27T10:30:11.302Z
sensor.car_charger_enphase_power,0.005641,2026-02-27T10:30:16.310Z
sensor.car_charger_enphase_power,0.0,2026-02-27T10:30:21.312Z
sensor.car_charger_enphase_power,0.005725,2026-02-27T10:30:26.299Z
sensor.car_charger_enphase_power,0.005789,2026-02-27T10:30:31.313Z
sensor.car_charger_enphase_power,0.005503,2026-02-27T10:30:36.317Z
sensor.car_charger_enphase_power,0.005912,2026-02-27T10:30:41.291Z
sensor.car_charger_enphase_power,0.00608,2026-02-27T10:30:46.651Z
sensor.car_charger_enphase_power,0.0,2026-02-27T10:30:51.311Z
sensor.car_charger_enphase_power,0.00615,2026-02-27T10:30:56.302Z
sensor.car_charger_enphase_power,0.005591,2026-02-27T10:31:01.308Z
sensor.car_charger_enphase_power,0.00623,2026-02-27T10:31:06.304Z
sensor.car_charger_enphase_power,0.005544,2026-02-27T10:31:11.309Z
sensor.car_charger_enphase_power,0.005971,2026-02-27T10:31:16.299Z
sensor.car_charger_enphase_power,0.0,2026-02-27T10:31:21.315Z
sensor.car_charger_enphase_power,0.005928,2026-02-27T10:31:26.316Z
sensor.car_charger_enphase_power,0.0,2026-02-27T10:31:31.303Z
sensor.car_charger_enphase_power,0.006304,2026-02-27T10:31:36.307Z
sensor.car_charger_enphase_power,0.005605,2026-02-27T10:31:41.297Z
sensor.car_charger_enphase_power,0.005912,2026-02-27T10:31:46.315Z
sensor.car_charger_enphase_power,0.0,2026-02-27T10:31:51.277Z
sensor.car_charger_enphase_power,0.006107,2026-02-27T10:31:56.307Z
sensor.car_charger_enphase_power,0.005518,2026-02-27T10:32:01.366Z
sensor.car_charger_enphase_power,0.005937,2026-02-27T10:32:06.301Z
sensor.car_charger_enphase_power,0.005811,2026-02-27T10:32:11.305Z
sensor.car_charger_enphase_power,0.00563,2026-02-27T10:32:16.408Z
sensor.car_charger_enphase_power,0.006093,2026-02-27T10:32:21.311Z
sensor.car_charger_enphase_power,0.006373,2026-02-27T10:32:26.296Z
sensor.car_charger_enphase_power,0.006011,2026-02-27T10:32:31.342Z
sensor.car_charger_enphase_power,0.005616,2026-02-27T10:32:36.295Z
sensor.car_charger_enphase_power,0.005591,2026-02-27T10:32:41.284Z
sensor.car_charger_enphase_power,0.007724,2026-02-27T10:32:46.283Z
sensor.car_charger_enphase_power,0.010715,2026-02-27T10:32:51.311Z
sensor.car_charger_enphase_power,0.381181,2026-02-27T10:32:56.287Z
sensor.car_charger_enphase_power,0.516649,2026-02-27T10:33:01.294Z
sensor.car_charger_enphase_power,0.953487,2026-02-27T10:33:06.301Z
sensor.car_charger_enphase_power,1.430811,2026-02-27T10:33:11.308Z
sensor.car_charger_enphase_power,1.431218,2026-02-27T10:33:16.308Z
sensor.car_charger_enphase_power,1.43515,2026-02-27T10:33:21.319Z
sensor.car_charger_enphase_power,1.433528,2026-02-27T10:33:26.290Z
sensor.car_charger_enphase_power,1.430147,2026-02-27T10:33:31.299Z
sensor.car_charger_enphase_power,1.433167,2026-02-27T10:33:36.305Z
sensor.car_charger_enphase_power,1.436057,2026-02-27T10:33:41.301Z
sensor.car_charger_enphase_power,1.435428,2026-02-27T10:33:46.296Z
sensor.car_charger_enphase_power,1.431327,2026-02-27T10:33:51.314Z
sensor.car_charger_enphase_power,1.43562,2026-02-27T10:33:56.313Z
sensor.car_charger_enphase_power,1.4361,2026-02-27T10:34:01.314Z
sensor.car_charger_enphase_power,1.434825,2026-02-27T10:34:06.306Z
sensor.car_charger_enphase_power,1.431981,2026-02-27T10:34:11.307Z
sensor.car_charger_enphase_power,1.436054,2026-02-27T10:34:16.305Z
sensor.car_charger_enphase_power,1.434609,2026-02-27T10:34:21.381Z
sensor.car_charger_enphase_power,1.435077,2026-02-27T10:34:26.306Z
sensor.car_charger_enphase_power,1.430522,2026-02-27T10:34:31.300Z
sensor.car_charger_enphase_power,1.436068,2026-02-27T10:34:36.303Z
sensor.car_charger_enphase_power,1.433676,2026-02-27T10:34:41.298Z
sensor.car_charger_enphase_power,1.429754,2026-02-27T10:34:46.314Z
sensor.car_charger_enphase_power,1.440269,2026-02-27T10:34:51.300Z
sensor.car_charger_enphase_power,1.432981,2026-02-27T10:34:56.300Z
sensor.car_charger_enphase_power,1.427378,2026-02-27T10:35:01.306Z
sensor.car_charger_enphase_power,1.436745,2026-02-27T10:35:06.281Z
sensor.car_charger_enphase_power,1.431849,2026-02-27T10:35:11.310Z
sensor.car_charger_enphase_power,1.428887,2026-02-27T10:35:16.316Z
sensor.car_charger_enphase_power,1.428182,2026-02-27T10:35:21.308Z
sensor.car_charger_enphase_power,1.434328,2026-02-27T10:35:26.281Z
sensor.car_charger_enphase_power,1.437863,2026-02-27T10:35:31.306Z
sensor.car_charger_enphase_power,1.436704,2026-02-27T10:35:36.287Z
sensor.car_charger_enphase_power,1.433503,2026-02-27T10:35:41.318Z
sensor.car_charger_enphase_power,1.426621,2026-02-27T10:35:46.298Z
sensor.car_charger_enphase_power,1.426305,2026-02-27T10:35:51.303Z
sensor.car_charger_enphase_power,1.434155,2026-02-27T10:35:56.301Z
sensor.car_charger_enphase_power,1.435634,2026-02-27T10:36:01.313Z
sensor.car_charger_enphase_power,1.4367,2026-02-27T10:36:06.292Z
sensor.car_charger_enphase_power,1.4307,2026-02-27T10:36:11.309Z
sensor.car_charger_enphase_power,1.424188,2026-02-27T10:36:16.309Z
sensor.car_charger_enphase_power,1.434392,2026-02-27T10:36:21.319Z
sensor.car_charger_enphase_power,1.435152,2026-02-27T10:36:26.286Z
sensor.car_charger_enphase_power,1.432931,2026-02-27T10:36:31.311Z
sensor.car_charger_enphase_power,1.427742,2026-02-27T10:36:36.289Z
sensor.car_charger_enphase_power,1.42404,2026-02-27T10:36:41.277Z
sensor.car_charger_enphase_power,1.432944,2026-02-27T10:36:46.299Z
sensor.car_charger_enphase_power,1.435686,2026-02-27T10:36:51.297Z
sensor.car_charger_enphase_power,1.428755,2026-02-27T10:36:56.301Z
sensor.car_charger_enphase_power,1.421573,2026-02-27T10:37:01.301Z
sensor.car_charger_enphase_power,1.427655,2026-02-27T10:37:06.309Z
sensor.car_charger_enphase_power,1.435305,2026-02-27T10:37:11.313Z
sensor.car_charger_enphase_power,1.434532,2026-02-27T10:37:16.486Z
sensor.car_charger_enphase_power,1.435963,2026-02-27T10:37:21.291Z
sensor.car_charger_enphase_power,1.436818,2026-02-27T10:37:26.299Z
sensor.car_charger_enphase_power,1.429014,2026-02-27T10:37:31.300Z
sensor.car_charger_enphase_power,1.426481,2026-02-27T10:37:36.313Z
sensor.car_charger_enphase_power,1.434839,2026-02-27T10:37:41.297Z
sensor.car_charger_enphase_power,1.437006,2026-02-27T10:37:46.310Z
sensor.car_charger_enphase_power,1.424795,2026-02-27T10:37:51.295Z
sensor.car_charger_enphase_power,1.431168,2026-02-27T10:37:56.322Z
sensor.car_charger_enphase_power,1.433653,2026-02-27T10:38:01.306Z
sensor.car_charger_enphase_power,1.43313,2026-02-27T10:38:06.305Z
sensor.car_charger_enphase_power,1.434207,2026-02-27T10:38:11.294Z
sensor.car_charger_enphase_power,1.439583,2026-02-27T10:38:16.312Z
sensor.car_charger_enphase_power,1.436345,2026-02-27T10:38:21.314Z
sensor.car_charger_enphase_power,1.435536,2026-02-27T10:38:26.316Z
sensor.car_charger_enphase_power,1.434443,2026-02-27T10:38:31.301Z
sensor.car_charger_enphase_power,1.42843,2026-02-27T10:38:36.299Z
sensor.car_charger_enphase_power,1.426487,2026-02-27T10:38:41.313Z
sensor.car_charger_enphase_power,1.427612,2026-02-27T10:38:46.310Z
sensor.car_charger_enphase_power,1.429,2026-02-27T10:38:51.305Z
sensor.car_charger_enphase_power,1.433989,2026-02-27T10:38:56.309Z
sensor.car_charger_enphase_power,1.438151,2026-02-27T10:39:01.304Z
sensor.car_charger_enphase_power,1.43831,2026-02-27T10:39:06.304Z
sensor.car_charger_enphase_power,1.437918,2026-02-27T10:39:11.306Z
sensor.car_charger_enphase_power,1.438658,2026-02-27T10:39:16.304Z
sensor.car_charger_enphase_power,1.436041,2026-02-27T10:39:21.316Z
sensor.car_charger_enphase_power,1.437509,2026-02-27T10:39:26.309Z
sensor.car_charger_enphase_power,1.436311,2026-02-27T10:39:31.300Z
sensor.car_charger_enphase_power,1.433574,2026-02-27T10:39:36.334Z
sensor.car_charger_enphase_power,1.429918,2026-02-27T10:39:41.300Z
sensor.car_charger_enphase_power,1.430282,2026-02-27T10:39:46.322Z
sensor.car_charger_enphase_power,1.429221,2026-02-27T10:39:51.295Z
sensor.car_charger_enphase_power,1.43431,2026-02-27T10:39:56.318Z
sensor.car_charger_enphase_power,1.439515,2026-02-27T10:40:01.299Z
sensor.car_charger_enphase_power,1.433147,2026-02-27T10:40:06.311Z
sensor.car_charger_enphase_power,1.434489,2026-02-27T10:40:11.321Z
sensor.car_charger_enphase_power,1.428226,2026-02-27T10:40:16.304Z
sensor.car_charger_enphase_power,1.427153,2026-02-27T10:40:21.294Z
sensor.car_charger_enphase_power,1.42962,2026-02-27T10:40:26.305Z
sensor.car_charger_enphase_power,1.425319,2026-02-27T10:40:31.317Z
sensor.car_charger_enphase_power,1.427069,2026-02-27T10:40:36.292Z
sensor.car_charger_enphase_power,1.425377,2026-02-27T10:40:41.328Z
sensor.car_charger_enphase_power,1.426292,2026-02-27T10:40:46.312Z
sensor.car_charger_enphase_power,1.430102,2026-02-27T10:40:51.308Z
sensor.car_charger_enphase_power,1.426667,2026-02-27T10:40:56.315Z
sensor.car_charger_enphase_power,1.427953,2026-02-27T10:41:01.283Z
sensor.car_charger_enphase_power,1.428866,2026-02-27T10:41:06.318Z
sensor.car_charger_enphase_power,1.428366,2026-02-27T10:41:11.317Z
sensor.car_charger_enphase_power,1.432951,2026-02-27T10:41:16.317Z
sensor.car_charger_enphase_power,1.4295,2026-02-27T10:41:21.327Z
sensor.car_charger_enphase_power,1.431947,2026-02-27T10:41:26.299Z
sensor.car_charger_enphase_power,1.436464,2026-02-27T10:41:31.313Z
sensor.car_charger_enphase_power,1.434439,2026-02-27T10:41:36.340Z
sensor.car_charger_enphase_power,1.42937,2026-02-27T10:41:41.309Z
sensor.car_charger_enphase_power,1.432571,2026-02-27T10:41:46.322Z
sensor.car_charger_enphase_power,1.433498,2026-02-27T10:41:51.328Z
sensor.car_charger_enphase_power,1.437681,2026-02-27T10:41:56.306Z
sensor.car_charger_enphase_power,1.431542,2026-02-27T10:42:01.311Z
sensor.car_charger_enphase_power,1.429636,2026-02-27T10:42:06.287Z
sensor.car_charger_enphase_power,1.436438,2026-02-27T10:42:11.321Z
sensor.car_charger_enphase_power,1.435609,2026-02-27T10:42:16.363Z
sensor.car_charger_enphase_power,1.432842,2026-02-27T10:42:21.293Z
sensor.car_charger_enphase_power,1.430934,2026-02-27T10:42:26.357Z
sensor.car_charger_enphase_power,1.434553,2026-02-27T10:42:31.315Z
sensor.car_charger_enphase_power,1.435116,2026-02-27T10:42:36.297Z
sensor.car_charger_enphase_power,1.429498,2026-02-27T10:42:41.317Z
sensor.car_charger_enphase_power,1.43152,2026-02-27T10:42:46.278Z
sensor.car_charger_enphase_power,1.43647,2026-02-27T10:42:51.296Z
sensor.car_charger_enphase_power,1.434769,2026-02-27T10:42:56.296Z
sensor.car_charger_enphase_power,1.434064,2026-02-27T10:43:01.313Z
sensor.car_charger_enphase_power,1.434437,2026-02-27T10:43:06.308Z
sensor.car_charger_enphase_power,1.432426,2026-02-27T10:43:11.319Z
sensor.car_charger_enphase_power,1.431985,2026-02-27T10:43:16.303Z
sensor.car_charger_enphase_power,1.433382,2026-02-27T10:43:21.321Z
sensor.car_charger_enphase_power,1.435913,2026-02-27T10:43:26.302Z
sensor.car_charger_enphase_power,1.432237,2026-02-27T10:43:31.304Z
sensor.car_charger_enphase_power,1.432117,2026-02-27T10:43:36.304Z
sensor.car_charger_enphase_power,1.435407,2026-02-27T10:43:41.319Z
sensor.car_charger_enphase_power,1.436809,2026-02-27T10:43:46.309Z
sensor.car_charger_enphase_power,1.434802,2026-02-27T10:43:51.331Z
sensor.car_charger_enphase_power,1.434428,2026-02-27T10:43:56.314Z
sensor.car_charger_enphase_power,1.435212,2026-02-27T10:44:01.310Z
sensor.car_charger_enphase_power,1.436239,2026-02-27T10:44:06.315Z
sensor.car_charger_enphase_power,1.434493,2026-02-27T10:44:11.321Z
sensor.car_charger_enphase_power,1.431876,2026-02-27T10:44:16.301Z
sensor.car_charger_enphase_power,1.437084,2026-02-27T10:44:21.338Z
sensor.car_charger_enphase_power,1.437429,2026-02-27T10:44:26.284Z
sensor.car_charger_enphase_power,1.435077,2026-02-27T10:44:31.347Z
sensor.car_charger_enphase_power,1.43353,2026-02-27T10:44:36.292Z
sensor.car_charger_enphase_power,1.435986,2026-02-27T10:44:41.304Z
sensor.car_charger_enphase_power,1.437833,2026-02-27T10:44:46.307Z
sensor.car_charger_enphase_power,1.43557,2026-02-27T10:44:51.304Z
sensor.car_charger_enphase_power,1.43299,2026-02-27T10:44:56.330Z
sensor.car_charger_enphase_power,1.429223,2026-02-27T10:45:01.312Z
sensor.car_charger_enphase_power,1.43192,2026-02-27T10:45:06.317Z
sensor.car_charger_enphase_power,1.434819,2026-02-27T10:45:11.314Z
sensor.car_charger_enphase_power,1.433512,2026-02-27T10:45:16.306Z
sensor.car_charger_enphase_power,1.437163,2026-02-27T10:45:21.317Z
sensor.car_charger_enphase_power,1.433019,2026-02-27T10:45:26.344Z
sensor.car_charger_enphase_power,1.434142,2026-02-27T10:45:31.305Z
sensor.car_charger_enphase_power,1.431674,2026-02-27T10:45:36.301Z
sensor.car_charger_enphase_power,1.432049,2026-02-27T10:45:41.321Z
sensor.car_charger_enphase_power,1.436439,2026-02-27T10:45:46.297Z
sensor.car_charger_enphase_power,1.430675,2026-02-27T10:45:51.317Z
sensor.car_charger_enphase_power,1.437429,2026-02-27T10:45:56.328Z
sensor.car_charger_enphase_power,1.430918,2026-02-27T10:46:01.299Z
sensor.car_charger_enphase_power,1.438338,2026-02-27T10:46:06.311Z
sensor.car_charger_enphase_power,1.440328,2026-02-27T10:46:11.315Z
sensor.car_charger_enphase_power,1.434887,2026-02-27T10:46:16.306Z
sensor.car_charger_enphase_power,1.435209,2026-02-27T10:46:21.334Z
sensor.car_charger_enphase_power,1.434675,2026-02-27T10:46:26.326Z
sensor.car_charger_enphase_power,1.435875,2026-02-27T10:46:31.303Z
sensor.car_charger_enphase_power,1.432022,2026-02-27T10:46:36.313Z
sensor.car_charger_enphase_power,1.435077,2026-02-27T10:46:41.322Z
sensor.car_charger_enphase_power,1.43378,2026-02-27T10:46:46.306Z
sensor.car_charger_enphase_power,1.434271,2026-02-27T10:46:51.313Z
sensor.car_charger_enphase_power,1.431979,2026-02-27T10:46:56.303Z
sensor.car_charger_enphase_power,1.435827,2026-02-27T10:47:01.302Z
sensor.car_charger_enphase_power,1.432997,2026-02-27T10:47:06.288Z
sensor.car_charger_enphase_power,1.434225,2026-02-27T10:47:11.310Z
sensor.car_charger_enphase_power,1.432897,2026-02-27T10:47:16.309Z
sensor.car_charger_enphase_power,1.436906,2026-02-27T10:47:21.302Z
sensor.car_charger_enphase_power,1.436997,2026-02-27T10:47:26.282Z
sensor.car_charger_enphase_power,1.435568,2026-02-27T10:47:31.305Z
sensor.car_charger_enphase_power,1.435973,2026-02-27T10:47:36.296Z
sensor.car_charger_enphase_power,1.433803,2026-02-27T10:47:41.308Z
sensor.car_charger_enphase_power,1.432094,2026-02-27T10:47:46.296Z
sensor.car_charger_enphase_power,1.431802,2026-02-27T10:47:51.303Z
sensor.car_charger_enphase_power,1.434534,2026-02-27T10:47:56.343Z
sensor.car_charger_enphase_power,1.431499,2026-02-27T10:48:01.309Z
sensor.car_charger_enphase_power,1.432851,2026-02-27T10:48:06.305Z
sensor.car_charger_enphase_power,1.431829,2026-02-27T10:48:11.312Z
sensor.car_charger_enphase_power,1.43722,2026-02-27T10:48:16.340Z
sensor.car_charger_enphase_power,1.433449,2026-02-27T10:48:21.327Z
sensor.car_charger_enphase_power,1.437845,2026-02-27T10:48:26.301Z
sensor.car_charger_enphase_power,1.433544,2026-02-27T10:48:31.304Z
sensor.car_charger_enphase_power,1.434823,2026-02-27T10:48:36.307Z
sensor.car_charger_enphase_power,1.437763,2026-02-27T10:48:41.282Z
sensor.car_charger_enphase_power,1.43328,2026-02-27T10:48:46.281Z
sensor.car_charger_enphase_power,1.431286,2026-02-27T10:48:51.343Z
sensor.car_charger_enphase_power,1.435884,2026-02-27T10:48:56.311Z
sensor.car_charger_enphase_power,1.437436,2026-02-27T10:49:01.303Z
sensor.car_charger_enphase_power,1.429663,2026-02-27T10:49:06.304Z
sensor.car_charger_enphase_power,1.431726,2026-02-27T10:49:11.285Z
sensor.car_charger_enphase_power,1.437609,2026-02-27T10:49:16.306Z
sensor.car_charger_enphase_power,1.429446,2026-02-27T10:49:21.311Z
sensor.car_charger_enphase_power,1.436495,2026-02-27T10:49:26.317Z
sensor.car_charger_enphase_power,1.434702,2026-02-27T10:49:31.293Z
sensor.car_charger_enphase_power,1.430824,2026-02-27T10:49:36.311Z
sensor.car_charger_enphase_power,1.436566,2026-02-27T10:49:41.299Z
sensor.car_charger_enphase_power,1.438436,2026-02-27T10:49:46.301Z
sensor.car_charger_enphase_power,1.432035,2026-02-27T10:49:51.301Z
sensor.car_charger_enphase_power,1.435153,2026-02-27T10:49:56.306Z
sensor.car_charger_enphase_power,1.434269,2026-02-27T10:50:01.311Z
sensor.car_charger_enphase_power,1.436822,2026-02-27T10:50:06.302Z
sensor.car_charger_enphase_power,1.432081,2026-02-27T10:50:11.300Z
sensor.car_charger_enphase_power,1.437184,2026-02-27T10:50:16.330Z
sensor.car_charger_enphase_power,1.428205,2026-02-27T10:50:21.400Z
sensor.car_charger_enphase_power,1.437908,2026-02-27T10:50:26.307Z
sensor.car_charger_enphase_power,1.428623,2026-02-27T10:50:31.287Z
sensor.car_charger_enphase_power,1.435793,2026-02-27T10:50:36.313Z
sensor.car_charger_enphase_power,1.432242,2026-02-27T10:50:41.509Z
sensor.car_charger_enphase_power,1.434003,2026-02-27T10:50:46.313Z
sensor.car_charger_enphase_power,1.434273,2026-02-27T10:50:51.501Z
sensor.car_charger_enphase_power,1.437072,2026-02-27T10:50:56.299Z
sensor.car_charger_enphase_power,1.435048,2026-02-27T10:51:01.315Z
sensor.car_charger_enphase_power,1.432856,2026-02-27T10:51:06.291Z
sensor.car_charger_enphase_power,1.438735,2026-02-27T10:51:11.289Z
sensor.car_charger_enphase_power,1.430382,2026-02-27T10:51:16.308Z
sensor.car_charger_enphase_power,1.432637,2026-02-27T10:51:21.306Z
sensor.car_charger_enphase_power,1.432438,2026-02-27T10:51:26.315Z
sensor.car_charger_enphase_power,1.432655,2026-02-27T10:51:31.313Z
sensor.car_charger_enphase_power,1.428293,2026-02-27T10:51:36.317Z
sensor.car_charger_enphase_power,1.436716,2026-02-27T10:51:41.463Z
sensor.car_charger_enphase_power,1.429972,2026-02-27T10:51:46.299Z
sensor.car_charger_enphase_power,1.436263,2026-02-27T10:51:51.311Z
sensor.car_charger_enphase_power,1.431774,2026-02-27T10:51:56.303Z
sensor.car_charger_enphase_power,1.43508,2026-02-27T10:52:01.309Z
sensor.car_charger_enphase_power,1.430918,2026-02-27T10:52:06.309Z
sensor.car_charger_enphase_power,1.430207,2026-02-27T10:52:11.302Z
sensor.car_charger_enphase_power,1.434582,2026-02-27T10:52:16.334Z
sensor.car_charger_enphase_power,1.435182,2026-02-27T10:52:21.305Z
sensor.car_charger_enphase_power,1.434251,2026-02-27T10:52:26.313Z
sensor.car_charger_enphase_power,1.436472,2026-02-27T10:52:31.296Z
sensor.car_charger_enphase_power,1.436981,2026-02-27T10:52:36.308Z
sensor.car_charger_enphase_power,1.435929,2026-02-27T10:52:41.298Z
sensor.car_charger_enphase_power,1.433614,2026-02-27T10:52:46.282Z
sensor.car_charger_enphase_power,1.438667,2026-02-27T10:52:51.313Z
sensor.car_charger_enphase_power,1.433133,2026-02-27T10:52:56.318Z
sensor.car_charger_enphase_power,1.432042,2026-02-27T10:53:01.306Z
sensor.car_charger_enphase_power,1.436236,2026-02-27T10:53:06.299Z
sensor.car_charger_enphase_power,1.436109,2026-02-27T10:53:11.308Z
sensor.car_charger_enphase_power,1.435125,2026-02-27T10:53:16.312Z
sensor.car_charger_enphase_power,1.43425,2026-02-27T10:53:21.344Z
sensor.car_charger_enphase_power,1.44118,2026-02-27T10:53:26.325Z
sensor.car_charger_enphase_power,1.435961,2026-02-27T10:53:31.307Z
sensor.car_charger_enphase_power,1.438974,2026-02-27T10:53:36.318Z
sensor.car_charger_enphase_power,1.43435,2026-02-27T10:53:41.311Z
sensor.car_charger_enphase_power,1.437829,2026-02-27T10:53:46.304Z
sensor.car_charger_enphase_power,1.438208,2026-02-27T10:53:51.349Z
sensor.car_charger_enphase_power,1.4407,2026-02-27T10:53:56.319Z
sensor.car_charger_enphase_power,1.437272,2026-02-27T10:54:01.303Z
sensor.car_charger_enphase_power,1.434026,2026-02-27T10:54:06.290Z
sensor.car_charger_enphase_power,1.435864,2026-02-27T10:54:11.300Z
sensor.car_charger_enphase_power,1.441275,2026-02-27T10:54:16.313Z
sensor.car_charger_enphase_power,1.430858,2026-02-27T10:54:21.292Z
sensor.car_charger_enphase_power,1.439519,2026-02-27T10:54:26.309Z
sensor.car_charger_enphase_power,1.490399,2026-02-27T10:54:31.308Z
sensor.car_charger_enphase_power,1.489335,2026-02-27T10:54:36.454Z
sensor.car_charger_enphase_power,1.436673,2026-02-27T10:54:41.304Z
sensor.car_charger_enphase_power,1.482138,2026-02-27T10:54:46.317Z
sensor.car_charger_enphase_power,1.437888,2026-02-27T10:54:51.318Z
sensor.car_charger_enphase_power,1.44095,2026-02-27T10:54:56.299Z
sensor.car_charger_enphase_power,1.431436,2026-02-27T10:55:01.293Z
sensor.car_charger_enphase_power,2.384505,2026-02-27T10:55:06.290Z
sensor.car_charger_enphase_power,2.843846,2026-02-27T10:55:11.321Z
sensor.car_charger_enphase_power,2.851494,2026-02-27T10:55:16.305Z
sensor.car_charger_enphase_power,2.850867,2026-02-27T10:55:21.325Z
sensor.car_charger_enphase_power,2.847072,2026-02-27T10:55:26.303Z
sensor.car_charger_enphase_power,2.898504,2026-02-27T10:55:31.318Z
sensor.car_charger_enphase_power,2.900956,2026-02-27T10:55:36.286Z
sensor.car_charger_enphase_power,2.903639,2026-02-27T10:55:41.318Z
sensor.car_charger_enphase_power,2.914289,2026-02-27T10:55:46.285Z
sensor.car_charger_enphase_power,2.926706,2026-02-27T10:55:51.300Z
sensor.car_charger_enphase_power,2.927535,2026-02-27T10:55:56.305Z
sensor.car_charger_enphase_power,2.936384,2026-02-27T10:56:01.335Z
sensor.car_charger_enphase_power,3.64824,2026-02-27T10:56:06.311Z
sensor.car_charger_enphase_power,3.649492,2026-02-27T10:56:11.434Z
sensor.car_charger_enphase_power,3.63363,2026-02-27T10:56:16.372Z
sensor.car_charger_enphase_power,3.62262,2026-02-27T10:56:21.297Z
sensor.car_charger_enphase_power,3.617735,2026-02-27T10:56:26.304Z
sensor.car_charger_enphase_power,3.612742,2026-02-27T10:56:31.308Z
sensor.car_charger_enphase_power,3.615763,2026-02-27T10:56:36.322Z
sensor.car_charger_enphase_power,3.623097,2026-02-27T10:56:41.296Z
sensor.car_charger_enphase_power,3.639544,2026-02-27T10:56:46.325Z
sensor.car_charger_enphase_power,3.651926,2026-02-27T10:56:51.334Z
sensor.car_charger_enphase_power,3.652478,2026-02-27T10:56:56.311Z
sensor.car_charger_enphase_power,3.630722,2026-02-27T10:57:01.289Z
sensor.car_charger_enphase_power,3.617783,2026-02-27T10:57:06.303Z
sensor.car_charger_enphase_power,3.616891,2026-02-27T10:57:11.301Z
sensor.car_charger_enphase_power,2.899922,2026-02-27T10:57:16.308Z
sensor.car_charger_enphase_power,2.843437,2026-02-27T10:57:21.314Z
sensor.car_charger_enphase_power,2.84856,2026-02-27T10:57:26.299Z
sensor.car_charger_enphase_power,2.84523,2026-02-27T10:57:31.289Z
sensor.car_charger_enphase_power,2.845343,2026-02-27T10:57:36.307Z
sensor.car_charger_enphase_power,2.85237,2026-02-27T10:57:41.316Z
sensor.car_charger_enphase_power,2.838714,2026-02-27T10:57:46.315Z
sensor.car_charger_enphase_power,2.835529,2026-02-27T10:57:51.306Z
sensor.car_charger_enphase_power,0.0,2026-02-27T10:57:56.311Z
sensor.car_charger_enphase_power,0.005782,2026-02-27T10:58:01.310Z
sensor.car_charger_enphase_power,0.005753,2026-02-27T10:58:06.307Z
sensor.car_charger_enphase_power,0.005573,2026-02-27T10:58:11.290Z
sensor.car_charger_enphase_power,0.005552,2026-02-27T10:58:16.312Z
sensor.car_charger_enphase_power,0.0,2026-02-27T10:58:21.321Z
sensor.car_charger_enphase_power,0.006137,2026-02-27T10:58:26.327Z
sensor.car_charger_enphase_power,0.005662,2026-02-27T10:58:31.310Z
sensor.car_charger_enphase_power,0.005577,2026-02-27T10:58:36.319Z
sensor.car_charger_enphase_power,0.005644,2026-02-27T10:58:41.307Z
sensor.car_charger_enphase_power,0.006479,2026-02-27T10:58:46.293Z
sensor.car_charger_enphase_power,0.005862,2026-02-27T10:58:51.308Z
sensor.car_charger_enphase_power,0.005855,2026-02-27T10:58:56.313Z
sensor.car_charger_enphase_power,0.005978,2026-02-27T10:59:01.300Z
sensor.car_charger_enphase_power,0.0,2026-02-27T10:59:06.306Z
sensor.car_charger_enphase_power,0.005911,2026-02-27T10:59:16.313Z
sensor.car_charger_enphase_power,0.005862,2026-02-27T10:59:21.299Z
sensor.car_charger_enphase_power,0.0,2026-02-27T10:59:26.297Z
sensor.car_charger_enphase_power,0.006082,2026-02-27T10:59:31.307Z
sensor.car_charger_enphase_power,0.005655,2026-02-27T10:59:36.314Z
sensor.car_charger_enphase_power,0.006323,2026-02-27T10:59:41.310Z
sensor.car_charger_enphase_power,0.00607,2026-02-27T10:59:46.319Z
sensor.car_charger_enphase_power,0.005852,2026-02-27T10:59:51.313Z
sensor.car_charger_enphase_power,0.005612,2026-02-27T10:59:56.298Z
sensor.car_charger_enphase_power,0.006159,2026-02-27T11:00:01.309Z
sensor.car_charger_enphase_power,0.0,2026-02-27T11:00:06.297Z
sensor.car_charger_enphase_power,0.005752,2026-02-27T11:00:11.312Z
sensor.car_charger_enphase_power,0.006018,2026-02-27T11:00:16.316Z
sensor.car_charger_enphase_power,0.00563,2026-02-27T11:00:21.311Z
sensor.car_charger_enphase_power,0.006616,2026-02-27T11:00:26.315Z
sensor.car_charger_enphase_power,0.005962,2026-02-27T11:00:31.301Z
sensor.car_charger_enphase_power,0.006175,2026-02-27T11:00:36.294Z
sensor.car_charger_enphase_power,0.005828,2026-02-27T11:00:41.309Z
sensor.car_charger_enphase_power,0.006034,2026-02-27T11:00:46.298Z
sensor.car_charger_enphase_power,0.010444,2026-02-27T11:00:51.308Z
sensor.car_charger_enphase_power,0.165569,2026-02-27T11:00:56.306Z
sensor.car_charger_enphase_power,0.542414,2026-02-27T11:01:01.298Z
sensor.car_charger_enphase_power,1.003049,2026-02-27T11:01:06.312Z
sensor.car_charger_enphase_power,1.50244,2026-02-27T11:01:11.298Z
sensor.car_charger_enphase_power,1.506375,2026-02-27T11:01:16.309Z
sensor.car_charger_enphase_power,1.505527,2026-02-27T11:01:21.308Z
sensor.car_charger_enphase_power,1.510708,2026-02-27T11:01:26.311Z
sensor.car_charger_enphase_power,1.508399,2026-02-27T11:01:31.307Z
sensor.car_charger_enphase_power,1.507656,2026-02-27T11:01:36.306Z
sensor.car_charger_enphase_power,1.507311,2026-02-27T11:01:41.299Z
sensor.car_charger_enphase_power,1.501572,2026-02-27T11:01:46.318Z
sensor.car_charger_enphase_power,1.499818,2026-02-27T11:01:51.304Z
sensor.car_charger_enphase_power,1.452726,2026-02-27T11:01:56.321Z
sensor.car_charger_enphase_power,1.440803,2026-02-27T11:02:01.310Z
sensor.car_charger_enphase_power,2.551897,2026-02-27T11:02:06.317Z
sensor.car_charger_enphase_power,2.943318,2026-02-27T11:02:11.312Z
sensor.car_charger_enphase_power,2.944885,2026-02-27T11:02:16.335Z
sensor.car_charger_enphase_power,2.939857,2026-02-27T11:02:21.315Z
sensor.car_charger_enphase_power,2.9424,2026-02-27T11:02:26.290Z
sensor.car_charger_enphase_power,2.941103,2026-02-27T11:02:31.295Z
sensor.car_charger_enphase_power,2.944729,2026-02-27T11:02:36.313Z
sensor.car_charger_enphase_power,2.945515,2026-02-27T11:02:41.313Z
sensor.car_charger_enphase_power,2.941745,2026-02-27T11:02:46.312Z
sensor.car_charger_enphase_power,2.938535,2026-02-27T11:02:51.316Z
sensor.car_charger_enphase_power,2.929343,2026-02-27T11:02:56.321Z
sensor.car_charger_enphase_power,2.915643,2026-02-27T11:03:01.324Z
sensor.car_charger_enphase_power,2.913612,2026-02-27T11:03:06.316Z
sensor.car_charger_enphase_power,2.916518,2026-02-27T11:03:11.320Z
sensor.car_charger_enphase_power,2.927773,2026-02-27T11:03:16.311Z
sensor.car_charger_enphase_power,2.941559,2026-02-27T11:03:21.306Z
sensor.car_charger_enphase_power,2.949173,2026-02-27T11:03:26.301Z
sensor.car_charger_enphase_power,2.951378,2026-02-27T11:03:31.298Z
sensor.car_charger_enphase_power,2.955036,2026-02-27T11:03:36.315Z
sensor.car_charger_enphase_power,2.950688,2026-02-27T11:03:41.302Z
sensor.car_charger_enphase_power,2.949961,2026-02-27T11:03:46.327Z
sensor.car_charger_enphase_power,2.939055,2026-02-27T11:03:51.318Z
sensor.car_charger_enphase_power,2.938572,2026-02-27T11:03:56.311Z
sensor.car_charger_enphase_power,2.946599,2026-02-27T11:04:01.316Z
sensor.car_charger_enphase_power,2.952406,2026-02-27T11:04:06.312Z
sensor.car_charger_enphase_power,2.951635,2026-02-27T11:04:11.299Z
sensor.car_charger_enphase_power,2.954562,2026-02-27T11:04:16.308Z
sensor.car_charger_enphase_power,2.94967,2026-02-27T11:04:21.316Z
sensor.car_charger_enphase_power,3.651928,2026-02-27T11:04:26.302Z
sensor.car_charger_enphase_power,3.660618,2026-02-27T11:04:31.306Z
sensor.car_charger_enphase_power,3.667141,2026-02-27T11:04:36.317Z
sensor.car_charger_enphase_power,3.663703,2026-02-27T11:04:41.321Z
sensor.car_charger_enphase_power,3.669833,2026-02-27T11:04:46.312Z
sensor.car_charger_enphase_power,3.660223,2026-02-27T11:04:51.306Z
sensor.car_charger_enphase_power,3.655367,2026-02-27T11:04:56.318Z
sensor.car_charger_enphase_power,3.651094,2026-02-27T11:05:01.296Z
sensor.car_charger_enphase_power,3.651887,2026-02-27T11:05:06.316Z
sensor.car_charger_enphase_power,3.660393,2026-02-27T11:05:11.324Z
sensor.car_charger_enphase_power,3.662372,2026-02-27T11:05:16.412Z
sensor.car_charger_enphase_power,3.66149,2026-02-27T11:05:21.303Z
sensor.car_charger_enphase_power,4.400106,2026-02-27T11:05:26.298Z
sensor.car_charger_enphase_power,4.387345,2026-02-27T11:05:31.311Z
sensor.car_charger_enphase_power,4.414291,2026-02-27T11:05:36.317Z
sensor.car_charger_enphase_power,4.362907,2026-02-27T11:05:41.295Z
sensor.car_charger_enphase_power,4.373052,2026-02-27T11:05:46.308Z
sensor.car_charger_enphase_power,4.370866,2026-02-27T11:05:51.304Z
sensor.car_charger_enphase_power,4.379927,2026-02-27T11:05:56.304Z
sensor.car_charger_enphase_power,4.417554,2026-02-27T11:06:01.301Z
sensor.car_charger_enphase_power,4.416604,2026-02-27T11:06:06.299Z
sensor.car_charger_enphase_power,4.420992,2026-02-27T11:06:11.310Z
sensor.car_charger_enphase_power,4.419217,2026-02-27T11:06:16.395Z
sensor.car_charger_enphase_power,4.420224,2026-02-27T11:06:21.305Z
sensor.car_charger_enphase_power,4.379927,2026-02-27T11:06:26.282Z
sensor.car_charger_enphase_power,4.418215,2026-02-27T11:06:31.341Z
sensor.car_charger_enphase_power,4.374629,2026-02-27T11:06:36.310Z
sensor.car_charger_enphase_power,4.413421,2026-02-27T11:06:41.301Z
sensor.car_charger_enphase_power,4.400521,2026-02-27T11:06:46.317Z
sensor.car_charger_enphase_power,4.417979,2026-02-27T11:06:51.310Z
sensor.car_charger_enphase_power,4.374062,2026-02-27T11:06:56.318Z
sensor.car_charger_enphase_power,4.424061,2026-02-27T11:07:01.319Z
sensor.car_charger_enphase_power,4.377612,2026-02-27T11:07:06.284Z
sensor.car_charger_enphase_power,4.41983,2026-02-27T11:07:11.312Z
sensor.car_charger_enphase_power,4.372843,2026-02-27T11:07:16.300Z
sensor.car_charger_enphase_power,4.41765,2026-02-27T11:07:21.294Z
sensor.car_charger_enphase_power,4.390654,2026-02-27T11:07:26.298Z
sensor.car_charger_enphase_power,4.391734,2026-02-27T11:07:31.310Z
sensor.car_charger_enphase_power,4.3965,2026-02-27T11:07:36.315Z
sensor.car_charger_enphase_power,4.421387,2026-02-27T11:07:41.303Z
sensor.car_charger_enphase_power,4.413817,2026-02-27T11:07:46.308Z
sensor.car_charger_enphase_power,4.363833,2026-02-27T11:07:51.293Z
sensor.car_charger_enphase_power,4.37407,2026-02-27T11:07:56.299Z
sensor.car_charger_enphase_power,4.358159,2026-02-27T11:08:01.322Z
sensor.car_charger_enphase_power,4.370287,2026-02-27T11:08:06.308Z
sensor.car_charger_enphase_power,4.367878,2026-02-27T11:08:11.314Z
sensor.car_charger_enphase_power,4.372032,2026-02-27T11:08:16.304Z
sensor.car_charger_enphase_power,4.377782,2026-02-27T11:08:21.307Z
sensor.car_charger_enphase_power,4.366666,2026-02-27T11:08:26.309Z
sensor.car_charger_enphase_power,4.364645,2026-02-27T11:08:31.302Z
sensor.car_charger_enphase_power,4.401759,2026-02-27T11:08:36.313Z
sensor.car_charger_enphase_power,4.359724,2026-02-27T11:08:41.317Z
sensor.car_charger_enphase_power,4.355354,2026-02-27T11:08:46.295Z
sensor.car_charger_enphase_power,4.330219,2026-02-27T11:08:51.301Z
sensor.car_charger_enphase_power,4.315686,2026-02-27T11:08:56.309Z
sensor.car_charger_enphase_power,4.258756,2026-02-27T11:09:01.301Z
sensor.car_charger_enphase_power,4.267333,2026-02-27T11:09:06.316Z
sensor.car_charger_enphase_power,4.263858,2026-02-27T11:09:11.310Z
sensor.car_charger_enphase_power,4.28975,2026-02-27T11:09:16.302Z
sensor.car_charger_enphase_power,4.262746,2026-02-27T11:09:21.301Z
sensor.car_charger_enphase_power,4.264231,2026-02-27T11:09:26.309Z
sensor.car_charger_enphase_power,4.265433,2026-02-27T11:09:31.292Z
sensor.car_charger_enphase_power,3.544373,2026-02-27T11:09:36.320Z
sensor.car_charger_enphase_power,3.550514,2026-02-27T11:09:41.312Z
sensor.car_charger_enphase_power,3.554706,2026-02-27T11:09:46.313Z
sensor.car_charger_enphase_power,3.543057,2026-02-27T11:09:51.303Z
sensor.car_charger_enphase_power,3.542844,2026-02-27T11:09:56.315Z
sensor.car_charger_enphase_power,3.557384,2026-02-27T11:10:01.297Z
sensor.car_charger_enphase_power,3.552627,2026-02-27T11:10:06.323Z
sensor.car_charger_enphase_power,3.546742,2026-02-27T11:10:11.307Z
sensor.car_charger_enphase_power,3.543021,2026-02-27T11:10:16.301Z
sensor.car_charger_enphase_power,3.557438,2026-02-27T11:10:21.292Z
sensor.car_charger_enphase_power,0.005796,2026-02-27T11:10:26.296Z
sensor.car_charger_enphase_power,0.005553,2026-02-27T11:10:31.306Z
sensor.car_charger_enphase_power,0.006239,2026-02-27T11:10:36.305Z
sensor.car_charger_enphase_power,0.005673,2026-02-27T11:10:41.305Z
sensor.car_charger_enphase_power,0.005516,2026-02-27T11:10:46.458Z
sensor.car_charger_enphase_power,0.006009,2026-02-27T11:10:51.314Z
sensor.car_charger_enphase_power,0.006262,2026-02-27T11:10:56.311Z
sensor.car_charger_enphase_power,0.0,2026-02-27T11:11:01.297Z
sensor.car_charger_enphase_power,0.006629,2026-02-27T11:11:06.295Z
sensor.car_charger_enphase_power,0.005578,2026-02-27T11:11:11.300Z
sensor.car_charger_enphase_power,0.005827,2026-02-27T11:11:16.308Z
sensor.car_charger_enphase_power,0.006666,2026-02-27T11:11:21.291Z
sensor.car_charger_enphase_power,0.005786,2026-02-27T11:11:26.301Z
sensor.car_charger_enphase_power,0.005927,2026-02-27T11:11:31.294Z
sensor.car_charger_enphase_power,0.006121,2026-02-27T11:11:36.309Z
sensor.car_charger_enphase_power,0.005809,2026-02-27T11:11:41.308Z
sensor.car_charger_enphase_power,0.005768,2026-02-27T11:11:46.331Z
sensor.car_charger_enphase_power,0.006261,2026-02-27T11:11:51.300Z
sensor.car_charger_enphase_power,0.005605,2026-02-27T11:11:56.296Z
sensor.car_charger_enphase_power,0.005884,2026-02-27T11:12:01.309Z
sensor.car_charger_enphase_power,0.005877,2026-02-27T11:12:06.328Z
sensor.car_charger_enphase_power,0.006179,2026-02-27T11:12:11.295Z
sensor.car_charger_enphase_power,0.0,2026-02-27T11:12:16.324Z
sensor.car_charger_enphase_power,0.006311,2026-02-27T11:12:21.303Z
sensor.car_charger_enphase_power,0.005803,2026-02-27T11:12:26.319Z
sensor.car_charger_enphase_power,0.0,2026-02-27T11:12:31.308Z
sensor.car_charger_enphase_power,0.005921,2026-02-27T11:12:36.297Z
sensor.car_charger_enphase_power,0.0,2026-02-27T11:12:41.316Z
sensor.car_charger_enphase_power,0.005807,2026-02-27T11:12:46.304Z
sensor.car_charger_enphase_power,0.005803,2026-02-27T11:12:51.313Z
sensor.car_charger_enphase_power,0.00565,2026-02-27T11:12:56.282Z
sensor.car_charger_enphase_power,0.006145,2026-02-27T11:13:06.310Z
sensor.car_charger_enphase_power,0.0,2026-02-27T11:13:11.311Z
sensor.car_charger_enphase_power,0.009606,2026-02-27T11:13:16.489Z
sensor.car_charger_enphase_power,0.010592,2026-02-27T11:13:21.306Z
sensor.car_charger_enphase_power,0.236853,2026-02-27T11:13:26.303Z
sensor.car_charger_enphase_power,0.539134,2026-02-27T11:13:31.321Z
sensor.car_charger_enphase_power,0.954432,2026-02-27T11:13:36.298Z
sensor.car_charger_enphase_power,1.438454,2026-02-27T11:13:41.290Z
sensor.car_charger_enphase_power,1.437927,2026-02-27T11:13:46.302Z
sensor.car_charger_enphase_power,1.436173,2026-02-27T11:13:51.303Z
sensor.car_charger_enphase_power,1.433819,2026-02-27T11:13:56.299Z
sensor.car_charger_enphase_power,1.435423,2026-02-27T11:14:01.305Z
sensor.car_charger_enphase_power,1.433465,2026-02-27T11:14:06.314Z
sensor.car_charger_enphase_power,1.434469,2026-02-27T11:14:11.311Z
sensor.car_charger_enphase_power,1.432038,2026-02-27T11:14:16.305Z
sensor.car_charger_enphase_power,1.432019,2026-02-27T11:14:21.305Z
sensor.car_charger_enphase_power,1.432244,2026-02-27T11:14:26.310Z
sensor.car_charger_enphase_power,1.435116,2026-02-27T11:14:31.300Z
sensor.car_charger_enphase_power,1.43882,2026-02-27T11:14:36.313Z
sensor.car_charger_enphase_power,1.438292,2026-02-27T11:14:41.315Z
sensor.car_charger_enphase_power,2.135633,2026-02-27T11:14:46.317Z
sensor.car_charger_enphase_power,2.1345,2026-02-27T11:14:51.311Z
sensor.car_charger_enphase_power,2.135895,2026-02-27T11:14:56.308Z
sensor.car_charger_enphase_power,2.139369,2026-02-27T11:15:01.315Z
sensor.car_charger_enphase_power,2.148457,2026-02-27T11:15:06.298Z
sensor.car_charger_enphase_power,2.148256,2026-02-27T11:15:11.306Z
sensor.car_charger_enphase_power,2.137495,2026-02-27T11:15:16.315Z
sensor.car_charger_enphase_power,2.129654,2026-02-27T11:15:21.312Z
sensor.car_charger_enphase_power,2.131605,2026-02-27T11:15:26.304Z
sensor.car_charger_enphase_power,2.131349,2026-02-27T11:15:31.308Z
sensor.car_charger_enphase_power,2.147504,2026-02-27T11:15:36.308Z
sensor.car_charger_enphase_power,2.127664,2026-02-27T11:15:41.301Z
sensor.car_charger_enphase_power,2.128305,2026-02-27T11:15:46.301Z
sensor.car_charger_enphase_power,2.133621,2026-02-27T11:15:51.295Z
sensor.car_charger_enphase_power,2.129416,2026-02-27T11:15:56.280Z
sensor.car_charger_enphase_power,2.136545,2026-02-27T11:16:01.313Z
sensor.car_charger_enphase_power,2.140907,2026-02-27T11:16:06.307Z
sensor.car_charger_enphase_power,2.185489,2026-02-27T11:16:11.302Z
sensor.car_charger_enphase_power,2.191564,2026-02-27T11:16:16.366Z
sensor.car_charger_enphase_power,2.196028,2026-02-27T11:16:21.302Z
sensor.car_charger_enphase_power,2.202264,2026-02-27T11:16:26.319Z
sensor.car_charger_enphase_power,2.212615,2026-02-27T11:16:31.309Z
sensor.car_charger_enphase_power,2.212488,2026-02-27T11:16:36.303Z
sensor.car_charger_enphase_power,2.215431,2026-02-27T11:16:41.312Z
sensor.car_charger_enphase_power,2.929902,2026-02-27T11:16:46.305Z
sensor.car_charger_enphase_power,2.937529,2026-02-27T11:16:51.303Z
sensor.car_charger_enphase_power,2.944733,2026-02-27T11:16:56.300Z
sensor.car_charger_enphase_power,2.926274,2026-02-27T11:17:01.297Z
sensor.car_charger_enphase_power,2.915359,2026-02-27T11:17:06.315Z
sensor.car_charger_enphase_power,2.921836,2026-02-27T11:17:11.299Z
sensor.car_charger_enphase_power,2.913065,2026-02-27T11:17:16.310Z
sensor.car_charger_enphase_power,2.921696,2026-02-27T11:17:21.291Z
sensor.car_charger_enphase_power,2.908446,2026-02-27T11:17:26.305Z
sensor.car_charger_enphase_power,2.899254,2026-02-27T11:17:31.299Z
sensor.car_charger_enphase_power,2.887519,2026-02-27T11:17:36.302Z
sensor.car_charger_enphase_power,2.86169,2026-02-27T11:17:41.325Z
sensor.car_charger_enphase_power,2.837614,2026-02-27T11:17:46.305Z
sensor.car_charger_enphase_power,2.826291,2026-02-27T11:17:51.314Z
sensor.car_charger_enphase_power,2.817453,2026-02-27T11:17:56.311Z
sensor.car_charger_enphase_power,2.84266,2026-02-27T11:18:01.297Z
sensor.car_charger_enphase_power,2.847279,2026-02-27T11:18:06.326Z
sensor.car_charger_enphase_power,2.838244,2026-02-27T11:18:11.312Z
sensor.car_charger_enphase_power,2.870668,2026-02-27T11:18:16.290Z
sensor.car_charger_enphase_power,2.852936,2026-02-27T11:18:21.306Z
sensor.car_charger_enphase_power,2.835736,2026-02-27T11:18:26.302Z
sensor.car_charger_enphase_power,2.834884,2026-02-27T11:18:31.295Z
sensor.car_charger_enphase_power,2.828854,2026-02-27T11:18:36.305Z
sensor.car_charger_enphase_power,2.822077,2026-02-27T11:18:41.309Z
sensor.car_charger_enphase_power,2.821386,2026-02-27T11:18:46.301Z
sensor.car_charger_enphase_power,2.842771,2026-02-27T11:18:51.304Z
sensor.car_charger_enphase_power,2.137444,2026-02-27T11:18:56.324Z
sensor.car_charger_enphase_power,2.136492,2026-02-27T11:19:01.300Z
sensor.car_charger_enphase_power,2.129792,2026-02-27T11:19:06.307Z
sensor.car_charger_enphase_power,2.116115,2026-02-27T11:19:11.301Z
sensor.car_charger_enphase_power,2.1226,2026-02-27T11:19:16.300Z
sensor.car_charger_enphase_power,2.130765,2026-02-27T11:19:21.301Z
sensor.car_charger_enphase_power,0.005711,2026-02-27T11:19:26.310Z
sensor.car_charger_enphase_power,0.0,2026-02-27T11:19:31.311Z
sensor.car_charger_enphase_power,0.005696,2026-02-27T11:19:36.295Z
sensor.car_charger_enphase_power,0.005698,2026-02-27T11:19:41.310Z
sensor.car_charger_enphase_power,0.0,2026-02-27T11:19:46.289Z
sensor.car_charger_enphase_power,0.006643,2026-02-27T11:19:51.289Z
sensor.car_charger_enphase_power,0.0,2026-02-27T11:19:56.303Z
sensor.car_charger_enphase_power,0.005977,2026-02-27T11:20:06.297Z
sensor.car_charger_enphase_power,0.00578,2026-02-27T11:20:11.299Z
sensor.car_charger_enphase_power,0.0,2026-02-27T11:20:16.312Z
sensor.car_charger_enphase_power,0.006196,2026-02-27T11:20:21.297Z
sensor.car_charger_enphase_power,0.0,2026-02-27T11:20:26.294Z
sensor.car_charger_enphase_power,0.006452,2026-02-27T11:20:36.292Z
sensor.car_charger_enphase_power,0.005593,2026-02-27T11:20:41.291Z
sensor.car_charger_enphase_power,0.005848,2026-02-27T11:20:46.303Z
sensor.car_charger_enphase_power,0.006352,2026-02-27T11:20:51.299Z
sensor.car_charger_enphase_power,0.005655,2026-02-27T11:20:56.297Z
sensor.car_charger_enphase_power,0.005757,2026-02-27T11:21:01.305Z
sensor.car_charger_enphase_power,0.005909,2026-02-27T11:21:06.303Z
sensor.car_charger_enphase_power,0.005869,2026-02-27T11:21:11.303Z
sensor.car_charger_enphase_power,0.005543,2026-02-27T11:21:16.306Z
sensor.car_charger_enphase_power,0.005721,2026-02-27T11:21:21.304Z
sensor.car_charger_enphase_power,0.005655,2026-02-27T11:21:26.310Z
sensor.car_charger_enphase_power,0.005861,2026-02-27T11:21:31.363Z
sensor.car_charger_enphase_power,0.005566,2026-02-27T11:21:36.304Z
sensor.car_charger_enphase_power,0.006688,2026-02-27T11:21:41.296Z
sensor.car_charger_enphase_power,0.0,2026-02-27T11:21:46.303Z
sensor.car_charger_enphase_power,0.005939,2026-02-27T11:21:51.293Z
sensor.car_charger_enphase_power,0.005971,2026-02-27T11:21:56.315Z
sensor.car_charger_enphase_power,0.005921,2026-02-27T11:22:01.307Z
sensor.car_charger_enphase_power,0.006216,2026-02-27T11:22:06.316Z
sensor.car_charger_enphase_power,0.005893,2026-02-27T11:22:11.292Z
sensor.car_charger_enphase_power,0.00729,2026-02-27T11:22:16.380Z
sensor.car_charger_enphase_power,0.052758,2026-02-27T11:22:21.310Z
sensor.car_charger_enphase_power,0.472112,2026-02-27T11:22:26.312Z
sensor.car_charger_enphase_power,0.946421,2026-02-27T11:22:31.300Z
sensor.car_charger_enphase_power,1.00871,2026-02-27T11:22:36.301Z
sensor.car_charger_enphase_power,1.427149,2026-02-27T11:22:41.314Z
sensor.car_charger_enphase_power,1.426331,2026-02-27T11:22:46.301Z
sensor.car_charger_enphase_power,1.425913,2026-02-27T11:22:51.304Z
sensor.car_charger_enphase_power,1.431733,2026-02-27T11:22:56.311Z
sensor.car_charger_enphase_power,1.429648,2026-02-27T11:23:01.301Z
sensor.car_charger_enphase_power,1.429525,2026-02-27T11:23:06.333Z
sensor.car_charger_enphase_power,1.431974,2026-02-27T11:23:11.311Z
sensor.car_charger_enphase_power,1.431458,2026-02-27T11:23:16.310Z
sensor.car_charger_enphase_power,1.42893,2026-02-27T11:23:21.300Z
sensor.car_charger_enphase_power,1.426433,2026-02-27T11:23:26.310Z
sensor.car_charger_enphase_power,1.427992,2026-02-27T11:23:31.474Z
sensor.car_charger_enphase_power,1.429136,2026-02-27T11:23:36.361Z
sensor.car_charger_enphase_power,1.429704,2026-02-27T11:23:41.320Z
sensor.car_charger_enphase_power,1.432631,2026-02-27T11:23:46.306Z
sensor.car_charger_enphase_power,1.438442,2026-02-27T11:23:51.305Z
sensor.car_charger_enphase_power,1.435932,2026-02-27T11:23:56.303Z
sensor.car_charger_enphase_power,1.433174,2026-02-27T11:24:01.304Z
sensor.car_charger_enphase_power,1.431643,2026-02-27T11:24:06.294Z
sensor.car_charger_enphase_power,1.430143,2026-02-27T11:24:11.315Z
sensor.car_charger_enphase_power,1.429161,2026-02-27T11:24:16.312Z
sensor.car_charger_enphase_power,1.424847,2026-02-27T11:24:21.315Z
sensor.car_charger_enphase_power,1.424193,2026-02-27T11:24:26.305Z
sensor.car_charger_enphase_power,1.425776,2026-02-27T11:24:31.284Z
sensor.car_charger_enphase_power,1.427065,2026-02-27T11:24:36.308Z
sensor.car_charger_enphase_power,1.430234,2026-02-27T11:24:41.313Z
sensor.car_charger_enphase_power,1.431965,2026-02-27T11:24:46.313Z
sensor.car_charger_enphase_power,1.431799,2026-02-27T11:24:51.299Z
sensor.car_charger_enphase_power,1.429396,2026-02-27T11:24:56.315Z
sensor.car_charger_enphase_power,1.431392,2026-02-27T11:25:01.291Z
sensor.car_charger_enphase_power,1.427073,2026-02-27T11:25:06.309Z
sensor.car_charger_enphase_power,1.427798,2026-02-27T11:25:11.316Z
sensor.car_charger_enphase_power,1.425585,2026-02-27T11:25:16.308Z
sensor.car_charger_enphase_power,1.425369,2026-02-27T11:25:21.293Z
sensor.car_charger_enphase_power,1.425921,2026-02-27T11:25:26.301Z
sensor.car_charger_enphase_power,1.42903,2026-02-27T11:25:31.298Z
sensor.car_charger_enphase_power,1.425636,2026-02-27T11:25:36.340Z
sensor.car_charger_enphase_power,1.431572,2026-02-27T11:25:41.306Z
sensor.car_charger_enphase_power,1.427941,2026-02-27T11:25:46.308Z
sensor.car_charger_enphase_power,1.426622,2026-02-27T11:25:51.295Z
sensor.car_charger_enphase_power,1.426973,2026-02-27T11:25:56.315Z
sensor.car_charger_enphase_power,1.423207,2026-02-27T11:26:01.298Z
sensor.car_charger_enphase_power,0.73794,2026-02-27T11:26:06.303Z
sensor.car_charger_enphase_power,0.736437,2026-02-27T11:26:11.305Z
sensor.car_charger_enphase_power,0.006039,2026-02-27T11:26:16.324Z
sensor.car_charger_enphase_power,0.00575,2026-02-27T11:26:21.307Z
sensor.car_charger_enphase_power,0.006287,2026-02-27T11:26:26.312Z
sensor.car_charger_enphase_power,0.006234,2026-02-27T11:26:31.305Z
sensor.car_charger_enphase_power,0.0,2026-02-27T11:26:36.329Z
sensor.car_charger_enphase_power,0.005621,2026-02-27T11:26:41.307Z
sensor.car_charger_enphase_power,0.0,2026-02-27T11:26:46.300Z
sensor.car_charger_enphase_power,0.005869,2026-02-27T11:26:51.296Z
sensor.car_charger_enphase_power,0.006245,2026-02-27T11:26:56.313Z
sensor.car_charger_enphase_power,0.0,2026-02-27T11:27:01.319Z
sensor.car_charger_enphase_power,0.005993,2026-02-27T11:27:11.334Z
sensor.car_charger_enphase_power,0.005761,2026-02-27T11:27:16.328Z
sensor.car_charger_enphase_power,0.0,2026-02-27T11:27:21.329Z
sensor.car_charger_enphase_power,0.005828,2026-02-27T11:27:26.321Z
sensor.car_charger_enphase_power,0.0,2026-02-27T11:27:31.305Z
sensor.car_charger_enphase_power,0.005546,2026-02-27T11:27:36.299Z
sensor.car_charger_enphase_power,0.006091,2026-02-27T11:27:41.313Z
sensor.car_charger_enphase_power,0.0,2026-02-27T11:27:46.291Z
sensor.car_charger_enphase_power,0.006091,2026-02-27T11:27:56.316Z
sensor.car_charger_enphase_power,0.0,2026-02-27T11:28:01.331Z
sensor.car_charger_enphase_power,0.005796,2026-02-27T11:28:06.304Z
sensor.car_charger_enphase_power,0.005712,2026-02-27T11:28:11.308Z
sensor.car_charger_enphase_power,0.005769,2026-02-27T11:28:17.339Z
sensor.car_charger_enphase_power,0.005814,2026-02-27T11:28:22.348Z
sensor.car_charger_enphase_power,0.006236,2026-02-27T11:28:27.301Z
sensor.car_charger_enphase_power,0.0,2026-02-27T11:28:32.297Z
sensor.car_charger_enphase_power,0.005953,2026-02-27T11:28:37.300Z
sensor.car_charger_enphase_power,0.0,2026-02-27T11:28:42.300Z
sensor.car_charger_enphase_power,0.005578,2026-02-27T11:28:47.311Z
sensor.car_charger_enphase_power,0.005805,2026-02-27T11:28:52.289Z
sensor.car_charger_enphase_power,0.0058,2026-02-27T11:28:57.313Z
sensor.car_charger_enphase_power,0.006875,2026-02-27T11:29:02.325Z
sensor.car_charger_enphase_power,0.031543,2026-02-27T11:29:07.290Z
sensor.car_charger_enphase_power,0.246631,2026-02-27T11:29:12.297Z
sensor.car_charger_enphase_power,0.485614,2026-02-27T11:29:17.326Z
sensor.car_charger_enphase_power,0.534043,2026-02-27T11:29:22.338Z
sensor.car_charger_enphase_power,0.728926,2026-02-27T11:29:27.319Z
sensor.car_charger_enphase_power,0.726418,2026-02-27T11:29:32.325Z
sensor.car_charger_enphase_power,0.725497,2026-02-27T11:29:37.287Z
sensor.car_charger_enphase_power,0.727285,2026-02-27T11:29:42.320Z
sensor.car_charger_enphase_power,0.726874,2026-02-27T11:29:47.331Z
sensor.car_charger_enphase_power,0.725938,2026-02-27T11:29:52.318Z
sensor.car_charger_enphase_power,0.735087,2026-02-27T11:29:57.306Z
sensor.car_charger_enphase_power,0.734201,2026-02-27T11:30:02.306Z
sensor.car_charger_enphase_power,1.431017,2026-02-27T11:30:07.309Z
sensor.car_charger_enphase_power,1.429282,2026-02-27T11:30:12.287Z
sensor.car_charger_enphase_power,1.431442,2026-02-27T11:30:17.308Z
sensor.car_charger_enphase_power,1.435593,2026-02-27T11:30:22.305Z
sensor.car_charger_enphase_power,1.427317,2026-02-27T11:30:27.329Z
sensor.car_charger_enphase_power,1.426394,2026-02-27T11:30:32.333Z
sensor.car_charger_enphase_power,1.437761,2026-02-27T11:30:37.337Z
sensor.car_charger_enphase_power,1.428509,2026-02-27T11:30:42.360Z
sensor.car_charger_enphase_power,1.427128,2026-02-27T11:30:47.338Z
sensor.car_charger_enphase_power,1.436631,2026-02-27T11:30:52.303Z
sensor.car_charger_enphase_power,1.425492,2026-02-27T11:30:57.325Z
sensor.car_charger_enphase_power,1.426783,2026-02-27T11:31:02.327Z
sensor.car_charger_enphase_power,1.435359,2026-02-27T11:31:07.314Z
sensor.car_charger_enphase_power,1.43014,2026-02-27T11:31:12.311Z
sensor.car_charger_enphase_power,1.422116,2026-02-27T11:31:17.323Z
sensor.car_charger_enphase_power,1.429716,2026-02-27T11:31:22.310Z
sensor.car_charger_enphase_power,1.433548,2026-02-27T11:31:27.305Z
sensor.car_charger_enphase_power,1.4298,2026-02-27T11:31:32.314Z
sensor.car_charger_enphase_power,1.426553,2026-02-27T11:31:37.372Z
sensor.car_charger_enphase_power,1.423963,2026-02-27T11:31:42.286Z
sensor.car_charger_enphase_power,1.42482,2026-02-27T11:31:47.321Z
sensor.car_charger_enphase_power,1.424283,2026-02-27T11:31:52.311Z
sensor.car_charger_enphase_power,1.425851,2026-02-27T11:31:57.324Z
sensor.car_charger_enphase_power,1.429661,2026-02-27T11:32:02.383Z
sensor.car_charger_enphase_power,1.427006,2026-02-27T11:32:07.310Z
sensor.car_charger_enphase_power,1.42686,2026-02-27T11:32:12.300Z
sensor.car_charger_enphase_power,1.42633,2026-02-27T11:32:17.304Z
sensor.car_charger_enphase_power,1.423847,2026-02-27T11:32:22.296Z
sensor.car_charger_enphase_power,1.421553,2026-02-27T11:32:27.313Z
sensor.car_charger_enphase_power,1.424759,2026-02-27T11:32:32.306Z
sensor.car_charger_enphase_power,1.424243,2026-02-27T11:32:37.328Z
sensor.car_charger_enphase_power,1.424733,2026-02-27T11:32:42.310Z
sensor.car_charger_enphase_power,1.423,2026-02-27T11:32:47.311Z
sensor.car_charger_enphase_power,1.424306,2026-02-27T11:32:52.310Z
sensor.car_charger_enphase_power,1.425124,2026-02-27T11:32:57.281Z
sensor.car_charger_enphase_power,1.428346,2026-02-27T11:33:02.308Z
sensor.car_charger_enphase_power,1.429716,2026-02-27T11:33:07.302Z
sensor.car_charger_enphase_power,1.432304,2026-02-27T11:33:12.321Z
sensor.car_charger_enphase_power,1.43144,2026-02-27T11:33:17.328Z
sensor.car_charger_enphase_power,1.423845,2026-02-27T11:33:22.352Z
sensor.car_charger_enphase_power,1.432338,2026-02-27T11:33:27.300Z
sensor.car_charger_enphase_power,1.428798,2026-02-27T11:33:32.309Z
sensor.car_charger_enphase_power,1.430145,2026-02-27T11:33:37.340Z
sensor.car_charger_enphase_power,1.430282,2026-02-27T11:33:42.326Z
sensor.car_charger_enphase_power,1.434716,2026-02-27T11:33:47.318Z
sensor.car_charger_enphase_power,1.436445,2026-02-27T11:33:52.309Z
sensor.car_charger_enphase_power,1.436195,2026-02-27T11:33:57.324Z
sensor.car_charger_enphase_power,1.434907,2026-02-27T11:34:02.302Z
sensor.car_charger_enphase_power,1.438772,2026-02-27T11:34:07.325Z
sensor.car_charger_enphase_power,1.437209,2026-02-27T11:34:12.307Z
sensor.car_charger_enphase_power,1.434757,2026-02-27T11:34:17.302Z
sensor.car_charger_enphase_power,1.43274,2026-02-27T11:34:22.301Z
sensor.car_charger_enphase_power,1.4288,2026-02-27T11:34:27.305Z
sensor.car_charger_enphase_power,1.429045,2026-02-27T11:34:32.321Z
sensor.car_charger_enphase_power,1.43495,2026-02-27T11:34:37.310Z
sensor.car_charger_enphase_power,1.437106,2026-02-27T11:34:42.322Z
sensor.car_charger_enphase_power,1.433108,2026-02-27T11:34:47.324Z
sensor.car_charger_enphase_power,1.430781,2026-02-27T11:34:52.318Z
sensor.car_charger_enphase_power,1.429195,2026-02-27T11:34:57.331Z
sensor.car_charger_enphase_power,1.431827,2026-02-27T11:35:02.362Z
sensor.car_charger_enphase_power,1.432562,2026-02-27T11:35:07.333Z
sensor.car_charger_enphase_power,1.437652,2026-02-27T11:35:12.324Z
sensor.car_charger_enphase_power,1.433585,2026-02-27T11:35:17.299Z
sensor.car_charger_enphase_power,1.430014,2026-02-27T11:35:22.347Z
sensor.car_charger_enphase_power,1.430507,2026-02-27T11:35:27.332Z
sensor.car_charger_enphase_power,1.426346,2026-02-27T11:35:32.364Z
sensor.car_charger_enphase_power,1.433571,2026-02-27T11:35:37.288Z
sensor.car_charger_enphase_power,1.439124,2026-02-27T11:35:42.288Z
sensor.car_charger_enphase_power,1.439949,2026-02-27T11:35:47.313Z
sensor.car_charger_enphase_power,1.427794,2026-02-27T11:35:52.313Z
sensor.car_charger_enphase_power,1.431499,2026-02-27T11:35:57.306Z
sensor.car_charger_enphase_power,1.434875,2026-02-27T11:36:02.304Z
sensor.car_charger_enphase_power,1.429997,2026-02-27T11:36:07.309Z
sensor.car_charger_enphase_power,1.424434,2026-02-27T11:36:12.314Z
sensor.car_charger_enphase_power,1.425653,2026-02-27T11:36:17.316Z
sensor.car_charger_enphase_power,1.431802,2026-02-27T11:36:22.311Z
sensor.car_charger_enphase_power,1.433139,2026-02-27T11:36:27.316Z
sensor.car_charger_enphase_power,1.430232,2026-02-27T11:36:32.312Z
sensor.car_charger_enphase_power,1.426156,2026-02-27T11:36:37.310Z
sensor.car_charger_enphase_power,1.427557,2026-02-27T11:36:42.308Z
sensor.car_charger_enphase_power,1.423916,2026-02-27T11:36:47.303Z
sensor.car_charger_enphase_power,1.43065,2026-02-27T11:36:52.316Z
sensor.car_charger_enphase_power,1.432224,2026-02-27T11:36:57.305Z
sensor.car_charger_enphase_power,1.437106,2026-02-27T11:37:02.289Z
sensor.car_charger_enphase_power,1.433051,2026-02-27T11:37:07.326Z
sensor.car_charger_enphase_power,1.42751,2026-02-27T11:37:12.331Z
sensor.car_charger_enphase_power,1.424074,2026-02-27T11:37:17.312Z
sensor.car_charger_enphase_power,1.422805,2026-02-27T11:37:22.321Z
sensor.car_charger_enphase_power,1.4242,2026-02-27T11:37:27.339Z
sensor.car_charger_enphase_power,1.424433,2026-02-27T11:37:32.345Z
sensor.car_charger_enphase_power,1.429393,2026-02-27T11:37:37.350Z
sensor.car_charger_enphase_power,1.433056,2026-02-27T11:37:42.307Z
sensor.car_charger_enphase_power,1.430329,2026-02-27T11:37:47.325Z
sensor.car_charger_enphase_power,1.432981,2026-02-27T11:37:52.326Z
sensor.car_charger_enphase_power,1.430081,2026-02-27T11:37:57.288Z
sensor.car_charger_enphase_power,1.42947,2026-02-27T11:38:02.365Z
sensor.car_charger_enphase_power,1.427946,2026-02-27T11:38:07.363Z
sensor.car_charger_enphase_power,1.430733,2026-02-27T11:38:12.311Z
sensor.car_charger_enphase_power,1.4306,2026-02-27T11:38:17.310Z
sensor.car_charger_enphase_power,1.431894,2026-02-27T11:38:22.349Z
sensor.car_charger_enphase_power,1.433389,2026-02-27T11:38:27.299Z
sensor.car_charger_enphase_power,1.430825,2026-02-27T11:38:32.349Z
sensor.car_charger_enphase_power,1.429129,2026-02-27T11:38:37.335Z
sensor.car_charger_enphase_power,1.433646,2026-02-27T11:38:42.316Z
sensor.car_charger_enphase_power,1.436209,2026-02-27T11:38:47.298Z
sensor.car_charger_enphase_power,1.432839,2026-02-27T11:38:52.487Z
sensor.car_charger_enphase_power,1.428532,2026-02-27T11:38:57.344Z
sensor.car_charger_enphase_power,1.429104,2026-02-27T11:39:02.493Z
sensor.car_charger_enphase_power,1.428652,2026-02-27T11:39:07.319Z
sensor.car_charger_enphase_power,1.433676,2026-02-27T11:39:12.325Z
sensor.car_charger_enphase_power,1.430093,2026-02-27T11:39:17.455Z
sensor.car_charger_enphase_power,1.424926,2026-02-27T11:39:22.313Z
sensor.car_charger_enphase_power,1.422648,2026-02-27T11:39:27.311Z
sensor.car_charger_enphase_power,1.426615,2026-02-27T11:39:32.297Z
sensor.car_charger_enphase_power,1.430561,2026-02-27T11:39:37.301Z
sensor.car_charger_enphase_power,1.437731,2026-02-27T11:39:42.345Z
sensor.car_charger_enphase_power,1.432808,2026-02-27T11:39:47.301Z
sensor.car_charger_enphase_power,1.427535,2026-02-27T11:39:52.345Z
sensor.car_charger_enphase_power,1.424349,2026-02-27T11:39:57.344Z
sensor.car_charger_enphase_power,1.425367,2026-02-27T11:40:02.324Z
sensor.car_charger_enphase_power,1.430438,2026-02-27T11:40:07.309Z
sensor.car_charger_enphase_power,1.434734,2026-02-27T11:40:12.342Z
sensor.car_charger_enphase_power,1.4288,2026-02-27T11:40:17.314Z
sensor.car_charger_enphase_power,1.425792,2026-02-27T11:40:22.524Z
sensor.car_charger_enphase_power,1.42369,2026-02-27T11:40:27.318Z
sensor.car_charger_enphase_power,1.419713,2026-02-27T11:40:32.323Z
sensor.car_charger_enphase_power,1.422671,2026-02-27T11:40:37.305Z
sensor.car_charger_enphase_power,1.426765,2026-02-27T11:40:42.296Z
sensor.car_charger_enphase_power,1.430516,2026-02-27T11:40:47.325Z
sensor.car_charger_enphase_power,1.431097,2026-02-27T11:40:52.336Z
sensor.car_charger_enphase_power,1.433921,2026-02-27T11:40:57.297Z
sensor.car_charger_enphase_power,1.433857,2026-02-27T11:41:02.410Z
sensor.car_charger_enphase_power,1.438279,2026-02-27T11:41:07.321Z
sensor.car_charger_enphase_power,1.438526,2026-02-27T11:41:12.375Z
sensor.car_charger_enphase_power,1.431979,2026-02-27T11:41:17.334Z
sensor.car_charger_enphase_power,1.431543,2026-02-27T11:41:22.321Z
sensor.car_charger_enphase_power,1.435348,2026-02-27T11:41:27.343Z
sensor.car_charger_enphase_power,1.43336,2026-02-27T11:41:32.323Z
sensor.car_charger_enphase_power,1.432496,2026-02-27T11:41:37.311Z
sensor.car_charger_enphase_power,1.430463,2026-02-27T11:41:42.302Z
sensor.car_charger_enphase_power,1.425015,2026-02-27T11:41:47.328Z
sensor.car_charger_enphase_power,1.426394,2026-02-27T11:41:52.316Z
sensor.car_charger_enphase_power,1.426637,2026-02-27T11:41:57.310Z
sensor.car_charger_enphase_power,1.427042,2026-02-27T11:42:02.355Z
sensor.car_charger_enphase_power,1.433021,2026-02-27T11:42:07.331Z
sensor.car_charger_enphase_power,1.431327,2026-02-27T11:42:12.332Z
sensor.car_charger_enphase_power,1.423364,2026-02-27T11:42:17.340Z
sensor.car_charger_enphase_power,1.427585,2026-02-27T11:42:22.316Z
sensor.car_charger_enphase_power,1.43149,2026-02-27T11:42:27.339Z
sensor.car_charger_enphase_power,1.429804,2026-02-27T11:42:32.333Z
sensor.car_charger_enphase_power,0.729519,2026-02-27T11:42:37.306Z
sensor.car_charger_enphase_power,0.725415,2026-02-27T11:42:42.324Z
sensor.car_charger_enphase_power,0.0,2026-02-27T11:42:47.309Z
sensor.car_charger_enphase_power,0.005986,2026-02-27T11:42:52.307Z
sensor.car_charger_enphase_power,0.0,2026-02-27T11:42:57.295Z
sensor.car_charger_enphase_power,0.00551,2026-02-27T11:43:02.291Z
sensor.car_charger_enphase_power,0.005711,2026-02-27T11:43:07.335Z
sensor.car_charger_enphase_power,0.005705,2026-02-27T11:43:12.324Z
sensor.car_charger_enphase_power,0.0,2026-02-27T11:43:17.331Z
sensor.car_charger_enphase_power,0.005769,2026-02-27T11:43:22.333Z
sensor.car_charger_enphase_power,0.00632,2026-02-27T11:43:27.300Z
sensor.car_charger_enphase_power,0.005732,2026-02-27T11:43:32.288Z
sensor.car_charger_enphase_power,0.0,2026-02-27T11:43:37.315Z
sensor.car_charger_enphase_power,0.005669,2026-02-27T11:43:42.307Z
sensor.car_charger_enphase_power,0.005528,2026-02-27T11:43:47.301Z
sensor.car_charger_enphase_power,0.005566,2026-02-27T11:43:52.310Z
sensor.car_charger_enphase_power,0.005966,2026-02-27T11:43:57.341Z
sensor.car_charger_enphase_power,0.0,2026-02-27T11:44:02.349Z
sensor.car_charger_enphase_power,0.005989,2026-02-27T11:44:07.295Z
sensor.car_charger_enphase_power,0.005764,2026-02-27T11:44:12.354Z
sensor.car_charger_enphase_power,0.0,2026-02-27T11:44:17.368Z
sensor.car_charger_enphase_power,0.005757,2026-02-27T11:44:22.282Z
sensor.car_charger_enphase_power,0.0,2026-02-27T11:44:27.303Z
sensor.car_charger_enphase_power,0.006305,2026-02-27T11:44:32.392Z
sensor.car_charger_enphase_power,0.0,2026-02-27T11:44:37.287Z
sensor.car_charger_enphase_power,0.005791,2026-02-27T11:44:42.296Z
sensor.car_charger_enphase_power,0.005593,2026-02-27T11:44:47.300Z
sensor.car_charger_enphase_power,0.005564,2026-02-27T11:44:52.294Z
sensor.car_charger_enphase_power,0.005559,2026-02-27T11:44:57.296Z
sensor.car_charger_enphase_power,0.006254,2026-02-27T11:45:02.279Z
sensor.car_charger_enphase_power,0.0,2026-02-27T11:45:07.321Z
sensor.car_charger_enphase_power,0.005678,2026-02-27T11:45:12.276Z
sensor.car_charger_enphase_power,0.0,2026-02-27T11:45:17.317Z
sensor.car_charger_enphase_power,0.005709,2026-02-27T11:45:22.315Z
sensor.car_charger_enphase_power,0.006287,2026-02-27T11:45:27.330Z
sensor.car_charger_enphase_power,0.0,2026-02-27T11:45:32.307Z
sensor.car_charger_enphase_power,0.005677,2026-02-27T11:45:37.300Z
sensor.car_charger_enphase_power,0.0,2026-02-27T11:45:42.309Z
sensor.car_charger_enphase_power,0.005812,2026-02-27T11:45:57.308Z
sensor.car_charger_enphase_power,0.005714,2026-02-27T11:46:02.299Z
sensor.car_charger_enphase_power,0.010235,2026-02-27T11:46:07.356Z
sensor.car_charger_enphase_power,0.010296,2026-02-27T11:46:12.310Z
sensor.car_charger_enphase_power,0.243873,2026-02-27T11:46:17.304Z
sensor.car_charger_enphase_power,0.300721,2026-02-27T11:46:22.278Z
sensor.car_charger_enphase_power,0.485573,2026-02-27T11:46:27.292Z
sensor.car_charger_enphase_power,0.731402,2026-02-27T11:46:32.309Z
sensor.car_charger_enphase_power,0.731004,2026-02-27T11:46:37.300Z
sensor.car_charger_enphase_power,0.730943,2026-02-27T11:46:42.299Z
sensor.car_charger_enphase_power,0.729416,2026-02-27T11:46:47.302Z
sensor.car_charger_enphase_power,0.722917,2026-02-27T11:46:52.312Z
sensor.car_charger_enphase_power,0.726492,2026-02-27T11:46:57.469Z
sensor.car_charger_enphase_power,0.723552,2026-02-27T11:47:02.310Z
sensor.car_charger_enphase_power,0.723971,2026-02-27T11:47:07.302Z
sensor.car_charger_enphase_power,0.724593,2026-02-27T11:47:12.286Z
sensor.car_charger_enphase_power,0.72477,2026-02-27T11:47:17.323Z
sensor.car_charger_enphase_power,0.724661,2026-02-27T11:47:22.277Z
sensor.car_charger_enphase_power,0.722984,2026-02-27T11:47:27.307Z
sensor.car_charger_enphase_power,0.723577,2026-02-27T11:47:32.291Z
sensor.car_charger_enphase_power,0.725579,2026-02-27T11:47:37.301Z
sensor.car_charger_enphase_power,0.728699,2026-02-27T11:47:42.329Z
sensor.car_charger_enphase_power,0.725384,2026-02-27T11:47:47.321Z
sensor.car_charger_enphase_power,0.728128,2026-02-27T11:47:52.302Z
sensor.car_charger_enphase_power,0.72547,2026-02-27T11:47:57.307Z
sensor.car_charger_enphase_power,0.727601,2026-02-27T11:48:02.312Z
sensor.car_charger_enphase_power,0.725768,2026-02-27T11:48:07.339Z
sensor.car_charger_enphase_power,0.724607,2026-02-27T11:48:12.336Z
sensor.car_charger_enphase_power,0.723607,2026-02-27T11:48:17.335Z
sensor.car_charger_enphase_power,0.728653,2026-02-27T11:48:22.297Z
sensor.car_charger_enphase_power,0.73067,2026-02-27T11:48:27.350Z
sensor.car_charger_enphase_power,0.72639,2026-02-27T11:48:32.325Z
sensor.car_charger_enphase_power,0.730362,2026-02-27T11:48:37.345Z
sensor.car_charger_enphase_power,0.72844,2026-02-27T11:48:42.322Z
sensor.car_charger_enphase_power,0.727962,2026-02-27T11:48:47.364Z
sensor.car_charger_enphase_power,0.727683,2026-02-27T11:48:52.290Z
sensor.car_charger_enphase_power,0.726472,2026-02-27T11:48:57.309Z
sensor.car_charger_enphase_power,0.725177,2026-02-27T11:49:02.304Z
sensor.car_charger_enphase_power,0.72921,2026-02-27T11:49:07.294Z
sensor.car_charger_enphase_power,0.724963,2026-02-27T11:49:12.343Z
sensor.car_charger_enphase_power,0.727394,2026-02-27T11:49:17.341Z
sensor.car_charger_enphase_power,0.728857,2026-02-27T11:49:22.323Z
sensor.car_charger_enphase_power,0.717723,2026-02-27T11:49:27.313Z
sensor.car_charger_enphase_power,0.725259,2026-02-27T11:49:32.319Z
sensor.car_charger_enphase_power,0.727612,2026-02-27T11:49:37.368Z
sensor.car_charger_enphase_power,0.729755,2026-02-27T11:49:42.303Z
sensor.car_charger_enphase_power,0.727067,2026-02-27T11:49:47.307Z
sensor.car_charger_enphase_power,0.731465,2026-02-27T11:49:52.299Z
sensor.car_charger_enphase_power,0.734317,2026-02-27T11:49:57.294Z
sensor.car_charger_enphase_power,0.733145,2026-02-27T11:50:02.341Z
sensor.car_charger_enphase_power,0.734215,2026-02-27T11:50:07.330Z
sensor.car_charger_enphase_power,0.733856,2026-02-27T11:50:12.313Z
sensor.car_charger_enphase_power,0.737036,2026-02-27T11:50:17.312Z
sensor.car_charger_enphase_power,0.742259,2026-02-27T11:50:22.300Z
sensor.car_charger_enphase_power,0.744879,2026-02-27T11:50:27.281Z
sensor.car_charger_enphase_power,0.739728,2026-02-27T11:50:32.297Z
sensor.car_charger_enphase_power,0.73571,2026-02-27T11:50:37.322Z
sensor.car_charger_enphase_power,0.732324,2026-02-27T11:50:42.305Z
sensor.car_charger_enphase_power,0.730018,2026-02-27T11:50:47.291Z
sensor.car_charger_enphase_power,0.729559,2026-02-27T11:50:52.293Z
sensor.car_charger_enphase_power,0.729441,2026-02-27T11:50:57.310Z
sensor.car_charger_enphase_power,0.729673,2026-02-27T11:51:02.305Z
sensor.car_charger_enphase_power,0.725781,2026-02-27T11:51:07.312Z
sensor.car_charger_enphase_power,0.727604,2026-02-27T11:51:12.900Z
sensor.car_charger_enphase_power,0.726379,2026-02-27T11:51:17.310Z
sensor.car_charger_enphase_power,0.726608,2026-02-27T11:51:22.306Z
sensor.car_charger_enphase_power,0.728103,2026-02-27T11:51:27.329Z
sensor.car_charger_enphase_power,0.732659,2026-02-27T11:51:32.324Z
sensor.car_charger_enphase_power,0.733054,2026-02-27T11:51:37.319Z
sensor.car_charger_enphase_power,0.733981,2026-02-27T11:51:42.322Z
sensor.car_charger_enphase_power,0.0,2026-02-27T11:51:47.328Z
sensor.car_charger_enphase_power,0.005619,2026-02-27T11:51:52.346Z
sensor.car_charger_enphase_power,0.0,2026-02-27T11:51:57.329Z
sensor.car_charger_enphase_power,0.0057,2026-02-27T11:52:07.351Z
sensor.car_charger_enphase_power,0.0,2026-02-27T11:52:12.315Z
sensor.car_charger_enphase_power,0.005537,2026-02-27T11:52:17.285Z
sensor.car_charger_enphase_power,0.0,2026-02-27T11:52:22.318Z
sensor.car_charger_enphase_power,0.005557,2026-02-27T11:52:27.315Z
sensor.car_charger_enphase_power,0.0,2026-02-27T11:52:32.304Z
sensor.car_charger_enphase_power,0.005598,2026-02-27T11:52:37.306Z
sensor.car_charger_enphase_power,0.0,2026-02-27T11:52:42.306Z
sensor.car_charger_enphase_power,0.005753,2026-02-27T11:52:47.303Z
sensor.car_charger_enphase_power,0.0,2026-02-27T11:52:52.309Z
sensor.car_charger_enphase_power,0.005843,2026-02-27T11:53:02.306Z
sensor.car_charger_enphase_power,0.0,2026-02-27T11:53:07.311Z
sensor.car_charger_enphase_power,0.005602,2026-02-27T11:53:37.304Z
sensor.car_charger_enphase_power,0.0,2026-02-27T11:53:42.498Z
sensor.car_charger_enphase_power,0.005714,2026-02-27T11:54:32.314Z
sensor.car_charger_enphase_power,0.0,2026-02-27T11:54:37.317Z
sensor.car_charger_enphase_power,0.005707,2026-02-27T11:55:12.307Z
sensor.car_charger_enphase_power,0.0,2026-02-27T11:55:17.305Z
sensor.car_charger_enphase_power,0.005782,2026-02-27T11:55:22.300Z
sensor.car_charger_enphase_power,0.0,2026-02-27T11:55:27.292Z
sensor.car_charger_enphase_power,0.005512,2026-02-27T11:55:37.315Z
sensor.car_charger_enphase_power,0.005777,2026-02-27T11:55:42.311Z
sensor.car_charger_enphase_power,0.0,2026-02-27T11:55:47.300Z
sensor.car_charger_enphase_power,0.005655,2026-02-27T11:55:57.309Z
sensor.car_charger_enphase_power,0.0,2026-02-27T11:56:02.319Z
sensor.car_charger_enphase_power,0.005957,2026-02-27T11:56:17.306Z
sensor.car_charger_enphase_power,0.0,2026-02-27T11:56:22.298Z
sensor.car_charger_enphase_power,0.005709,2026-02-27T11:56:27.306Z
sensor.car_charger_enphase_power,0.005803,2026-02-27T11:56:32.310Z
sensor.car_charger_enphase_power,0.005989,2026-02-27T11:56:37.305Z
sensor.car_charger_enphase_power,0.0,2026-02-27T11:56:42.315Z
sensor.car_charger_enphase_power,0.005543,2026-02-27T11:56:47.283Z
sensor.car_charger_enphase_power,0.0,2026-02-27T11:56:52.296Z
sensor.car_charger_enphase_power,0.005528,2026-02-27T11:57:02.309Z
sensor.car_charger_enphase_power,0.0,2026-02-27T11:57:07.294Z
sensor.car_charger_enphase_power,0.00595,2026-02-27T11:57:22.303Z
sensor.car_charger_enphase_power,0.005739,2026-02-27T11:57:27.300Z
sensor.car_charger_enphase_power,0.00922,2026-02-27T11:57:32.286Z
sensor.car_charger_enphase_power,0.151721,2026-02-27T11:57:37.325Z
sensor.car_charger_enphase_power,0.269552,2026-02-27T11:57:42.296Z
sensor.car_charger_enphase_power,0.49029,2026-02-27T11:57:47.309Z
sensor.car_charger_enphase_power,0.73717,2026-02-27T11:57:52.297Z
sensor.car_charger_enphase_power,0.738054,2026-02-27T11:57:57.314Z
sensor.car_charger_enphase_power,0.734487,2026-02-27T11:58:02.317Z
sensor.car_charger_enphase_power,0.735873,2026-02-27T11:58:07.329Z
sensor.car_charger_enphase_power,0.730002,2026-02-27T11:58:12.327Z
sensor.car_charger_enphase_power,0.727172,2026-02-27T11:58:17.313Z
sensor.car_charger_enphase_power,0.729816,2026-02-27T11:58:22.326Z
sensor.car_charger_enphase_power,0.735812,2026-02-27T11:58:27.322Z
sensor.car_charger_enphase_power,0.730988,2026-02-27T11:58:32.293Z
sensor.car_charger_enphase_power,0.730468,2026-02-27T11:58:37.345Z
sensor.car_charger_enphase_power,0.729039,2026-02-27T11:58:42.336Z
sensor.car_charger_enphase_power,0.729057,2026-02-27T11:58:47.313Z
sensor.car_charger_enphase_power,0.731164,2026-02-27T11:58:52.305Z
sensor.car_charger_enphase_power,0.729996,2026-02-27T11:58:57.288Z
sensor.car_charger_enphase_power,0.728908,2026-02-27T11:59:02.310Z
sensor.car_charger_enphase_power,0.731488,2026-02-27T11:59:07.312Z
sensor.car_charger_enphase_power,0.72525,2026-02-27T11:59:12.320Z
sensor.car_charger_enphase_power,0.72714,2026-02-27T11:59:17.300Z
sensor.car_charger_enphase_power,0.728535,2026-02-27T11:59:22.351Z
sensor.car_charger_enphase_power,0.728153,2026-02-27T11:59:27.288Z
sensor.car_charger_enphase_power,0.724584,2026-02-27T11:59:32.314Z
sensor.car_charger_enphase_power,0.72428,2026-02-27T11:59:37.322Z
sensor.car_charger_enphase_power,0.721619,2026-02-27T11:59:42.359Z
sensor.car_charger_enphase_power,0.724627,2026-02-27T11:59:47.298Z
sensor.car_charger_enphase_power,0.723996,2026-02-27T11:59:52.310Z
sensor.car_charger_enphase_power,0.723811,2026-02-27T11:59:57.329Z
sensor.car_charger_enphase_power,0.727667,2026-02-27T12:00:02.323Z
sensor.car_charger_enphase_power,0.733135,2026-02-27T12:00:07.291Z
sensor.car_charger_enphase_power,0.732868,2026-02-27T12:00:12.321Z
sensor.car_charger_enphase_power,0.7381,2026-02-27T12:00:17.297Z
sensor.car_charger_enphase_power,0.735408,2026-02-27T12:00:22.311Z
sensor.car_charger_enphase_power,0.731105,2026-02-27T12:00:27.302Z
sensor.car_charger_enphase_power,0.732184,2026-02-27T12:00:32.297Z
sensor.car_charger_enphase_power,0.729911,2026-02-27T12:00:37.304Z
sensor.car_charger_enphase_power,0.735108,2026-02-27T12:00:42.312Z
sensor.car_charger_enphase_power,0.730491,2026-02-27T12:00:47.346Z
sensor.car_charger_enphase_power,0.733513,2026-02-27T12:00:52.306Z
sensor.car_charger_enphase_power,0.725152,2026-02-27T12:00:57.328Z
sensor.car_charger_enphase_power,0.724757,2026-02-27T12:01:02.325Z
sensor.car_charger_enphase_power,0.729317,2026-02-27T12:01:07.342Z
sensor.car_charger_enphase_power,0.732041,2026-02-27T12:01:12.334Z
sensor.car_charger_enphase_power,0.738456,2026-02-27T12:01:17.317Z
sensor.car_charger_enphase_power,0.735282,2026-02-27T12:01:22.314Z
sensor.car_charger_enphase_power,0.733544,2026-02-27T12:01:27.302Z
sensor.car_charger_enphase_power,0.731863,2026-02-27T12:01:32.326Z
sensor.car_charger_enphase_power,0.737046,2026-02-27T12:01:37.325Z
sensor.car_charger_enphase_power,0.736173,2026-02-27T12:01:42.311Z
sensor.car_charger_enphase_power,0.733653,2026-02-27T12:01:47.325Z
sensor.car_charger_enphase_power,0.731495,2026-02-27T12:01:52.309Z
sensor.car_charger_enphase_power,0.73441,2026-02-27T12:01:57.309Z
sensor.car_charger_enphase_power,0.728471,2026-02-27T12:02:02.309Z
sensor.car_charger_enphase_power,0.0,2026-02-27T12:02:07.333Z
sensor.car_charger_enphase_power,0.006314,2026-02-27T12:02:22.308Z
sensor.car_charger_enphase_power,0.005525,2026-02-27T12:02:27.342Z
sensor.car_charger_enphase_power,0.00551,2026-02-27T12:02:32.343Z
sensor.car_charger_enphase_power,0.0,2026-02-27T12:02:37.299Z
sensor.car_charger_enphase_power,0.005541,2026-02-27T12:02:42.373Z
sensor.car_charger_enphase_power,0.005782,2026-02-27T12:02:47.289Z
sensor.car_charger_enphase_power,0.005891,2026-02-27T12:02:52.307Z
sensor.car_charger_enphase_power,0.0,2026-02-27T12:02:57.336Z
sensor.car_charger_enphase_power,0.005621,2026-02-27T12:03:02.305Z
sensor.car_charger_enphase_power,0.005736,2026-02-27T12:03:07.316Z
sensor.car_charger_enphase_power,0.005516,2026-02-27T12:03:12.300Z
sensor.car_charger_enphase_power,0.005594,2026-02-27T12:03:17.309Z
sensor.car_charger_enphase_power,0.005616,2026-02-27T12:03:22.300Z
sensor.car_charger_enphase_power,0.006327,2026-02-27T12:03:27.325Z
sensor.car_charger_enphase_power,0.005907,2026-02-27T12:03:32.316Z
sensor.car_charger_enphase_power,0.005805,2026-02-27T12:03:37.305Z
sensor.car_charger_enphase_power,0.005518,2026-02-27T12:03:42.430Z
sensor.car_charger_enphase_power,0.005612,2026-02-27T12:03:47.310Z
sensor.car_charger_enphase_power,0.005727,2026-02-27T12:03:52.299Z
sensor.car_charger_enphase_power,0.005937,2026-02-27T12:03:57.319Z
sensor.car_charger_enphase_power,0.006207,2026-02-27T12:04:02.301Z
sensor.car_charger_enphase_power,0.005653,2026-02-27T12:04:07.287Z
sensor.car_charger_enphase_power,0.005791,2026-02-27T12:04:12.307Z
sensor.car_charger_enphase_power,0.005966,2026-02-27T12:04:17.299Z
sensor.car_charger_enphase_power,0.006046,2026-02-27T12:04:22.298Z
sensor.car_charger_enphase_power,0.0,2026-02-27T12:04:27.310Z
sensor.car_charger_enphase_power,0.006202,2026-02-27T12:04:32.299Z
sensor.car_charger_enphase_power,0.005603,2026-02-27T12:04:37.297Z
sensor.car_charger_enphase_power,0.005555,2026-02-27T12:04:42.297Z
sensor.car_charger_enphase_power,0.005573,2026-02-27T12:04:47.299Z
sensor.car_charger_enphase_power,0.005607,2026-02-27T12:04:52.294Z
sensor.car_charger_enphase_power,0.0,2026-02-27T12:04:57.298Z
sensor.car_charger_enphase_power,0.005866,2026-02-27T12:05:02.311Z
sensor.car_charger_enphase_power,0.005728,2026-02-27T12:05:07.318Z
sensor.car_charger_enphase_power,0.005694,2026-02-27T12:05:12.300Z
sensor.car_charger_enphase_power,0.005844,2026-02-27T12:05:17.295Z
sensor.car_charger_enphase_power,0.005627,2026-02-27T12:05:22.298Z
sensor.car_charger_enphase_power,0.006186,2026-02-27T12:05:27.298Z
sensor.car_charger_enphase_power,0.005757,2026-02-27T12:05:32.300Z
sensor.car_charger_enphase_power,0.005532,2026-02-27T12:05:37.301Z
sensor.car_charger_enphase_power,0.0,2026-02-27T12:05:42.292Z
sensor.car_charger_enphase_power,0.005607,2026-02-27T12:05:47.298Z
sensor.car_charger_enphase_power,0.005989,2026-02-27T12:05:52.310Z
sensor.car_charger_enphase_power,0.00555,2026-02-27T12:05:57.298Z
sensor.car_charger_enphase_power,0.006027,2026-02-27T12:06:02.301Z
sensor.car_charger_enphase_power,0.005562,2026-02-27T12:06:07.303Z
sensor.car_charger_enphase_power,0.005521,2026-02-27T12:06:12.309Z
sensor.car_charger_enphase_power,0.00573,2026-02-27T12:06:17.302Z
sensor.car_charger_enphase_power,0.0,2026-02-27T12:06:22.300Z
sensor.car_charger_enphase_power,0.006036,2026-02-27T12:06:32.289Z
sensor.car_charger_enphase_power,0.005998,2026-02-27T12:06:37.295Z
sensor.car_charger_enphase_power,0.010633,2026-02-27T12:06:42.316Z
sensor.car_charger_enphase_power,0.220231,2026-02-27T12:06:47.283Z
sensor.car_charger_enphase_power,0.303822,2026-02-27T12:06:52.305Z
sensor.car_charger_enphase_power,0.492235,2026-02-27T12:06:57.304Z
sensor.car_charger_enphase_power,0.730925,2026-02-27T12:07:02.307Z
sensor.car_charger_enphase_power,0.730477,2026-02-27T12:07:07.323Z
sensor.car_charger_enphase_power,0.735339,2026-02-27T12:07:12.303Z
sensor.car_charger_enphase_power,0.73357,2026-02-27T12:07:17.313Z
sensor.car_charger_enphase_power,0.73376,2026-02-27T12:07:22.315Z
sensor.car_charger_enphase_power,0.732265,2026-02-27T12:07:27.310Z
sensor.car_charger_enphase_power,0.733535,2026-02-27T12:07:32.282Z
sensor.car_charger_enphase_power,0.735687,2026-02-27T12:07:37.307Z
sensor.car_charger_enphase_power,0.737927,2026-02-27T12:07:42.309Z
sensor.car_charger_enphase_power,0.738895,2026-02-27T12:07:47.291Z
sensor.car_charger_enphase_power,0.739352,2026-02-27T12:07:52.311Z
sensor.car_charger_enphase_power,0.734744,2026-02-27T12:07:57.312Z
sensor.car_charger_enphase_power,0.74181,2026-02-27T12:08:02.284Z
sensor.car_charger_enphase_power,0.73799,2026-02-27T12:08:07.319Z
sensor.car_charger_enphase_power,0.738,2026-02-27T12:08:12.300Z
sensor.car_charger_enphase_power,0.733631,2026-02-27T12:08:17.298Z
sensor.car_charger_enphase_power,0.731198,2026-02-27T12:08:22.302Z
sensor.car_charger_enphase_power,0.731086,2026-02-27T12:08:27.297Z
sensor.car_charger_enphase_power,0.733651,2026-02-27T12:08:32.307Z
sensor.car_charger_enphase_power,0.731166,2026-02-27T12:08:37.296Z
sensor.car_charger_enphase_power,0.729582,2026-02-27T12:08:42.299Z
sensor.car_charger_enphase_power,0.732418,2026-02-27T12:08:47.297Z
sensor.car_charger_enphase_power,0.732611,2026-02-27T12:08:52.302Z
sensor.car_charger_enphase_power,0.734163,2026-02-27T12:08:57.297Z
sensor.car_charger_enphase_power,0.737832,2026-02-27T12:09:02.293Z
sensor.car_charger_enphase_power,0.736721,2026-02-27T12:09:07.305Z
sensor.car_charger_enphase_power,0.73083,2026-02-27T12:09:12.311Z
sensor.car_charger_enphase_power,0.735264,2026-02-27T12:09:17.308Z
sensor.car_charger_enphase_power,0.733333,2026-02-27T12:09:22.293Z
sensor.car_charger_enphase_power,0.732642,2026-02-27T12:09:27.300Z
sensor.car_charger_enphase_power,0.730939,2026-02-27T12:09:32.296Z
sensor.car_charger_enphase_power,0.733403,2026-02-27T12:09:37.288Z
sensor.car_charger_enphase_power,0.732995,2026-02-27T12:09:42.300Z
sensor.car_charger_enphase_power,0.734567,2026-02-27T12:09:47.294Z
sensor.car_charger_enphase_power,0.734247,2026-02-27T12:09:52.308Z
sensor.car_charger_enphase_power,0.735387,2026-02-27T12:09:57.403Z
sensor.car_charger_enphase_power,0.736418,2026-02-27T12:10:02.299Z
sensor.car_charger_enphase_power,0.73794,2026-02-27T12:10:07.321Z
sensor.car_charger_enphase_power,0.739581,2026-02-27T12:10:12.299Z
sensor.car_charger_enphase_power,0.739076,2026-02-27T12:10:17.301Z
sensor.car_charger_enphase_power,0.741419,2026-02-27T12:10:22.299Z
sensor.car_charger_enphase_power,0.735632,2026-02-27T12:10:27.349Z
sensor.car_charger_enphase_power,0.735392,2026-02-27T12:10:32.313Z
sensor.car_charger_enphase_power,0.734333,2026-02-27T12:10:37.315Z
sensor.car_charger_enphase_power,0.731763,2026-02-27T12:10:42.299Z
sensor.car_charger_enphase_power,0.732931,2026-02-27T12:10:47.303Z
sensor.car_charger_enphase_power,0.733035,2026-02-27T12:10:52.310Z
sensor.car_charger_enphase_power,0.736134,2026-02-27T12:10:57.330Z
sensor.car_charger_enphase_power,0.733472,2026-02-27T12:11:02.308Z
sensor.car_charger_enphase_power,0.735909,2026-02-27T12:11:07.296Z
sensor.car_charger_enphase_power,0.73516,2026-02-27T12:11:12.300Z
sensor.car_charger_enphase_power,0.732395,2026-02-27T12:11:17.307Z
sensor.car_charger_enphase_power,0.734801,2026-02-27T12:11:22.307Z
sensor.car_charger_enphase_power,0.733637,2026-02-27T12:11:27.312Z
sensor.car_charger_enphase_power,0.732785,2026-02-27T12:11:32.318Z
sensor.car_charger_enphase_power,0.736771,2026-02-27T12:11:37.310Z
sensor.car_charger_enphase_power,0.739595,2026-02-27T12:11:42.316Z
sensor.car_charger_enphase_power,0.736035,2026-02-27T12:11:47.315Z
sensor.car_charger_enphase_power,0.738077,2026-02-27T12:11:52.324Z
sensor.car_charger_enphase_power,0.736778,2026-02-27T12:11:57.320Z
sensor.car_charger_enphase_power,0.735651,2026-02-27T12:12:02.299Z
sensor.car_charger_enphase_power,0.737795,2026-02-27T12:12:07.302Z
sensor.car_charger_enphase_power,0.732867,2026-02-27T12:12:12.302Z
sensor.car_charger_enphase_power,0.734694,2026-02-27T12:12:17.300Z
sensor.car_charger_enphase_power,0.735517,2026-02-27T12:12:22.307Z
sensor.car_charger_enphase_power,0.729284,2026-02-27T12:12:27.327Z
sensor.car_charger_enphase_power,0.732063,2026-02-27T12:12:32.302Z
sensor.car_charger_enphase_power,0.736775,2026-02-27T12:12:37.309Z
sensor.car_charger_enphase_power,0.731931,2026-02-27T12:12:42.309Z
sensor.car_charger_enphase_power,0.7319,2026-02-27T12:12:47.309Z
sensor.car_charger_enphase_power,0.736359,2026-02-27T12:12:52.312Z
sensor.car_charger_enphase_power,0.737422,2026-02-27T12:12:57.322Z
sensor.car_charger_enphase_power,0.734637,2026-02-27T12:13:02.317Z
sensor.car_charger_enphase_power,0.735812,2026-02-27T12:13:07.305Z
sensor.car_charger_enphase_power,0.735407,2026-02-27T12:13:12.315Z
sensor.car_charger_enphase_power,0.736961,2026-02-27T12:13:17.325Z
sensor.car_charger_enphase_power,0.737277,2026-02-27T12:13:22.302Z
sensor.car_charger_enphase_power,0.734764,2026-02-27T12:13:27.316Z
sensor.car_charger_enphase_power,0.739481,2026-02-27T12:13:32.323Z
sensor.car_charger_enphase_power,0.736121,2026-02-27T12:13:37.307Z
sensor.car_charger_enphase_power,0.733612,2026-02-27T12:13:42.294Z
sensor.car_charger_enphase_power,0.73386,2026-02-27T12:13:47.301Z
sensor.car_charger_enphase_power,0.730802,2026-02-27T12:13:52.311Z
sensor.car_charger_enphase_power,0.734224,2026-02-27T12:13:57.304Z
sensor.car_charger_enphase_power,0.734792,2026-02-27T12:14:02.308Z
sensor.car_charger_enphase_power,0.73381,2026-02-27T12:14:07.310Z
sensor.car_charger_enphase_power,0.727647,2026-02-27T12:14:12.287Z
sensor.car_charger_enphase_power,0.724768,2026-02-27T12:14:17.302Z
sensor.car_charger_enphase_power,0.728615,2026-02-27T12:14:22.306Z
sensor.car_charger_enphase_power,0.734455,2026-02-27T12:14:27.295Z
sensor.car_charger_enphase_power,0.730328,2026-02-27T12:14:32.294Z
sensor.car_charger_enphase_power,0.736703,2026-02-27T12:14:37.311Z
sensor.car_charger_enphase_power,0.732075,2026-02-27T12:14:42.315Z
sensor.car_charger_enphase_power,0.735478,2026-02-27T12:14:47.304Z
sensor.car_charger_enphase_power,0.732033,2026-02-27T12:14:52.305Z
sensor.car_charger_enphase_power,0.735305,2026-02-27T12:14:57.304Z
sensor.car_charger_enphase_power,0.731134,2026-02-27T12:15:02.309Z
sensor.car_charger_enphase_power,0.739158,2026-02-27T12:15:07.303Z
sensor.car_charger_enphase_power,0.732359,2026-02-27T12:15:12.301Z
sensor.car_charger_enphase_power,0.73504,2026-02-27T12:15:17.310Z
sensor.car_charger_enphase_power,0.734623,2026-02-27T12:15:22.294Z
sensor.car_charger_enphase_power,0.730128,2026-02-27T12:15:27.311Z
sensor.car_charger_enphase_power,0.729714,2026-02-27T12:15:32.317Z
sensor.car_charger_enphase_power,0.729812,2026-02-27T12:15:37.320Z
sensor.car_charger_enphase_power,0.729405,2026-02-27T12:15:42.314Z
sensor.car_charger_enphase_power,0.733833,2026-02-27T12:15:47.316Z
sensor.car_charger_enphase_power,0.734774,2026-02-27T12:15:52.296Z
sensor.car_charger_enphase_power,0.734119,2026-02-27T12:15:57.309Z
sensor.car_charger_enphase_power,0.733692,2026-02-27T12:16:02.303Z
sensor.car_charger_enphase_power,0.731114,2026-02-27T12:16:07.299Z
sensor.car_charger_enphase_power,0.73558,2026-02-27T12:16:12.305Z
sensor.car_charger_enphase_power,0.735993,2026-02-27T12:16:17.293Z
sensor.car_charger_enphase_power,0.738352,2026-02-27T12:16:22.312Z
sensor.car_charger_enphase_power,0.729121,2026-02-27T12:16:27.308Z
sensor.car_charger_enphase_power,0.730525,2026-02-27T12:16:32.283Z
sensor.car_charger_enphase_power,0.733133,2026-02-27T12:16:37.299Z
sensor.car_charger_enphase_power,0.732552,2026-02-27T12:16:42.286Z
sensor.car_charger_enphase_power,0.733011,2026-02-27T12:16:47.297Z
sensor.car_charger_enphase_power,0.728771,2026-02-27T12:16:52.315Z
sensor.car_charger_enphase_power,0.730543,2026-02-27T12:16:57.309Z
sensor.car_charger_enphase_power,0.7314,2026-02-27T12:17:02.298Z
sensor.car_charger_enphase_power,0.734228,2026-02-27T12:17:07.317Z
sensor.car_charger_enphase_power,0.730634,2026-02-27T12:17:12.313Z
sensor.car_charger_enphase_power,0.740928,2026-02-27T12:17:17.317Z
sensor.car_charger_enphase_power,0.736307,2026-02-27T12:17:22.310Z
sensor.car_charger_enphase_power,0.729923,2026-02-27T12:17:27.296Z
sensor.car_charger_enphase_power,0.727478,2026-02-27T12:17:32.317Z
sensor.car_charger_enphase_power,0.729993,2026-02-27T12:17:37.311Z
sensor.car_charger_enphase_power,0.7319,2026-02-27T12:17:42.280Z
sensor.car_charger_enphase_power,0.734805,2026-02-27T12:17:47.290Z
sensor.car_charger_enphase_power,0.732288,2026-02-27T12:17:52.299Z
sensor.car_charger_enphase_power,0.728058,2026-02-27T12:17:57.291Z
sensor.car_charger_enphase_power,0.727613,2026-02-27T12:18:02.299Z
sensor.car_charger_enphase_power,0.724439,2026-02-27T12:18:07.312Z
sensor.car_charger_enphase_power,0.727047,2026-02-27T12:18:12.317Z
sensor.car_charger_enphase_power,0.727669,2026-02-27T12:18:17.301Z
sensor.car_charger_enphase_power,0.725852,2026-02-27T12:18:22.291Z
sensor.car_charger_enphase_power,0.722424,2026-02-27T12:18:27.311Z
sensor.car_charger_enphase_power,0.727181,2026-02-27T12:18:32.306Z
sensor.car_charger_enphase_power,0.724127,2026-02-27T12:18:37.309Z
sensor.car_charger_enphase_power,0.724334,2026-02-27T12:18:42.301Z
sensor.car_charger_enphase_power,0.725229,2026-02-27T12:18:47.303Z
sensor.car_charger_enphase_power,0.725459,2026-02-27T12:18:52.301Z
sensor.car_charger_enphase_power,0.725306,2026-02-27T12:18:57.305Z
sensor.car_charger_enphase_power,0.724425,2026-02-27T12:19:02.308Z
sensor.car_charger_enphase_power,0.728265,2026-02-27T12:19:07.301Z
sensor.car_charger_enphase_power,0.727019,2026-02-27T12:19:12.283Z
sensor.car_charger_enphase_power,0.72763,2026-02-27T12:19:17.321Z
sensor.car_charger_enphase_power,0.72634,2026-02-27T12:19:22.284Z
sensor.car_charger_enphase_power,0.727153,2026-02-27T12:19:27.310Z
sensor.car_charger_enphase_power,0.725516,2026-02-27T12:19:32.303Z
sensor.car_charger_enphase_power,0.727038,2026-02-27T12:19:37.314Z
sensor.car_charger_enphase_power,0.728221,2026-02-27T12:19:42.301Z
sensor.car_charger_enphase_power,0.724629,2026-02-27T12:19:47.333Z
sensor.car_charger_enphase_power,0.72968,2026-02-27T12:19:52.303Z
sensor.car_charger_enphase_power,0.727608,2026-02-27T12:19:57.348Z
sensor.car_charger_enphase_power,0.725847,2026-02-27T12:20:02.309Z
sensor.car_charger_enphase_power,0.725084,2026-02-27T12:20:07.304Z
sensor.car_charger_enphase_power,0.723587,2026-02-27T12:20:12.303Z
sensor.car_charger_enphase_power,0.721079,2026-02-27T12:20:17.290Z
sensor.car_charger_enphase_power,0.723487,2026-02-27T12:20:22.300Z
sensor.car_charger_enphase_power,0.721474,2026-02-27T12:20:27.302Z
sensor.car_charger_enphase_power,0.726947,2026-02-27T12:20:32.316Z
sensor.car_charger_enphase_power,0.726863,2026-02-27T12:20:37.329Z
sensor.car_charger_enphase_power,0.727797,2026-02-27T12:20:42.309Z
sensor.car_charger_enphase_power,0.727269,2026-02-27T12:20:47.317Z
sensor.car_charger_enphase_power,0.731765,2026-02-27T12:20:52.295Z
sensor.car_charger_enphase_power,0.732672,2026-02-27T12:20:57.314Z
sensor.car_charger_enphase_power,0.739395,2026-02-27T12:21:02.283Z
sensor.car_charger_enphase_power,0.734983,2026-02-27T12:21:07.293Z
sensor.car_charger_enphase_power,0.736241,2026-02-27T12:21:12.304Z
sensor.car_charger_enphase_power,0.736775,2026-02-27T12:21:17.309Z
sensor.car_charger_enphase_power,0.739076,2026-02-27T12:21:22.298Z
sensor.car_charger_enphase_power,0.733083,2026-02-27T12:21:27.301Z
sensor.car_charger_enphase_power,0.730428,2026-02-27T12:21:32.302Z
sensor.car_charger_enphase_power,0.734785,2026-02-27T12:21:37.304Z
sensor.car_charger_enphase_power,0.729618,2026-02-27T12:21:42.314Z
sensor.car_charger_enphase_power,0.732997,2026-02-27T12:21:47.301Z
sensor.car_charger_enphase_power,0.737432,2026-02-27T12:21:52.321Z
sensor.car_charger_enphase_power,0.737229,2026-02-27T12:21:57.311Z
sensor.car_charger_enphase_power,0.731279,2026-02-27T12:22:02.302Z
sensor.car_charger_enphase_power,0.736434,2026-02-27T12:22:07.306Z
sensor.car_charger_enphase_power,0.736746,2026-02-27T12:22:12.316Z
sensor.car_charger_enphase_power,0.73598,2026-02-27T12:22:17.309Z
sensor.car_charger_enphase_power,0.735537,2026-02-27T12:22:22.310Z
sensor.car_charger_enphase_power,0.734037,2026-02-27T12:22:27.296Z
sensor.car_charger_enphase_power,0.731429,2026-02-27T12:22:32.307Z
sensor.car_charger_enphase_power,0.732404,2026-02-27T12:22:37.289Z
sensor.car_charger_enphase_power,0.732742,2026-02-27T12:22:42.306Z
sensor.car_charger_enphase_power,0.732704,2026-02-27T12:22:47.305Z
sensor.car_charger_enphase_power,0.730861,2026-02-27T12:22:52.302Z
sensor.car_charger_enphase_power,0.732413,2026-02-27T12:22:57.320Z
sensor.car_charger_enphase_power,0.733738,2026-02-27T12:23:02.300Z
sensor.car_charger_enphase_power,0.733054,2026-02-27T12:23:07.316Z
sensor.car_charger_enphase_power,0.734937,2026-02-27T12:23:12.310Z
sensor.car_charger_enphase_power,0.734537,2026-02-27T12:23:17.308Z
sensor.car_charger_enphase_power,0.730123,2026-02-27T12:23:22.307Z
sensor.car_charger_enphase_power,0.732829,2026-02-27T12:23:27.313Z
sensor.car_charger_enphase_power,0.733949,2026-02-27T12:23:32.307Z
sensor.car_charger_enphase_power,0.736373,2026-02-27T12:23:37.299Z
sensor.car_charger_enphase_power,0.73247,2026-02-27T12:23:42.282Z
sensor.car_charger_enphase_power,0.734347,2026-02-27T12:23:47.313Z
sensor.car_charger_enphase_power,0.729932,2026-02-27T12:23:52.308Z
sensor.car_charger_enphase_power,0.732281,2026-02-27T12:23:57.297Z
sensor.car_charger_enphase_power,0.732576,2026-02-27T12:24:02.299Z
sensor.car_charger_enphase_power,0.728907,2026-02-27T12:24:07.335Z
sensor.car_charger_enphase_power,0.733788,2026-02-27T12:24:12.314Z
sensor.car_charger_enphase_power,0.728953,2026-02-27T12:24:17.318Z
sensor.car_charger_enphase_power,0.729562,2026-02-27T12:24:22.308Z
sensor.car_charger_enphase_power,0.734451,2026-02-27T12:24:27.310Z
sensor.car_charger_enphase_power,0.732467,2026-02-27T12:24:32.331Z
sensor.car_charger_enphase_power,0.726492,2026-02-27T12:24:37.411Z
sensor.car_charger_enphase_power,0.723468,2026-02-27T12:24:42.315Z
sensor.car_charger_enphase_power,0.725,2026-02-27T12:24:47.333Z
sensor.car_charger_enphase_power,0.724482,2026-02-27T12:24:52.310Z
sensor.car_charger_enphase_power,0.728105,2026-02-27T12:24:57.287Z
sensor.car_charger_enphase_power,1.815193,2026-02-27T12:25:02.301Z
sensor.car_charger_enphase_power,5.423182,2026-02-27T12:25:07.304Z
sensor.car_charger_enphase_power,9.161327,2026-02-27T12:25:12.306Z
sensor.car_charger_enphase_power,9.55067,2026-02-27T12:25:17.301Z
sensor.car_charger_enphase_power,11.273516,2026-02-27T12:25:22.312Z
sensor.car_charger_enphase_power,11.249155,2026-02-27T12:25:27.319Z
sensor.car_charger_enphase_power,11.223115,2026-02-27T12:25:32.315Z
sensor.car_charger_enphase_power,0.0,2026-02-27T12:25:37.316Z
sensor.car_charger_enphase_power,0.005921,2026-02-27T12:25:52.304Z
sensor.car_charger_enphase_power,0.0,2026-02-27T12:25:57.308Z
sensor.car_charger_enphase_power,0.005621,2026-02-27T12:26:02.297Z
sensor.car_charger_enphase_power,0.005637,2026-02-27T12:26:07.321Z
sensor.car_charger_enphase_power,0.0,2026-02-27T12:26:12.301Z
sensor.car_charger_enphase_power,0.005619,2026-02-27T12:26:17.305Z
sensor.car_charger_enphase_power,0.00585,2026-02-27T12:26:22.305Z
sensor.car_charger_enphase_power,0.0,2026-02-27T12:26:27.294Z
sensor.car_charger_enphase_power,0.006,2026-02-27T12:26:37.290Z
sensor.car_charger_enphase_power,0.0,2026-02-27T12:26:42.284Z
sensor.car_charger_enphase_power,0.006064,2026-02-27T12:26:47.349Z
sensor.car_charger_enphase_power,0.0,2026-02-27T12:26:52.311Z
sensor.car_charger_enphase_power,0.005552,2026-02-27T12:26:57.290Z
sensor.car_charger_enphase_power,0.005764,2026-02-27T12:27:02.308Z
sensor.car_charger_enphase_power,0.005832,2026-02-27T12:27:07.294Z
sensor.car_charger_enphase_power,0.006005,2026-02-27T12:27:12.322Z
sensor.car_charger_enphase_power,0.005564,2026-02-27T12:27:17.301Z
sensor.car_charger_enphase_power,0.00615,2026-02-27T12:27:22.291Z
sensor.car_charger_enphase_power,0.006189,2026-02-27T12:27:27.293Z
sensor.car_charger_enphase_power,0.006337,2026-02-27T12:27:32.302Z
sensor.car_charger_enphase_power,0.005837,2026-02-27T12:27:37.303Z
sensor.car_charger_enphase_power,0.006154,2026-02-27T12:27:42.304Z
sensor.car_charger_enphase_power,0.0,2026-02-27T12:27:47.307Z
sensor.car_charger_enphase_power,0.006209,2026-02-27T12:27:57.313Z
sensor.car_charger_enphase_power,0.0,2026-02-27T12:28:02.313Z
sensor.car_charger_enphase_power,0.005991,2026-02-27T12:28:17.306Z
sensor.car_charger_enphase_power,0.0,2026-02-27T12:28:22.313Z
sensor.car_charger_enphase_power,0.005945,2026-02-27T12:28:27.299Z
sensor.car_charger_enphase_power,0.010294,2026-02-27T12:28:32.313Z
sensor.electricity_meter_power_production,0.596,2026-02-27T10:00:00.000Z
sensor.electricity_meter_power_production,0.634,2026-02-27T10:00:02.813Z
sensor.electricity_meter_power_production,0.631,2026-02-27T10:00:33.782Z
sensor.electricity_meter_power_production,0.616,2026-02-27T10:01:03.797Z
sensor.electricity_meter_power_production,0.606,2026-02-27T10:01:33.806Z
sensor.electricity_meter_power_production,0.552,2026-02-27T10:02:04.807Z
sensor.electricity_meter_power_production,0.572,2026-02-27T10:02:35.801Z
sensor.electricity_meter_power_production,0.549,2026-02-27T10:03:06.794Z
sensor.electricity_meter_power_production,0.578,2026-02-27T10:03:36.807Z
sensor.electricity_meter_power_production,0.611,2026-02-27T10:04:07.808Z
sensor.electricity_meter_power_production,0.604,2026-02-27T10:04:38.795Z
sensor.electricity_meter_power_production,0.61,2026-02-27T10:05:08.806Z
sensor.electricity_meter_power_production,0.408,2026-02-27T10:05:39.797Z
sensor.electricity_meter_power_production,0.207,2026-02-27T10:06:09.805Z
sensor.electricity_meter_power_production,0.318,2026-02-27T10:06:40.803Z
sensor.electricity_meter_power_production,0.321,2026-02-27T10:07:11.800Z
sensor.electricity_meter_power_production,4.278,2026-02-27T10:07:42.811Z
sensor.electricity_meter_power_production,4.204,2026-02-27T10:08:12.845Z
sensor.electricity_meter_power_production,4.227,2026-02-27T10:08:43.809Z
sensor.electricity_meter_power_production,4.207,2026-02-27T10:09:14.792Z
sensor.electricity_meter_power_production,4.219,2026-02-27T10:09:44.794Z
sensor.electricity_meter_power_production,4.238,2026-02-27T10:10:15.788Z
sensor.electricity_meter_power_production,0.708,2026-02-27T10:10:45.801Z
sensor.electricity_meter_power_production,0.691,2026-02-27T10:11:16.796Z
sensor.electricity_meter_power_production,0.695,2026-02-27T10:11:46.804Z
sensor.electricity_meter_power_production,0.713,2026-02-27T10:12:16.810Z
sensor.electricity_meter_power_production,0.446,2026-02-27T10:12:47.796Z
sensor.electricity_meter_power_production,0.762,2026-02-27T10:13:17.812Z
sensor.electricity_meter_power_production,0.781,2026-02-27T10:13:48.804Z
sensor.electricity_meter_power_production,0.745,2026-02-27T10:14:19.801Z
sensor.electricity_meter_power_production,0.789,2026-02-27T10:14:50.788Z
sensor.electricity_meter_power_production,0.83,2026-02-27T10:15:20.804Z
sensor.electricity_meter_power_production,0.924,2026-02-27T10:15:51.796Z
sensor.electricity_meter_power_production,0.844,2026-02-27T10:16:22.797Z
sensor.electricity_meter_power_production,0.967,2026-02-27T10:16:52.839Z
sensor.electricity_meter_power_production,1.039,2026-02-27T10:17:23.785Z
sensor.electricity_meter_power_production,1.105,2026-02-27T10:17:53.807Z
sensor.electricity_meter_power_production,1.161,2026-02-27T10:18:24.795Z
sensor.electricity_meter_power_production,0.33,2026-02-27T10:18:54.805Z
sensor.electricity_meter_power_production,0.634,2026-02-27T10:19:25.801Z
sensor.electricity_meter_power_production,1.283,2026-02-27T10:19:56.788Z
sensor.electricity_meter_power_production,0.705,2026-02-27T10:20:27.796Z
sensor.electricity_meter_power_production,0.771,2026-02-27T10:20:57.799Z
sensor.electricity_meter_power_production,0.766,2026-02-27T10:21:28.797Z
sensor.electricity_meter_power_production,0.791,2026-02-27T10:21:58.801Z
sensor.electricity_meter_power_production,0.843,2026-02-27T10:22:29.785Z
sensor.electricity_meter_power_production,0.495,2026-02-27T10:22:59.800Z
sensor.electricity_meter_power_production,0.762,2026-02-27T10:23:30.803Z
sensor.electricity_meter_power_production,0.534,2026-02-27T10:24:01.785Z
sensor.electricity_meter_power_production,0.851,2026-02-27T10:24:31.793Z
sensor.electricity_meter_power_production,0.849,2026-02-27T10:25:01.802Z
sensor.electricity_meter_power_production,0.844,2026-02-27T10:25:32.829Z
sensor.electricity_meter_power_production,0.083,2026-02-27T10:26:03.797Z
sensor.electricity_meter_power_production,0.369,2026-02-27T10:26:34.786Z
sensor.electricity_meter_power_production,0.518,2026-02-27T10:27:04.800Z
sensor.electricity_meter_power_production,0.556,2026-02-27T10:27:35.789Z
sensor.electricity_meter_power_production,3.691,2026-02-27T10:28:05.792Z
sensor.electricity_meter_power_production,0.521,2026-02-27T10:28:35.806Z
sensor.electricity_meter_power_production,0.0,2026-02-27T10:29:06.793Z
sensor.electricity_meter_power_production,1.854,2026-02-27T10:30:07.807Z
sensor.electricity_meter_power_production,1.807,2026-02-27T10:30:38.808Z
sensor.electricity_meter_power_production,1.764,2026-02-27T10:31:09.798Z
sensor.electricity_meter_power_production,1.739,2026-02-27T10:31:40.795Z
sensor.electricity_meter_power_production,1.74,2026-02-27T10:32:11.785Z
sensor.electricity_meter_power_production,1.751,2026-02-27T10:32:41.801Z
sensor.electricity_meter_power_production,0.347,2026-02-27T10:33:12.800Z
sensor.electricity_meter_power_production,0.356,2026-02-27T10:33:42.803Z
sensor.electricity_meter_power_production,0.351,2026-02-27T10:34:12.836Z
sensor.electricity_meter_power_production,0.357,2026-02-27T10:34:43.802Z
sensor.electricity_meter_power_production,0.347,2026-02-27T10:35:14.804Z
sensor.electricity_meter_power_production,0.354,2026-02-27T10:35:45.796Z
sensor.electricity_meter_power_production,0.362,2026-02-27T10:36:16.788Z
sensor.electricity_meter_power_production,0.36,2026-02-27T10:36:47.794Z
sensor.electricity_meter_power_production,0.351,2026-02-27T10:37:17.809Z
sensor.electricity_meter_power_production,0.336,2026-02-27T10:37:48.800Z
sensor.electricity_meter_power_production,0.134,2026-02-27T10:38:19.795Z
sensor.electricity_meter_power_production,0.143,2026-02-27T10:38:49.799Z
sensor.electricity_meter_power_production,0.116,2026-02-27T10:39:20.787Z
sensor.electricity_meter_power_production,0.172,2026-02-27T10:39:50.804Z
sensor.electricity_meter_power_production,0.16,2026-02-27T10:40:21.802Z
sensor.electricity_meter_power_production,0.209,2026-02-27T10:40:52.836Z
sensor.electricity_meter_power_production,0.228,2026-02-27T10:41:23.808Z
sensor.electricity_meter_power_production,0.176,2026-02-27T10:41:54.789Z
sensor.electricity_meter_power_production,0.209,2026-02-27T10:42:24.796Z
sensor.electricity_meter_power_production,0.298,2026-02-27T10:42:55.786Z
sensor.electricity_meter_power_production,0.436,2026-02-27T10:43:25.789Z
sensor.electricity_meter_power_production,0.523,2026-02-27T10:43:56.785Z
sensor.electricity_meter_power_production,0.758,2026-02-27T10:44:26.803Z
sensor.electricity_meter_power_production,0.85,2026-02-27T10:44:57.813Z
sensor.electricity_meter_power_production,0.829,2026-02-27T10:45:28.804Z
sensor.electricity_meter_power_production,0.878,2026-02-27T10:45:59.800Z
sensor.electricity_meter_power_production,0.753,2026-02-27T10:46:30.790Z
sensor.electricity_meter_power_production,0.819,2026-02-27T10:47:00.799Z
sensor.electricity_meter_power_production,1.419,2026-02-27T10:47:31.799Z
sensor.electricity_meter_power_production,1.577,2026-02-27T10:48:02.791Z
sensor.electricity_meter_power_production,1.336,2026-02-27T10:48:32.800Z
sensor.electricity_meter_power_production,1.005,2026-02-27T10:49:02.809Z
sensor.electricity_meter_power_production,1.33,2026-02-27T10:49:32.847Z
sensor.electricity_meter_power_production,0.945,2026-02-27T10:50:03.804Z
sensor.electricity_meter_power_production,1.03,2026-02-27T10:50:34.797Z
sensor.electricity_meter_power_production,0.959,2026-02-27T10:51:05.778Z
sensor.electricity_meter_power_production,0.665,2026-02-27T10:51:35.792Z
sensor.electricity_meter_power_production,0.629,2026-02-27T10:52:06.789Z
sensor.electricity_meter_power_production,0.608,2026-02-27T10:52:36.801Z
sensor.electricity_meter_power_production,0.601,2026-02-27T10:53:07.822Z
sensor.electricity_meter_power_production,1.402,2026-02-27T10:53:38.789Z
sensor.electricity_meter_power_production,2.581,2026-02-27T10:54:09.793Z
sensor.electricity_meter_power_production,3.256,2026-02-27T10:54:40.795Z
sensor.electricity_meter_power_production,0.096,2026-02-27T10:55:10.801Z
sensor.electricity_meter_power_production,0.425,2026-02-27T10:55:41.789Z
sensor.electricity_meter_power_production,0.537,2026-02-27T10:56:11.793Z
sensor.electricity_meter_power_production,0.05,2026-02-27T10:56:41.800Z
sensor.electricity_meter_power_production,0.0,2026-02-27T10:57:12.798Z
sensor.electricity_meter_power_production,2.106,2026-02-27T10:58:12.827Z
sensor.electricity_meter_power_production,2.098,2026-02-27T10:58:43.789Z
sensor.electricity_meter_power_production,2.182,2026-02-27T10:59:13.792Z
sensor.electricity_meter_power_production,3.625,2026-02-27T10:59:44.794Z
sensor.electricity_meter_power_production,4.0,2026-02-27T11:00:15.793Z
sensor.electricity_meter_power_production,3.975,2026-02-27T11:00:46.791Z
sensor.electricity_meter_power_production,3.216,2026-02-27T11:01:17.803Z
sensor.electricity_meter_power_production,2.585,2026-02-27T11:01:48.799Z
sensor.electricity_meter_power_production,1.331,2026-02-27T11:02:19.787Z
sensor.electricity_meter_power_production,1.537,2026-02-27T11:02:50.785Z
sensor.electricity_meter_power_production,1.224,2026-02-27T11:03:20.792Z
sensor.electricity_meter_power_production,0.416,2026-02-27T11:03:51.781Z
sensor.electricity_meter_power_production,1.621,2026-02-27T11:04:21.794Z
sensor.electricity_meter_power_production,1.034,2026-02-27T11:04:52.830Z
sensor.electricity_meter_power_production,1.074,2026-02-27T11:05:23.807Z
sensor.electricity_meter_power_production,0.59,2026-02-27T11:05:54.803Z
sensor.electricity_meter_power_production,0.593,2026-02-27T11:06:25.789Z
sensor.electricity_meter_power_production,0.586,2026-02-27T11:06:55.801Z
sensor.electricity_meter_power_production,0.607,2026-02-27T11:07:26.804Z
sensor.electricity_meter_power_production,0.583,2026-02-27T11:07:57.804Z
sensor.electricity_meter_power_production,0.616,2026-02-27T11:08:28.788Z
sensor.electricity_meter_power_production,0.0,2026-02-27T11:08:58.803Z
sensor.electricity_meter_power_production,1.775,2026-02-27T11:10:29.801Z
sensor.electricity_meter_power_production,1.759,2026-02-27T11:11:00.780Z
sensor.electricity_meter_power_production,1.62,2026-02-27T11:11:30.798Z
sensor.electricity_meter_power_production,1.633,2026-02-27T11:12:01.785Z
sensor.electricity_meter_power_production,1.652,2026-02-27T11:12:31.791Z
sensor.electricity_meter_power_production,1.689,2026-02-27T11:13:02.799Z
sensor.electricity_meter_power_production,1.235,2026-02-27T11:13:32.827Z
sensor.electricity_meter_power_production,0.829,2026-02-27T11:14:03.799Z
sensor.electricity_meter_power_production,0.627,2026-02-27T11:14:34.787Z
sensor.electricity_meter_power_production,0.072,2026-02-27T11:15:05.780Z
sensor.electricity_meter_power_production,0.606,2026-02-27T11:15:35.790Z
sensor.electricity_meter_power_production,1.213,2026-02-27T11:16:06.784Z
sensor.electricity_meter_power_production,2.946,2026-02-27T11:16:36.799Z
sensor.electricity_meter_power_production,1.684,2026-02-27T11:17:07.803Z
sensor.electricity_meter_power_production,0.411,2026-02-27T11:17:37.809Z
sensor.electricity_meter_power_production,0.846,2026-02-27T11:18:08.781Z
sensor.electricity_meter_power_production,0.0,2026-02-27T11:18:38.797Z
sensor.electricity_meter_power_production,1.801,2026-02-27T11:19:39.800Z
sensor.electricity_meter_power_production,1.896,2026-02-27T11:20:10.799Z
sensor.electricity_meter_power_production,1.636,2026-02-27T11:20:41.801Z
sensor.electricity_meter_power_production,1.38,2026-02-27T11:21:12.808Z
sensor.electricity_meter_power_production,1.312,2026-02-27T11:21:43.786Z
sensor.electricity_meter_power_production,1.395,2026-02-27T11:22:13.787Z
sensor.electricity_meter_power_production,0.049,2026-02-27T11:22:43.792Z
sensor.electricity_meter_power_production,0.042,2026-02-27T11:23:14.783Z
sensor.electricity_meter_power_production,0.019,2026-02-27T11:23:44.799Z
sensor.electricity_meter_power_production,0.0,2026-02-27T11:24:15.783Z
sensor.electricity_meter_power_production,1.177,2026-02-27T11:26:17.807Z
sensor.electricity_meter_power_production,1.172,2026-02-27T11:26:48.795Z
sensor.electricity_meter_power_production,1.213,2026-02-27T11:27:19.795Z
sensor.electricity_meter_power_production,1.251,2026-02-27T11:27:50.795Z
sensor.electricity_meter_power_production,1.364,2026-02-27T11:28:21.795Z
sensor.electricity_meter_power_production,1.397,2026-02-27T11:28:52.830Z
sensor.electricity_meter_power_production,0.897,2026-02-27T11:29:23.789Z
sensor.electricity_meter_power_production,0.766,2026-02-27T11:29:54.788Z
sensor.electricity_meter_power_production,0.472,2026-02-27T11:30:25.783Z
sensor.electricity_meter_power_production,0.548,2026-02-27T11:30:55.787Z
sensor.electricity_meter_power_production,0.178,2026-02-27T11:31:26.785Z
sensor.electricity_meter_power_production,0.256,2026-02-27T11:31:56.799Z
sensor.electricity_meter_power_production,0.545,2026-02-27T11:32:27.801Z
sensor.electricity_meter_power_production,0.168,2026-02-27T11:32:58.794Z
sensor.electricity_meter_power_production,0.094,2026-02-27T11:33:29.790Z
sensor.electricity_meter_power_production,0.077,2026-02-27T11:34:00.779Z
sensor.electricity_meter_power_production,0.058,2026-02-27T11:34:30.798Z
sensor.electricity_meter_power_production,0.054,2026-02-27T11:35:01.790Z
sensor.electricity_meter_power_production,0.059,2026-02-27T11:35:31.794Z
sensor.electricity_meter_power_production,0.052,2026-02-27T11:36:02.790Z
sensor.electricity_meter_power_production,0.06,2026-02-27T11:36:32.804Z
sensor.electricity_meter_power_production,0.12,2026-02-27T11:37:03.796Z
sensor.electricity_meter_power_production,0.21,2026-02-27T11:37:34.794Z
sensor.electricity_meter_power_production,0.249,2026-02-27T11:38:05.796Z
sensor.electricity_meter_power_production,0.132,2026-02-27T11:38:36.792Z
sensor.electricity_meter_power_production,0.073,2026-02-27T11:39:07.793Z
sensor.electricity_meter_power_production,0.074,2026-02-27T11:39:38.783Z
sensor.electricity_meter_power_production,0.067,2026-02-27T11:40:08.795Z
sensor.electricity_meter_power_production,0.063,2026-02-27T11:40:38.798Z
sensor.electricity_meter_power_production,0.01,2026-02-27T11:41:09.789Z
sensor.electricity_meter_power_production,0.0,2026-02-27T11:41:40.780Z
sensor.electricity_meter_power_production,0.499,2026-02-27T11:42:41.783Z
sensor.electricity_meter_power_production,1.299,2026-02-27T11:43:12.793Z
sensor.electricity_meter_power_production,1.03,2026-02-27T11:43:43.796Z
sensor.electricity_meter_power_production,0.515,2026-02-27T11:44:14.778Z
sensor.electricity_meter_power_production,0.823,2026-02-27T11:44:44.780Z
sensor.electricity_meter_power_production,0.807,2026-02-27T11:45:14.791Z
sensor.electricity_meter_power_production,0.793,2026-02-27T11:45:44.795Z
sensor.electricity_meter_power_production,0.849,2026-02-27T11:46:15.781Z
sensor.electricity_meter_power_production,0.141,2026-02-27T11:46:45.786Z
sensor.electricity_meter_power_production,0.169,2026-02-27T11:47:16.776Z
sensor.electricity_meter_power_production,0.107,2026-02-27T11:47:46.795Z
sensor.electricity_meter_power_production,0.089,2026-02-27T11:48:17.806Z
sensor.electricity_meter_power_production,0.067,2026-02-27T11:48:48.776Z
sensor.electricity_meter_power_production,0.057,2026-02-27T11:49:18.788Z
sensor.electricity_meter_power_production,0.047,2026-02-27T11:49:49.784Z
sensor.electricity_meter_power_production,0.038,2026-02-27T11:50:20.785Z
sensor.electricity_meter_power_production,0.033,2026-02-27T11:50:50.791Z
sensor.electricity_meter_power_production,0.057,2026-02-27T11:51:20.799Z
sensor.electricity_meter_power_production,0.768,2026-02-27T11:51:51.791Z
sensor.electricity_meter_power_production,0.751,2026-02-27T11:52:22.797Z
sensor.electricity_meter_power_production,0.726,2026-02-27T11:52:52.830Z
sensor.electricity_meter_power_production,0.663,2026-02-27T11:53:23.789Z
sensor.electricity_meter_power_production,0.63,2026-02-27T11:53:54.792Z
sensor.electricity_meter_power_production,0.632,2026-02-27T11:54:24.794Z
sensor.electricity_meter_power_production,0.631,2026-02-27T11:54:54.799Z
sensor.electricity_meter_power_production,0.629,2026-02-27T11:55:25.784Z
sensor.electricity_meter_power_production,0.618,2026-02-27T11:55:56.785Z
sensor.electricity_meter_power_production,0.641,2026-02-27T11:56:26.789Z
sensor.electricity_meter_power_production,0.634,2026-02-27T11:56:56.793Z
sensor.electricity_meter_power_production,0.636,2026-02-27T11:57:27.788Z
sensor.electricity_meter_power_production,0.0,2026-02-27T11:57:58.786Z
sensor.electricity_meter_power_production,0.139,2026-02-27T11:58:29.779Z
sensor.electricity_meter_power_production,0.137,2026-02-27T11:58:59.797Z
sensor.electricity_meter_power_production,0.122,2026-02-27T11:59:30.778Z
sensor.electricity_meter_power_production,0.0,2026-02-27T12:00:00.792Z
sensor.electricity_meter_power_production,0.029,2026-02-27T12:01:02.784Z
sensor.electricity_meter_power_production,0.0,2026-02-27T12:01:32.825Z
sensor.electricity_meter_power_production,0.044,2026-02-27T12:02:03.774Z
sensor.electricity_meter_power_production,0.62,2026-02-27T12:02:33.777Z
sensor.electricity_meter_power_production,0.695,2026-02-27T12:03:04.779Z
sensor.electricity_meter_power_production,0.571,2026-02-27T12:03:34.789Z
sensor.electricity_meter_power_production,0.587,2026-02-27T12:04:05.782Z
sensor.electricity_meter_power_production,0.601,2026-02-27T12:04:35.790Z
sensor.electricity_meter_power_production,0.704,2026-02-27T12:05:05.792Z
sensor.electricity_meter_power_production,0.699,2026-02-27T12:05:36.779Z
sensor.electricity_meter_power_production,0.806,2026-02-27T12:06:06.793Z
sensor.electricity_meter_power_production,0.825,2026-02-27T12:06:37.802Z
sensor.electricity_meter_power_production,0.223,2026-02-27T12:07:08.774Z
sensor.electricity_meter_power_production,0.226,2026-02-27T12:07:39.777Z
sensor.electricity_meter_power_production,0.136,2026-02-27T12:08:09.783Z
sensor.electricity_meter_power_production,0.253,2026-02-27T12:08:39.795Z
sensor.electricity_meter_power_production,0.296,2026-02-27T12:09:10.790Z
sensor.electricity_meter_power_production,0.353,2026-02-27T12:09:41.787Z
sensor.electricity_meter_power_production,0.287,2026-02-27T12:10:12.830Z
sensor.electricity_meter_power_production,0.307,2026-02-27T12:10:43.796Z
sensor.electricity_meter_power_production,0.303,2026-02-27T12:11:14.798Z
sensor.electricity_meter_power_production,0.367,2026-02-27T12:11:45.777Z
sensor.electricity_meter_power_production,0.353,2026-02-27T12:12:15.790Z
sensor.electricity_meter_power_production,0.304,2026-02-27T12:12:46.779Z
sensor.electricity_meter_power_production,0.369,2026-02-27T12:13:17.787Z
sensor.electricity_meter_power_production,0.399,2026-02-27T12:13:48.789Z
sensor.electricity_meter_power_production,0.412,2026-02-27T12:14:19.790Z
sensor.electricity_meter_power_production,0.266,2026-02-27T12:14:50.785Z
sensor.electricity_meter_power_production,0.241,2026-02-27T12:15:20.790Z
sensor.electricity_meter_power_production,0.264,2026-02-27T12:15:51.792Z
sensor.electricity_meter_power_production,0.311,2026-02-27T12:16:22.800Z
sensor.electricity_meter_power_production,0.338,2026-02-27T12:16:52.827Z
sensor.electricity_meter_power_production,0.278,2026-02-27T12:17:23.785Z
sensor.electricity_meter_power_production,0.32,2026-02-27T12:17:54.786Z
sensor.electricity_meter_power_production,0.225,2026-02-27T12:18:25.783Z
sensor.electricity_meter_power_production,0.22,2026-02-27T12:19:26.786Z
sensor.electricity_meter_power_production,0.296,2026-02-27T12:19:57.794Z
sensor.electricity_meter_power_production,0.351,2026-02-27T12:20:28.788Z
sensor.electricity_meter_power_production,0.245,2026-02-27T12:20:59.786Z
sensor.electricity_meter_power_production,0.24,2026-02-27T12:21:29.791Z
sensor.electricity_meter_power_production,0.194,2026-02-27T12:22:00.785Z
sensor.electricity_meter_power_production,0.193,2026-02-27T12:22:31.778Z
sensor.electricity_meter_power_production,0.202,2026-02-27T12:23:02.783Z
sensor.electricity_meter_power_production,0.172,2026-02-27T12:23:32.831Z
sensor.electricity_meter_power_production,0.238,2026-02-27T12:24:03.785Z
sensor.electricity_meter_power_production,0.334,2026-02-27T12:24:34.779Z
sensor.electricity_meter_power_production,0.0,2026-02-27T12:25:04.795Z
sensor.electricity_meter_power_production,0.887,2026-02-27T12:26:06.783Z
sensor.electricity_meter_power_production,0.634,2026-02-27T12:26:36.785Z
sensor.electricity_meter_power_production,0.812,2026-02-27T12:27:07.794Z
sensor.electricity_meter_power_production,0.788,2026-02-27T12:27:37.803Z
sensor.electricity_meter_power_production,0.604,2026-02-27T12:28:08.770Z
sensor.electricity_meter_power_consumption,0.145,2026-02-27T10:00:00.000Z
sensor.electricity_meter_power_consumption,0.128,2026-02-27T10:00:02.813Z
sensor.electricity_meter_power_consumption,0.131,2026-02-27T10:00:33.782Z
sensor.electricity_meter_power_consumption,0.102,2026-02-27T10:01:03.797Z
sensor.electricity_meter_power_consumption,0.115,2026-02-27T10:01:33.806Z
sensor.electricity_meter_power_consumption,0.182,2026-02-27T10:02:04.807Z
sensor.electricity_meter_power_consumption,0.149,2026-02-27T10:02:35.801Z
sensor.electricity_meter_power_consumption,0.173,2026-02-27T10:03:06.794Z
sensor.electricity_meter_power_consumption,0.158,2026-02-27T10:03:36.807Z
sensor.electricity_meter_power_consumption,0.107,2026-02-27T10:04:07.808Z
sensor.electricity_meter_power_consumption,0.109,2026-02-27T10:04:38.795Z
sensor.electricity_meter_power_consumption,0.107,2026-02-27T10:05:08.806Z
sensor.electricity_meter_power_consumption,0.355,2026-02-27T10:05:39.797Z
sensor.electricity_meter_power_consumption,0.619,2026-02-27T10:06:09.805Z
sensor.electricity_meter_power_consumption,0.502,2026-02-27T10:06:40.803Z
sensor.electricity_meter_power_consumption,0.313,2026-02-27T10:07:11.800Z
sensor.electricity_meter_power_consumption,0.0,2026-02-27T10:07:42.810Z
sensor.electricity_meter_power_consumption,0.07,2026-02-27T10:10:45.801Z
sensor.electricity_meter_power_consumption,0.078,2026-02-27T10:11:16.796Z
sensor.electricity_meter_power_consumption,0.098,2026-02-27T10:12:16.809Z
sensor.electricity_meter_power_consumption,0.168,2026-02-27T10:12:47.796Z
sensor.electricity_meter_power_consumption,0.066,2026-02-27T10:13:17.812Z
sensor.electricity_meter_power_consumption,0.059,2026-02-27T10:13:48.803Z
sensor.electricity_meter_power_consumption,0.074,2026-02-27T10:14:19.801Z
sensor.electricity_meter_power_consumption,0.025,2026-02-27T10:14:50.788Z
sensor.electricity_meter_power_consumption,0.012,2026-02-27T10:15:20.804Z
sensor.electricity_meter_power_consumption,0.0,2026-02-27T10:15:51.796Z
sensor.electricity_meter_power_consumption,0.013,2026-02-27T10:16:22.797Z
sensor.electricity_meter_power_consumption,0.0,2026-02-27T10:16:52.839Z
sensor.electricity_meter_power_consumption,0.478,2026-02-27T10:18:54.805Z
sensor.electricity_meter_power_consumption,0.061,2026-02-27T10:19:25.801Z
sensor.electricity_meter_power_consumption,0.0,2026-02-27T10:19:56.787Z
sensor.electricity_meter_power_consumption,0.165,2026-02-27T10:20:27.796Z
sensor.electricity_meter_power_consumption,0.078,2026-02-27T10:20:57.799Z
sensor.electricity_meter_power_consumption,0.072,2026-02-27T10:21:28.797Z
sensor.electricity_meter_power_consumption,0.08,2026-02-27T10:21:58.801Z
sensor.electricity_meter_power_consumption,0.064,2026-02-27T10:22:29.785Z
sensor.electricity_meter_power_consumption,0.412,2026-02-27T10:22:59.800Z
sensor.electricity_meter_power_consumption,0.117,2026-02-27T10:23:30.803Z
sensor.electricity_meter_power_consumption,0.461,2026-02-27T10:24:01.785Z
sensor.electricity_meter_power_consumption,0.075,2026-02-27T10:24:31.793Z
sensor.electricity_meter_power_consumption,0.082,2026-02-27T10:25:01.802Z
sensor.electricity_meter_power_consumption,0.08,2026-02-27T10:25:32.829Z
sensor.electricity_meter_power_consumption,1.03,2026-02-27T10:26:03.797Z
sensor.electricity_meter_power_consumption,0.437,2026-02-27T10:26:34.786Z
sensor.electricity_meter_power_consumption,0.228,2026-02-27T10:27:04.800Z
sensor.electricity_meter_power_consumption,0.177,2026-02-27T10:27:35.789Z
sensor.electricity_meter_power_consumption,0.0,2026-02-27T10:28:05.792Z
sensor.electricity_meter_power_consumption,0.209,2026-02-27T10:28:35.806Z
sensor.electricity_meter_power_consumption,1.428,2026-02-27T10:29:06.792Z
sensor.electricity_meter_power_consumption,0.932,2026-02-27T10:29:36.806Z
sensor.electricity_meter_power_consumption,0.0,2026-02-27T10:30:07.807Z
sensor.electricity_meter_power_consumption,0.042,2026-02-27T10:35:45.796Z
sensor.electricity_meter_power_consumption,0.041,2026-02-27T10:36:16.788Z
sensor.electricity_meter_power_consumption,0.045,2026-02-27T10:36:47.794Z
sensor.electricity_meter_power_consumption,0.05,2026-02-27T10:37:17.808Z
sensor.electricity_meter_power_consumption,0.047,2026-02-27T10:37:48.800Z
sensor.electricity_meter_power_consumption,0.027,2026-02-27T10:38:19.795Z
sensor.electricity_meter_power_consumption,0.025,2026-02-27T10:38:49.799Z
sensor.electricity_meter_power_consumption,0.03,2026-02-27T10:39:20.787Z
sensor.electricity_meter_power_consumption,0.023,2026-02-27T10:39:50.804Z
sensor.electricity_meter_power_consumption,0.021,2026-02-27T10:40:21.802Z
sensor.electricity_meter_power_consumption,0.015,2026-02-27T10:41:23.807Z
sensor.electricity_meter_power_consumption,0.006,2026-02-27T10:41:54.789Z
sensor.electricity_meter_power_consumption,0.0,2026-02-27T10:42:24.795Z
sensor.electricity_meter_power_consumption,0.409,2026-02-27T10:55:10.801Z
sensor.electricity_meter_power_consumption,0.019,2026-02-27T10:55:41.789Z
sensor.electricity_meter_power_consumption,0.041,2026-02-27T10:56:11.793Z
sensor.electricity_meter_power_consumption,0.637,2026-02-27T10:56:41.800Z
sensor.electricity_meter_power_consumption,1.172,2026-02-27T10:57:12.798Z
sensor.electricity_meter_power_consumption,0.544,2026-02-27T10:57:42.810Z
sensor.electricity_meter_power_consumption,0.0,2026-02-27T10:58:12.827Z
sensor.electricity_meter_power_consumption,0.027,2026-02-27T11:03:51.781Z
sensor.electricity_meter_power_consumption,0.0,2026-02-27T11:04:21.794Z
sensor.electricity_meter_power_consumption,0.207,2026-02-27T11:05:54.803Z
sensor.electricity_meter_power_consumption,0.208,2026-02-27T11:06:25.789Z
sensor.electricity_meter_power_consumption,0.227,2026-02-27T11:06:55.801Z
sensor.electricity_meter_power_consumption,0.22,2026-02-27T11:07:26.804Z
sensor.electricity_meter_power_consumption,0.235,2026-02-27T11:07:57.803Z
sensor.electricity_meter_power_consumption,0.175,2026-02-27T11:08:28.788Z
sensor.electricity_meter_power_consumption,1.976,2026-02-27T11:08:58.802Z
sensor.electricity_meter_power_consumption,2.463,2026-02-27T11:09:29.779Z
sensor.electricity_meter_power_consumption,1.772,2026-02-27T11:09:59.793Z
sensor.electricity_meter_power_consumption,0.0,2026-02-27T11:10:29.801Z
sensor.electricity_meter_power_consumption,0.211,2026-02-27T11:15:05.780Z
sensor.electricity_meter_power_consumption,0.0,2026-02-27T11:15:35.789Z
sensor.electricity_meter_power_consumption,0.501,2026-02-27T11:18:38.797Z
sensor.electricity_meter_power_consumption,0.234,2026-02-27T11:19:09.782Z
sensor.electricity_meter_power_consumption,0.0,2026-02-27T11:19:39.800Z
sensor.electricity_meter_power_consumption,0.071,2026-02-27T11:22:43.792Z
sensor.electricity_meter_power_consumption,0.106,2026-02-27T11:23:14.783Z
sensor.electricity_meter_power_consumption,0.06,2026-02-27T11:23:44.799Z
sensor.electricity_meter_power_consumption,0.084,2026-02-27T11:24:15.783Z
sensor.electricity_meter_power_consumption,0.11,2026-02-27T11:24:46.780Z
sensor.electricity_meter_power_consumption,0.148,2026-02-27T11:25:16.795Z
sensor.electricity_meter_power_consumption,0.278,2026-02-27T11:25:47.792Z
sensor.electricity_meter_power_consumption,0.0,2026-02-27T11:26:17.807Z
sensor.electricity_meter_power_consumption,0.03,2026-02-27T11:31:26.784Z
sensor.electricity_meter_power_consumption,0.0,2026-02-27T11:31:56.799Z
sensor.electricity_meter_power_consumption,0.117,2026-02-27T11:33:29.790Z
sensor.electricity_meter_power_consumption,0.123,2026-02-27T11:34:00.779Z
sensor.electricity_meter_power_consumption,0.136,2026-02-27T11:34:30.798Z
sensor.electricity_meter_power_consumption,0.101,2026-02-27T11:35:01.790Z
sensor.electricity_meter_power_consumption,0.056,2026-02-27T11:35:31.793Z
sensor.electricity_meter_power_consumption,0.044,2026-02-27T11:36:02.790Z
sensor.electricity_meter_power_consumption,0.043,2026-02-27T11:36:32.803Z
sensor.electricity_meter_power_consumption,0.101,2026-02-27T11:37:03.796Z
sensor.electricity_meter_power_consumption,0.0,2026-02-27T11:37:34.794Z
sensor.electricity_meter_power_consumption,0.024,2026-02-27T11:39:07.793Z
sensor.electricity_meter_power_consumption,0.0,2026-02-27T11:39:38.783Z
sensor.electricity_meter_power_consumption,0.037,2026-02-27T11:40:08.794Z
sensor.electricity_meter_power_consumption,0.115,2026-02-27T11:40:38.798Z
sensor.electricity_meter_power_consumption,0.148,2026-02-27T11:41:09.789Z
sensor.electricity_meter_power_consumption,0.198,2026-02-27T11:41:40.780Z
sensor.electricity_meter_power_consumption,0.26,2026-02-27T11:42:10.789Z
sensor.electricity_meter_power_consumption,0.0,2026-02-27T11:42:41.783Z
sensor.electricity_meter_power_consumption,0.979,2026-02-27T11:44:14.778Z
sensor.electricity_meter_power_consumption,0.0,2026-02-27T11:44:44.780Z
sensor.electricity_meter_power_consumption,0.007,2026-02-27T11:46:45.786Z
sensor.electricity_meter_power_consumption,0.0,2026-02-27T11:47:16.776Z
sensor.electricity_meter_power_consumption,0.033,2026-02-27T11:47:46.795Z
sensor.electricity_meter_power_consumption,0.032,2026-02-27T11:48:17.806Z
sensor.electricity_meter_power_consumption,0.065,2026-02-27T11:48:48.776Z
sensor.electricity_meter_power_consumption,0.093,2026-02-27T11:49:18.788Z
sensor.electricity_meter_power_consumption,0.127,2026-02-27T11:49:49.783Z
sensor.electricity_meter_power_consumption,0.122,2026-02-27T11:50:20.785Z
sensor.electricity_meter_power_consumption,0.123,2026-02-27T11:50:50.791Z
sensor.electricity_meter_power_consumption,0.0,2026-02-27T11:51:20.799Z
sensor.electricity_meter_power_consumption,0.105,2026-02-27T11:57:58.785Z
sensor.electricity_meter_power_consumption,0.085,2026-02-27T11:58:29.779Z
sensor.electricity_meter_power_consumption,0.088,2026-02-27T11:58:59.796Z
sensor.electricity_meter_power_consumption,0.089,2026-02-27T11:59:30.777Z
sensor.electricity_meter_power_consumption,0.14,2026-02-27T12:00:00.792Z
sensor.electricity_meter_power_consumption,0.158,2026-02-27T12:00:31.785Z
sensor.electricity_meter_power_consumption,0.113,2026-02-27T12:01:02.783Z
sensor.electricity_meter_power_consumption,0.178,2026-02-27T12:01:32.825Z
sensor.electricity_meter_power_consumption,0.122,2026-02-27T12:02:03.774Z
sensor.electricity_meter_power_consumption,0.0,2026-02-27T12:02:33.777Z
sensor.electricity_meter_power_consumption,0.028,2026-02-27T12:07:08.774Z
sensor.electricity_meter_power_consumption,0.021,2026-02-27T12:07:39.777Z
sensor.electricity_meter_power_consumption,0.011,2026-02-27T12:08:09.783Z
sensor.electricity_meter_power_consumption,0.0,2026-02-27T12:08:39.795Z
sensor.electricity_meter_power_consumption,2.374,2026-02-27T12:25:04.795Z
sensor.electricity_meter_power_consumption,10.249,2026-02-27T12:25:35.788Z
sensor.electricity_meter_power_consumption,0.0,2026-02-27T12:26:06.783Z
sensor.electricity_meter_power_consumption,1.294,2026-02-27T12:26:36.785Z
sensor.electricity_meter_power_consumption,0.0,2026-02-27T12:27:07.794Z
sensor.electricity_meter_power_consumption,0.016,2026-02-27T12:28:08.770Z
sensor.envoy_122252032811_current_power_production,4.525,2026-02-27T10:00:00.000Z
sensor.envoy_122252032811_current_power_production,4.634,2026-02-27T10:00:19.642Z
sensor.envoy_122252032811_current_power_production,4.635,2026-02-27T10:01:21.443Z
sensor.envoy_122252032811_current_power_production,4.524,2026-02-27T10:02:23.624Z
sensor.envoy_122252032811_current_power_production,4.584,2026-02-27T10:03:25.422Z
sensor.envoy_122252032811_current_power_production,4.625,2026-02-27T10:04:26.899Z
sensor.envoy_122252032811_current_power_production,4.167,2026-02-27T10:05:28.180Z
sensor.envoy_122252032811_current_power_production,3.621,2026-02-27T10:06:30.525Z
sensor.envoy_122252032811_current_power_production,4.619,2026-02-27T10:07:33.265Z
sensor.envoy_122252032811_current_power_production,4.72,2026-02-27T10:08:35.378Z
sensor.envoy_122252032811_current_power_production,4.747,2026-02-27T10:09:36.574Z
sensor.envoy_122252032811_current_power_production,4.74,2026-02-27T10:10:37.915Z
sensor.envoy_122252032811_current_power_production,4.743,2026-02-27T10:11:39.878Z
sensor.envoy_122252032811_current_power_production,4.822,2026-02-27T10:12:41.340Z
sensor.envoy_122252032811_current_power_production,4.894,2026-02-27T10:13:42.931Z
sensor.envoy_122252032811_current_power_production,4.906,2026-02-27T10:14:45.948Z
sensor.envoy_122252032811_current_power_production,5.055,2026-02-27T10:15:48.411Z
sensor.envoy_122252032811_current_power_production,5.025,2026-02-27T10:16:49.356Z
sensor.envoy_122252032811_current_power_production,5.249,2026-02-27T10:17:52.484Z
sensor.envoy_122252032811_current_power_production,4.019,2026-02-27T10:18:53.791Z
sensor.envoy_122252032811_current_power_production,5.457,2026-02-27T10:19:54.774Z
sensor.envoy_122252032811_current_power_production,5.539,2026-02-27T10:20:57.028Z
sensor.envoy_122252032811_current_power_production,5.587,2026-02-27T10:21:59.089Z
sensor.envoy_122252032811_current_power_production,4.959,2026-02-27T10:23:00.225Z
sensor.envoy_122252032811_current_power_production,4.907,2026-02-27T10:24:01.884Z
sensor.envoy_122252032811_current_power_production,5.712,2026-02-27T10:25:03.532Z
sensor.envoy_122252032811_current_power_production,3.846,2026-02-27T10:26:05.326Z
sensor.envoy_122252032811_current_power_production,4.333,2026-02-27T10:27:06.441Z
sensor.envoy_122252032811_current_power_production,4.278,2026-02-27T10:28:08.329Z
sensor.envoy_122252032811_current_power_production,2.569,2026-02-27T10:29:09.796Z
sensor.envoy_122252032811_current_power_production,2.369,2026-02-27T10:30:11.442Z
sensor.envoy_122252032811_current_power_production,2.274,2026-02-27T10:31:13.923Z
sensor.envoy_122252032811_current_power_production,2.254,2026-02-27T10:32:16.823Z
sensor.envoy_122252032811_current_power_production,2.286,2026-02-27T10:33:17.634Z
sensor.envoy_122252032811_current_power_production,2.298,2026-02-27T10:34:18.737Z
sensor.envoy_122252032811_current_power_production,2.296,2026-02-27T10:35:20.355Z
sensor.envoy_122252032811_current_power_production,2.294,2026-02-27T10:36:21.763Z
sensor.envoy_122252032811_current_power_production,2.286,2026-02-27T10:37:22.871Z
sensor.envoy_122252032811_current_power_production,2.268,2026-02-27T10:38:24.001Z
sensor.envoy_122252032811_current_power_production,2.252,2026-02-27T10:39:26.133Z
sensor.envoy_122252032811_current_power_production,2.268,2026-02-27T10:40:27.958Z
sensor.envoy_122252032811_current_power_production,2.3,2026-02-27T10:41:30.640Z
sensor.envoy_122252032811_current_power_production,2.353,2026-02-27T10:42:32.940Z
sensor.envoy_122252032811_current_power_production,2.65,2026-02-27T10:43:35.905Z
sensor.envoy_122252032811_current_power_production,3.006,2026-02-27T10:44:37.921Z
sensor.envoy_122252032811_current_power_production,2.921,2026-02-27T10:45:40.325Z
sensor.envoy_122252032811_current_power_production,2.915,2026-02-27T10:46:42.275Z
sensor.envoy_122252032811_current_power_production,3.302,2026-02-27T10:47:44.169Z
sensor.envoy_122252032811_current_power_production,3.413,2026-02-27T10:48:46.294Z
sensor.envoy_122252032811_current_power_production,3.296,2026-02-27T10:49:48.293Z
sensor.envoy_122252032811_current_power_production,3.09,2026-02-27T10:50:50.098Z
sensor.envoy_122252032811_current_power_production,2.855,2026-02-27T10:51:51.897Z
sensor.envoy_122252032811_current_power_production,2.784,2026-02-27T10:52:52.247Z
sensor.envoy_122252032811_current_power_production,3.278,2026-02-27T10:53:54.114Z
sensor.envoy_122252032811_current_power_production,5.231,2026-02-27T10:54:56.061Z
sensor.envoy_122252032811_current_power_production,4.694,2026-02-27T10:55:58.190Z
sensor.envoy_122252032811_current_power_production,3.664,2026-02-27T10:57:00.454Z
sensor.envoy_122252032811_current_power_production,3.012,2026-02-27T10:58:01.494Z
sensor.envoy_122252032811_current_power_production,2.624,2026-02-27T10:59:03.154Z
sensor.envoy_122252032811_current_power_production,3.976,2026-02-27T11:00:04.995Z
sensor.envoy_122252032811_current_power_production,5.395,2026-02-27T11:01:06.939Z
sensor.envoy_122252032811_current_power_production,5.418,2026-02-27T11:02:09.789Z
sensor.envoy_122252032811_current_power_production,3.546,2026-02-27T11:03:10.969Z
sensor.envoy_122252032811_current_power_production,5.254,2026-02-27T11:04:13.266Z
sensor.envoy_122252032811_current_power_production,5.443,2026-02-27T11:05:15.337Z
sensor.envoy_122252032811_current_power_production,5.497,2026-02-27T11:06:18.041Z
sensor.envoy_122252032811_current_power_production,5.526,2026-02-27T11:07:21.196Z
sensor.envoy_122252032811_current_power_production,5.477,2026-02-27T11:08:23.102Z
sensor.envoy_122252032811_current_power_production,2.601,2026-02-27T11:09:24.196Z
sensor.envoy_122252032811_current_power_production,2.486,2026-02-27T11:10:25.673Z
sensor.envoy_122252032811_current_power_production,2.357,2026-02-27T11:11:27.612Z
sensor.envoy_122252032811_current_power_production,2.371,2026-02-27T11:12:29.152Z
sensor.envoy_122252032811_current_power_production,2.495,2026-02-27T11:13:31.237Z
sensor.envoy_122252032811_current_power_production,2.839,2026-02-27T11:14:32.813Z
sensor.envoy_122252032811_current_power_production,3.464,2026-02-27T11:15:34.666Z
sensor.envoy_122252032811_current_power_production,5.897,2026-02-27T11:16:35.764Z
sensor.envoy_122252032811_current_power_production,3.967,2026-02-27T11:17:37.552Z
sensor.envoy_122252032811_current_power_production,3.038,2026-02-27T11:18:39.742Z
sensor.envoy_122252032811_current_power_production,2.584,2026-02-27T11:19:40.889Z
sensor.envoy_122252032811_current_power_production,2.442,2026-02-27T11:20:42.399Z
sensor.envoy_122252032811_current_power_production,2.329,2026-02-27T11:21:43.187Z
sensor.envoy_122252032811_current_power_production,2.267,2026-02-27T11:22:45.161Z
sensor.envoy_122252032811_current_power_production,2.209,2026-02-27T11:23:47.291Z
sensor.envoy_122252032811_current_power_production,2.121,2026-02-27T11:24:49.643Z
sensor.envoy_122252032811_current_power_production,2.126,2026-02-27T11:25:50.673Z
sensor.envoy_122252032811_current_power_production,2.153,2026-02-27T11:26:52.246Z
sensor.envoy_122252032811_current_power_production,2.193,2026-02-27T11:27:53.750Z
sensor.envoy_122252032811_current_power_production,2.265,2026-02-27T11:28:55.415Z
sensor.envoy_122252032811_current_power_production,2.451,2026-02-27T11:29:56.240Z
sensor.envoy_122252032811_current_power_production,2.766,2026-02-27T11:30:58.028Z
sensor.envoy_122252032811_current_power_production,2.534,2026-02-27T11:31:59.751Z
sensor.envoy_122252032811_current_power_production,2.476,2026-02-27T11:33:01.487Z
sensor.envoy_122252032811_current_power_production,2.325,2026-02-27T11:34:02.558Z
sensor.envoy_122252032811_current_power_production,2.283,2026-02-27T11:35:04.293Z
sensor.envoy_122252032811_current_power_production,2.284,2026-02-27T11:36:05.768Z
sensor.envoy_122252032811_current_power_production,2.407,2026-02-27T11:37:06.813Z
sensor.envoy_122252032811_current_power_production,2.484,2026-02-27T11:38:07.653Z
sensor.envoy_122252032811_current_power_production,2.381,2026-02-27T11:39:09.074Z
sensor.envoy_122252032811_current_power_production,2.375,2026-02-27T11:40:11.009Z
sensor.envoy_122252032811_current_power_production,2.368,2026-02-27T11:41:13.073Z
sensor.envoy_122252032811_current_power_production,2.243,2026-02-27T11:42:14.737Z
sensor.envoy_122252032811_current_power_production,2.265,2026-02-27T11:43:16.601Z
sensor.envoy_122252032811_current_power_production,1.943,2026-02-27T11:44:17.530Z
sensor.envoy_122252032811_current_power_production,1.838,2026-02-27T11:45:19.001Z
sensor.envoy_122252032811_current_power_production,1.747,2026-02-27T11:46:21.646Z
sensor.envoy_122252032811_current_power_production,1.671,2026-02-27T11:47:23.191Z
sensor.envoy_122252032811_current_power_production,1.597,2026-02-27T11:48:25.460Z
sensor.envoy_122252032811_current_power_production,1.525,2026-02-27T11:49:26.227Z
sensor.envoy_122252032811_current_power_production,1.463,2026-02-27T11:50:28.607Z
sensor.envoy_122252032811_current_power_production,1.434,2026-02-27T11:51:29.855Z
sensor.envoy_122252032811_current_power_production,1.416,2026-02-27T11:52:31.983Z
sensor.envoy_122252032811_current_power_production,1.401,2026-02-27T11:53:33.838Z
sensor.envoy_122252032811_current_power_production,1.388,2026-02-27T11:54:34.878Z
sensor.envoy_122252032811_current_power_production,1.381,2026-02-27T11:55:35.538Z
sensor.envoy_122252032811_current_power_production,1.382,2026-02-27T11:56:37.604Z
sensor.envoy_122252032811_current_power_production,1.377,2026-02-27T11:57:39.530Z
sensor.envoy_122252032811_current_power_production,1.36,2026-02-27T11:58:41.013Z
sensor.envoy_122252032811_current_power_production,1.337,2026-02-27T11:59:42.673Z
sensor.envoy_122252032811_current_power_production,1.312,2026-02-27T12:00:43.769Z
sensor.envoy_122252032811_current_power_production,1.298,2026-02-27T12:01:44.250Z
sensor.envoy_122252032811_current_power_production,1.3,2026-02-27T12:02:46.776Z
sensor.envoy_122252032811_current_power_production,1.323,2026-02-27T12:03:47.319Z
sensor.envoy_122252032811_current_power_production,1.359,2026-02-27T12:04:48.667Z
sensor.envoy_122252032811_current_power_production,1.412,2026-02-27T12:05:49.836Z
sensor.envoy_122252032811_current_power_production,1.476,2026-02-27T12:06:50.659Z
sensor.envoy_122252032811_current_power_production,1.548,2026-02-27T12:07:52.677Z
sensor.envoy_122252032811_current_power_production,1.615,2026-02-27T12:08:54.066Z
sensor.envoy_122252032811_current_power_production,1.68,2026-02-27T12:09:56.742Z
sensor.envoy_122252032811_current_power_production,1.732,2026-02-27T12:10:58.247Z
sensor.envoy_122252032811_current_power_production,1.749,2026-02-27T12:12:01.101Z
sensor.envoy_122252032811_current_power_production,1.737,2026-02-27T12:13:02.795Z
sensor.envoy_122252032811_current_power_production,1.718,2026-02-27T12:14:03.661Z
sensor.envoy_122252032811_current_power_production,1.696,2026-02-27T12:15:04.857Z
sensor.envoy_122252032811_current_power_production,1.668,2026-02-27T12:16:05.153Z
sensor.envoy_122252032811_current_power_production,1.652,2026-02-27T12:17:06.681Z
sensor.envoy_122252032811_current_power_production,1.648,2026-02-27T12:18:08.660Z
sensor.envoy_122252032811_current_power_production,1.654,2026-02-27T12:19:09.924Z
sensor.envoy_122252032811_current_power_production,1.639,2026-02-27T12:20:11.302Z
sensor.envoy_122252032811_current_power_production,1.635,2026-02-27T12:21:13.284Z
sensor.envoy_122252032811_current_power_production,1.628,2026-02-27T12:22:16.312Z
sensor.envoy_122252032811_current_power_production,1.612,2026-02-27T12:23:17.885Z
sensor.envoy_122252032811_current_power_production,1.571,2026-02-27T12:24:19.454Z
sensor.envoy_122252032811_current_power_production,1.509,2026-02-27T12:25:21.094Z
sensor.envoy_122252032811_current_power_production,1.446,2026-02-27T12:26:22.475Z
sensor.envoy_122252032811_current_power_production,1.392,2026-02-27T12:27:23.764Z
sensor.envoy_122252032811_current_power_production,1.339,2026-02-27T12:28:25.215Z
sensor.envoy_122252032811_current_power_consumption,4.077,2026-02-27T10:00:00.000Z
sensor.envoy_122252032811_current_power_consumption,4.109,2026-02-27T10:00:19.643Z
sensor.envoy_122252032811_current_power_consumption,4.133,2026-02-27T10:01:21.444Z
sensor.envoy_122252032811_current_power_consumption,4.125,2026-02-27T10:02:23.625Z
sensor.envoy_122252032811_current_power_consumption,4.133,2026-02-27T10:03:25.423Z
sensor.envoy_122252032811_current_power_consumption,4.131,2026-02-27T10:04:26.900Z
sensor.envoy_122252032811_current_power_consumption,4.125,2026-02-27T10:05:28.181Z
sensor.envoy_122252032811_current_power_consumption,4.102,2026-02-27T10:06:30.526Z
sensor.envoy_122252032811_current_power_consumption,1.419,2026-02-27T10:07:33.266Z
sensor.envoy_122252032811_current_power_consumption,0.515,2026-02-27T10:08:35.380Z
sensor.envoy_122252032811_current_power_consumption,0.509,2026-02-27T10:09:36.574Z
sensor.envoy_122252032811_current_power_consumption,2.91,2026-02-27T10:10:37.915Z
sensor.envoy_122252032811_current_power_consumption,4.143,2026-02-27T10:11:39.879Z
sensor.envoy_122252032811_current_power_consumption,4.173,2026-02-27T10:12:41.341Z
sensor.envoy_122252032811_current_power_consumption,4.16,2026-02-27T10:13:42.932Z
sensor.envoy_122252032811_current_power_consumption,4.132,2026-02-27T10:14:45.949Z
sensor.envoy_122252032811_current_power_consumption,4.137,2026-02-27T10:15:48.412Z
sensor.envoy_122252032811_current_power_consumption,4.121,2026-02-27T10:16:49.357Z
sensor.envoy_122252032811_current_power_consumption,4.124,2026-02-27T10:17:52.485Z
sensor.envoy_122252032811_current_power_consumption,4.085,2026-02-27T10:18:53.792Z
sensor.envoy_122252032811_current_power_consumption,4.137,2026-02-27T10:19:54.775Z
sensor.envoy_122252032811_current_power_consumption,4.821,2026-02-27T10:20:57.029Z
sensor.envoy_122252032811_current_power_consumption,4.863,2026-02-27T10:21:59.090Z
sensor.envoy_122252032811_current_power_consumption,4.852,2026-02-27T10:23:00.226Z
sensor.envoy_122252032811_current_power_consumption,4.865,2026-02-27T10:24:01.886Z
sensor.envoy_122252032811_current_power_consumption,4.931,2026-02-27T10:25:03.533Z
sensor.envoy_122252032811_current_power_consumption,4.851,2026-02-27T10:26:05.327Z
sensor.envoy_122252032811_current_power_consumption,4.128,2026-02-27T10:27:06.442Z
sensor.envoy_122252032811_current_power_consumption,0.494,2026-02-27T10:28:08.331Z
sensor.envoy_122252032811_current_power_consumption,4.016,2026-02-27T10:29:09.797Z
sensor.envoy_122252032811_current_power_consumption,0.494,2026-02-27T10:30:11.443Z
sensor.envoy_122252032811_current_power_consumption,0.503,2026-02-27T10:31:13.925Z
sensor.envoy_122252032811_current_power_consumption,0.502,2026-02-27T10:32:16.825Z
sensor.envoy_122252032811_current_power_consumption,1.927,2026-02-27T10:33:17.636Z
sensor.envoy_122252032811_current_power_consumption,1.932,2026-02-27T10:34:18.739Z
sensor.envoy_122252032811_current_power_consumption,2.222,2026-02-27T10:35:20.357Z
sensor.envoy_122252032811_current_power_consumption,1.972,2026-02-27T10:36:21.765Z
sensor.envoy_122252032811_current_power_consumption,2.14,2026-02-27T10:38:24.002Z
sensor.envoy_122252032811_current_power_consumption,2.094,2026-02-27T10:39:26.135Z
sensor.envoy_122252032811_current_power_consumption,2.122,2026-02-27T10:40:27.960Z
sensor.envoy_122252032811_current_power_consumption,2.113,2026-02-27T10:41:30.642Z
sensor.envoy_122252032811_current_power_consumption,2.124,2026-02-27T10:42:32.942Z
sensor.envoy_122252032811_current_power_consumption,2.121,2026-02-27T10:43:35.906Z
sensor.envoy_122252032811_current_power_consumption,2.11,2026-02-27T10:44:37.923Z
sensor.envoy_122252032811_current_power_consumption,2.126,2026-02-27T10:45:40.326Z
sensor.envoy_122252032811_current_power_consumption,2.169,2026-02-27T10:46:42.277Z
sensor.envoy_122252032811_current_power_consumption,2.159,2026-02-27T10:47:44.171Z
sensor.envoy_122252032811_current_power_consumption,2.165,2026-02-27T10:48:46.295Z
sensor.envoy_122252032811_current_power_consumption,2.174,2026-02-27T10:49:48.295Z
sensor.envoy_122252032811_current_power_consumption,2.16,2026-02-27T10:50:50.100Z
sensor.envoy_122252032811_current_power_consumption,2.153,2026-02-27T10:51:51.898Z
sensor.envoy_122252032811_current_power_consumption,2.149,2026-02-27T10:52:52.249Z
sensor.envoy_122252032811_current_power_consumption,2.173,2026-02-27T10:53:54.116Z
sensor.envoy_122252032811_current_power_consumption,2.184,2026-02-27T10:54:56.063Z
sensor.envoy_122252032811_current_power_consumption,3.663,2026-02-27T10:55:58.191Z
sensor.envoy_122252032811_current_power_consumption,4.333,2026-02-27T10:57:00.455Z
sensor.envoy_122252032811_current_power_consumption,0.688,2026-02-27T10:58:01.495Z
sensor.envoy_122252032811_current_power_consumption,0.725,2026-02-27T10:59:03.156Z
sensor.envoy_122252032811_current_power_consumption,0.71,2026-02-27T11:00:04.996Z
sensor.envoy_122252032811_current_power_consumption,1.697,2026-02-27T11:01:06.941Z
sensor.envoy_122252032811_current_power_consumption,3.661,2026-02-27T11:02:09.791Z
sensor.envoy_122252032811_current_power_consumption,3.608,2026-02-27T11:03:10.971Z
sensor.envoy_122252032811_current_power_consumption,3.665,2026-02-27T11:04:13.268Z
sensor.envoy_122252032811_current_power_consumption,4.362,2026-02-27T11:05:15.339Z
sensor.envoy_122252032811_current_power_consumption,5.15,2026-02-27T11:06:18.043Z
sensor.envoy_122252032811_current_power_consumption,5.157,2026-02-27T11:07:21.198Z
sensor.envoy_122252032811_current_power_consumption,5.109,2026-02-27T11:08:23.104Z
sensor.envoy_122252032811_current_power_consumption,4.979,2026-02-27T11:09:24.198Z
sensor.envoy_122252032811_current_power_consumption,2.54,2026-02-27T11:10:25.675Z
sensor.envoy_122252032811_current_power_consumption,0.712,2026-02-27T11:11:27.614Z
sensor.envoy_122252032811_current_power_consumption,0.694,2026-02-27T11:12:29.154Z
sensor.envoy_122252032811_current_power_consumption,1.2,2026-02-27T11:13:31.238Z
sensor.envoy_122252032811_current_power_consumption,2.147,2026-02-27T11:14:32.814Z
sensor.envoy_122252032811_current_power_consumption,2.882,2026-02-27T11:15:34.668Z
sensor.envoy_122252032811_current_power_consumption,2.937,2026-02-27T11:16:35.766Z
sensor.envoy_122252032811_current_power_consumption,3.57,2026-02-27T11:17:37.554Z
sensor.envoy_122252032811_current_power_consumption,3.547,2026-02-27T11:18:39.744Z
sensor.envoy_122252032811_current_power_consumption,0.757,2026-02-27T11:19:40.890Z
sensor.envoy_122252032811_current_power_consumption,0.803,2026-02-27T11:20:42.400Z
sensor.envoy_122252032811_current_power_consumption,0.99,2026-02-27T11:21:43.188Z
sensor.envoy_122252032811_current_power_consumption,2.291,2026-02-27T11:22:45.162Z
sensor.envoy_122252032811_current_power_consumption,2.279,2026-02-27T11:23:47.292Z
sensor.envoy_122252032811_current_power_consumption,2.254,2026-02-27T11:24:49.644Z
sensor.envoy_122252032811_current_power_consumption,2.402,2026-02-27T11:25:50.675Z
sensor.envoy_122252032811_current_power_consumption,0.877,2026-02-27T11:26:52.248Z
sensor.envoy_122252032811_current_power_consumption,0.889,2026-02-27T11:27:53.752Z
sensor.envoy_122252032811_current_power_consumption,0.925,2026-02-27T11:28:55.417Z
sensor.envoy_122252032811_current_power_consumption,1.587,2026-02-27T11:29:56.242Z
sensor.envoy_122252032811_current_power_consumption,2.379,2026-02-27T11:30:58.029Z
sensor.envoy_122252032811_current_power_consumption,2.261,2026-02-27T11:31:59.752Z
sensor.envoy_122252032811_current_power_consumption,2.288,2026-02-27T11:33:01.488Z
sensor.envoy_122252032811_current_power_consumption,2.377,2026-02-27T11:34:02.559Z
sensor.envoy_122252032811_current_power_consumption,2.327,2026-02-27T11:35:04.295Z
sensor.envoy_122252032811_current_power_consumption,2.368,2026-02-27T11:36:05.769Z
sensor.envoy_122252032811_current_power_consumption,2.363,2026-02-27T11:37:06.814Z
sensor.envoy_122252032811_current_power_consumption,2.225,2026-02-27T11:38:07.655Z
sensor.envoy_122252032811_current_power_consumption,2.319,2026-02-27T11:39:09.075Z
sensor.envoy_122252032811_current_power_consumption,2.352,2026-02-27T11:40:11.011Z
sensor.envoy_122252032811_current_power_consumption,2.512,2026-02-27T11:41:13.074Z
sensor.envoy_122252032811_current_power_consumption,2.475,2026-02-27T11:42:14.739Z
sensor.envoy_122252032811_current_power_consumption,0.977,2026-02-27T11:43:16.603Z
sensor.envoy_122252032811_current_power_consumption,2.431,2026-02-27T11:44:17.531Z
sensor.envoy_122252032811_current_power_consumption,1.017,2026-02-27T11:45:19.003Z
sensor.envoy_122252032811_current_power_consumption,0.993,2026-02-27T11:46:21.648Z
sensor.envoy_122252032811_current_power_consumption,1.557,2026-02-27T11:47:23.193Z
sensor.envoy_122252032811_current_power_consumption,1.552,2026-02-27T11:49:26.228Z
sensor.envoy_122252032811_current_power_consumption,1.494,2026-02-27T11:50:28.608Z
sensor.envoy_122252032811_current_power_consumption,1.377,2026-02-27T11:51:29.857Z
sensor.envoy_122252032811_current_power_consumption,0.653,2026-02-27T11:52:31.985Z
sensor.envoy_122252032811_current_power_consumption,0.736,2026-02-27T11:53:33.839Z
sensor.envoy_122252032811_current_power_consumption,0.744,2026-02-27T11:54:34.880Z
sensor.envoy_122252032811_current_power_consumption,0.728,2026-02-27T11:55:35.539Z
sensor.envoy_122252032811_current_power_consumption,0.671,2026-02-27T11:56:37.604Z
sensor.envoy_122252032811_current_power_consumption,0.912,2026-02-27T11:57:39.531Z
sensor.envoy_122252032811_current_power_consumption,1.314,2026-02-27T11:58:41.015Z
sensor.envoy_122252032811_current_power_consumption,1.326,2026-02-27T11:59:42.674Z
sensor.envoy_122252032811_current_power_consumption,1.422,2026-02-27T12:00:43.771Z
sensor.envoy_122252032811_current_power_consumption,1.467,2026-02-27T12:01:44.252Z
sensor.envoy_122252032811_current_power_consumption,0.708,2026-02-27T12:02:46.777Z
sensor.envoy_122252032811_current_power_consumption,0.734,2026-02-27T12:03:47.320Z
sensor.envoy_122252032811_current_power_consumption,0.699,2026-02-27T12:04:48.668Z
sensor.envoy_122252032811_current_power_consumption,0.593,2026-02-27T12:05:49.838Z
sensor.envoy_122252032811_current_power_consumption,0.865,2026-02-27T12:06:50.660Z
sensor.envoy_122252032811_current_power_consumption,1.432,2026-02-27T12:07:52.679Z
sensor.envoy_122252032811_current_power_consumption,1.347,2026-02-27T12:08:54.068Z
sensor.envoy_122252032811_current_power_consumption,1.397,2026-02-27T12:09:56.743Z
sensor.envoy_122252032811_current_power_consumption,1.429,2026-02-27T12:10:58.248Z
sensor.envoy_122252032811_current_power_consumption,1.403,2026-02-27T12:12:01.103Z
sensor.envoy_122252032811_current_power_consumption,1.411,2026-02-27T12:13:02.796Z
sensor.envoy_122252032811_current_power_consumption,1.342,2026-02-27T12:14:03.663Z
sensor.envoy_122252032811_current_power_consumption,1.428,2026-02-27T12:15:04.858Z
sensor.envoy_122252032811_current_power_consumption,1.331,2026-02-27T12:16:05.154Z
sensor.envoy_122252032811_current_power_consumption,1.373,2026-02-27T12:17:06.682Z
sensor.envoy_122252032811_current_power_consumption,1.403,2026-02-27T12:18:08.661Z
sensor.envoy_122252032811_current_power_consumption,1.424,2026-02-27T12:19:09.924Z
sensor.envoy_122252032811_current_power_consumption,1.416,2026-02-27T12:20:11.303Z
sensor.envoy_122252032811_current_power_consumption,1.379,2026-02-27T12:21:13.286Z
sensor.envoy_122252032811_current_power_consumption,1.428,2026-02-27T12:22:16.314Z
sensor.envoy_122252032811_current_power_consumption,1.427,2026-02-27T12:23:17.886Z
sensor.envoy_122252032811_current_power_consumption,1.429,2026-02-27T12:24:19.456Z
sensor.envoy_122252032811_current_power_consumption,11.69,2026-02-27T12:25:21.095Z
sensor.envoy_122252032811_current_power_consumption,0.614,2026-02-27T12:26:22.476Z
sensor.envoy_122252032811_current_power_consumption,0.542,2026-02-27T12:27:23.765Z
sensor.envoy_122252032811_current_power_consumption,0.753,2026-02-27T12:28:25.217Z
sensor.energy_grid_electricity_meter_power_consumption_electricity_meter_power_production_net_power,-451.0,2026-02-27T10:00:00.000Z
sensor.energy_grid_electricity_meter_power_consumption_electricity_meter_power_production_net_power,-506.0,2026-02-27T10:00:02.815Z
sensor.energy_grid_electricity_meter_power_consumption_electricity_meter_power_production_net_power,-500.0,2026-02-27T10:00:33.783Z
sensor.energy_grid_electricity_meter_power_consumption_electricity_meter_power_production_net_power,-514.0,2026-02-27T10:01:03.800Z
sensor.energy_grid_electricity_meter_power_consumption_electricity_meter_power_production_net_power,-491.0,2026-02-27T10:01:33.806Z
sensor.energy_grid_electricity_meter_power_consumption_electricity_meter_power_production_net_power,-370.0,2026-02-27T10:02:04.809Z
sensor.energy_grid_electricity_meter_power_consumption_electricity_meter_power_production_net_power,-423.0,2026-02-27T10:02:35.802Z
sensor.energy_grid_electricity_meter_power_consumption_electricity_meter_power_production_net_power,-376.0,2026-02-27T10:03:06.795Z
sensor.energy_grid_electricity_meter_power_consumption_electricity_meter_power_production_net_power,-420.0,2026-02-27T10:03:36.808Z
sensor.energy_grid_electricity_meter_power_consumption_electricity_meter_power_production_net_power,-504.0,2026-02-27T10:04:07.811Z
sensor.energy_grid_electricity_meter_power_consumption_electricity_meter_power_production_net_power,-495.0,2026-02-27T10:04:38.798Z
sensor.energy_grid_electricity_meter_power_consumption_electricity_meter_power_production_net_power,-503.0,2026-02-27T10:05:08.808Z
sensor.energy_grid_electricity_meter_power_consumption_electricity_meter_power_production_net_power,-52.9999999999999,2026-02-27T10:05:39.798Z
sensor.energy_grid_electricity_meter_power_consumption_electricity_meter_power_production_net_power,412.0,2026-02-27T10:06:09.808Z
sensor.energy_grid_electricity_meter_power_consumption_electricity_meter_power_production_net_power,184.0,2026-02-27T10:06:40.804Z
sensor.energy_grid_electricity_meter_power_consumption_electricity_meter_power_production_net_power,-8.0,2026-02-27T10:07:11.801Z
sensor.energy_grid_electricity_meter_power_consumption_electricity_meter_power_production_net_power,-4278.0,2026-02-27T10:07:42.813Z
sensor.energy_grid_electricity_meter_power_consumption_electricity_meter_power_production_net_power,-4204.0,2026-02-27T10:08:12.847Z
sensor.energy_grid_electricity_meter_power_consumption_electricity_meter_power_production_net_power,-4227.0,2026-02-27T10:08:43.810Z
sensor.energy_grid_electricity_meter_power_consumption_electricity_meter_power_production_net_power,-4207.0,2026-02-27T10:09:14.793Z
sensor.energy_grid_electricity_meter_power_consumption_electricity_meter_power_production_net_power,-4219.0,2026-02-27T10:09:44.796Z
sensor.energy_grid_electricity_meter_power_consumption_electricity_meter_power_production_net_power,-4238.0,2026-02-27T10:10:15.791Z
sensor.energy_grid_electricity_meter_power_consumption_electricity_meter_power_production_net_power,-638.0,2026-02-27T10:10:45.803Z
sensor.energy_grid_electricity_meter_power_consumption_electricity_meter_power_production_net_power,-613.0,2026-02-27T10:11:16.798Z
sensor.energy_grid_electricity_meter_power_consumption_electricity_meter_power_production_net_power,-617.0,2026-02-27T10:11:46.806Z
sensor.energy_grid_electricity_meter_power_consumption_electricity_meter_power_production_net_power,-615.0,2026-02-27T10:12:16.812Z
sensor.energy_grid_electricity_meter_power_consumption_electricity_meter_power_production_net_power,-278.0,2026-02-27T10:12:47.799Z
sensor.energy_grid_electricity_meter_power_consumption_electricity_meter_power_production_net_power,-696.0,2026-02-27T10:13:17.813Z
sensor.energy_grid_electricity_meter_power_consumption_electricity_meter_power_production_net_power,-722.0,2026-02-27T10:13:48.804Z
sensor.energy_grid_electricity_meter_power_consumption_electricity_meter_power_production_net_power,-671.0,2026-02-27T10:14:19.802Z
sensor.energy_grid_electricity_meter_power_consumption_electricity_meter_power_production_net_power,-764.0,2026-02-27T10:14:50.789Z
sensor.energy_grid_electricity_meter_power_consumption_electricity_meter_power_production_net_power,-818.0,2026-02-27T10:15:20.806Z
sensor.energy_grid_electricity_meter_power_consumption_electricity_meter_power_production_net_power,-924.0,2026-02-27T10:15:51.797Z
sensor.energy_grid_electricity_meter_power_consumption_electricity_meter_power_production_net_power,-831.0,2026-02-27T10:16:22.798Z
sensor.energy_grid_electricity_meter_power_consumption_electricity_meter_power_production_net_power,-967.0,2026-02-27T10:16:52.840Z
sensor.energy_grid_electricity_meter_power_consumption_electricity_meter_power_production_net_power,-1039.0,2026-02-27T10:17:23.786Z
sensor.energy_grid_electricity_meter_power_consumption_electricity_meter_power_production_net_power,-1105.0,2026-02-27T10:17:53.808Z
sensor.energy_grid_electricity_meter_power_consumption_electricity_meter_power_production_net_power,-1161.0,2026-02-27T10:18:24.798Z
sensor.energy_grid_electricity_meter_power_consumption_electricity_meter_power_production_net_power,148.0,2026-02-27T10:18:54.808Z
sensor.energy_grid_electricity_meter_power_consumption_electricity_meter_power_production_net_power,-573.0,2026-02-27T10:19:25.802Z
sensor.energy_grid_electricity_meter_power_consumption_electricity_meter_power_production_net_power,-1283.0,2026-02-27T10:19:56.791Z
sensor.energy_grid_electricity_meter_power_consumption_electricity_meter_power_production_net_power,-540.0,2026-02-27T10:20:27.797Z
sensor.energy_grid_electricity_meter_power_consumption_electricity_meter_power_production_net_power,-693.0,2026-02-27T10:20:57.801Z
sensor.energy_grid_electricity_meter_power_consumption_electricity_meter_power_production_net_power,-694.0,2026-02-27T10:21:28.800Z
sensor.energy_grid_electricity_meter_power_consumption_electricity_meter_power_production_net_power,-711.0,2026-02-27T10:21:58.804Z
sensor.energy_grid_electricity_meter_power_consumption_electricity_meter_power_production_net_power,-779.0,2026-02-27T10:22:29.788Z
sensor.energy_grid_electricity_meter_power_consumption_electricity_meter_power_production_net_power,-83.0000000000001,2026-02-27T10:22:59.804Z
sensor.energy_grid_electricity_meter_power_consumption_electricity_meter_power_production_net_power,-645.0,2026-02-27T10:23:30.804Z
sensor.energy_grid_electricity_meter_power_consumption_electricity_meter_power_production_net_power,-73.0,2026-02-27T10:24:01.787Z
sensor.energy_grid_electricity_meter_power_consumption_electricity_meter_power_production_net_power,-776.0,2026-02-27T10:24:31.799Z
sensor.energy_grid_electricity_meter_power_consumption_electricity_meter_power_production_net_power,-767.0,2026-02-27T10:25:01.803Z
sensor.energy_grid_electricity_meter_power_consumption_electricity_meter_power_production_net_power,-764.0,2026-02-27T10:25:32.830Z
sensor.energy_grid_electricity_meter_power_consumption_electricity_meter_power_production_net_power,947.0,2026-02-27T10:26:03.799Z
sensor.energy_grid_electricity_meter_power_consumption_electricity_meter_power_production_net_power,68.0,2026-02-27T10:26:34.787Z
sensor.energy_grid_electricity_meter_power_consumption_electricity_meter_power_production_net_power,-290.0,2026-02-27T10:27:04.801Z
sensor.energy_grid_electricity_meter_power_consumption_electricity_meter_power_production_net_power,-379.0,2026-02-27T10:27:35.791Z
sensor.energy_grid_electricity_meter_power_consumption_electricity_meter_power_production_net_power,-3691.0,2026-02-27T10:28:05.795Z
sensor.energy_grid_electricity_meter_power_consumption_electricity_meter_power_production_net_power,-312.0,2026-02-27T10:28:35.807Z
sensor.energy_grid_electricity_meter_power_consumption_electricity_meter_power_production_net_power,1428.0,2026-02-27T10:29:06.796Z
sensor.energy_grid_electricity_meter_power_consumption_electricity_meter_power_production_net_power,932.0,2026-02-27T10:29:36.809Z
sensor.energy_grid_electricity_meter_power_consumption_electricity_meter_power_production_net_power,-1854.0,2026-02-27T10:30:07.809Z
sensor.energy_grid_electricity_meter_power_consumption_electricity_meter_power_production_net_power,-1807.0,2026-02-27T10:30:38.811Z
sensor.energy_grid_electricity_meter_power_consumption_electricity_meter_power_production_net_power,-1764.0,2026-02-27T10:31:09.801Z
sensor.energy_grid_electricity_meter_power_consumption_electricity_meter_power_production_net_power,-1739.0,2026-02-27T10:31:40.797Z
sensor.energy_grid_electricity_meter_power_consumption_electricity_meter_power_production_net_power,-1740.0,2026-02-27T10:32:11.787Z
sensor.energy_grid_electricity_meter_power_consumption_electricity_meter_power_production_net_power,-1751.0,2026-02-27T10:32:41.802Z
sensor.energy_grid_electricity_meter_power_consumption_electricity_meter_power_production_net_power,-347.0,2026-02-27T10:33:12.801Z
sensor.energy_grid_electricity_meter_power_consumption_electricity_meter_power_production_net_power,-356.0,2026-02-27T10:33:42.804Z
sensor.energy_grid_electricity_meter_power_consumption_electricity_meter_power_production_net_power,-351.0,2026-02-27T10:34:12.840Z
sensor.energy_grid_electricity_meter_power_consumption_electricity_meter_power_production_net_power,-357.0,2026-02-27T10:34:43.803Z
sensor.energy_grid_electricity_meter_power_consumption_electricity_meter_power_production_net_power,-347.0,2026-02-27T10:35:14.805Z
sensor.energy_grid_electricity_meter_power_consumption_electricity_meter_power_production_net_power,-312.0,2026-02-27T10:35:45.798Z
sensor.energy_grid_electricity_meter_power_consumption_electricity_meter_power_production_net_power,-321.0,2026-02-27T10:36:16.789Z
sensor.energy_grid_electricity_meter_power_consumption_electricity_meter_power_production_net_power,-315.0,2026-02-27T10:36:47.795Z
sensor.energy_grid_electricity_meter_power_consumption_electricity_meter_power_production_net_power,-301.0,2026-02-27T10:37:17.814Z
sensor.energy_grid_electricity_meter_power_consumption_electricity_meter_power_production_net_power,-289.0,2026-02-27T10:37:48.802Z
sensor.energy_grid_electricity_meter_power_consumption_electricity_meter_power_production_net_power,-107.0,2026-02-27T10:38:19.796Z
sensor.energy_grid_electricity_meter_power_consumption_electricity_meter_power_production_net_power,-118.0,2026-02-27T10:38:49.800Z
sensor.energy_grid_electricity_meter_power_consumption_electricity_meter_power_production_net_power,-86.0,2026-02-27T10:39:20.789Z
sensor.energy_grid_electricity_meter_power_consumption_electricity_meter_power_production_net_power,-149.0,2026-02-27T10:39:50.805Z
sensor.energy_grid_electricity_meter_power_consumption_electricity_meter_power_production_net_power,-139.0,2026-02-27T10:40:21.804Z
sensor.energy_grid_electricity_meter_power_consumption_electricity_meter_power_production_net_power,-188.0,2026-02-27T10:40:52.837Z
sensor.energy_grid_electricity_meter_power_consumption_electricity_meter_power_production_net_power,-213.0,2026-02-27T10:41:23.811Z
sensor.energy_grid_electricity_meter_power_consumption_electricity_meter_power_production_net_power,-170.0,2026-02-27T10:41:54.792Z
sensor.energy_grid_electricity_meter_power_consumption_electricity_meter_power_production_net_power,-209.0,2026-02-27T10:42:24.798Z
sensor.energy_grid_electricity_meter_power_consumption_electricity_meter_power_production_net_power,-298.0,2026-02-27T10:42:55.787Z
sensor.energy_grid_electricity_meter_power_consumption_electricity_meter_power_production_net_power,-436.0,2026-02-27T10:43:25.790Z
sensor.energy_grid_electricity_meter_power_consumption_electricity_meter_power_production_net_power,-523.0,2026-02-27T10:43:56.788Z
sensor.energy_grid_electricity_meter_power_consumption_electricity_meter_power_production_net_power,-758.0,2026-02-27T10:44:26.805Z
sensor.energy_grid_electricity_meter_power_consumption_electricity_meter_power_production_net_power,-850.0,2026-02-27T10:44:57.814Z
sensor.energy_grid_electricity_meter_power_consumption_electricity_meter_power_production_net_power,-829.0,2026-02-27T10:45:28.805Z
sensor.energy_grid_electricity_meter_power_consumption_electricity_meter_power_production_net_power,-878.0,2026-02-27T10:45:59.801Z
sensor.energy_grid_electricity_meter_power_consumption_electricity_meter_power_production_net_power,-753.0,2026-02-27T10:46:30.793Z
sensor.energy_grid_electricity_meter_power_consumption_electricity_meter_power_production_net_power,-819.0,2026-02-27T10:47:00.802Z
sensor.energy_grid_electricity_meter_power_consumption_electricity_meter_power_production_net_power,-1419.0,2026-02-27T10:47:31.800Z
sensor.energy_grid_electricity_meter_power_consumption_electricity_meter_power_production_net_power,-1577.0,2026-02-27T10:48:02.794Z
sensor.energy_grid_electricity_meter_power_consumption_electricity_meter_power_production_net_power,-1336.0,2026-02-27T10:48:32.806Z
sensor.energy_grid_electricity_meter_power_consumption_electricity_meter_power_production_net_power,-1005.0,2026-02-27T10:49:02.813Z
sensor.energy_grid_electricity_meter_power_consumption_electricity_meter_power_production_net_power,-1330.0,2026-02-27T10:49:32.848Z
sensor.energy_grid_electricity_meter_power_consumption_electricity_meter_power_production_net_power,-945.0,2026-02-27T10:50:03.807Z
sensor.energy_grid_electricity_meter_power_consumption_electricity_meter_power_production_net_power,-1030.0,2026-02-27T10:50:34.800Z
sensor.energy_grid_electricity_meter_power_consumption_electricity_meter_power_production_net_power,-959.0,2026-02-27T10:51:05.781Z
sensor.energy_grid_electricity_meter_power_consumption_electricity_meter_power_production_net_power,-665.0,2026-02-27T10:51:35.795Z
sensor.energy_grid_electricity_meter_power_consumption_electricity_meter_power_production_net_power,-629.0,2026-02-27T10:52:06.790Z
sensor.energy_grid_electricity_meter_power_consumption_electricity_meter_power_production_net_power,-608.0,2026-02-27T10:52:36.802Z
sensor.energy_grid_electricity_meter_power_consumption_electricity_meter_power_production_net_power,-601.0,2026-02-27T10:53:07.824Z
sensor.energy_grid_electricity_meter_power_consumption_electricity_meter_power_production_net_power,-1402.0,2026-02-27T10:53:38.790Z
sensor.energy_grid_electricity_meter_power_consumption_electricity_meter_power_production_net_power,-2581.0,2026-02-27T10:54:09.794Z
sensor.energy_grid_electricity_meter_power_consumption_electricity_meter_power_production_net_power,-3256.0,2026-02-27T10:54:40.797Z
sensor.energy_grid_electricity_meter_power_consumption_electricity_meter_power_production_net_power,313.0,2026-02-27T10:55:10.803Z
sensor.energy_grid_electricity_meter_power_consumption_electricity_meter_power_production_net_power,-406.0,2026-02-27T10:55:41.791Z
sensor.energy_grid_electricity_meter_power_consumption_electricity_meter_power_production_net_power,-496.0,2026-02-27T10:56:11.796Z
sensor.energy_grid_electricity_meter_power_consumption_electricity_meter_power_production_net_power,587.0,2026-02-27T10:56:41.802Z
sensor.energy_grid_electricity_meter_power_consumption_electricity_meter_power_production_net_power,1172.0,2026-02-27T10:57:12.802Z
sensor.energy_grid_electricity_meter_power_consumption_electricity_meter_power_production_net_power,544.0,2026-02-27T10:57:42.811Z
sensor.energy_grid_electricity_meter_power_consumption_electricity_meter_power_production_net_power,-2106.0,2026-02-27T10:58:12.829Z
sensor.energy_grid_electricity_meter_power_consumption_electricity_meter_power_production_net_power,-2098.0,2026-02-27T10:58:43.790Z
sensor.energy_grid_electricity_meter_power_consumption_electricity_meter_power_production_net_power,-2182.0,2026-02-27T10:59:13.795Z
sensor.energy_grid_electricity_meter_power_consumption_electricity_meter_power_production_net_power,-3625.0,2026-02-27T10:59:44.797Z
sensor.energy_grid_electricity_meter_power_consumption_electricity_meter_power_production_net_power,-4000.0,2026-02-27T11:00:15.794Z
sensor.energy_grid_electricity_meter_power_consumption_electricity_meter_power_production_net_power,-3975.0,2026-02-27T11:00:46.792Z
sensor.energy_grid_electricity_meter_power_consumption_electricity_meter_power_production_net_power,-3216.0,2026-02-27T11:01:17.804Z
sensor.energy_grid_electricity_meter_power_consumption_electricity_meter_power_production_net_power,-2585.0,2026-02-27T11:01:48.801Z
sensor.energy_grid_electricity_meter_power_consumption_electricity_meter_power_production_net_power,-1331.0,2026-02-27T11:02:19.788Z
sensor.energy_grid_electricity_meter_power_consumption_electricity_meter_power_production_net_power,-1537.0,2026-02-27T11:02:50.786Z
sensor.energy_grid_electricity_meter_power_consumption_electricity_meter_power_production_net_power,-1224.0,2026-02-27T11:03:20.793Z
sensor.energy_grid_electricity_meter_power_consumption_electricity_meter_power_production_net_power,-389.0,2026-02-27T11:03:51.784Z
sensor.energy_grid_electricity_meter_power_consumption_electricity_meter_power_production_net_power,-1621.0,2026-02-27T11:04:21.797Z
sensor.energy_grid_electricity_meter_power_consumption_electricity_meter_power_production_net_power,-1034.0,2026-02-27T11:04:52.831Z
sensor.energy_grid_electricity_meter_power_consumption_electricity_meter_power_production_net_power,-1074.0,2026-02-27T11:05:23.810Z
sensor.energy_grid_electricity_meter_power_consumption_electricity_meter_power_production_net_power,-383.0,2026-02-27T11:05:54.806Z
sensor.energy_grid_electricity_meter_power_consumption_electricity_meter_power_production_net_power,-385.0,2026-02-27T11:06:25.790Z
sensor.energy_grid_electricity_meter_power_consumption_electricity_meter_power_production_net_power,-359.0,2026-02-27T11:06:55.803Z
sensor.energy_grid_electricity_meter_power_consumption_electricity_meter_power_production_net_power,-387.0,2026-02-27T11:07:26.807Z
sensor.energy_grid_electricity_meter_power_consumption_electricity_meter_power_production_net_power,-348.0,2026-02-27T11:07:57.807Z
sensor.energy_grid_electricity_meter_power_consumption_electricity_meter_power_production_net_power,-441.0,2026-02-27T11:08:28.789Z
sensor.energy_grid_electricity_meter_power_consumption_electricity_meter_power_production_net_power,1976.0,2026-02-27T11:08:58.804Z
sensor.energy_grid_electricity_meter_power_consumption_electricity_meter_power_production_net_power,2463.0,2026-02-27T11:09:29.782Z
sensor.energy_grid_electricity_meter_power_consumption_electricity_meter_power_production_net_power,1772.0,2026-02-27T11:09:59.794Z
sensor.energy_grid_electricity_meter_power_consumption_electricity_meter_power_production_net_power,-1775.0,2026-02-27T11:10:29.803Z
sensor.energy_grid_electricity_meter_power_consumption_electricity_meter_power_production_net_power,-1759.0,2026-02-27T11:11:00.781Z
sensor.energy_grid_electricity_meter_power_consumption_electricity_meter_power_production_net_power,-1620.0,2026-02-27T11:11:30.803Z
sensor.energy_grid_electricity_meter_power_consumption_electricity_meter_power_production_net_power,-1633.0,2026-02-27T11:12:01.788Z
sensor.energy_grid_electricity_meter_power_consumption_electricity_meter_power_production_net_power,-1652.0,2026-02-27T11:12:31.792Z
sensor.energy_grid_electricity_meter_power_consumption_electricity_meter_power_production_net_power,-1689.0,2026-02-27T11:13:02.802Z
sensor.energy_grid_electricity_meter_power_consumption_electricity_meter_power_production_net_power,-1235.0,2026-02-27T11:13:32.828Z
sensor.energy_grid_electricity_meter_power_consumption_electricity_meter_power_production_net_power,-829.0,2026-02-27T11:14:03.802Z
sensor.energy_grid_electricity_meter_power_consumption_electricity_meter_power_production_net_power,-627.0,2026-02-27T11:14:34.788Z
sensor.energy_grid_electricity_meter_power_consumption_electricity_meter_power_production_net_power,139.0,2026-02-27T11:15:05.781Z
sensor.energy_grid_electricity_meter_power_consumption_electricity_meter_power_production_net_power,-606.0,2026-02-27T11:15:35.794Z
sensor.energy_grid_electricity_meter_power_consumption_electricity_meter_power_production_net_power,-1213.0,2026-02-27T11:16:06.785Z
sensor.energy_grid_electricity_meter_power_consumption_electricity_meter_power_production_net_power,-2946.0,2026-02-27T11:16:36.801Z
sensor.energy_grid_electricity_meter_power_consumption_electricity_meter_power_production_net_power,-1684.0,2026-02-27T11:17:07.804Z
sensor.energy_grid_electricity_meter_power_consumption_electricity_meter_power_production_net_power,-411.0,2026-02-27T11:17:37.812Z
sensor.energy_grid_electricity_meter_power_consumption_electricity_meter_power_production_net_power,-846.0,2026-02-27T11:18:08.784Z
sensor.energy_grid_electricity_meter_power_consumption_electricity_meter_power_production_net_power,501.0,2026-02-27T11:18:38.800Z
sensor.energy_grid_electricity_meter_power_consumption_electricity_meter_power_production_net_power,234.0,2026-02-27T11:19:09.783Z
sensor.energy_grid_electricity_meter_power_consumption_electricity_meter_power_production_net_power,-1801.0,2026-02-27T11:19:39.802Z
sensor.energy_grid_electricity_meter_power_consumption_electricity_meter_power_production_net_power,-1896.0,2026-02-27T11:20:10.802Z
sensor.energy_grid_electricity_meter_power_consumption_electricity_meter_power_production_net_power,-1636.0,2026-02-27T11:20:41.804Z
sensor.energy_grid_electricity_meter_power_consumption_electricity_meter_power_production_net_power,-1380.0,2026-02-27T11:21:12.809Z
sensor.energy_grid_electricity_meter_power_consumption_electricity_meter_power_production_net_power,-1312.0,2026-02-27T11:21:43.787Z
sensor.energy_grid_electricity_meter_power_consumption_electricity_meter_power_production_net_power,-1395.0,2026-02-27T11:22:13.788Z
sensor.energy_grid_electricity_meter_power_consumption_electricity_meter_power_production_net_power,22.0,2026-02-27T11:22:43.794Z
sensor.energy_grid_electricity_meter_power_consumption_electricity_meter_power_production_net_power,64.0,2026-02-27T11:23:14.784Z
sensor.energy_grid_electricity_meter_power_consumption_electricity_meter_power_production_net_power,41.0,2026-02-27T11:23:44.802Z
sensor.energy_grid_electricity_meter_power_consumption_electricity_meter_power_production_net_power,84.0,2026-02-27T11:24:15.785Z
sensor.energy_grid_electricity_meter_power_consumption_electricity_meter_power_production_net_power,110.0,2026-02-27T11:24:46.781Z
sensor.energy_grid_electricity_meter_power_consumption_electricity_meter_power_production_net_power,148.0,2026-02-27T11:25:16.798Z
sensor.energy_grid_electricity_meter_power_consumption_electricity_meter_power_production_net_power,278.0,2026-02-27T11:25:47.795Z
sensor.energy_grid_electricity_meter_power_consumption_electricity_meter_power_production_net_power,-1177.0,2026-02-27T11:26:17.815Z
sensor.energy_grid_electricity_meter_power_consumption_electricity_meter_power_production_net_power,-1172.0,2026-02-27T11:26:48.796Z
sensor.energy_grid_electricity_meter_power_consumption_electricity_meter_power_production_net_power,-1213.0,2026-02-27T11:27:19.796Z
sensor.energy_grid_electricity_meter_power_consumption_electricity_meter_power_production_net_power,-1251.0,2026-02-27T11:27:50.798Z
sensor.energy_grid_electricity_meter_power_consumption_electricity_meter_power_production_net_power,-1364.0,2026-02-27T11:28:21.796Z
sensor.energy_grid_electricity_meter_power_consumption_electricity_meter_power_production_net_power,-1397.0,2026-02-27T11:28:52.831Z
sensor.energy_grid_electricity_meter_power_consumption_electricity_meter_power_production_net_power,-897.0,2026-02-27T11:29:23.790Z
sensor.energy_grid_electricity_meter_power_consumption_electricity_meter_power_production_net_power,-766.0,2026-02-27T11:29:54.789Z
sensor.energy_grid_electricity_meter_power_consumption_electricity_meter_power_production_net_power,-472.0,2026-02-27T11:30:25.785Z
sensor.energy_grid_electricity_meter_power_consumption_electricity_meter_power_production_net_power,-548.0,2026-02-27T11:30:55.788Z
sensor.energy_grid_electricity_meter_power_consumption_electricity_meter_power_production_net_power,-148.0,2026-02-27T11:31:26.786Z
sensor.energy_grid_electricity_meter_power_consumption_electricity_meter_power_production_net_power,-256.0,2026-02-27T11:31:56.800Z
sensor.energy_grid_electricity_meter_power_consumption_electricity_meter_power_production_net_power,-545.0,2026-02-27T11:32:27.803Z
sensor.energy_grid_electricity_meter_power_consumption_electricity_meter_power_production_net_power,-168.0,2026-02-27T11:32:58.795Z
sensor.energy_grid_electricity_meter_power_consumption_electricity_meter_power_production_net_power,23.0,2026-02-27T11:33:29.791Z
sensor.energy_grid_electricity_meter_power_consumption_electricity_meter_power_production_net_power,46.0,2026-02-27T11:34:00.780Z
sensor.energy_grid_electricity_meter_power_consumption_electricity_meter_power_production_net_power,78.0,2026-02-27T11:34:30.801Z
sensor.energy_grid_electricity_meter_power_consumption_electricity_meter_power_production_net_power,47.0,2026-02-27T11:35:01.792Z
sensor.energy_grid_electricity_meter_power_consumption_electricity_meter_power_production_net_power,-2.99999999999999,2026-02-27T11:35:31.796Z
sensor.energy_grid_electricity_meter_power_consumption_electricity_meter_power_production_net_power,-8.0,2026-02-27T11:36:02.793Z
sensor.energy_grid_electricity_meter_power_consumption_electricity_meter_power_production_net_power,-17.0,2026-02-27T11:36:32.806Z
sensor.energy_grid_electricity_meter_power_consumption_electricity_meter_power_production_net_power,-19.0,2026-02-27T11:37:03.800Z
sensor.energy_grid_electricity_meter_power_consumption_electricity_meter_power_production_net_power,-210.0,2026-02-27T11:37:34.795Z
sensor.energy_grid_electricity_meter_power_consumption_electricity_meter_power_production_net_power,-249.0,2026-02-27T11:38:05.798Z
sensor.energy_grid_electricity_meter_power_consumption_electricity_meter_power_production_net_power,-132.0,2026-02-27T11:38:36.794Z
sensor.energy_grid_electricity_meter_power_consumption_electricity_meter_power_production_net_power,-49.0,2026-02-27T11:39:07.794Z
sensor.energy_grid_electricity_meter_power_consumption_electricity_meter_power_production_net_power,-74.0,2026-02-27T11:39:38.784Z
sensor.energy_grid_electricity_meter_power_consumption_electricity_meter_power_production_net_power,-30.0,2026-02-27T11:40:08.796Z
sensor.energy_grid_electricity_meter_power_consumption_electricity_meter_power_production_net_power,52.0,2026-02-27T11:40:38.801Z
sensor.energy_grid_electricity_meter_power_consumption_electricity_meter_power_production_net_power,138.0,2026-02-27T11:41:09.792Z
sensor.energy_grid_electricity_meter_power_consumption_electricity_meter_power_production_net_power,198.0,2026-02-27T11:41:40.784Z
sensor.energy_grid_electricity_meter_power_consumption_electricity_meter_power_production_net_power,260.0,2026-02-27T11:42:10.790Z
sensor.energy_grid_electricity_meter_power_consumption_electricity_meter_power_production_net_power,-499.0,2026-02-27T11:42:41.786Z
sensor.energy_grid_electricity_meter_power_consumption_electricity_meter_power_production_net_power,-1299.0,2026-02-27T11:43:12.796Z
sensor.energy_grid_electricity_meter_power_consumption_electricity_meter_power_production_net_power,-1030.0,2026-02-27T11:43:43.798Z
sensor.energy_grid_electricity_meter_power_consumption_electricity_meter_power_production_net_power,464.0,2026-02-27T11:44:14.780Z
sensor.energy_grid_electricity_meter_power_consumption_electricity_meter_power_production_net_power,-823.0,2026-02-27T11:44:44.782Z
sensor.energy_grid_electricity_meter_power_consumption_electricity_meter_power_production_net_power,-807.0,2026-02-27T11:45:14.792Z
sensor.energy_grid_electricity_meter_power_consumption_electricity_meter_power_production_net_power,-793.0,2026-02-27T11:45:44.796Z
sensor.energy_grid_electricity_meter_power_consumption_electricity_meter_power_production_net_power,-849.0,2026-02-27T11:46:15.782Z
sensor.energy_grid_electricity_meter_power_consumption_electricity_meter_power_production_net_power,-134.0,2026-02-27T11:46:45.787Z
sensor.energy_grid_electricity_meter_power_consumption_electricity_meter_power_production_net_power,-169.0,2026-02-27T11:47:16.779Z
sensor.energy_grid_electricity_meter_power_consumption_electricity_meter_power_production_net_power,-74.0,2026-02-27T11:47:46.798Z
sensor.energy_grid_electricity_meter_power_consumption_electricity_meter_power_production_net_power,-57.0,2026-02-27T11:48:17.809Z
sensor.energy_grid_electricity_meter_power_consumption_electricity_meter_power_production_net_power,-2.0,2026-02-27T11:48:48.778Z
sensor.energy_grid_electricity_meter_power_consumption_electricity_meter_power_production_net_power,36.0,2026-02-27T11:49:18.791Z
sensor.energy_grid_electricity_meter_power_consumption_electricity_meter_power_production_net_power,80.0,2026-02-27T11:49:49.785Z
sensor.energy_grid_electricity_meter_power_consumption_electricity_meter_power_production_net_power,84.0,2026-02-27T11:50:20.788Z
sensor.energy_grid_electricity_meter_power_consumption_electricity_meter_power_production_net_power,90.0,2026-02-27T11:50:50.792Z
sensor.energy_grid_electricity_meter_power_consumption_electricity_meter_power_production_net_power,-57.0,2026-02-27T11:51:20.804Z
sensor.energy_grid_electricity_meter_power_consumption_electricity_meter_power_production_net_power,-768.0,2026-02-27T11:51:51.793Z
sensor.energy_grid_electricity_meter_power_consumption_electricity_meter_power_production_net_power,-751.0,2026-02-27T11:52:22.800Z
sensor.energy_grid_electricity_meter_power_consumption_electricity_meter_power_production_net_power,-726.0,2026-02-27T11:52:52.832Z
sensor.energy_grid_electricity_meter_power_consumption_electricity_meter_power_production_net_power,-663.0,2026-02-27T11:53:23.790Z
sensor.energy_grid_electricity_meter_power_consumption_electricity_meter_power_production_net_power,-630.0,2026-02-27T11:53:54.793Z
sensor.energy_grid_electricity_meter_power_consumption_electricity_meter_power_production_net_power,-632.0,2026-02-27T11:54:24.795Z
sensor.energy_grid_electricity_meter_power_consumption_electricity_meter_power_production_net_power,-631.0,2026-02-27T11:54:54.800Z
sensor.energy_grid_electricity_meter_power_consumption_electricity_meter_power_production_net_power,-629.0,2026-02-27T11:55:25.787Z
sensor.energy_grid_electricity_meter_power_consumption_electricity_meter_power_production_net_power,-618.0,2026-02-27T11:55:56.787Z
sensor.energy_grid_electricity_meter_power_consumption_electricity_meter_power_production_net_power,-641.0,2026-02-27T11:56:26.792Z
sensor.energy_grid_electricity_meter_power_consumption_electricity_meter_power_production_net_power,-634.0,2026-02-27T11:56:56.795Z
sensor.energy_grid_electricity_meter_power_consumption_electricity_meter_power_production_net_power,-636.0,2026-02-27T11:57:27.789Z
sensor.energy_grid_electricity_meter_power_consumption_electricity_meter_power_production_net_power,105.0,2026-02-27T11:57:58.789Z
sensor.energy_grid_electricity_meter_power_consumption_electricity_meter_power_production_net_power,-54.0,2026-02-27T11:58:29.780Z
sensor.energy_grid_electricity_meter_power_consumption_electricity_meter_power_production_net_power,-49.0,2026-02-27T11:58:59.798Z
sensor.energy_grid_electricity_meter_power_consumption_electricity_meter_power_production_net_power,-33.0,2026-02-27T11:59:30.780Z
sensor.energy_grid_electricity_meter_power_consumption_electricity_meter_power_production_net_power,140.0,2026-02-27T12:00:00.793Z
sensor.energy_grid_electricity_meter_power_consumption_electricity_meter_power_production_net_power,158.0,2026-02-27T12:00:31.788Z
sensor.energy_grid_electricity_meter_power_consumption_electricity_meter_power_production_net_power,84.0,2026-02-27T12:01:02.786Z
sensor.energy_grid_electricity_meter_power_consumption_electricity_meter_power_production_net_power,178.0,2026-02-27T12:01:32.827Z
sensor.energy_grid_electricity_meter_power_consumption_electricity_meter_power_production_net_power,78.0,2026-02-27T12:02:03.777Z
sensor.energy_grid_electricity_meter_power_consumption_electricity_meter_power_production_net_power,-620.0,2026-02-27T12:02:33.778Z
sensor.energy_grid_electricity_meter_power_consumption_electricity_meter_power_production_net_power,-695.0,2026-02-27T12:03:04.782Z
sensor.energy_grid_electricity_meter_power_consumption_electricity_meter_power_production_net_power,-571.0,2026-02-27T12:03:34.790Z
sensor.energy_grid_electricity_meter_power_consumption_electricity_meter_power_production_net_power,-587.0,2026-02-27T12:04:05.783Z
sensor.energy_grid_electricity_meter_power_consumption_electricity_meter_power_production_net_power,-601.0,2026-02-27T12:04:35.791Z
sensor.energy_grid_electricity_meter_power_consumption_electricity_meter_power_production_net_power,-704.0,2026-02-27T12:05:05.794Z
sensor.energy_grid_electricity_meter_power_consumption_electricity_meter_power_production_net_power,-699.0,2026-02-27T12:05:36.780Z
sensor.energy_grid_electricity_meter_power_consumption_electricity_meter_power_production_net_power,-806.0,2026-02-27T12:06:06.794Z
sensor.energy_grid_electricity_meter_power_consumption_electricity_meter_power_production_net_power,-825.0,2026-02-27T12:06:37.803Z
sensor.energy_grid_electricity_meter_power_consumption_electricity_meter_power_production_net_power,-195.0,2026-02-27T12:07:08.777Z
sensor.energy_grid_electricity_meter_power_consumption_electricity_meter_power_production_net_power,-205.0,2026-02-27T12:07:39.780Z
sensor.energy_grid_electricity_meter_power_consumption_electricity_meter_power_production_net_power,-125.0,2026-02-27T12:08:09.786Z
sensor.energy_grid_electricity_meter_power_consumption_electricity_meter_power_production_net_power,-253.0,2026-02-27T12:08:39.796Z
sensor.energy_grid_electricity_meter_power_consumption_electricity_meter_power_production_net_power,-296.0,2026-02-27T12:09:10.791Z
sensor.energy_grid_electricity_meter_power_consumption_electricity_meter_power_production_net_power,-353.0,2026-02-27T12:09:41.790Z
sensor.energy_grid_electricity_meter_power_consumption_electricity_meter_power_production_net_power,-287.0,2026-02-27T12:10:12.831Z
sensor.energy_grid_electricity_meter_power_consumption_electricity_meter_power_production_net_power,-307.0,2026-02-27T12:10:43.797Z
sensor.energy_grid_electricity_meter_power_consumption_electricity_meter_power_production_net_power,-303.0,2026-02-27T12:11:14.799Z
sensor.energy_grid_electricity_meter_power_consumption_electricity_meter_power_production_net_power,-367.0,2026-02-27T12:11:45.778Z
sensor.energy_grid_electricity_meter_power_consumption_electricity_meter_power_production_net_power,-353.0,2026-02-27T12:12:15.791Z
sensor.energy_grid_electricity_meter_power_consumption_electricity_meter_power_production_net_power,-304.0,2026-02-27T12:12:46.779Z
sensor.energy_grid_electricity_meter_power_consumption_electricity_meter_power_production_net_power,-369.0,2026-02-27T12:13:17.790Z
sensor.energy_grid_electricity_meter_power_consumption_electricity_meter_power_production_net_power,-399.0,2026-02-27T12:13:48.790Z
sensor.energy_grid_electricity_meter_power_consumption_electricity_meter_power_production_net_power,-412.0,2026-02-27T12:14:19.791Z
sensor.energy_grid_electricity_meter_power_consumption_electricity_meter_power_production_net_power,-266.0,2026-02-27T12:14:50.786Z
sensor.energy_grid_electricity_meter_power_consumption_electricity_meter_power_production_net_power,-241.0,2026-02-27T12:15:20.791Z
sensor.energy_grid_electricity_meter_power_consumption_electricity_meter_power_production_net_power,-264.0,2026-02-27T12:15:51.793Z
sensor.energy_grid_electricity_meter_power_consumption_electricity_meter_power_production_net_power,-311.0,2026-02-27T12:16:22.801Z
sensor.energy_grid_electricity_meter_power_consumption_electricity_meter_power_production_net_power,-338.0,2026-02-27T12:16:52.830Z
sensor.energy_grid_electricity_meter_power_consumption_electricity_meter_power_production_net_power,-278.0,2026-02-27T12:17:23.786Z
sensor.energy_grid_electricity_meter_power_consumption_electricity_meter_power_production_net_power,-320.0,2026-02-27T12:17:54.787Z
sensor.energy_grid_electricity_meter_power_consumption_electricity_meter_power_production_net_power,-225.0,2026-02-27T12:18:25.785Z
sensor.energy_grid_electricity_meter_power_consumption_electricity_meter_power_production_net_power,-220.0,2026-02-27T12:19:26.788Z
sensor.energy_grid_electricity_meter_power_consumption_electricity_meter_power_production_net_power,-296.0,2026-02-27T12:19:57.795Z
sensor.energy_grid_electricity_meter_power_consumption_electricity_meter_power_production_net_power,-351.0,2026-02-27T12:20:28.789Z
sensor.energy_grid_electricity_meter_power_consumption_electricity_meter_power_production_net_power,-245.0,2026-02-27T12:20:59.787Z
sensor.energy_grid_electricity_meter_power_consumption_electricity_meter_power_production_net_power,-240.0,2026-02-27T12:21:29.793Z
sensor.energy_grid_electricity_meter_power_consumption_electricity_meter_power_production_net_power,-194.0,2026-02-27T12:22:00.786Z
sensor.energy_grid_electricity_meter_power_consumption_electricity_meter_power_production_net_power,-193.0,2026-02-27T12:22:31.779Z
sensor.energy_grid_electricity_meter_power_consumption_electricity_meter_power_production_net_power,-202.0,2026-02-27T12:23:02.784Z
sensor.energy_grid_electricity_meter_power_consumption_electricity_meter_power_production_net_power,-172.0,2026-02-27T12:23:32.834Z
sensor.energy_grid_electricity_meter_power_consumption_electricity_meter_power_production_net_power,-238.0,2026-02-27T12:24:03.788Z
sensor.energy_grid_electricity_meter_power_consumption_electricity_meter_power_production_net_power,-334.0,2026-02-27T12:24:34.782Z
sensor.energy_grid_electricity_meter_power_consumption_electricity_meter_power_production_net_power,2374.0,2026-02-27T12:25:04.796Z
sensor.energy_grid_electricity_meter_power_consumption_electricity_meter_power_production_net_power,10249.0,2026-02-27T12:25:35.790Z
sensor.energy_grid_electricity_meter_power_consumption_electricity_meter_power_production_net_power,-887.0,2026-02-27T12:26:06.784Z
sensor.energy_grid_electricity_meter_power_consumption_electricity_meter_power_production_net_power,660.0,2026-02-27T12:26:36.786Z
sensor.energy_grid_electricity_meter_power_consumption_electricity_meter_power_production_net_power,-812.0,2026-02-27T12:27:07.795Z
sensor.energy_grid_electricity_meter_power_consumption_electricity_meter_power_production_net_power,-788.0,2026-02-27T12:27:37.806Z
sensor.energy_grid_electricity_meter_power_consumption_electricity_meter_power_production_net_power,-588.0,2026-02-27T12:28:08.772Z
sensor.stormbreaker_surplus_ev_charge_computed_net_power_w,-449.0,2026-02-27T10:00:00.000Z
sensor.stormbreaker_surplus_ev_charge_computed_net_power_w,-526.0,2026-02-27T10:00:28.503Z
sensor.stormbreaker_surplus_ev_charge_computed_net_power_w,-502.0,2026-02-27T10:01:28.507Z
sensor.stormbreaker_surplus_ev_charge_computed_net_power_w,-400.0,2026-02-27T10:02:28.508Z
sensor.stormbreaker_surplus_ev_charge_computed_net_power_w,-450.0,2026-02-27T10:03:28.516Z
sensor.stormbreaker_surplus_ev_charge_computed_net_power_w,-494.0,2026-02-27T10:04:28.537Z
sensor.stormbreaker_surplus_ev_charge_computed_net_power_w,-42.0,2026-02-27T10:05:28.542Z
sensor.stormbreaker_surplus_ev_charge_computed_net_power_w,481.0,2026-02-27T10:06:38.700Z
sensor.stormbreaker_surplus_ev_charge_computed_net_power_w,-3200.0,2026-02-27T10:07:38.563Z
sensor.stormbreaker_surplus_ev_charge_computed_net_power_w,-4205.0,2026-02-27T10:08:38.569Z
sensor.stormbreaker_surplus_ev_charge_computed_net_power_w,-4238.0,2026-02-27T10:09:38.574Z
sensor.stormbreaker_surplus_ev_charge_computed_net_power_w,-1830.0,2026-02-27T10:10:38.579Z
sensor.stormbreaker_surplus_ev_charge_computed_net_power_w,-599.0,2026-02-27T10:11:48.585Z
sensor.stormbreaker_surplus_ev_charge_computed_net_power_w,-649.0,2026-02-27T10:12:48.592Z
sensor.stormbreaker_surplus_ev_charge_computed_net_power_w,-734.0,2026-02-27T10:13:48.609Z
sensor.stormbreaker_surplus_ev_charge_computed_net_power_w,-773.0,2026-02-27T10:14:48.614Z
sensor.stormbreaker_surplus_ev_charge_computed_net_power_w,-918.0,2026-02-27T10:15:48.622Z
sensor.stormbreaker_surplus_ev_charge_computed_net_power_w,-905.0,2026-02-27T10:16:58.632Z
sensor.stormbreaker_surplus_ev_charge_computed_net_power_w,-1125.0,2026-02-27T10:17:58.636Z
sensor.stormbreaker_surplus_ev_charge_computed_net_power_w,66.0,2026-02-27T10:18:58.817Z
sensor.stormbreaker_surplus_ev_charge_computed_net_power_w,-1321.0,2026-02-27T10:20:00.679Z
sensor.stormbreaker_surplus_ev_charge_computed_net_power_w,-718.0,2026-02-27T10:20:58.678Z
sensor.stormbreaker_surplus_ev_charge_computed_net_power_w,-724.0,2026-02-27T10:22:08.690Z
sensor.stormbreaker_surplus_ev_charge_computed_net_power_w,-107.0,2026-02-27T10:23:08.694Z
sensor.stormbreaker_surplus_ev_charge_computed_net_power_w,-42.0,2026-02-27T10:24:08.701Z
sensor.stormbreaker_surplus_ev_charge_computed_net_power_w,-781.0,2026-02-27T10:25:08.710Z
sensor.stormbreaker_surplus_ev_charge_computed_net_power_w,1005.0,2026-02-27T10:26:08.859Z
sensor.stormbreaker_surplus_ev_charge_computed_net_power_w,unavailable,2026-02-27T10:27:00.872Z
sensor.stormbreaker_surplus_ev_charge_computed_net_power_w,1005.0,2026-02-27T10:27:00.885Z
sensor.stormbreaker_surplus_ev_charge_computed_net_power_w,-205.0,2026-02-27T10:27:10.881Z
sensor.stormbreaker_surplus_ev_charge_computed_net_power_w,-3784.0,2026-02-27T10:28:10.887Z
sensor.stormbreaker_surplus_ev_charge_computed_net_power_w,1447.0,2026-02-27T10:29:16.195Z
sensor.stormbreaker_surplus_ev_charge_computed_net_power_w,-1875.0,2026-02-27T10:30:20.903Z
sensor.stormbreaker_surplus_ev_charge_computed_net_power_w,-1771.0,2026-02-27T10:31:20.907Z
sensor.stormbreaker_surplus_ev_charge_computed_net_power_w,-1752.0,2026-02-27T10:32:20.911Z
sensor.stormbreaker_surplus_ev_charge_computed_net_power_w,-360.0,2026-02-27T10:33:20.916Z
sensor.stormbreaker_surplus_ev_charge_computed_net_power_w,-366.0,2026-02-27T10:34:20.924Z
sensor.stormbreaker_surplus_ev_charge_computed_net_power_w,-74.0,2026-02-27T10:35:20.928Z
sensor.stormbreaker_surplus_ev_charge_computed_net_power_w,-322.0,2026-02-27T10:36:30.936Z
sensor.stormbreaker_surplus_ev_charge_computed_net_power_w,-315.0,2026-02-27T10:37:30.941Z
sensor.stormbreaker_surplus_ev_charge_computed_net_power_w,-128.0,2026-02-27T10:38:30.947Z
sensor.stormbreaker_surplus_ev_charge_computed_net_power_w,-158.0,2026-02-27T10:39:30.953Z
sensor.stormbreaker_surplus_ev_charge_computed_net_power_w,-145.0,2026-02-27T10:40:30.960Z
sensor.stormbreaker_surplus_ev_charge_computed_net_power_w,-187.0,2026-02-27T10:41:30.966Z
sensor.stormbreaker_surplus_ev_charge_computed_net_power_w,-229.0,2026-02-27T10:42:40.972Z
sensor.stormbreaker_surplus_ev_charge_computed_net_power_w,-529.0,2026-02-27T10:43:40.977Z
sensor.stormbreaker_surplus_ev_charge_computed_net_power_w,-897.0,2026-02-27T10:44:40.983Z
sensor.stormbreaker_surplus_ev_charge_computed_net_power_w,-795.0,2026-02-27T10:45:40.991Z
sensor.stormbreaker_surplus_ev_charge_computed_net_power_w,-747.0,2026-02-27T10:46:50.995Z
sensor.stormbreaker_surplus_ev_charge_computed_net_power_w,-1142.0,2026-02-27T10:47:51.000Z
sensor.stormbreaker_surplus_ev_charge_computed_net_power_w,-1248.0,2026-02-27T10:48:51.005Z
sensor.stormbreaker_surplus_ev_charge_computed_net_power_w,-1122.0,2026-02-27T10:49:51.109Z
sensor.stormbreaker_surplus_ev_charge_computed_net_power_w,-930.0,2026-02-27T10:50:51.367Z
sensor.stormbreaker_surplus_ev_charge_computed_net_power_w,-701.0,2026-02-27T10:52:01.434Z
sensor.stormbreaker_surplus_ev_charge_computed_net_power_w,-636.0,2026-02-27T10:53:01.440Z
sensor.stormbreaker_surplus_ev_charge_computed_net_power_w,-1105.0,2026-02-27T10:54:01.445Z
sensor.stormbreaker_surplus_ev_charge_computed_net_power_w,-3047.0,2026-02-27T10:55:07.887Z
sensor.stormbreaker_surplus_ev_charge_computed_net_power_w,-1032.0,2026-02-27T10:56:03.896Z
sensor.stormbreaker_surplus_ev_charge_computed_net_power_w,668.0,2026-02-27T10:57:01.462Z
sensor.stormbreaker_surplus_ev_charge_computed_net_power_w,-2324.0,2026-02-27T10:58:11.468Z
sensor.stormbreaker_surplus_ev_charge_computed_net_power_w,-1898.0,2026-02-27T10:59:11.478Z
sensor.stormbreaker_surplus_ev_charge_computed_net_power_w,-3266.0,2026-02-27T11:00:11.487Z
sensor.stormbreaker_surplus_ev_charge_computed_net_power_w,-3698.0,2026-02-27T11:01:11.495Z
sensor.stormbreaker_surplus_ev_charge_computed_net_power_w,-1757.0,2026-02-27T11:02:11.500Z
sensor.stormbreaker_surplus_ev_charge_computed_net_power_w,62.0,2026-02-27T11:03:11.505Z
sensor.stormbreaker_surplus_ev_charge_computed_net_power_w,-1589.0,2026-02-27T11:04:24.026Z
sensor.stormbreaker_surplus_ev_charge_computed_net_power_w,-1081.0,2026-02-27T11:05:23.783Z
sensor.stormbreaker_surplus_ev_charge_computed_net_power_w,-347.0,2026-02-27T11:06:21.523Z
sensor.stormbreaker_surplus_ev_charge_computed_net_power_w,-369.0,2026-02-27T11:07:21.527Z
sensor.stormbreaker_surplus_ev_charge_computed_net_power_w,-368.0,2026-02-27T11:08:31.534Z
sensor.stormbreaker_surplus_ev_charge_computed_net_power_w,2378.0,2026-02-27T11:09:33.590Z
sensor.stormbreaker_surplus_ev_charge_computed_net_power_w,54.0,2026-02-27T11:10:31.547Z
sensor.stormbreaker_surplus_ev_charge_computed_net_power_w,-1644.0,2026-02-27T11:11:31.554Z
sensor.stormbreaker_surplus_ev_charge_computed_net_power_w,-1677.0,2026-02-27T11:12:31.562Z
sensor.stormbreaker_surplus_ev_charge_computed_net_power_w,-1294.0,2026-02-27T11:13:31.566Z
sensor.stormbreaker_surplus_ev_charge_computed_net_power_w,-692.0,2026-02-27T11:14:48.264Z
sensor.stormbreaker_surplus_ev_charge_computed_net_power_w,-582.0,2026-02-27T11:15:41.576Z
sensor.stormbreaker_surplus_ev_charge_computed_net_power_w,-2960.0,2026-02-27T11:16:48.187Z
sensor.stormbreaker_surplus_ev_charge_computed_net_power_w,-397.0,2026-02-27T11:17:41.588Z
sensor.stormbreaker_surplus_ev_charge_computed_net_power_w,508.0,2026-02-27T11:18:41.591Z
sensor.stormbreaker_surplus_ev_charge_computed_net_power_w,-1828.0,2026-02-27T11:19:41.600Z
sensor.stormbreaker_surplus_ev_charge_computed_net_power_w,-1639.0,2026-02-27T11:20:51.609Z
sensor.stormbreaker_surplus_ev_charge_computed_net_power_w,-1338.0,2026-02-27T11:21:51.615Z
sensor.stormbreaker_surplus_ev_charge_computed_net_power_w,23.0,2026-02-27T11:22:51.619Z
sensor.stormbreaker_surplus_ev_charge_computed_net_power_w,70.0,2026-02-27T11:23:51.625Z
sensor.stormbreaker_surplus_ev_charge_computed_net_power_w,133.0,2026-02-27T11:24:51.809Z
sensor.stormbreaker_surplus_ev_charge_computed_net_power_w,276.0,2026-02-27T11:25:51.818Z
sensor.stormbreaker_surplus_ev_charge_computed_net_power_w,-1276.0,2026-02-27T11:27:01.826Z
sensor.stormbreaker_surplus_ev_charge_computed_net_power_w,-1304.0,2026-02-27T11:28:01.831Z
sensor.stormbreaker_surplus_ev_charge_computed_net_power_w,-1340.0,2026-02-27T11:29:01.836Z
sensor.stormbreaker_surplus_ev_charge_computed_net_power_w,-864.0,2026-02-27T11:30:08.272Z
sensor.stormbreaker_surplus_ev_charge_computed_net_power_w,-387.0,2026-02-27T11:31:01.844Z
sensor.stormbreaker_surplus_ev_charge_computed_net_power_w,-273.0,2026-02-27T11:32:01.851Z
sensor.stormbreaker_surplus_ev_charge_computed_net_power_w,-188.0,2026-02-27T11:33:01.858Z
sensor.stormbreaker_surplus_ev_charge_computed_net_power_w,52.0,2026-02-27T11:34:11.865Z
sensor.stormbreaker_surplus_ev_charge_computed_net_power_w,44.0,2026-02-27T11:35:11.873Z
sensor.stormbreaker_surplus_ev_charge_computed_net_power_w,84.0,2026-02-27T11:36:12.025Z
sensor.stormbreaker_surplus_ev_charge_computed_net_power_w,-44.0,2026-02-27T11:37:12.030Z
sensor.stormbreaker_surplus_ev_charge_computed_net_power_w,-258.0,2026-02-27T11:38:12.184Z
sensor.stormbreaker_surplus_ev_charge_computed_net_power_w,-62.0,2026-02-27T11:39:12.189Z
sensor.stormbreaker_surplus_ev_charge_computed_net_power_w,-23.0,2026-02-27T11:40:12.195Z
sensor.stormbreaker_surplus_ev_charge_computed_net_power_w,144.0,2026-02-27T11:41:22.197Z
sensor.stormbreaker_surplus_ev_charge_computed_net_power_w,232.0,2026-02-27T11:42:22.204Z
sensor.stormbreaker_surplus_ev_charge_computed_net_power_w,-1288.0,2026-02-27T11:43:22.213Z
sensor.stormbreaker_surplus_ev_charge_computed_net_power_w,488.0,2026-02-27T11:44:22.216Z
sensor.stormbreaker_surplus_ev_charge_computed_net_power_w,-821.0,2026-02-27T11:45:22.220Z
sensor.stormbreaker_surplus_ev_charge_computed_net_power_w,-754.0,2026-02-27T11:46:22.225Z
sensor.stormbreaker_surplus_ev_charge_computed_net_power_w,-114.0,2026-02-27T11:47:32.230Z
sensor.stormbreaker_surplus_ev_charge_computed_net_power_w,-40.0,2026-02-27T11:48:32.235Z
sensor.stormbreaker_surplus_ev_charge_computed_net_power_w,26.0,2026-02-27T11:49:32.244Z
sensor.stormbreaker_surplus_ev_charge_computed_net_power_w,32.0,2026-02-27T11:50:32.250Z
sensor.stormbreaker_surplus_ev_charge_computed_net_power_w,-56.0,2026-02-27T11:51:32.746Z
sensor.stormbreaker_surplus_ev_charge_computed_net_power_w,-763.0,2026-02-27T11:52:32.751Z
sensor.stormbreaker_surplus_ev_charge_computed_net_power_w,-664.0,2026-02-27T11:53:42.755Z
sensor.stormbreaker_surplus_ev_charge_computed_net_power_w,-644.0,2026-02-27T11:54:42.762Z
sensor.stormbreaker_surplus_ev_charge_computed_net_power_w,-653.0,2026-02-27T11:55:42.766Z
sensor.stormbreaker_surplus_ev_charge_computed_net_power_w,-712.0,2026-02-27T11:56:42.773Z
sensor.stormbreaker_surplus_ev_charge_computed_net_power_w,-465.0,2026-02-27T11:57:42.779Z
sensor.stormbreaker_surplus_ev_charge_computed_net_power_w,-45.0,2026-02-27T11:58:42.784Z
sensor.stormbreaker_surplus_ev_charge_computed_net_power_w,-10.0,2026-02-27T11:59:42.790Z
sensor.stormbreaker_surplus_ev_charge_computed_net_power_w,110.0,2026-02-27T12:00:52.801Z
sensor.stormbreaker_surplus_ev_charge_computed_net_power_w,169.0,2026-02-27T12:01:52.805Z
sensor.stormbreaker_surplus_ev_charge_computed_net_power_w,-592.0,2026-02-27T12:02:52.812Z
sensor.stormbreaker_surplus_ev_charge_computed_net_power_w,-589.0,2026-02-27T12:03:52.819Z
sensor.stormbreaker_surplus_ev_charge_computed_net_power_w,-660.0,2026-02-27T12:04:52.826Z
sensor.stormbreaker_surplus_ev_charge_computed_net_power_w,-819.0,2026-02-27T12:05:52.830Z
sensor.stormbreaker_surplus_ev_charge_computed_net_power_w,-611.0,2026-02-27T12:06:52.841Z
sensor.stormbreaker_surplus_ev_charge_computed_net_power_w,-116.0,2026-02-27T12:07:52.849Z
sensor.stormbreaker_surplus_ev_charge_computed_net_power_w,-268.0,2026-02-27T12:09:02.860Z
sensor.stormbreaker_surplus_ev_charge_computed_net_power_w,-283.0,2026-02-27T12:10:02.870Z
sensor.stormbreaker_surplus_ev_charge_computed_net_power_w,-302.0,2026-02-27T12:11:02.875Z
sensor.stormbreaker_surplus_ev_charge_computed_net_power_w,-345.0,2026-02-27T12:12:02.879Z
sensor.stormbreaker_surplus_ev_charge_computed_net_power_w,-327.0,2026-02-27T12:13:02.884Z
sensor.stormbreaker_surplus_ev_charge_computed_net_power_w,-376.0,2026-02-27T12:14:12.891Z
sensor.stormbreaker_surplus_ev_charge_computed_net_power_w,-268.0,2026-02-27T12:15:12.895Z
sensor.stormbreaker_surplus_ev_charge_computed_net_power_w,-336.0,2026-02-27T12:16:12.901Z
sensor.stormbreaker_surplus_ev_charge_computed_net_power_w,-279.0,2026-02-27T12:17:12.905Z
sensor.stormbreaker_surplus_ev_charge_computed_net_power_w,-246.0,2026-02-27T12:18:12.909Z
sensor.stormbreaker_surplus_ev_charge_computed_net_power_w,-229.0,2026-02-27T12:19:12.914Z
sensor.stormbreaker_surplus_ev_charge_computed_net_power_w,-223.0,2026-02-27T12:20:12.917Z
sensor.stormbreaker_surplus_ev_charge_computed_net_power_w,-256.0,2026-02-27T12:21:22.928Z
sensor.stormbreaker_surplus_ev_charge_computed_net_power_w,-200.0,2026-02-27T12:22:22.933Z
sensor.stormbreaker_surplus_ev_charge_computed_net_power_w,-184.0,2026-02-27T12:23:22.940Z
sensor.stormbreaker_surplus_ev_charge_computed_net_power_w,-142.0,2026-02-27T12:24:22.945Z
sensor.stormbreaker_surplus_ev_charge_computed_net_power_w,10182.0,2026-02-27T12:25:22.956Z
sensor.stormbreaker_surplus_ev_charge_computed_net_power_w,-831.0,2026-02-27T12:26:22.961Z
sensor.stormbreaker_surplus_ev_charge_computed_net_power_w,-850.0,2026-02-27T12:27:32.966Z
sensor.stormbreaker_surplus_ev_charge_computed_net_power_w,-586.0,2026-02-27T12:28:32.973Z
sensor.stormbreaker_surplus_ev_charge_computed_ev_power_w,3641.6,2026-02-27T10:00:00.000Z
sensor.stormbreaker_surplus_ev_charge_computed_ev_power_w,3642.9,2026-02-27T10:00:08.502Z
sensor.stormbreaker_surplus_ev_charge_computed_ev_power_w,3644.8,2026-02-27T10:00:18.503Z
sensor.stormbreaker_surplus_ev_charge_computed_ev_power_w,3646.6,2026-02-27T10:00:28.503Z
sensor.stormbreaker_surplus_ev_charge_computed_ev_power_w,3637.3,2026-02-27T10:00:38.505Z
sensor.stormbreaker_surplus_ev_charge_computed_ev_power_w,3641.7,2026-02-27T10:00:48.506Z
sensor.stormbreaker_surplus_ev_charge_computed_ev_power_w,3640.9,2026-02-27T10:00:58.505Z
sensor.stormbreaker_surplus_ev_charge_computed_ev_power_w,3646.5,2026-02-27T10:01:08.507Z
sensor.stormbreaker_surplus_ev_charge_computed_ev_power_w,3645.6,2026-02-27T10:01:18.507Z
sensor.stormbreaker_surplus_ev_charge_computed_ev_power_w,3645.3,2026-02-27T10:01:28.507Z
sensor.stormbreaker_surplus_ev_charge_computed_ev_power_w,3648.6,2026-02-27T10:01:38.507Z
sensor.stormbreaker_surplus_ev_charge_computed_ev_power_w,3643.9,2026-02-27T10:01:48.507Z
sensor.stormbreaker_surplus_ev_charge_computed_ev_power_w,3654.9,2026-02-27T10:01:58.507Z
sensor.stormbreaker_surplus_ev_charge_computed_ev_power_w,3652.4,2026-02-27T10:02:08.509Z
sensor.stormbreaker_surplus_ev_charge_computed_ev_power_w,3650.7,2026-02-27T10:02:18.510Z
sensor.stormbreaker_surplus_ev_charge_computed_ev_power_w,3644.1,2026-02-27T10:02:28.508Z
sensor.stormbreaker_surplus_ev_charge_computed_ev_power_w,3649.3,2026-02-27T10:02:38.512Z
sensor.stormbreaker_surplus_ev_charge_computed_ev_power_w,3641.1,2026-02-27T10:02:48.513Z
sensor.stormbreaker_surplus_ev_charge_computed_ev_power_w,3642.0,2026-02-27T10:02:58.514Z
sensor.stormbreaker_surplus_ev_charge_computed_ev_power_w,3642.8,2026-02-27T10:03:08.515Z
sensor.stormbreaker_surplus_ev_charge_computed_ev_power_w,3647.5,2026-02-27T10:03:18.516Z
sensor.stormbreaker_surplus_ev_charge_computed_ev_power_w,3651.2,2026-02-27T10:03:28.516Z
sensor.stormbreaker_surplus_ev_charge_computed_ev_power_w,3639.0,2026-02-27T10:03:38.519Z
sensor.stormbreaker_surplus_ev_charge_computed_ev_power_w,3651.4,2026-02-27T10:03:48.520Z
sensor.stormbreaker_surplus_ev_charge_computed_ev_power_w,3647.6,2026-02-27T10:03:58.533Z
sensor.stormbreaker_surplus_ev_charge_computed_ev_power_w,3650.7,2026-02-27T10:04:08.535Z
sensor.stormbreaker_surplus_ev_charge_computed_ev_power_w,3646.1,2026-02-27T10:04:18.536Z
sensor.stormbreaker_surplus_ev_charge_computed_ev_power_w,3650.7,2026-02-27T10:04:28.537Z
sensor.stormbreaker_surplus_ev_charge_computed_ev_power_w,3650.6,2026-02-27T10:04:38.538Z
sensor.stormbreaker_surplus_ev_charge_computed_ev_power_w,3646.1,2026-02-27T10:04:48.539Z
sensor.stormbreaker_surplus_ev_charge_computed_ev_power_w,3654.3,2026-02-27T10:04:58.538Z
sensor.stormbreaker_surplus_ev_charge_computed_ev_power_w,3648.4,2026-02-27T10:05:08.539Z
sensor.stormbreaker_surplus_ev_charge_computed_ev_power_w,3639.9,2026-02-27T10:05:18.541Z
sensor.stormbreaker_surplus_ev_charge_computed_ev_power_w,3631.5,2026-02-27T10:05:28.543Z
sensor.stormbreaker_surplus_ev_charge_computed_ev_power_w,3642.9,2026-02-27T10:05:38.543Z
sensor.stormbreaker_surplus_ev_charge_computed_ev_power_w,3633.1,2026-02-27T10:05:48.544Z
sensor.stormbreaker_surplus_ev_charge_computed_ev_power_w,3636.5,2026-02-27T10:05:58.545Z
sensor.stormbreaker_surplus_ev_charge_computed_ev_power_w,3625.3,2026-02-27T10:06:08.552Z
sensor.stormbreaker_surplus_ev_charge_computed_ev_power_w,3620.4,2026-02-27T10:06:18.555Z
sensor.stormbreaker_surplus_ev_charge_computed_ev_power_w,3622.5,2026-02-27T10:06:28.555Z
sensor.stormbreaker_surplus_ev_charge_computed_ev_power_w,3627.2,2026-02-27T10:06:38.700Z
sensor.stormbreaker_surplus_ev_charge_computed_ev_power_w,3629.6,2026-02-27T10:06:54.831Z
sensor.stormbreaker_surplus_ev_charge_computed_ev_power_w,2895.3,2026-02-27T10:06:58.703Z
sensor.stormbreaker_surplus_ev_charge_computed_ev_power_w,2899.7,2026-02-27T10:07:08.715Z
sensor.stormbreaker_surplus_ev_charge_computed_ev_power_w,2901.3,2026-02-27T10:07:18.709Z
sensor.stormbreaker_surplus_ev_charge_computed_ev_power_w,2925.0,2026-02-27T10:07:28.561Z
sensor.stormbreaker_surplus_ev_charge_computed_ev_power_w,5.6,2026-02-27T10:07:38.563Z
sensor.stormbreaker_surplus_ev_charge_computed_ev_power_w,5.8,2026-02-27T10:07:48.564Z
sensor.stormbreaker_surplus_ev_charge_computed_ev_power_w,0.0,2026-02-27T10:07:58.565Z
sensor.stormbreaker_surplus_ev_charge_computed_ev_power_w,6.0,2026-02-27T10:08:08.567Z
sensor.stormbreaker_surplus_ev_charge_computed_ev_power_w,5.6,2026-02-27T10:08:18.567Z
sensor.stormbreaker_surplus_ev_charge_computed_ev_power_w,5.9,2026-02-27T10:08:38.569Z
sensor.stormbreaker_surplus_ev_charge_computed_ev_power_w,5.7,2026-02-27T10:08:48.570Z
sensor.stormbreaker_surplus_ev_charge_computed_ev_power_w,5.8,2026-02-27T10:08:58.570Z
sensor.stormbreaker_surplus_ev_charge_computed_ev_power_w,5.9,2026-02-27T10:09:08.572Z
sensor.stormbreaker_surplus_ev_charge_computed_ev_power_w,0.0,2026-02-27T10:09:18.573Z
sensor.stormbreaker_surplus_ev_charge_computed_ev_power_w,5.7,2026-02-27T10:09:28.574Z
sensor.stormbreaker_surplus_ev_charge_computed_ev_power_w,6.1,2026-02-27T10:09:38.574Z
sensor.stormbreaker_surplus_ev_charge_computed_ev_power_w,5.6,2026-02-27T10:09:48.576Z
sensor.stormbreaker_surplus_ev_charge_computed_ev_power_w,5.7,2026-02-27T10:09:58.577Z
sensor.stormbreaker_surplus_ev_charge_computed_ev_power_w,5.9,2026-02-27T10:10:08.578Z
sensor.stormbreaker_surplus_ev_charge_computed_ev_power_w,5.5,2026-02-27T10:10:18.579Z
sensor.stormbreaker_surplus_ev_charge_computed_ev_power_w,46.5,2026-02-27T10:10:28.580Z
sensor.stormbreaker_surplus_ev_charge_computed_ev_power_w,2419.0,2026-02-27T10:10:38.580Z
sensor.stormbreaker_surplus_ev_charge_computed_ev_power_w,3643.5,2026-02-27T10:10:48.581Z
sensor.stormbreaker_surplus_ev_charge_computed_ev_power_w,3638.5,2026-02-27T10:10:58.724Z
sensor.stormbreaker_surplus_ev_charge_computed_ev_power_w,3662.6,2026-02-27T10:11:08.582Z
sensor.stormbreaker_surplus_ev_charge_computed_ev_power_w,3648.0,2026-02-27T10:11:18.582Z
sensor.stormbreaker_surplus_ev_charge_computed_ev_power_w,3643.8,2026-02-27T10:11:28.584Z
sensor.stormbreaker_surplus_ev_charge_computed_ev_power_w,3650.8,2026-02-27T10:11:38.585Z
sensor.stormbreaker_surplus_ev_charge_computed_ev_power_w,3658.0,2026-02-27T10:11:48.585Z
sensor.stormbreaker_surplus_ev_charge_computed_ev_power_w,3652.2,2026-02-27T10:11:58.587Z
sensor.stormbreaker_surplus_ev_charge_computed_ev_power_w,3650.4,2026-02-27T10:12:08.589Z
sensor.stormbreaker_surplus_ev_charge_computed_ev_power_w,3649.2,2026-02-27T10:12:18.590Z
sensor.stormbreaker_surplus_ev_charge_computed_ev_power_w,3642.9,2026-02-27T10:12:28.590Z
sensor.stormbreaker_surplus_ev_charge_computed_ev_power_w,3651.4,2026-02-27T10:12:38.591Z
sensor.stormbreaker_surplus_ev_charge_computed_ev_power_w,3644.4,2026-02-27T10:12:48.592Z
sensor.stormbreaker_surplus_ev_charge_computed_ev_power_w,3652.2,2026-02-27T10:12:58.590Z
sensor.stormbreaker_surplus_ev_charge_computed_ev_power_w,3643.1,2026-02-27T10:13:08.594Z
sensor.stormbreaker_surplus_ev_charge_computed_ev_power_w,3644.3,2026-02-27T10:13:18.595Z
sensor.stormbreaker_surplus_ev_charge_computed_ev_power_w,3640.3,2026-02-27T10:13:28.604Z
sensor.stormbreaker_surplus_ev_charge_computed_ev_power_w,3646.1,2026-02-27T10:13:38.608Z
sensor.stormbreaker_surplus_ev_charge_computed_ev_power_w,3642.3,2026-02-27T10:13:48.609Z
sensor.stormbreaker_surplus_ev_charge_computed_ev_power_w,3628.9,2026-02-27T10:13:58.609Z
sensor.stormbreaker_surplus_ev_charge_computed_ev_power_w,3637.6,2026-02-27T10:14:08.610Z
sensor.stormbreaker_surplus_ev_charge_computed_ev_power_w,3662.2,2026-02-27T10:14:18.611Z
sensor.stormbreaker_surplus_ev_charge_computed_ev_power_w,3665.8,2026-02-27T10:14:28.612Z
sensor.stormbreaker_surplus_ev_charge_computed_ev_power_w,3657.7,2026-02-27T10:14:38.613Z
sensor.stormbreaker_surplus_ev_charge_computed_ev_power_w,3643.8,2026-02-27T10:14:48.614Z
sensor.stormbreaker_surplus_ev_charge_computed_ev_power_w,3660.8,2026-02-27T10:14:58.617Z
sensor.stormbreaker_surplus_ev_charge_computed_ev_power_w,3667.6,2026-02-27T10:15:08.617Z
sensor.stormbreaker_surplus_ev_charge_computed_ev_power_w,3658.1,2026-02-27T10:15:18.618Z
sensor.stormbreaker_surplus_ev_charge_computed_ev_power_w,3645.3,2026-02-27T10:15:28.619Z
sensor.stormbreaker_surplus_ev_charge_computed_ev_power_w,3641.0,2026-02-27T10:15:38.621Z
sensor.stormbreaker_surplus_ev_charge_computed_ev_power_w,3644.6,2026-02-27T10:15:48.622Z
sensor.stormbreaker_surplus_ev_charge_computed_ev_power_w,3664.7,2026-02-27T10:15:58.624Z
sensor.stormbreaker_surplus_ev_charge_computed_ev_power_w,3647.8,2026-02-27T10:16:08.624Z
sensor.stormbreaker_surplus_ev_charge_computed_ev_power_w,3648.1,2026-02-27T10:16:18.625Z
sensor.stormbreaker_surplus_ev_charge_computed_ev_power_w,3662.7,2026-02-27T10:16:28.628Z
sensor.stormbreaker_surplus_ev_charge_computed_ev_power_w,3649.7,2026-02-27T10:16:38.630Z
sensor.stormbreaker_surplus_ev_charge_computed_ev_power_w,3655.6,2026-02-27T10:16:48.630Z
sensor.stormbreaker_surplus_ev_charge_computed_ev_power_w,3652.9,2026-02-27T10:16:58.632Z
sensor.stormbreaker_surplus_ev_charge_computed_ev_power_w,3657.6,2026-02-27T10:17:08.633Z
sensor.stormbreaker_surplus_ev_charge_computed_ev_power_w,3652.7,2026-02-27T10:17:18.634Z
sensor.stormbreaker_surplus_ev_charge_computed_ev_power_w,3652.4,2026-02-27T10:17:28.635Z
sensor.stormbreaker_surplus_ev_charge_computed_ev_power_w,3663.7,2026-02-27T10:17:38.636Z
sensor.stormbreaker_surplus_ev_charge_computed_ev_power_w,3652.2,2026-02-27T10:17:48.637Z
sensor.stormbreaker_surplus_ev_charge_computed_ev_power_w,3651.6,2026-02-27T10:17:58.636Z
sensor.stormbreaker_surplus_ev_charge_computed_ev_power_w,3655.2,2026-02-27T10:18:08.639Z
sensor.stormbreaker_surplus_ev_charge_computed_ev_power_w,3645.9,2026-02-27T10:18:18.641Z
sensor.stormbreaker_surplus_ev_charge_computed_ev_power_w,3648.9,2026-02-27T10:18:28.661Z
sensor.stormbreaker_surplus_ev_charge_computed_ev_power_w,3650.8,2026-02-27T10:18:38.665Z
sensor.stormbreaker_surplus_ev_charge_computed_ev_power_w,3631.4,2026-02-27T10:18:48.666Z
sensor.stormbreaker_surplus_ev_charge_computed_ev_power_w,3552.8,2026-02-27T10:18:58.817Z
sensor.stormbreaker_surplus_ev_charge_computed_ev_power_w,3627.4,2026-02-27T10:19:08.667Z
sensor.stormbreaker_surplus_ev_charge_computed_ev_power_w,3628.1,2026-02-27T10:19:18.669Z
sensor.stormbreaker_surplus_ev_charge_computed_ev_power_w,3627.3,2026-02-27T10:19:28.670Z
sensor.stormbreaker_surplus_ev_charge_computed_ev_power_w,3646.8,2026-02-27T10:19:38.670Z
sensor.stormbreaker_surplus_ev_charge_computed_ev_power_w,3639.1,2026-02-27T10:19:48.671Z
sensor.stormbreaker_surplus_ev_charge_computed_ev_power_w,3670.3,2026-02-27T10:20:00.679Z
sensor.stormbreaker_surplus_ev_charge_computed_ev_power_w,4408.7,2026-02-27T10:20:08.674Z
sensor.stormbreaker_surplus_ev_charge_computed_ev_power_w,4364.8,2026-02-27T10:20:18.674Z
sensor.stormbreaker_surplus_ev_charge_computed_ev_power_w,4406.6,2026-02-27T10:20:28.675Z
sensor.stormbreaker_surplus_ev_charge_computed_ev_power_w,4353.7,2026-02-27T10:20:38.676Z
sensor.stormbreaker_surplus_ev_charge_computed_ev_power_w,4373.1,2026-02-27T10:20:48.826Z
sensor.stormbreaker_surplus_ev_charge_computed_ev_power_w,4371.9,2026-02-27T10:20:58.678Z
sensor.stormbreaker_surplus_ev_charge_computed_ev_power_w,4379.8,2026-02-27T10:21:08.680Z
sensor.stormbreaker_surplus_ev_charge_computed_ev_power_w,4372.1,2026-02-27T10:21:18.681Z
sensor.stormbreaker_surplus_ev_charge_computed_ev_power_w,4362.2,2026-02-27T10:21:28.684Z
sensor.stormbreaker_surplus_ev_charge_computed_ev_power_w,4367.2,2026-02-27T10:21:38.685Z
sensor.stormbreaker_surplus_ev_charge_computed_ev_power_w,4367.7,2026-02-27T10:21:48.687Z
sensor.stormbreaker_surplus_ev_charge_computed_ev_power_w,4411.6,2026-02-27T10:21:58.689Z
sensor.stormbreaker_surplus_ev_charge_computed_ev_power_w,4355.5,2026-02-27T10:22:08.690Z
sensor.stormbreaker_surplus_ev_charge_computed_ev_power_w,4408.8,2026-02-27T10:22:18.691Z
sensor.stormbreaker_surplus_ev_charge_computed_ev_power_w,4366.0,2026-02-27T10:22:28.692Z
sensor.stormbreaker_surplus_ev_charge_computed_ev_power_w,4371.5,2026-02-27T10:22:38.693Z
sensor.stormbreaker_surplus_ev_charge_computed_ev_power_w,4361.0,2026-02-27T10:22:48.694Z
sensor.stormbreaker_surplus_ev_charge_computed_ev_power_w,4370.1,2026-02-27T10:22:58.694Z
sensor.stormbreaker_surplus_ev_charge_computed_ev_power_w,4397.5,2026-02-27T10:23:08.695Z
sensor.stormbreaker_surplus_ev_charge_computed_ev_power_w,4423.3,2026-02-27T10:23:18.695Z
sensor.stormbreaker_surplus_ev_charge_computed_ev_power_w,4371.3,2026-02-27T10:23:28.696Z
sensor.stormbreaker_surplus_ev_charge_computed_ev_power_w,4415.4,2026-02-27T10:23:38.696Z
sensor.stormbreaker_surplus_ev_charge_computed_ev_power_w,4359.5,2026-02-27T10:23:48.699Z
sensor.stormbreaker_surplus_ev_charge_computed_ev_power_w,4381.2,2026-02-27T10:23:58.701Z
sensor.stormbreaker_surplus_ev_charge_computed_ev_power_w,4368.2,2026-02-27T10:24:08.702Z
sensor.stormbreaker_surplus_ev_charge_computed_ev_power_w,4341.6,2026-02-27T10:24:18.703Z
sensor.stormbreaker_surplus_ev_charge_computed_ev_power_w,4411.2,2026-02-27T10:24:28.703Z
sensor.stormbreaker_surplus_ev_charge_computed_ev_power_w,4436.8,2026-02-27T10:24:38.704Z
sensor.stormbreaker_surplus_ev_charge_computed_ev_power_w,4378.8,2026-02-27T10:24:48.707Z
sensor.stormbreaker_surplus_ev_charge_computed_ev_power_w,4428.9,2026-02-27T10:24:58.710Z
sensor.stormbreaker_surplus_ev_charge_computed_ev_power_w,4426.3,2026-02-27T10:25:08.711Z
sensor.stormbreaker_surplus_ev_charge_computed_ev_power_w,4371.4,2026-02-27T10:25:18.711Z
sensor.stormbreaker_surplus_ev_charge_computed_ev_power_w,4437.2,2026-02-27T10:25:28.712Z
sensor.stormbreaker_surplus_ev_charge_computed_ev_power_w,4420.3,2026-02-27T10:25:38.713Z
sensor.stormbreaker_surplus_ev_charge_computed_ev_power_w,4422.2,2026-02-27T10:25:48.714Z
sensor.stormbreaker_surplus_ev_charge_computed_ev_power_w,4379.4,2026-02-27T10:25:58.715Z
sensor.stormbreaker_surplus_ev_charge_computed_ev_power_w,4355.9,2026-02-27T10:26:08.859Z
sensor.stormbreaker_surplus_ev_charge_computed_ev_power_w,4351.7,2026-02-27T10:26:20.991Z
sensor.stormbreaker_surplus_ev_charge_computed_ev_power_w,3645.9,2026-02-27T10:26:28.866Z
sensor.stormbreaker_surplus_ev_charge_computed_ev_power_w,3628.7,2026-02-27T10:26:38.863Z
sensor.stormbreaker_surplus_ev_charge_computed_ev_power_w,3630.2,2026-02-27T10:26:48.871Z
sensor.stormbreaker_surplus_ev_charge_computed_ev_power_w,3640.1,2026-02-27T10:26:58.865Z
sensor.stormbreaker_surplus_ev_charge_computed_ev_power_w,unavailable,2026-02-27T10:27:00.872Z
sensor.stormbreaker_surplus_ev_charge_computed_ev_power_w,3640.1,2026-02-27T10:27:00.886Z
sensor.stormbreaker_surplus_ev_charge_computed_ev_power_w,3633.3,2026-02-27T10:27:10.881Z
sensor.stormbreaker_surplus_ev_charge_computed_ev_power_w,3631.3,2026-02-27T10:27:20.883Z
sensor.stormbreaker_surplus_ev_charge_computed_ev_power_w,3623.6,2026-02-27T10:27:30.883Z
sensor.stormbreaker_surplus_ev_charge_computed_ev_power_w,3633.7,2026-02-27T10:27:40.883Z
sensor.stormbreaker_surplus_ev_charge_computed_ev_power_w,3637.1,2026-02-27T10:27:50.885Z
sensor.stormbreaker_surplus_ev_charge_computed_ev_power_w,5.8,2026-02-27T10:28:00.886Z
sensor.stormbreaker_surplus_ev_charge_computed_ev_power_w,5.6,2026-02-27T10:28:10.887Z
sensor.stormbreaker_surplus_ev_charge_computed_ev_power_w,181.9,2026-02-27T10:28:20.888Z
sensor.stormbreaker_surplus_ev_charge_computed_ev_power_w,2351.2,2026-02-27T10:28:30.890Z
sensor.stormbreaker_surplus_ev_charge_computed_ev_power_w,3542.5,2026-02-27T10:28:40.892Z
sensor.stormbreaker_surplus_ev_charge_computed_ev_power_w,3544.3,2026-02-27T10:28:50.892Z
sensor.stormbreaker_surplus_ev_charge_computed_ev_power_w,3541.1,2026-02-27T10:29:00.893Z
sensor.stormbreaker_surplus_ev_charge_computed_ev_power_w,3538.9,2026-02-27T10:29:16.195Z
sensor.stormbreaker_surplus_ev_charge_computed_ev_power_w,2842.5,2026-02-27T10:29:21.047Z
sensor.stormbreaker_surplus_ev_charge_computed_ev_power_w,2849.7,2026-02-27T10:29:31.037Z
sensor.stormbreaker_surplus_ev_charge_computed_ev_power_w,2843.1,2026-02-27T10:29:41.050Z
sensor.stormbreaker_surplus_ev_charge_computed_ev_power_w,2826.1,2026-02-27T10:29:50.900Z
sensor.stormbreaker_surplus_ev_charge_computed_ev_power_w,5.6,2026-02-27T10:30:00.898Z
sensor.stormbreaker_surplus_ev_charge_computed_ev_power_w,5.9,2026-02-27T10:30:10.902Z
sensor.stormbreaker_surplus_ev_charge_computed_ev_power_w,5.6,2026-02-27T10:30:20.903Z
sensor.stormbreaker_surplus_ev_charge_computed_ev_power_w,5.7,2026-02-27T10:30:30.904Z
sensor.stormbreaker_surplus_ev_charge_computed_ev_power_w,5.5,2026-02-27T10:30:40.902Z
sensor.stormbreaker_surplus_ev_charge_computed_ev_power_w,6.1,2026-02-27T10:30:50.905Z
sensor.stormbreaker_surplus_ev_charge_computed_ev_power_w,6.2,2026-02-27T10:31:00.907Z
sensor.stormbreaker_surplus_ev_charge_computed_ev_power_w,6.0,2026-02-27T10:31:20.907Z
sensor.stormbreaker_surplus_ev_charge_computed_ev_power_w,5.9,2026-02-27T10:31:30.906Z
sensor.stormbreaker_surplus_ev_charge_computed_ev_power_w,6.3,2026-02-27T10:31:40.909Z
sensor.stormbreaker_surplus_ev_charge_computed_ev_power_w,5.9,2026-02-27T10:31:50.909Z
sensor.stormbreaker_surplus_ev_charge_computed_ev_power_w,6.1,2026-02-27T10:32:00.910Z
sensor.stormbreaker_surplus_ev_charge_computed_ev_power_w,5.9,2026-02-27T10:32:10.911Z
sensor.stormbreaker_surplus_ev_charge_computed_ev_power_w,5.6,2026-02-27T10:32:20.912Z
sensor.stormbreaker_surplus_ev_charge_computed_ev_power_w,6.4,2026-02-27T10:32:30.911Z
sensor.stormbreaker_surplus_ev_charge_computed_ev_power_w,5.6,2026-02-27T10:32:40.912Z
sensor.stormbreaker_surplus_ev_charge_computed_ev_power_w,7.7,2026-02-27T10:32:50.913Z
sensor.stormbreaker_surplus_ev_charge_computed_ev_power_w,381.2,2026-02-27T10:33:01.070Z
sensor.stormbreaker_surplus_ev_charge_computed_ev_power_w,953.5,2026-02-27T10:33:10.916Z
sensor.stormbreaker_surplus_ev_charge_computed_ev_power_w,1431.2,2026-02-27T10:33:20.916Z
sensor.stormbreaker_surplus_ev_charge_computed_ev_power_w,1433.5,2026-02-27T10:33:30.918Z
sensor.stormbreaker_surplus_ev_charge_computed_ev_power_w,1433.2,2026-02-27T10:33:40.920Z
sensor.stormbreaker_surplus_ev_charge_computed_ev_power_w,1435.4,2026-02-27T10:33:50.921Z
sensor.stormbreaker_surplus_ev_charge_computed_ev_power_w,1435.6,2026-02-27T10:34:00.923Z
sensor.stormbreaker_surplus_ev_charge_computed_ev_power_w,1434.8,2026-02-27T10:34:10.923Z
sensor.stormbreaker_surplus_ev_charge_computed_ev_power_w,1436.1,2026-02-27T10:34:20.924Z
sensor.stormbreaker_surplus_ev_charge_computed_ev_power_w,1435.1,2026-02-27T10:34:30.926Z
sensor.stormbreaker_surplus_ev_charge_computed_ev_power_w,1436.1,2026-02-27T10:34:40.927Z
sensor.stormbreaker_surplus_ev_charge_computed_ev_power_w,1429.8,2026-02-27T10:34:50.929Z
sensor.stormbreaker_surplus_ev_charge_computed_ev_power_w,1433.0,2026-02-27T10:35:00.927Z
sensor.stormbreaker_surplus_ev_charge_computed_ev_power_w,1436.7,2026-02-27T10:35:10.929Z
sensor.stormbreaker_surplus_ev_charge_computed_ev_power_w,1428.9,2026-02-27T10:35:20.928Z
sensor.stormbreaker_surplus_ev_charge_computed_ev_power_w,1434.3,2026-02-27T10:35:30.930Z
sensor.stormbreaker_surplus_ev_charge_computed_ev_power_w,1436.7,2026-02-27T10:35:40.931Z
sensor.stormbreaker_surplus_ev_charge_computed_ev_power_w,1426.6,2026-02-27T10:35:50.931Z
sensor.stormbreaker_surplus_ev_charge_computed_ev_power_w,1434.2,2026-02-27T10:36:00.938Z
sensor.stormbreaker_surplus_ev_charge_computed_ev_power_w,1436.7,2026-02-27T10:36:10.933Z
sensor.stormbreaker_surplus_ev_charge_computed_ev_power_w,1424.2,2026-02-27T10:36:20.935Z
sensor.stormbreaker_surplus_ev_charge_computed_ev_power_w,1435.2,2026-02-27T10:36:30.936Z
sensor.stormbreaker_surplus_ev_charge_computed_ev_power_w,1427.7,2026-02-27T10:36:40.937Z
sensor.stormbreaker_surplus_ev_charge_computed_ev_power_w,1432.9,2026-02-27T10:36:50.938Z
sensor.stormbreaker_surplus_ev_charge_computed_ev_power_w,1428.8,2026-02-27T10:37:00.939Z
sensor.stormbreaker_surplus_ev_charge_computed_ev_power_w,1427.7,2026-02-27T10:37:10.938Z
sensor.stormbreaker_surplus_ev_charge_computed_ev_power_w,1434.5,2026-02-27T10:37:20.941Z
sensor.stormbreaker_surplus_ev_charge_computed_ev_power_w,1436.8,2026-02-27T10:37:30.941Z
sensor.stormbreaker_surplus_ev_charge_computed_ev_power_w,1426.5,2026-02-27T10:37:40.940Z
sensor.stormbreaker_surplus_ev_charge_computed_ev_power_w,1437.0,2026-02-27T10:37:50.941Z
sensor.stormbreaker_surplus_ev_charge_computed_ev_power_w,1431.2,2026-02-27T10:38:00.943Z
sensor.stormbreaker_surplus_ev_charge_computed_ev_power_w,1433.1,2026-02-27T10:38:10.944Z
sensor.stormbreaker_surplus_ev_charge_computed_ev_power_w,1439.6,2026-02-27T10:38:20.946Z
sensor.stormbreaker_surplus_ev_charge_computed_ev_power_w,1435.5,2026-02-27T10:38:30.947Z
sensor.stormbreaker_surplus_ev_charge_computed_ev_power_w,1428.4,2026-02-27T10:38:40.948Z
sensor.stormbreaker_surplus_ev_charge_computed_ev_power_w,1427.6,2026-02-27T10:38:50.949Z
sensor.stormbreaker_surplus_ev_charge_computed_ev_power_w,1434.0,2026-02-27T10:39:00.950Z
sensor.stormbreaker_surplus_ev_charge_computed_ev_power_w,1438.3,2026-02-27T10:39:10.951Z
sensor.stormbreaker_surplus_ev_charge_computed_ev_power_w,1438.7,2026-02-27T10:39:20.952Z
sensor.stormbreaker_surplus_ev_charge_computed_ev_power_w,1437.5,2026-02-27T10:39:30.953Z
sensor.stormbreaker_surplus_ev_charge_computed_ev_power_w,1433.6,2026-02-27T10:39:40.952Z
sensor.stormbreaker_surplus_ev_charge_computed_ev_power_w,1430.3,2026-02-27T10:39:50.954Z
sensor.stormbreaker_surplus_ev_charge_computed_ev_power_w,1434.3,2026-02-27T10:40:00.954Z
sensor.stormbreaker_surplus_ev_charge_computed_ev_power_w,1433.1,2026-02-27T10:40:10.957Z
sensor.stormbreaker_surplus_ev_charge_computed_ev_power_w,1428.2,2026-02-27T10:40:20.958Z
sensor.stormbreaker_surplus_ev_charge_computed_ev_power_w,1429.6,2026-02-27T10:40:30.960Z
sensor.stormbreaker_surplus_ev_charge_computed_ev_power_w,1427.1,2026-02-27T10:40:40.961Z
sensor.stormbreaker_surplus_ev_charge_computed_ev_power_w,1426.3,2026-02-27T10:40:50.962Z
sensor.stormbreaker_surplus_ev_charge_computed_ev_power_w,1426.7,2026-02-27T10:41:00.963Z
sensor.stormbreaker_surplus_ev_charge_computed_ev_power_w,1428.9,2026-02-27T10:41:10.964Z
sensor.stormbreaker_surplus_ev_charge_computed_ev_power_w,1433.0,2026-02-27T10:41:20.965Z
sensor.stormbreaker_surplus_ev_charge_computed_ev_power_w,1431.9,2026-02-27T10:41:30.966Z
sensor.stormbreaker_surplus_ev_charge_computed_ev_power_w,1434.4,2026-02-27T10:41:40.967Z
sensor.stormbreaker_surplus_ev_charge_computed_ev_power_w,1432.6,2026-02-27T10:41:50.967Z
sensor.stormbreaker_surplus_ev_charge_computed_ev_power_w,1437.7,2026-02-27T10:42:00.969Z
sensor.stormbreaker_surplus_ev_charge_computed_ev_power_w,1429.6,2026-02-27T10:42:10.970Z
sensor.stormbreaker_surplus_ev_charge_computed_ev_power_w,1435.6,2026-02-27T10:42:20.971Z
sensor.stormbreaker_surplus_ev_charge_computed_ev_power_w,1430.9,2026-02-27T10:42:30.972Z
sensor.stormbreaker_surplus_ev_charge_computed_ev_power_w,1435.1,2026-02-27T10:42:40.972Z
sensor.stormbreaker_surplus_ev_charge_computed_ev_power_w,1431.5,2026-02-27T10:42:50.970Z
sensor.stormbreaker_surplus_ev_charge_computed_ev_power_w,1434.8,2026-02-27T10:43:00.972Z
sensor.stormbreaker_surplus_ev_charge_computed_ev_power_w,1434.4,2026-02-27T10:43:10.974Z
sensor.stormbreaker_surplus_ev_charge_computed_ev_power_w,1432.0,2026-02-27T10:43:20.976Z
sensor.stormbreaker_surplus_ev_charge_computed_ev_power_w,1435.9,2026-02-27T10:43:30.976Z
sensor.stormbreaker_surplus_ev_charge_computed_ev_power_w,1432.1,2026-02-27T10:43:40.977Z
sensor.stormbreaker_surplus_ev_charge_computed_ev_power_w,1436.8,2026-02-27T10:43:50.978Z
sensor.stormbreaker_surplus_ev_charge_computed_ev_power_w,1434.4,2026-02-27T10:44:00.978Z
sensor.stormbreaker_surplus_ev_charge_computed_ev_power_w,1436.2,2026-02-27T10:44:10.981Z
sensor.stormbreaker_surplus_ev_charge_computed_ev_power_w,1431.9,2026-02-27T10:44:20.982Z
sensor.stormbreaker_surplus_ev_charge_computed_ev_power_w,1437.4,2026-02-27T10:44:30.982Z
sensor.stormbreaker_surplus_ev_charge_computed_ev_power_w,1433.5,2026-02-27T10:44:40.983Z
sensor.stormbreaker_surplus_ev_charge_computed_ev_power_w,1437.8,2026-02-27T10:44:50.984Z
sensor.stormbreaker_surplus_ev_charge_computed_ev_power_w,1433.0,2026-02-27T10:45:00.984Z
sensor.stormbreaker_surplus_ev_charge_computed_ev_power_w,1431.9,2026-02-27T10:45:10.988Z
sensor.stormbreaker_surplus_ev_charge_computed_ev_power_w,1433.5,2026-02-27T10:45:20.989Z
sensor.stormbreaker_surplus_ev_charge_computed_ev_power_w,1433.0,2026-02-27T10:45:30.989Z
sensor.stormbreaker_surplus_ev_charge_computed_ev_power_w,1431.7,2026-02-27T10:45:40.991Z
sensor.stormbreaker_surplus_ev_charge_computed_ev_power_w,1436.4,2026-02-27T10:45:50.992Z
sensor.stormbreaker_surplus_ev_charge_computed_ev_power_w,1437.4,2026-02-27T10:46:00.992Z
sensor.stormbreaker_surplus_ev_charge_computed_ev_power_w,1438.3,2026-02-27T10:46:10.994Z
sensor.stormbreaker_surplus_ev_charge_computed_ev_power_w,1434.9,2026-02-27T10:46:20.992Z
sensor.stormbreaker_surplus_ev_charge_computed_ev_power_w,1434.7,2026-02-27T10:46:30.993Z
sensor.stormbreaker_surplus_ev_charge_computed_ev_power_w,1432.0,2026-02-27T10:46:40.995Z
sensor.stormbreaker_surplus_ev_charge_computed_ev_power_w,1433.8,2026-02-27T10:46:50.996Z
sensor.stormbreaker_surplus_ev_charge_computed_ev_power_w,1432.0,2026-02-27T10:47:00.996Z
sensor.stormbreaker_surplus_ev_charge_computed_ev_power_w,1433.0,2026-02-27T10:47:10.995Z
sensor.stormbreaker_surplus_ev_charge_computed_ev_power_w,1432.9,2026-02-27T10:47:20.998Z
sensor.stormbreaker_surplus_ev_charge_computed_ev_power_w,1437.0,2026-02-27T10:47:30.998Z
sensor.stormbreaker_surplus_ev_charge_computed_ev_power_w,1436.0,2026-02-27T10:47:40.999Z
sensor.stormbreaker_surplus_ev_charge_computed_ev_power_w,1432.1,2026-02-27T10:47:51.000Z
sensor.stormbreaker_surplus_ev_charge_computed_ev_power_w,1434.5,2026-02-27T10:48:01.001Z
sensor.stormbreaker_surplus_ev_charge_computed_ev_power_w,1432.9,2026-02-27T10:48:11.003Z
sensor.stormbreaker_surplus_ev_charge_computed_ev_power_w,1437.2,2026-02-27T10:48:21.003Z
sensor.stormbreaker_surplus_ev_charge_computed_ev_power_w,1437.8,2026-02-27T10:48:31.003Z
sensor.stormbreaker_surplus_ev_charge_computed_ev_power_w,1434.8,2026-02-27T10:48:41.004Z
sensor.stormbreaker_surplus_ev_charge_computed_ev_power_w,1433.3,2026-02-27T10:48:51.005Z
sensor.stormbreaker_surplus_ev_charge_computed_ev_power_w,1435.9,2026-02-27T10:49:01.004Z
sensor.stormbreaker_surplus_ev_charge_computed_ev_power_w,1429.7,2026-02-27T10:49:11.102Z
sensor.stormbreaker_surplus_ev_charge_computed_ev_power_w,1437.6,2026-02-27T10:49:21.104Z
sensor.stormbreaker_surplus_ev_charge_computed_ev_power_w,1436.5,2026-02-27T10:49:31.108Z
sensor.stormbreaker_surplus_ev_charge_computed_ev_power_w,1430.8,2026-02-27T10:49:41.109Z
sensor.stormbreaker_surplus_ev_charge_computed_ev_power_w,1438.4,2026-02-27T10:49:51.109Z
sensor.stormbreaker_surplus_ev_charge_computed_ev_power_w,1435.2,2026-02-27T10:50:01.110Z
sensor.stormbreaker_surplus_ev_charge_computed_ev_power_w,1436.8,2026-02-27T10:50:11.111Z
sensor.stormbreaker_surplus_ev_charge_computed_ev_power_w,1437.2,2026-02-27T10:50:21.258Z
sensor.stormbreaker_surplus_ev_charge_computed_ev_power_w,1437.9,2026-02-27T10:50:31.262Z
sensor.stormbreaker_surplus_ev_charge_computed_ev_power_w,1435.8,2026-02-27T10:50:41.362Z
sensor.stormbreaker_surplus_ev_charge_computed_ev_power_w,1434.0,2026-02-27T10:50:51.367Z
sensor.stormbreaker_surplus_ev_charge_computed_ev_power_w,1435.0,2026-02-27T10:51:01.371Z
sensor.stormbreaker_surplus_ev_charge_computed_ev_power_w,1438.7,2026-02-27T10:51:11.371Z
sensor.stormbreaker_surplus_ev_charge_computed_ev_power_w,1432.6,2026-02-27T10:51:21.373Z
sensor.stormbreaker_surplus_ev_charge_computed_ev_power_w,1432.7,2026-02-27T10:51:31.374Z
sensor.stormbreaker_surplus_ev_charge_computed_ev_power_w,1428.3,2026-02-27T10:51:41.426Z
sensor.stormbreaker_surplus_ev_charge_computed_ev_power_w,1436.3,2026-02-27T10:51:51.433Z
sensor.stormbreaker_surplus_ev_charge_computed_ev_power_w,1435.1,2026-02-27T10:52:01.435Z
sensor.stormbreaker_surplus_ev_charge_computed_ev_power_w,1430.2,2026-02-27T10:52:11.436Z
sensor.stormbreaker_surplus_ev_charge_computed_ev_power_w,1435.2,2026-02-27T10:52:21.436Z
sensor.stormbreaker_surplus_ev_charge_computed_ev_power_w,1436.5,2026-02-27T10:52:31.437Z
sensor.stormbreaker_surplus_ev_charge_computed_ev_power_w,1435.9,2026-02-27T10:52:41.438Z
sensor.stormbreaker_surplus_ev_charge_computed_ev_power_w,1438.7,2026-02-27T10:52:51.439Z
sensor.stormbreaker_surplus_ev_charge_computed_ev_power_w,1432.0,2026-02-27T10:53:01.440Z
sensor.stormbreaker_surplus_ev_charge_computed_ev_power_w,1436.1,2026-02-27T10:53:11.441Z
sensor.stormbreaker_surplus_ev_charge_computed_ev_power_w,1434.2,2026-02-27T10:53:21.442Z
sensor.stormbreaker_surplus_ev_charge_computed_ev_power_w,1436.0,2026-02-27T10:53:31.442Z
sensor.stormbreaker_surplus_ev_charge_computed_ev_power_w,1434.3,2026-02-27T10:53:41.444Z
sensor.stormbreaker_surplus_ev_charge_computed_ev_power_w,1438.2,2026-02-27T10:53:51.444Z
sensor.stormbreaker_surplus_ev_charge_computed_ev_power_w,1437.3,2026-02-27T10:54:01.445Z
sensor.stormbreaker_surplus_ev_charge_computed_ev_power_w,1435.9,2026-02-27T10:54:11.445Z
sensor.stormbreaker_surplus_ev_charge_computed_ev_power_w,1430.9,2026-02-27T10:54:21.446Z
sensor.stormbreaker_surplus_ev_charge_computed_ev_power_w,1490.4,2026-02-27T10:54:31.446Z
sensor.stormbreaker_surplus_ev_charge_computed_ev_power_w,1436.7,2026-02-27T10:54:41.448Z
sensor.stormbreaker_surplus_ev_charge_computed_ev_power_w,1437.9,2026-02-27T10:54:51.449Z
sensor.stormbreaker_surplus_ev_charge_computed_ev_power_w,1431.4,2026-02-27T10:55:07.887Z
sensor.stormbreaker_surplus_ev_charge_computed_ev_power_w,2843.8,2026-02-27T10:55:11.449Z
sensor.stormbreaker_surplus_ev_charge_computed_ev_power_w,2850.9,2026-02-27T10:55:21.450Z
sensor.stormbreaker_surplus_ev_charge_computed_ev_power_w,2898.5,2026-02-27T10:55:31.450Z
sensor.stormbreaker_surplus_ev_charge_computed_ev_power_w,2903.6,2026-02-27T10:55:41.450Z
sensor.stormbreaker_surplus_ev_charge_computed_ev_power_w,2926.7,2026-02-27T10:55:51.453Z
sensor.stormbreaker_surplus_ev_charge_computed_ev_power_w,2936.4,2026-02-27T10:56:03.896Z
sensor.stormbreaker_surplus_ev_charge_computed_ev_power_w,3649.5,2026-02-27T10:56:11.457Z
sensor.stormbreaker_surplus_ev_charge_computed_ev_power_w,3622.6,2026-02-27T10:56:21.457Z
sensor.stormbreaker_surplus_ev_charge_computed_ev_power_w,3612.7,2026-02-27T10:56:31.459Z
sensor.stormbreaker_surplus_ev_charge_computed_ev_power_w,3623.1,2026-02-27T10:56:41.460Z
sensor.stormbreaker_surplus_ev_charge_computed_ev_power_w,3651.9,2026-02-27T10:56:51.461Z
sensor.stormbreaker_surplus_ev_charge_computed_ev_power_w,3630.7,2026-02-27T10:57:01.462Z
sensor.stormbreaker_surplus_ev_charge_computed_ev_power_w,3616.9,2026-02-27T10:57:19.404Z
sensor.stormbreaker_surplus_ev_charge_computed_ev_power_w,2843.4,2026-02-27T10:57:21.611Z
sensor.stormbreaker_surplus_ev_charge_computed_ev_power_w,2845.2,2026-02-27T10:57:31.613Z
sensor.stormbreaker_surplus_ev_charge_computed_ev_power_w,2852.4,2026-02-27T10:57:41.607Z
sensor.stormbreaker_surplus_ev_charge_computed_ev_power_w,2835.5,2026-02-27T10:57:51.465Z
sensor.stormbreaker_surplus_ev_charge_computed_ev_power_w,5.8,2026-02-27T10:58:01.468Z
sensor.stormbreaker_surplus_ev_charge_computed_ev_power_w,5.6,2026-02-27T10:58:11.468Z
sensor.stormbreaker_surplus_ev_charge_computed_ev_power_w,0.0,2026-02-27T10:58:21.468Z
sensor.stormbreaker_surplus_ev_charge_computed_ev_power_w,5.7,2026-02-27T10:58:31.470Z
sensor.stormbreaker_surplus_ev_charge_computed_ev_power_w,5.6,2026-02-27T10:58:41.471Z
sensor.stormbreaker_surplus_ev_charge_computed_ev_power_w,5.9,2026-02-27T10:58:51.472Z
sensor.stormbreaker_surplus_ev_charge_computed_ev_power_w,6.0,2026-02-27T10:59:01.477Z
sensor.stormbreaker_surplus_ev_charge_computed_ev_power_w,0.0,2026-02-27T10:59:11.478Z
sensor.stormbreaker_surplus_ev_charge_computed_ev_power_w,5.9,2026-02-27T10:59:21.482Z
sensor.stormbreaker_surplus_ev_charge_computed_ev_power_w,6.1,2026-02-27T10:59:31.484Z
sensor.stormbreaker_surplus_ev_charge_computed_ev_power_w,6.3,2026-02-27T10:59:41.485Z
sensor.stormbreaker_surplus_ev_charge_computed_ev_power_w,5.9,2026-02-27T10:59:51.485Z
sensor.stormbreaker_surplus_ev_charge_computed_ev_power_w,6.2,2026-02-27T11:00:01.487Z
sensor.stormbreaker_surplus_ev_charge_computed_ev_power_w,5.8,2026-02-27T11:00:11.488Z
sensor.stormbreaker_surplus_ev_charge_computed_ev_power_w,5.6,2026-02-27T11:00:21.488Z
sensor.stormbreaker_surplus_ev_charge_computed_ev_power_w,6.0,2026-02-27T11:00:31.490Z
sensor.stormbreaker_surplus_ev_charge_computed_ev_power_w,5.8,2026-02-27T11:00:41.490Z
sensor.stormbreaker_surplus_ev_charge_computed_ev_power_w,10.4,2026-02-27T11:00:51.641Z
sensor.stormbreaker_surplus_ev_charge_computed_ev_power_w,542.4,2026-02-27T11:01:01.495Z
sensor.stormbreaker_surplus_ev_charge_computed_ev_power_w,1502.4,2026-02-27T11:01:11.496Z
sensor.stormbreaker_surplus_ev_charge_computed_ev_power_w,1505.5,2026-02-27T11:01:21.496Z
sensor.stormbreaker_surplus_ev_charge_computed_ev_power_w,1508.4,2026-02-27T11:01:31.497Z
sensor.stormbreaker_surplus_ev_charge_computed_ev_power_w,1507.3,2026-02-27T11:01:41.497Z
sensor.stormbreaker_surplus_ev_charge_computed_ev_power_w,1499.8,2026-02-27T11:01:51.499Z
sensor.stormbreaker_surplus_ev_charge_computed_ev_power_w,1440.8,2026-02-27T11:02:07.951Z
sensor.stormbreaker_surplus_ev_charge_computed_ev_power_w,2943.3,2026-02-27T11:02:11.501Z
sensor.stormbreaker_surplus_ev_charge_computed_ev_power_w,2939.9,2026-02-27T11:02:21.501Z
sensor.stormbreaker_surplus_ev_charge_computed_ev_power_w,2941.1,2026-02-27T11:02:31.502Z
sensor.stormbreaker_surplus_ev_charge_computed_ev_power_w,2945.5,2026-02-27T11:02:41.503Z
sensor.stormbreaker_surplus_ev_charge_computed_ev_power_w,2938.5,2026-02-27T11:02:51.504Z
sensor.stormbreaker_surplus_ev_charge_computed_ev_power_w,2915.6,2026-02-27T11:03:01.504Z
sensor.stormbreaker_surplus_ev_charge_computed_ev_power_w,2916.5,2026-02-27T11:03:11.506Z
sensor.stormbreaker_surplus_ev_charge_computed_ev_power_w,2941.6,2026-02-27T11:03:21.506Z
sensor.stormbreaker_surplus_ev_charge_computed_ev_power_w,2951.4,2026-02-27T11:03:31.507Z
sensor.stormbreaker_surplus_ev_charge_computed_ev_power_w,2950.7,2026-02-27T11:03:41.509Z
sensor.stormbreaker_surplus_ev_charge_computed_ev_power_w,2939.1,2026-02-27T11:03:51.509Z
sensor.stormbreaker_surplus_ev_charge_computed_ev_power_w,2946.6,2026-02-27T11:04:01.510Z
sensor.stormbreaker_surplus_ev_charge_computed_ev_power_w,2951.6,2026-02-27T11:04:11.511Z
sensor.stormbreaker_surplus_ev_charge_computed_ev_power_w,2949.7,2026-02-27T11:04:24.027Z
sensor.stormbreaker_surplus_ev_charge_computed_ev_power_w,3660.6,2026-02-27T11:04:31.513Z
sensor.stormbreaker_surplus_ev_charge_computed_ev_power_w,3663.7,2026-02-27T11:04:41.514Z
sensor.stormbreaker_surplus_ev_charge_computed_ev_power_w,3660.2,2026-02-27T11:04:51.516Z
sensor.stormbreaker_surplus_ev_charge_computed_ev_power_w,3651.1,2026-02-27T11:05:01.515Z
sensor.stormbreaker_surplus_ev_charge_computed_ev_power_w,3660.4,2026-02-27T11:05:11.518Z
sensor.stormbreaker_surplus_ev_charge_computed_ev_power_w,3661.5,2026-02-27T11:05:23.783Z
sensor.stormbreaker_surplus_ev_charge_computed_ev_power_w,4387.3,2026-02-27T11:05:31.518Z
sensor.stormbreaker_surplus_ev_charge_computed_ev_power_w,4362.9,2026-02-27T11:05:41.519Z
sensor.stormbreaker_surplus_ev_charge_computed_ev_power_w,4370.9,2026-02-27T11:05:51.519Z
sensor.stormbreaker_surplus_ev_charge_computed_ev_power_w,4417.6,2026-02-27T11:06:01.521Z
sensor.stormbreaker_surplus_ev_charge_computed_ev_power_w,4421.0,2026-02-27T11:06:11.522Z
sensor.stormbreaker_surplus_ev_charge_computed_ev_power_w,4420.2,2026-02-27T11:06:21.523Z
sensor.stormbreaker_surplus_ev_charge_computed_ev_power_w,4418.2,2026-02-27T11:06:31.524Z
sensor.stormbreaker_surplus_ev_charge_computed_ev_power_w,4413.4,2026-02-27T11:06:41.525Z
sensor.stormbreaker_surplus_ev_charge_computed_ev_power_w,4418.0,2026-02-27T11:06:51.526Z
sensor.stormbreaker_surplus_ev_charge_computed_ev_power_w,4424.1,2026-02-27T11:07:01.526Z
sensor.stormbreaker_surplus_ev_charge_computed_ev_power_w,4419.8,2026-02-27T11:07:11.527Z
sensor.stormbreaker_surplus_ev_charge_computed_ev_power_w,4417.6,2026-02-27T11:07:21.527Z
sensor.stormbreaker_surplus_ev_charge_computed_ev_power_w,4391.7,2026-02-27T11:07:31.530Z
sensor.stormbreaker_surplus_ev_charge_computed_ev_power_w,4421.4,2026-02-27T11:07:41.530Z
sensor.stormbreaker_surplus_ev_charge_computed_ev_power_w,4363.8,2026-02-27T11:07:51.530Z
sensor.stormbreaker_surplus_ev_charge_computed_ev_power_w,4358.2,2026-02-27T11:08:01.532Z
sensor.stormbreaker_surplus_ev_charge_computed_ev_power_w,4367.9,2026-02-27T11:08:11.533Z
sensor.stormbreaker_surplus_ev_charge_computed_ev_power_w,4377.8,2026-02-27T11:08:21.534Z
sensor.stormbreaker_surplus_ev_charge_computed_ev_power_w,4364.6,2026-02-27T11:08:31.535Z
sensor.stormbreaker_surplus_ev_charge_computed_ev_power_w,4359.7,2026-02-27T11:08:41.535Z
sensor.stormbreaker_surplus_ev_charge_computed_ev_power_w,4330.2,2026-02-27T11:08:51.536Z
sensor.stormbreaker_surplus_ev_charge_computed_ev_power_w,4258.8,2026-02-27T11:09:01.538Z
sensor.stormbreaker_surplus_ev_charge_computed_ev_power_w,4263.9,2026-02-27T11:09:11.539Z
sensor.stormbreaker_surplus_ev_charge_computed_ev_power_w,4262.7,2026-02-27T11:09:21.540Z
sensor.stormbreaker_surplus_ev_charge_computed_ev_power_w,4265.4,2026-02-27T11:09:33.590Z
sensor.stormbreaker_surplus_ev_charge_computed_ev_power_w,3550.5,2026-02-27T11:09:41.688Z
sensor.stormbreaker_surplus_ev_charge_computed_ev_power_w,3543.1,2026-02-27T11:09:51.702Z
sensor.stormbreaker_surplus_ev_charge_computed_ev_power_w,3557.4,2026-02-27T11:10:01.689Z
sensor.stormbreaker_surplus_ev_charge_computed_ev_power_w,3546.7,2026-02-27T11:10:11.689Z
sensor.stormbreaker_surplus_ev_charge_computed_ev_power_w,3557.4,2026-02-27T11:10:21.546Z
sensor.stormbreaker_surplus_ev_charge_computed_ev_power_w,5.6,2026-02-27T11:10:31.548Z
sensor.stormbreaker_surplus_ev_charge_computed_ev_power_w,5.7,2026-02-27T11:10:41.549Z
sensor.stormbreaker_surplus_ev_charge_computed_ev_power_w,6.0,2026-02-27T11:10:51.550Z
sensor.stormbreaker_surplus_ev_charge_computed_ev_power_w,0.0,2026-02-27T11:11:01.550Z
sensor.stormbreaker_surplus_ev_charge_computed_ev_power_w,5.6,2026-02-27T11:11:11.551Z
sensor.stormbreaker_surplus_ev_charge_computed_ev_power_w,6.7,2026-02-27T11:11:21.551Z
sensor.stormbreaker_surplus_ev_charge_computed_ev_power_w,5.9,2026-02-27T11:11:31.554Z
sensor.stormbreaker_surplus_ev_charge_computed_ev_power_w,5.8,2026-02-27T11:11:41.556Z
sensor.stormbreaker_surplus_ev_charge_computed_ev_power_w,6.3,2026-02-27T11:11:51.557Z
sensor.stormbreaker_surplus_ev_charge_computed_ev_power_w,5.9,2026-02-27T11:12:01.558Z
sensor.stormbreaker_surplus_ev_charge_computed_ev_power_w,6.2,2026-02-27T11:12:11.559Z
sensor.stormbreaker_surplus_ev_charge_computed_ev_power_w,6.3,2026-02-27T11:12:21.561Z
sensor.stormbreaker_surplus_ev_charge_computed_ev_power_w,0.0,2026-02-27T11:12:31.562Z
sensor.stormbreaker_surplus_ev_charge_computed_ev_power_w,5.8,2026-02-27T11:12:51.563Z
sensor.stormbreaker_surplus_ev_charge_computed_ev_power_w,5.6,2026-02-27T11:13:01.563Z
sensor.stormbreaker_surplus_ev_charge_computed_ev_power_w,0.0,2026-02-27T11:13:11.564Z
sensor.stormbreaker_surplus_ev_charge_computed_ev_power_w,10.6,2026-02-27T11:13:21.567Z
sensor.stormbreaker_surplus_ev_charge_computed_ev_power_w,539.1,2026-02-27T11:13:31.567Z
sensor.stormbreaker_surplus_ev_charge_computed_ev_power_w,1438.5,2026-02-27T11:13:41.567Z
sensor.stormbreaker_surplus_ev_charge_computed_ev_power_w,1436.2,2026-02-27T11:13:51.568Z
sensor.stormbreaker_surplus_ev_charge_computed_ev_power_w,1435.4,2026-02-27T11:14:01.568Z
sensor.stormbreaker_surplus_ev_charge_computed_ev_power_w,1434.5,2026-02-27T11:14:11.569Z
sensor.stormbreaker_surplus_ev_charge_computed_ev_power_w,1432.0,2026-02-27T11:14:21.568Z
sensor.stormbreaker_surplus_ev_charge_computed_ev_power_w,1435.1,2026-02-27T11:14:31.570Z
sensor.stormbreaker_surplus_ev_charge_computed_ev_power_w,1438.3,2026-02-27T11:14:48.264Z
sensor.stormbreaker_surplus_ev_charge_computed_ev_power_w,2134.5,2026-02-27T11:14:51.571Z
sensor.stormbreaker_surplus_ev_charge_computed_ev_power_w,2139.4,2026-02-27T11:15:01.572Z
sensor.stormbreaker_surplus_ev_charge_computed_ev_power_w,2148.3,2026-02-27T11:15:11.573Z
sensor.stormbreaker_surplus_ev_charge_computed_ev_power_w,2129.7,2026-02-27T11:15:21.574Z
sensor.stormbreaker_surplus_ev_charge_computed_ev_power_w,2131.3,2026-02-27T11:15:31.576Z
sensor.stormbreaker_surplus_ev_charge_computed_ev_power_w,2127.7,2026-02-27T11:15:41.576Z
sensor.stormbreaker_surplus_ev_charge_computed_ev_power_w,2133.6,2026-02-27T11:15:51.576Z
sensor.stormbreaker_surplus_ev_charge_computed_ev_power_w,2136.5,2026-02-27T11:16:01.577Z
sensor.stormbreaker_surplus_ev_charge_computed_ev_power_w,2185.5,2026-02-27T11:16:11.578Z
sensor.stormbreaker_surplus_ev_charge_computed_ev_power_w,2196.0,2026-02-27T11:16:21.578Z
sensor.stormbreaker_surplus_ev_charge_computed_ev_power_w,2212.6,2026-02-27T11:16:31.579Z
sensor.stormbreaker_surplus_ev_charge_computed_ev_power_w,2215.4,2026-02-27T11:16:48.187Z
sensor.stormbreaker_surplus_ev_charge_computed_ev_power_w,2937.5,2026-02-27T11:16:51.585Z
sensor.stormbreaker_surplus_ev_charge_computed_ev_power_w,2926.3,2026-02-27T11:17:01.584Z
sensor.stormbreaker_surplus_ev_charge_computed_ev_power_w,2921.8,2026-02-27T11:17:11.587Z
sensor.stormbreaker_surplus_ev_charge_computed_ev_power_w,2921.7,2026-02-27T11:17:21.588Z
sensor.stormbreaker_surplus_ev_charge_computed_ev_power_w,2899.3,2026-02-27T11:17:31.588Z
sensor.stormbreaker_surplus_ev_charge_computed_ev_power_w,2861.7,2026-02-27T11:17:41.588Z
sensor.stormbreaker_surplus_ev_charge_computed_ev_power_w,2826.3,2026-02-27T11:17:51.588Z
sensor.stormbreaker_surplus_ev_charge_computed_ev_power_w,2842.7,2026-02-27T11:18:01.590Z
sensor.stormbreaker_surplus_ev_charge_computed_ev_power_w,2838.2,2026-02-27T11:18:11.591Z
sensor.stormbreaker_surplus_ev_charge_computed_ev_power_w,2852.9,2026-02-27T11:18:21.592Z
sensor.stormbreaker_surplus_ev_charge_computed_ev_power_w,2834.9,2026-02-27T11:18:31.589Z
sensor.stormbreaker_surplus_ev_charge_computed_ev_power_w,2822.1,2026-02-27T11:18:41.592Z
sensor.stormbreaker_surplus_ev_charge_computed_ev_power_w,2842.8,2026-02-27T11:18:58.341Z
sensor.stormbreaker_surplus_ev_charge_computed_ev_power_w,2136.5,2026-02-27T11:19:01.749Z
sensor.stormbreaker_surplus_ev_charge_computed_ev_power_w,2116.1,2026-02-27T11:19:11.742Z
sensor.stormbreaker_surplus_ev_charge_computed_ev_power_w,2130.8,2026-02-27T11:19:21.597Z
sensor.stormbreaker_surplus_ev_charge_computed_ev_power_w,0.0,2026-02-27T11:19:31.599Z
sensor.stormbreaker_surplus_ev_charge_computed_ev_power_w,5.7,2026-02-27T11:19:41.600Z
sensor.stormbreaker_surplus_ev_charge_computed_ev_power_w,6.6,2026-02-27T11:19:51.601Z
sensor.stormbreaker_surplus_ev_charge_computed_ev_power_w,0.0,2026-02-27T11:20:01.602Z
sensor.stormbreaker_surplus_ev_charge_computed_ev_power_w,5.8,2026-02-27T11:20:11.603Z
sensor.stormbreaker_surplus_ev_charge_computed_ev_power_w,6.2,2026-02-27T11:20:21.603Z
sensor.stormbreaker_surplus_ev_charge_computed_ev_power_w,0.0,2026-02-27T11:20:31.607Z
sensor.stormbreaker_surplus_ev_charge_computed_ev_power_w,5.6,2026-02-27T11:20:41.609Z
sensor.stormbreaker_surplus_ev_charge_computed_ev_power_w,6.4,2026-02-27T11:20:51.609Z
sensor.stormbreaker_surplus_ev_charge_computed_ev_power_w,5.8,2026-02-27T11:21:01.611Z
sensor.stormbreaker_surplus_ev_charge_computed_ev_power_w,5.9,2026-02-27T11:21:11.612Z
sensor.stormbreaker_surplus_ev_charge_computed_ev_power_w,5.7,2026-02-27T11:21:21.613Z
sensor.stormbreaker_surplus_ev_charge_computed_ev_power_w,5.9,2026-02-27T11:21:31.614Z
sensor.stormbreaker_surplus_ev_charge_computed_ev_power_w,6.7,2026-02-27T11:21:41.615Z
sensor.stormbreaker_surplus_ev_charge_computed_ev_power_w,5.9,2026-02-27T11:21:51.616Z
sensor.stormbreaker_surplus_ev_charge_computed_ev_power_w,52.8,2026-02-27T11:22:21.619Z
sensor.stormbreaker_surplus_ev_charge_computed_ev_power_w,946.4,2026-02-27T11:22:31.620Z
sensor.stormbreaker_surplus_ev_charge_computed_ev_power_w,1427.1,2026-02-27T11:22:41.621Z
sensor.stormbreaker_surplus_ev_charge_computed_ev_power_w,1425.9,2026-02-27T11:22:51.619Z
sensor.stormbreaker_surplus_ev_charge_computed_ev_power_w,1429.6,2026-02-27T11:23:01.621Z
sensor.stormbreaker_surplus_ev_charge_computed_ev_power_w,1432.0,2026-02-27T11:23:11.622Z
sensor.stormbreaker_surplus_ev_charge_computed_ev_power_w,1428.9,2026-02-27T11:23:21.623Z
sensor.stormbreaker_surplus_ev_charge_computed_ev_power_w,1428.0,2026-02-27T11:23:31.623Z
sensor.stormbreaker_surplus_ev_charge_computed_ev_power_w,1429.7,2026-02-27T11:23:41.624Z
sensor.stormbreaker_surplus_ev_charge_computed_ev_power_w,1438.4,2026-02-27T11:23:51.626Z
sensor.stormbreaker_surplus_ev_charge_computed_ev_power_w,1433.2,2026-02-27T11:24:01.627Z
sensor.stormbreaker_surplus_ev_charge_computed_ev_power_w,1430.1,2026-02-27T11:24:11.627Z
sensor.stormbreaker_surplus_ev_charge_computed_ev_power_w,1424.8,2026-02-27T11:24:21.630Z
sensor.stormbreaker_surplus_ev_charge_computed_ev_power_w,1425.8,2026-02-27T11:24:31.630Z
sensor.stormbreaker_surplus_ev_charge_computed_ev_power_w,1430.2,2026-02-27T11:24:41.629Z
sensor.stormbreaker_surplus_ev_charge_computed_ev_power_w,1431.8,2026-02-27T11:24:51.809Z
sensor.stormbreaker_surplus_ev_charge_computed_ev_power_w,1431.4,2026-02-27T11:25:01.814Z
sensor.stormbreaker_surplus_ev_charge_computed_ev_power_w,1427.8,2026-02-27T11:25:11.813Z
sensor.stormbreaker_surplus_ev_charge_computed_ev_power_w,1425.4,2026-02-27T11:25:21.815Z
sensor.stormbreaker_surplus_ev_charge_computed_ev_power_w,1429.0,2026-02-27T11:25:31.817Z
sensor.stormbreaker_surplus_ev_charge_computed_ev_power_w,1431.6,2026-02-27T11:25:41.818Z
sensor.stormbreaker_surplus_ev_charge_computed_ev_power_w,1426.6,2026-02-27T11:25:51.819Z
sensor.stormbreaker_surplus_ev_charge_computed_ev_power_w,1423.2,2026-02-27T11:26:06.936Z
sensor.stormbreaker_surplus_ev_charge_computed_ev_power_w,736.4,2026-02-27T11:26:11.818Z
sensor.stormbreaker_surplus_ev_charge_computed_ev_power_w,5.8,2026-02-27T11:26:21.822Z
sensor.stormbreaker_surplus_ev_charge_computed_ev_power_w,6.2,2026-02-27T11:26:31.824Z
sensor.stormbreaker_surplus_ev_charge_computed_ev_power_w,5.6,2026-02-27T11:26:41.825Z
sensor.stormbreaker_surplus_ev_charge_computed_ev_power_w,5.9,2026-02-27T11:26:51.825Z
sensor.stormbreaker_surplus_ev_charge_computed_ev_power_w,0.0,2026-02-27T11:27:01.826Z
sensor.stormbreaker_surplus_ev_charge_computed_ev_power_w,6.0,2026-02-27T11:27:11.826Z
sensor.stormbreaker_surplus_ev_charge_computed_ev_power_w,0.0,2026-02-27T11:27:21.828Z
sensor.stormbreaker_surplus_ev_charge_computed_ev_power_w,6.1,2026-02-27T11:27:41.828Z
sensor.stormbreaker_surplus_ev_charge_computed_ev_power_w,0.0,2026-02-27T11:27:51.830Z
sensor.stormbreaker_surplus_ev_charge_computed_ev_power_w,5.7,2026-02-27T11:28:11.832Z
sensor.stormbreaker_surplus_ev_charge_computed_ev_power_w,5.8,2026-02-27T11:28:21.833Z
sensor.stormbreaker_surplus_ev_charge_computed_ev_power_w,6.2,2026-02-27T11:28:31.833Z
sensor.stormbreaker_surplus_ev_charge_computed_ev_power_w,6.0,2026-02-27T11:28:41.834Z
sensor.stormbreaker_surplus_ev_charge_computed_ev_power_w,5.6,2026-02-27T11:28:51.835Z
sensor.stormbreaker_surplus_ev_charge_computed_ev_power_w,5.8,2026-02-27T11:29:01.836Z
sensor.stormbreaker_surplus_ev_charge_computed_ev_power_w,31.5,2026-02-27T11:29:11.837Z
sensor.stormbreaker_surplus_ev_charge_computed_ev_power_w,485.6,2026-02-27T11:29:21.836Z
sensor.stormbreaker_surplus_ev_charge_computed_ev_power_w,728.9,2026-02-27T11:29:31.838Z
sensor.stormbreaker_surplus_ev_charge_computed_ev_power_w,725.5,2026-02-27T11:29:41.840Z
sensor.stormbreaker_surplus_ev_charge_computed_ev_power_w,726.9,2026-02-27T11:29:51.841Z
sensor.stormbreaker_surplus_ev_charge_computed_ev_power_w,735.1,2026-02-27T11:30:08.272Z
sensor.stormbreaker_surplus_ev_charge_computed_ev_power_w,1431.0,2026-02-27T11:30:11.842Z
sensor.stormbreaker_surplus_ev_charge_computed_ev_power_w,1431.4,2026-02-27T11:30:21.841Z
sensor.stormbreaker_surplus_ev_charge_computed_ev_power_w,1427.3,2026-02-27T11:30:31.840Z
sensor.stormbreaker_surplus_ev_charge_computed_ev_power_w,1437.8,2026-02-27T11:30:41.844Z
sensor.stormbreaker_surplus_ev_charge_computed_ev_power_w,1427.1,2026-02-27T11:30:51.844Z
sensor.stormbreaker_surplus_ev_charge_computed_ev_power_w,1425.5,2026-02-27T11:31:01.844Z
sensor.stormbreaker_surplus_ev_charge_computed_ev_power_w,1435.4,2026-02-27T11:31:11.847Z
sensor.stormbreaker_surplus_ev_charge_computed_ev_power_w,1422.1,2026-02-27T11:31:21.848Z
sensor.stormbreaker_surplus_ev_charge_computed_ev_power_w,1433.5,2026-02-27T11:31:31.847Z
sensor.stormbreaker_surplus_ev_charge_computed_ev_power_w,1426.6,2026-02-27T11:31:41.849Z
sensor.stormbreaker_surplus_ev_charge_computed_ev_power_w,1424.8,2026-02-27T11:31:51.850Z
sensor.stormbreaker_surplus_ev_charge_computed_ev_power_w,1425.9,2026-02-27T11:32:01.851Z
sensor.stormbreaker_surplus_ev_charge_computed_ev_power_w,1427.0,2026-02-27T11:32:11.853Z
sensor.stormbreaker_surplus_ev_charge_computed_ev_power_w,1426.3,2026-02-27T11:32:21.856Z
sensor.stormbreaker_surplus_ev_charge_computed_ev_power_w,1421.6,2026-02-27T11:32:31.856Z
sensor.stormbreaker_surplus_ev_charge_computed_ev_power_w,1424.2,2026-02-27T11:32:41.857Z
sensor.stormbreaker_surplus_ev_charge_computed_ev_power_w,1423.0,2026-02-27T11:32:51.858Z
sensor.stormbreaker_surplus_ev_charge_computed_ev_power_w,1425.1,2026-02-27T11:33:01.858Z
sensor.stormbreaker_surplus_ev_charge_computed_ev_power_w,1429.7,2026-02-27T11:33:11.859Z
sensor.stormbreaker_surplus_ev_charge_computed_ev_power_w,1431.4,2026-02-27T11:33:21.861Z
sensor.stormbreaker_surplus_ev_charge_computed_ev_power_w,1432.3,2026-02-27T11:33:31.862Z
sensor.stormbreaker_surplus_ev_charge_computed_ev_power_w,1430.1,2026-02-27T11:33:41.863Z
sensor.stormbreaker_surplus_ev_charge_computed_ev_power_w,1434.7,2026-02-27T11:33:51.861Z
sensor.stormbreaker_surplus_ev_charge_computed_ev_power_w,1436.2,2026-02-27T11:34:01.864Z
sensor.stormbreaker_surplus_ev_charge_computed_ev_power_w,1438.8,2026-02-27T11:34:11.865Z
sensor.stormbreaker_surplus_ev_charge_computed_ev_power_w,1434.8,2026-02-27T11:34:21.864Z
sensor.stormbreaker_surplus_ev_charge_computed_ev_power_w,1428.8,2026-02-27T11:34:31.866Z
sensor.stormbreaker_surplus_ev_charge_computed_ev_power_w,1435.0,2026-02-27T11:34:41.867Z
sensor.stormbreaker_surplus_ev_charge_computed_ev_power_w,1433.1,2026-02-27T11:34:51.868Z
sensor.stormbreaker_surplus_ev_charge_computed_ev_power_w,1429.2,2026-02-27T11:35:01.876Z
sensor.stormbreaker_surplus_ev_charge_computed_ev_power_w,1432.6,2026-02-27T11:35:11.874Z
sensor.stormbreaker_surplus_ev_charge_computed_ev_power_w,1433.6,2026-02-27T11:35:21.875Z
sensor.stormbreaker_surplus_ev_charge_computed_ev_power_w,1430.5,2026-02-27T11:35:31.876Z
sensor.stormbreaker_surplus_ev_charge_computed_ev_power_w,1433.6,2026-02-27T11:35:41.877Z
sensor.stormbreaker_surplus_ev_charge_computed_ev_power_w,1439.9,2026-02-27T11:35:52.015Z
sensor.stormbreaker_surplus_ev_charge_computed_ev_power_w,1431.5,2026-02-27T11:36:02.021Z
sensor.stormbreaker_surplus_ev_charge_computed_ev_power_w,1430.0,2026-02-27T11:36:12.025Z
sensor.stormbreaker_surplus_ev_charge_computed_ev_power_w,1425.7,2026-02-27T11:36:22.025Z
sensor.stormbreaker_surplus_ev_charge_computed_ev_power_w,1433.1,2026-02-27T11:36:32.027Z
sensor.stormbreaker_surplus_ev_charge_computed_ev_power_w,1426.2,2026-02-27T11:36:42.027Z
sensor.stormbreaker_surplus_ev_charge_computed_ev_power_w,1423.9,2026-02-27T11:36:52.028Z
sensor.stormbreaker_surplus_ev_charge_computed_ev_power_w,1432.2,2026-02-27T11:37:02.029Z
sensor.stormbreaker_surplus_ev_charge_computed_ev_power_w,1433.1,2026-02-27T11:37:12.030Z
sensor.stormbreaker_surplus_ev_charge_computed_ev_power_w,1424.1,2026-02-27T11:37:22.171Z
sensor.stormbreaker_surplus_ev_charge_computed_ev_power_w,1424.2,2026-02-27T11:37:32.176Z
sensor.stormbreaker_surplus_ev_charge_computed_ev_power_w,1429.4,2026-02-27T11:37:42.180Z
sensor.stormbreaker_surplus_ev_charge_computed_ev_power_w,1430.3,2026-02-27T11:37:52.180Z
sensor.stormbreaker_surplus_ev_charge_computed_ev_power_w,1430.1,2026-02-27T11:38:02.183Z
sensor.stormbreaker_surplus_ev_charge_computed_ev_power_w,1427.9,2026-02-27T11:38:12.184Z
sensor.stormbreaker_surplus_ev_charge_computed_ev_power_w,1430.6,2026-02-27T11:38:22.183Z
sensor.stormbreaker_surplus_ev_charge_computed_ev_power_w,1433.4,2026-02-27T11:38:32.185Z
sensor.stormbreaker_surplus_ev_charge_computed_ev_power_w,1429.1,2026-02-27T11:38:42.186Z
sensor.stormbreaker_surplus_ev_charge_computed_ev_power_w,1436.2,2026-02-27T11:38:52.187Z
sensor.stormbreaker_surplus_ev_charge_computed_ev_power_w,1428.5,2026-02-27T11:39:02.186Z
sensor.stormbreaker_surplus_ev_charge_computed_ev_power_w,1428.7,2026-02-27T11:39:12.189Z
sensor.stormbreaker_surplus_ev_charge_computed_ev_power_w,1430.1,2026-02-27T11:39:22.189Z
sensor.stormbreaker_surplus_ev_charge_computed_ev_power_w,1422.6,2026-02-27T11:39:32.189Z
sensor.stormbreaker_surplus_ev_charge_computed_ev_power_w,1430.6,2026-02-27T11:39:42.192Z
sensor.stormbreaker_surplus_ev_charge_computed_ev_power_w,1432.8,2026-02-27T11:39:52.193Z
sensor.stormbreaker_surplus_ev_charge_computed_ev_power_w,1424.3,2026-02-27T11:40:02.192Z
sensor.stormbreaker_surplus_ev_charge_computed_ev_power_w,1430.4,2026-02-27T11:40:12.195Z
sensor.stormbreaker_surplus_ev_charge_computed_ev_power_w,1428.8,2026-02-27T11:40:22.195Z
sensor.stormbreaker_surplus_ev_charge_computed_ev_power_w,1423.7,2026-02-27T11:40:32.194Z
sensor.stormbreaker_surplus_ev_charge_computed_ev_power_w,1422.7,2026-02-27T11:40:42.195Z
sensor.stormbreaker_surplus_ev_charge_computed_ev_power_w,1430.5,2026-02-27T11:40:52.197Z
sensor.stormbreaker_surplus_ev_charge_computed_ev_power_w,1433.9,2026-02-27T11:41:02.197Z
sensor.stormbreaker_surplus_ev_charge_computed_ev_power_w,1438.3,2026-02-27T11:41:12.198Z
sensor.stormbreaker_surplus_ev_charge_computed_ev_power_w,1432.0,2026-02-27T11:41:22.197Z
sensor.stormbreaker_surplus_ev_charge_computed_ev_power_w,1435.3,2026-02-27T11:41:32.199Z
sensor.stormbreaker_surplus_ev_charge_computed_ev_power_w,1432.5,2026-02-27T11:41:42.200Z
sensor.stormbreaker_surplus_ev_charge_computed_ev_power_w,1425.0,2026-02-27T11:41:52.201Z
sensor.stormbreaker_surplus_ev_charge_computed_ev_power_w,1426.6,2026-02-27T11:42:02.202Z
sensor.stormbreaker_surplus_ev_charge_computed_ev_power_w,1433.0,2026-02-27T11:42:12.202Z
sensor.stormbreaker_surplus_ev_charge_computed_ev_power_w,1423.4,2026-02-27T11:42:22.204Z
sensor.stormbreaker_surplus_ev_charge_computed_ev_power_w,1431.5,2026-02-27T11:42:38.850Z
sensor.stormbreaker_surplus_ev_charge_computed_ev_power_w,729.5,2026-02-27T11:42:42.210Z
sensor.stormbreaker_surplus_ev_charge_computed_ev_power_w,0.0,2026-02-27T11:42:52.210Z
sensor.stormbreaker_surplus_ev_charge_computed_ev_power_w,5.7,2026-02-27T11:43:12.212Z
sensor.stormbreaker_surplus_ev_charge_computed_ev_power_w,0.0,2026-02-27T11:43:22.213Z
sensor.stormbreaker_surplus_ev_charge_computed_ev_power_w,6.3,2026-02-27T11:43:32.212Z
sensor.stormbreaker_surplus_ev_charge_computed_ev_power_w,0.0,2026-02-27T11:43:42.213Z
sensor.stormbreaker_surplus_ev_charge_computed_ev_power_w,5.5,2026-02-27T11:43:52.214Z
sensor.stormbreaker_surplus_ev_charge_computed_ev_power_w,6.0,2026-02-27T11:44:02.214Z
sensor.stormbreaker_surplus_ev_charge_computed_ev_power_w,0.0,2026-02-27T11:44:22.216Z
sensor.stormbreaker_surplus_ev_charge_computed_ev_power_w,5.6,2026-02-27T11:44:52.217Z
sensor.stormbreaker_surplus_ev_charge_computed_ev_power_w,0.0,2026-02-27T11:45:12.218Z
sensor.stormbreaker_surplus_ev_charge_computed_ev_power_w,6.3,2026-02-27T11:45:32.220Z
sensor.stormbreaker_surplus_ev_charge_computed_ev_power_w,5.7,2026-02-27T11:45:42.221Z
sensor.stormbreaker_surplus_ev_charge_computed_ev_power_w,0.0,2026-02-27T11:45:52.223Z
sensor.stormbreaker_surplus_ev_charge_computed_ev_power_w,5.8,2026-02-27T11:46:02.222Z
sensor.stormbreaker_surplus_ev_charge_computed_ev_power_w,10.2,2026-02-27T11:46:12.225Z
sensor.stormbreaker_surplus_ev_charge_computed_ev_power_w,243.9,2026-02-27T11:46:22.225Z
sensor.stormbreaker_surplus_ev_charge_computed_ev_power_w,485.6,2026-02-27T11:46:32.226Z
sensor.stormbreaker_surplus_ev_charge_computed_ev_power_w,731.0,2026-02-27T11:46:42.387Z
sensor.stormbreaker_surplus_ev_charge_computed_ev_power_w,729.4,2026-02-27T11:46:52.229Z
sensor.stormbreaker_surplus_ev_charge_computed_ev_power_w,726.5,2026-02-27T11:47:02.230Z
sensor.stormbreaker_surplus_ev_charge_computed_ev_power_w,724.0,2026-02-27T11:47:12.231Z
sensor.stormbreaker_surplus_ev_charge_computed_ev_power_w,724.8,2026-02-27T11:47:22.231Z
sensor.stormbreaker_surplus_ev_charge_computed_ev_power_w,723.0,2026-02-27T11:47:32.231Z
sensor.stormbreaker_surplus_ev_charge_computed_ev_power_w,725.6,2026-02-27T11:47:42.232Z
sensor.stormbreaker_surplus_ev_charge_computed_ev_power_w,725.4,2026-02-27T11:47:52.231Z
sensor.stormbreaker_surplus_ev_charge_computed_ev_power_w,725.5,2026-02-27T11:48:02.233Z
sensor.stormbreaker_surplus_ev_charge_computed_ev_power_w,725.8,2026-02-27T11:48:12.234Z
sensor.stormbreaker_surplus_ev_charge_computed_ev_power_w,723.6,2026-02-27T11:48:22.235Z
sensor.stormbreaker_surplus_ev_charge_computed_ev_power_w,730.7,2026-02-27T11:48:32.235Z
sensor.stormbreaker_surplus_ev_charge_computed_ev_power_w,730.4,2026-02-27T11:48:42.235Z
sensor.stormbreaker_surplus_ev_charge_computed_ev_power_w,728.0,2026-02-27T11:48:52.238Z
sensor.stormbreaker_surplus_ev_charge_computed_ev_power_w,726.5,2026-02-27T11:49:02.238Z
sensor.stormbreaker_surplus_ev_charge_computed_ev_power_w,729.2,2026-02-27T11:49:12.240Z
sensor.stormbreaker_surplus_ev_charge_computed_ev_power_w,727.4,2026-02-27T11:49:22.242Z
sensor.stormbreaker_surplus_ev_charge_computed_ev_power_w,717.7,2026-02-27T11:49:32.244Z
sensor.stormbreaker_surplus_ev_charge_computed_ev_power_w,727.6,2026-02-27T11:49:42.247Z
sensor.stormbreaker_surplus_ev_charge_computed_ev_power_w,727.1,2026-02-27T11:49:52.248Z
sensor.stormbreaker_surplus_ev_charge_computed_ev_power_w,734.3,2026-02-27T11:50:02.248Z
sensor.stormbreaker_surplus_ev_charge_computed_ev_power_w,734.2,2026-02-27T11:50:12.249Z
sensor.stormbreaker_surplus_ev_charge_computed_ev_power_w,737.0,2026-02-27T11:50:22.250Z
sensor.stormbreaker_surplus_ev_charge_computed_ev_power_w,744.9,2026-02-27T11:50:32.251Z
sensor.stormbreaker_surplus_ev_charge_computed_ev_power_w,735.7,2026-02-27T11:50:42.251Z
sensor.stormbreaker_surplus_ev_charge_computed_ev_power_w,730.0,2026-02-27T11:50:52.252Z
sensor.stormbreaker_surplus_ev_charge_computed_ev_power_w,729.4,2026-02-27T11:51:02.253Z
sensor.stormbreaker_surplus_ev_charge_computed_ev_power_w,725.8,2026-02-27T11:51:12.741Z
sensor.stormbreaker_surplus_ev_charge_computed_ev_power_w,726.6,2026-02-27T11:51:22.745Z
sensor.stormbreaker_surplus_ev_charge_computed_ev_power_w,732.7,2026-02-27T11:51:32.746Z
sensor.stormbreaker_surplus_ev_charge_computed_ev_power_w,734.0,2026-02-27T11:51:42.745Z
sensor.stormbreaker_surplus_ev_charge_computed_ev_power_w,5.6,2026-02-27T11:51:52.747Z
sensor.stormbreaker_surplus_ev_charge_computed_ev_power_w,0.0,2026-02-27T11:52:02.748Z
sensor.stormbreaker_surplus_ev_charge_computed_ev_power_w,5.8,2026-02-27T11:53:02.753Z
sensor.stormbreaker_surplus_ev_charge_computed_ev_power_w,0.0,2026-02-27T11:53:12.754Z
sensor.stormbreaker_surplus_ev_charge_computed_ev_power_w,5.7,2026-02-27T11:54:32.762Z
sensor.stormbreaker_surplus_ev_charge_computed_ev_power_w,0.0,2026-02-27T11:54:42.762Z
sensor.stormbreaker_surplus_ev_charge_computed_ev_power_w,5.7,2026-02-27T11:55:12.764Z
sensor.stormbreaker_surplus_ev_charge_computed_ev_power_w,5.8,2026-02-27T11:55:22.765Z
sensor.stormbreaker_surplus_ev_charge_computed_ev_power_w,0.0,2026-02-27T11:55:32.766Z
sensor.stormbreaker_surplus_ev_charge_computed_ev_power_w,5.8,2026-02-27T11:55:42.767Z
sensor.stormbreaker_surplus_ev_charge_computed_ev_power_w,0.0,2026-02-27T11:55:52.768Z
sensor.stormbreaker_surplus_ev_charge_computed_ev_power_w,5.8,2026-02-27T11:56:32.772Z
sensor.stormbreaker_surplus_ev_charge_computed_ev_power_w,0.0,2026-02-27T11:56:42.773Z
sensor.stormbreaker_surplus_ev_charge_computed_ev_power_w,5.5,2026-02-27T11:57:02.774Z
sensor.stormbreaker_surplus_ev_charge_computed_ev_power_w,0.0,2026-02-27T11:57:12.776Z
sensor.stormbreaker_surplus_ev_charge_computed_ev_power_w,6.0,2026-02-27T11:57:22.775Z
sensor.stormbreaker_surplus_ev_charge_computed_ev_power_w,9.2,2026-02-27T11:57:32.778Z
sensor.stormbreaker_surplus_ev_charge_computed_ev_power_w,269.6,2026-02-27T11:57:42.779Z
sensor.stormbreaker_surplus_ev_charge_computed_ev_power_w,737.2,2026-02-27T11:57:52.780Z
sensor.stormbreaker_surplus_ev_charge_computed_ev_power_w,734.5,2026-02-27T11:58:02.778Z
sensor.stormbreaker_surplus_ev_charge_computed_ev_power_w,730.0,2026-02-27T11:58:12.782Z
sensor.stormbreaker_surplus_ev_charge_computed_ev_power_w,729.8,2026-02-27T11:58:22.782Z
sensor.stormbreaker_surplus_ev_charge_computed_ev_power_w,731.0,2026-02-27T11:58:32.783Z
sensor.stormbreaker_surplus_ev_charge_computed_ev_power_w,729.0,2026-02-27T11:58:42.784Z
sensor.stormbreaker_surplus_ev_charge_computed_ev_power_w,731.2,2026-02-27T11:58:52.785Z
sensor.stormbreaker_surplus_ev_charge_computed_ev_power_w,728.9,2026-02-27T11:59:02.786Z
sensor.stormbreaker_surplus_ev_charge_computed_ev_power_w,725.2,2026-02-27T11:59:12.784Z
sensor.stormbreaker_surplus_ev_charge_computed_ev_power_w,728.5,2026-02-27T11:59:22.786Z
sensor.stormbreaker_surplus_ev_charge_computed_ev_power_w,724.6,2026-02-27T11:59:32.788Z
sensor.stormbreaker_surplus_ev_charge_computed_ev_power_w,721.6,2026-02-27T11:59:42.790Z
sensor.stormbreaker_surplus_ev_charge_computed_ev_power_w,724.0,2026-02-27T11:59:52.791Z
sensor.stormbreaker_surplus_ev_charge_computed_ev_power_w,727.7,2026-02-27T12:00:02.793Z
sensor.stormbreaker_surplus_ev_charge_computed_ev_power_w,732.9,2026-02-27T12:00:12.797Z
sensor.stormbreaker_surplus_ev_charge_computed_ev_power_w,735.4,2026-02-27T12:00:22.798Z
sensor.stormbreaker_surplus_ev_charge_computed_ev_power_w,732.2,2026-02-27T12:00:32.798Z
sensor.stormbreaker_surplus_ev_charge_computed_ev_power_w,735.1,2026-02-27T12:00:42.799Z
sensor.stormbreaker_surplus_ev_charge_computed_ev_power_w,733.5,2026-02-27T12:00:52.801Z
sensor.stormbreaker_surplus_ev_charge_computed_ev_power_w,724.8,2026-02-27T12:01:02.801Z
sensor.stormbreaker_surplus_ev_charge_computed_ev_power_w,732.0,2026-02-27T12:01:12.803Z
sensor.stormbreaker_surplus_ev_charge_computed_ev_power_w,735.3,2026-02-27T12:01:22.804Z
sensor.stormbreaker_surplus_ev_charge_computed_ev_power_w,731.9,2026-02-27T12:01:32.805Z
sensor.stormbreaker_surplus_ev_charge_computed_ev_power_w,736.2,2026-02-27T12:01:42.805Z
sensor.stormbreaker_surplus_ev_charge_computed_ev_power_w,731.5,2026-02-27T12:01:52.805Z
sensor.stormbreaker_surplus_ev_charge_computed_ev_power_w,728.5,2026-02-27T12:02:02.806Z
sensor.stormbreaker_surplus_ev_charge_computed_ev_power_w,0.0,2026-02-27T12:02:12.808Z
sensor.stormbreaker_surplus_ev_charge_computed_ev_power_w,6.3,2026-02-27T12:02:22.809Z
sensor.stormbreaker_surplus_ev_charge_computed_ev_power_w,5.5,2026-02-27T12:02:32.808Z
sensor.stormbreaker_surplus_ev_charge_computed_ev_power_w,5.9,2026-02-27T12:02:52.812Z
sensor.stormbreaker_surplus_ev_charge_computed_ev_power_w,5.6,2026-02-27T12:03:02.812Z
sensor.stormbreaker_surplus_ev_charge_computed_ev_power_w,5.5,2026-02-27T12:03:12.814Z
sensor.stormbreaker_surplus_ev_charge_computed_ev_power_w,5.6,2026-02-27T12:03:22.815Z
sensor.stormbreaker_surplus_ev_charge_computed_ev_power_w,5.9,2026-02-27T12:03:32.817Z
sensor.stormbreaker_surplus_ev_charge_computed_ev_power_w,5.5,2026-02-27T12:03:42.818Z
sensor.stormbreaker_surplus_ev_charge_computed_ev_power_w,5.7,2026-02-27T12:03:52.819Z
sensor.stormbreaker_surplus_ev_charge_computed_ev_power_w,6.2,2026-02-27T12:04:02.821Z
sensor.stormbreaker_surplus_ev_charge_computed_ev_power_w,5.8,2026-02-27T12:04:12.820Z
sensor.stormbreaker_surplus_ev_charge_computed_ev_power_w,6.0,2026-02-27T12:04:22.822Z
sensor.stormbreaker_surplus_ev_charge_computed_ev_power_w,6.2,2026-02-27T12:04:32.824Z
sensor.stormbreaker_surplus_ev_charge_computed_ev_power_w,5.6,2026-02-27T12:04:42.825Z
sensor.stormbreaker_surplus_ev_charge_computed_ev_power_w,5.9,2026-02-27T12:05:02.828Z
sensor.stormbreaker_surplus_ev_charge_computed_ev_power_w,5.7,2026-02-27T12:05:12.828Z
sensor.stormbreaker_surplus_ev_charge_computed_ev_power_w,5.6,2026-02-27T12:05:22.829Z
sensor.stormbreaker_surplus_ev_charge_computed_ev_power_w,5.8,2026-02-27T12:05:32.826Z
sensor.stormbreaker_surplus_ev_charge_computed_ev_power_w,0.0,2026-02-27T12:05:42.829Z
sensor.stormbreaker_surplus_ev_charge_computed_ev_power_w,6.0,2026-02-27T12:05:52.830Z
sensor.stormbreaker_surplus_ev_charge_computed_ev_power_w,5.5,2026-02-27T12:06:12.832Z
sensor.stormbreaker_surplus_ev_charge_computed_ev_power_w,0.0,2026-02-27T12:06:22.837Z
sensor.stormbreaker_surplus_ev_charge_computed_ev_power_w,6.0,2026-02-27T12:06:32.839Z
sensor.stormbreaker_surplus_ev_charge_computed_ev_power_w,10.6,2026-02-27T12:06:42.840Z
sensor.stormbreaker_surplus_ev_charge_computed_ev_power_w,303.8,2026-02-27T12:06:52.841Z
sensor.stormbreaker_surplus_ev_charge_computed_ev_power_w,730.9,2026-02-27T12:07:02.844Z
sensor.stormbreaker_surplus_ev_charge_computed_ev_power_w,735.3,2026-02-27T12:07:12.845Z
sensor.stormbreaker_surplus_ev_charge_computed_ev_power_w,733.8,2026-02-27T12:07:22.846Z
sensor.stormbreaker_surplus_ev_charge_computed_ev_power_w,733.5,2026-02-27T12:07:32.846Z
sensor.stormbreaker_surplus_ev_charge_computed_ev_power_w,737.9,2026-02-27T12:07:42.848Z
sensor.stormbreaker_surplus_ev_charge_computed_ev_power_w,739.4,2026-02-27T12:07:52.849Z
sensor.stormbreaker_surplus_ev_charge_computed_ev_power_w,741.8,2026-02-27T12:08:02.850Z
sensor.stormbreaker_surplus_ev_charge_computed_ev_power_w,738.0,2026-02-27T12:08:12.853Z
sensor.stormbreaker_surplus_ev_charge_computed_ev_power_w,731.2,2026-02-27T12:08:22.854Z
sensor.stormbreaker_surplus_ev_charge_computed_ev_power_w,733.7,2026-02-27T12:08:32.855Z
sensor.stormbreaker_surplus_ev_charge_computed_ev_power_w,729.6,2026-02-27T12:08:42.858Z
sensor.stormbreaker_surplus_ev_charge_computed_ev_power_w,732.6,2026-02-27T12:08:52.859Z
sensor.stormbreaker_surplus_ev_charge_computed_ev_power_w,737.8,2026-02-27T12:09:02.860Z
sensor.stormbreaker_surplus_ev_charge_computed_ev_power_w,730.8,2026-02-27T12:09:12.860Z
sensor.stormbreaker_surplus_ev_charge_computed_ev_power_w,733.3,2026-02-27T12:09:22.864Z
sensor.stormbreaker_surplus_ev_charge_computed_ev_power_w,730.9,2026-02-27T12:09:32.866Z
sensor.stormbreaker_surplus_ev_charge_computed_ev_power_w,733.0,2026-02-27T12:09:42.867Z
sensor.stormbreaker_surplus_ev_charge_computed_ev_power_w,734.2,2026-02-27T12:09:52.868Z
sensor.stormbreaker_surplus_ev_charge_computed_ev_power_w,736.4,2026-02-27T12:10:02.870Z
sensor.stormbreaker_surplus_ev_charge_computed_ev_power_w,739.6,2026-02-27T12:10:12.871Z
sensor.stormbreaker_surplus_ev_charge_computed_ev_power_w,741.4,2026-02-27T12:10:22.872Z
sensor.stormbreaker_surplus_ev_charge_computed_ev_power_w,735.4,2026-02-27T12:10:32.873Z
sensor.stormbreaker_surplus_ev_charge_computed_ev_power_w,731.8,2026-02-27T12:10:42.874Z
sensor.stormbreaker_surplus_ev_charge_computed_ev_power_w,733.0,2026-02-27T12:10:52.873Z
sensor.stormbreaker_surplus_ev_charge_computed_ev_power_w,733.5,2026-02-27T12:11:02.875Z
sensor.stormbreaker_surplus_ev_charge_computed_ev_power_w,735.2,2026-02-27T12:11:12.876Z
sensor.stormbreaker_surplus_ev_charge_computed_ev_power_w,734.8,2026-02-27T12:11:22.875Z
sensor.stormbreaker_surplus_ev_charge_computed_ev_power_w,732.8,2026-02-27T12:11:32.878Z
sensor.stormbreaker_surplus_ev_charge_computed_ev_power_w,739.6,2026-02-27T12:11:42.878Z
sensor.stormbreaker_surplus_ev_charge_computed_ev_power_w,738.1,2026-02-27T12:11:52.879Z
sensor.stormbreaker_surplus_ev_charge_computed_ev_power_w,735.7,2026-02-27T12:12:02.879Z
sensor.stormbreaker_surplus_ev_charge_computed_ev_power_w,732.9,2026-02-27T12:12:12.880Z
sensor.stormbreaker_surplus_ev_charge_computed_ev_power_w,735.5,2026-02-27T12:12:22.882Z
sensor.stormbreaker_surplus_ev_charge_computed_ev_power_w,732.1,2026-02-27T12:12:32.882Z
sensor.stormbreaker_surplus_ev_charge_computed_ev_power_w,731.9,2026-02-27T12:12:42.883Z
sensor.stormbreaker_surplus_ev_charge_computed_ev_power_w,736.4,2026-02-27T12:12:52.883Z
sensor.stormbreaker_surplus_ev_charge_computed_ev_power_w,734.6,2026-02-27T12:13:02.884Z
sensor.stormbreaker_surplus_ev_charge_computed_ev_power_w,735.4,2026-02-27T12:13:12.885Z
sensor.stormbreaker_surplus_ev_charge_computed_ev_power_w,737.3,2026-02-27T12:13:22.886Z
sensor.stormbreaker_surplus_ev_charge_computed_ev_power_w,739.5,2026-02-27T12:13:32.887Z
sensor.stormbreaker_surplus_ev_charge_computed_ev_power_w,733.6,2026-02-27T12:13:42.888Z
sensor.stormbreaker_surplus_ev_charge_computed_ev_power_w,730.8,2026-02-27T12:13:52.889Z
sensor.stormbreaker_surplus_ev_charge_computed_ev_power_w,734.8,2026-02-27T12:14:02.890Z
sensor.stormbreaker_surplus_ev_charge_computed_ev_power_w,727.6,2026-02-27T12:14:12.891Z
sensor.stormbreaker_surplus_ev_charge_computed_ev_power_w,728.6,2026-02-27T12:14:22.892Z
sensor.stormbreaker_surplus_ev_charge_computed_ev_power_w,730.3,2026-02-27T12:14:32.892Z
sensor.stormbreaker_surplus_ev_charge_computed_ev_power_w,732.1,2026-02-27T12:14:42.893Z
sensor.stormbreaker_surplus_ev_charge_computed_ev_power_w,732.0,2026-02-27T12:14:52.894Z
sensor.stormbreaker_surplus_ev_charge_computed_ev_power_w,731.1,2026-02-27T12:15:02.895Z
sensor.stormbreaker_surplus_ev_charge_computed_ev_power_w,732.4,2026-02-27T12:15:12.896Z
sensor.stormbreaker_surplus_ev_charge_computed_ev_power_w,734.6,2026-02-27T12:15:22.897Z
sensor.stormbreaker_surplus_ev_charge_computed_ev_power_w,729.7,2026-02-27T12:15:32.898Z
sensor.stormbreaker_surplus_ev_charge_computed_ev_power_w,729.4,2026-02-27T12:15:42.900Z
sensor.stormbreaker_surplus_ev_charge_computed_ev_power_w,734.8,2026-02-27T12:15:52.899Z
sensor.stormbreaker_surplus_ev_charge_computed_ev_power_w,733.7,2026-02-27T12:16:02.900Z
sensor.stormbreaker_surplus_ev_charge_computed_ev_power_w,735.6,2026-02-27T12:16:12.901Z
sensor.stormbreaker_surplus_ev_charge_computed_ev_power_w,738.4,2026-02-27T12:16:22.901Z
sensor.stormbreaker_surplus_ev_charge_computed_ev_power_w,730.5,2026-02-27T12:16:32.902Z
sensor.stormbreaker_surplus_ev_charge_computed_ev_power_w,732.6,2026-02-27T12:16:42.902Z
sensor.stormbreaker_surplus_ev_charge_computed_ev_power_w,728.8,2026-02-27T12:16:52.903Z
sensor.stormbreaker_surplus_ev_charge_computed_ev_power_w,731.4,2026-02-27T12:17:02.904Z
sensor.stormbreaker_surplus_ev_charge_computed_ev_power_w,730.6,2026-02-27T12:17:12.905Z
sensor.stormbreaker_surplus_ev_charge_computed_ev_power_w,736.3,2026-02-27T12:17:22.905Z
sensor.stormbreaker_surplus_ev_charge_computed_ev_power_w,727.5,2026-02-27T12:17:32.907Z
sensor.stormbreaker_surplus_ev_charge_computed_ev_power_w,731.9,2026-02-27T12:17:42.907Z
sensor.stormbreaker_surplus_ev_charge_computed_ev_power_w,732.3,2026-02-27T12:17:52.908Z
sensor.stormbreaker_surplus_ev_charge_computed_ev_power_w,727.6,2026-02-27T12:18:02.909Z
sensor.stormbreaker_surplus_ev_charge_computed_ev_power_w,727.0,2026-02-27T12:18:12.909Z
sensor.stormbreaker_surplus_ev_charge_computed_ev_power_w,725.9,2026-02-27T12:18:22.910Z
sensor.stormbreaker_surplus_ev_charge_computed_ev_power_w,727.2,2026-02-27T12:18:32.911Z
sensor.stormbreaker_surplus_ev_charge_computed_ev_power_w,724.3,2026-02-27T12:18:42.912Z
sensor.stormbreaker_surplus_ev_charge_computed_ev_power_w,725.5,2026-02-27T12:18:52.912Z
sensor.stormbreaker_surplus_ev_charge_computed_ev_power_w,724.4,2026-02-27T12:19:02.914Z
sensor.stormbreaker_surplus_ev_charge_computed_ev_power_w,727.0,2026-02-27T12:19:12.915Z
sensor.stormbreaker_surplus_ev_charge_computed_ev_power_w,726.3,2026-02-27T12:19:22.916Z
sensor.stormbreaker_surplus_ev_charge_computed_ev_power_w,725.5,2026-02-27T12:19:32.916Z
sensor.stormbreaker_surplus_ev_charge_computed_ev_power_w,728.2,2026-02-27T12:19:42.916Z
sensor.stormbreaker_surplus_ev_charge_computed_ev_power_w,729.7,2026-02-27T12:19:52.917Z
sensor.stormbreaker_surplus_ev_charge_computed_ev_power_w,725.8,2026-02-27T12:20:02.919Z
sensor.stormbreaker_surplus_ev_charge_computed_ev_power_w,723.6,2026-02-27T12:20:12.917Z
sensor.stormbreaker_surplus_ev_charge_computed_ev_power_w,723.5,2026-02-27T12:20:22.920Z
sensor.stormbreaker_surplus_ev_charge_computed_ev_power_w,726.9,2026-02-27T12:20:32.921Z
sensor.stormbreaker_surplus_ev_charge_computed_ev_power_w,727.8,2026-02-27T12:20:42.923Z
sensor.stormbreaker_surplus_ev_charge_computed_ev_power_w,731.8,2026-02-27T12:20:52.923Z
sensor.stormbreaker_surplus_ev_charge_computed_ev_power_w,739.4,2026-02-27T12:21:02.924Z
sensor.stormbreaker_surplus_ev_charge_computed_ev_power_w,736.2,2026-02-27T12:21:12.926Z
sensor.stormbreaker_surplus_ev_charge_computed_ev_power_w,739.1,2026-02-27T12:21:22.928Z
sensor.stormbreaker_surplus_ev_charge_computed_ev_power_w,730.4,2026-02-27T12:21:32.929Z
sensor.stormbreaker_surplus_ev_charge_computed_ev_power_w,729.6,2026-02-27T12:21:42.929Z
sensor.stormbreaker_surplus_ev_charge_computed_ev_power_w,737.4,2026-02-27T12:21:52.931Z
sensor.stormbreaker_surplus_ev_charge_computed_ev_power_w,731.3,2026-02-27T12:22:02.932Z
sensor.stormbreaker_surplus_ev_charge_computed_ev_power_w,736.7,2026-02-27T12:22:12.933Z
sensor.stormbreaker_surplus_ev_charge_computed_ev_power_w,735.5,2026-02-27T12:22:22.933Z
sensor.stormbreaker_surplus_ev_charge_computed_ev_power_w,731.4,2026-02-27T12:22:32.935Z
sensor.stormbreaker_surplus_ev_charge_computed_ev_power_w,732.7,2026-02-27T12:22:42.936Z
sensor.stormbreaker_surplus_ev_charge_computed_ev_power_w,730.9,2026-02-27T12:22:52.937Z
sensor.stormbreaker_surplus_ev_charge_computed_ev_power_w,733.7,2026-02-27T12:23:02.938Z
sensor.stormbreaker_surplus_ev_charge_computed_ev_power_w,734.9,2026-02-27T12:23:12.939Z
sensor.stormbreaker_surplus_ev_charge_computed_ev_power_w,730.1,2026-02-27T12:23:22.940Z
sensor.stormbreaker_surplus_ev_charge_computed_ev_power_w,733.9,2026-02-27T12:23:32.940Z
sensor.stormbreaker_surplus_ev_charge_computed_ev_power_w,732.5,2026-02-27T12:23:42.940Z
sensor.stormbreaker_surplus_ev_charge_computed_ev_power_w,729.9,2026-02-27T12:23:52.940Z
sensor.stormbreaker_surplus_ev_charge_computed_ev_power_w,732.6,2026-02-27T12:24:02.943Z
sensor.stormbreaker_surplus_ev_charge_computed_ev_power_w,733.8,2026-02-27T12:24:12.945Z
sensor.stormbreaker_surplus_ev_charge_computed_ev_power_w,729.6,2026-02-27T12:24:22.946Z
sensor.stormbreaker_surplus_ev_charge_computed_ev_power_w,732.5,2026-02-27T12:24:32.947Z
sensor.stormbreaker_surplus_ev_charge_computed_ev_power_w,723.5,2026-02-27T12:24:42.948Z
sensor.stormbreaker_surplus_ev_charge_computed_ev_power_w,724.5,2026-02-27T12:24:52.951Z
sensor.stormbreaker_surplus_ev_charge_computed_ev_power_w,1815.2,2026-02-27T12:25:02.952Z
sensor.stormbreaker_surplus_ev_charge_computed_ev_power_w,9161.3,2026-02-27T12:25:12.955Z
sensor.stormbreaker_surplus_ev_charge_computed_ev_power_w,11273.5,2026-02-27T12:25:22.956Z
sensor.stormbreaker_surplus_ev_charge_computed_ev_power_w,11223.1,2026-02-27T12:25:32.956Z
sensor.stormbreaker_surplus_ev_charge_computed_ev_power_w,0.0,2026-02-27T12:25:42.958Z
sensor.stormbreaker_surplus_ev_charge_computed_ev_power_w,5.9,2026-02-27T12:25:52.958Z
sensor.stormbreaker_surplus_ev_charge_computed_ev_power_w,5.6,2026-02-27T12:26:02.959Z
sensor.stormbreaker_surplus_ev_charge_computed_ev_power_w,0.0,2026-02-27T12:26:12.960Z
sensor.stormbreaker_surplus_ev_charge_computed_ev_power_w,5.9,2026-02-27T12:26:22.961Z
sensor.stormbreaker_surplus_ev_charge_computed_ev_power_w,0.0,2026-02-27T12:26:32.962Z
sensor.stormbreaker_surplus_ev_charge_computed_ev_power_w,5.8,2026-02-27T12:27:02.964Z
sensor.stormbreaker_surplus_ev_charge_computed_ev_power_w,6.0,2026-02-27T12:27:12.965Z
sensor.stormbreaker_surplus_ev_charge_computed_ev_power_w,6.2,2026-02-27T12:27:22.964Z
sensor.stormbreaker_surplus_ev_charge_computed_ev_power_w,6.3,2026-02-27T12:27:32.967Z
sensor.stormbreaker_surplus_ev_charge_computed_ev_power_w,6.2,2026-02-27T12:27:42.968Z
sensor.stormbreaker_surplus_ev_charge_computed_ev_power_w,0.0,2026-02-27T12:27:52.969Z
sensor.stormbreaker_surplus_ev_charge_computed_ev_power_w,10.3,2026-02-27T12:28:32.973Z
sensor.stormbreaker_adaptivecharge_net_surplus_excl_ev_w,4090.6,2026-02-27T10:00:00.000Z
sensor.stormbreaker_adaptivecharge_net_surplus_excl_ev_w,4091.9,2026-02-27T10:00:08.500Z
sensor.stormbreaker_adaptivecharge_net_surplus_excl_ev_w,4093.8,2026-02-27T10:00:18.501Z
sensor.stormbreaker_adaptivecharge_net_surplus_excl_ev_w,4172.6,2026-02-27T10:00:28.502Z
sensor.stormbreaker_adaptivecharge_net_surplus_excl_ev_w,4163.3,2026-02-27T10:00:38.503Z
sensor.stormbreaker_adaptivecharge_net_surplus_excl_ev_w,4167.7,2026-02-27T10:00:48.504Z
sensor.stormbreaker_adaptivecharge_net_surplus_excl_ev_w,4166.9,2026-02-27T10:00:58.504Z
sensor.stormbreaker_adaptivecharge_net_surplus_excl_ev_w,4172.5,2026-02-27T10:01:08.505Z
sensor.stormbreaker_adaptivecharge_net_surplus_excl_ev_w,4171.6,2026-02-27T10:01:18.505Z
sensor.stormbreaker_adaptivecharge_net_surplus_excl_ev_w,4147.3,2026-02-27T10:01:28.505Z
sensor.stormbreaker_adaptivecharge_net_surplus_excl_ev_w,4150.6,2026-02-27T10:01:38.506Z
sensor.stormbreaker_adaptivecharge_net_surplus_excl_ev_w,4145.9,2026-02-27T10:01:48.506Z
sensor.stormbreaker_adaptivecharge_net_surplus_excl_ev_w,4156.9,2026-02-27T10:01:58.506Z
sensor.stormbreaker_adaptivecharge_net_surplus_excl_ev_w,4154.4,2026-02-27T10:02:08.507Z
sensor.stormbreaker_adaptivecharge_net_surplus_excl_ev_w,4152.7,2026-02-27T10:02:18.508Z
sensor.stormbreaker_adaptivecharge_net_surplus_excl_ev_w,4044.1,2026-02-27T10:02:28.507Z
sensor.stormbreaker_adaptivecharge_net_surplus_excl_ev_w,4049.3,2026-02-27T10:02:38.510Z
sensor.stormbreaker_adaptivecharge_net_surplus_excl_ev_w,4041.1,2026-02-27T10:02:48.510Z
sensor.stormbreaker_adaptivecharge_net_surplus_excl_ev_w,4042.0,2026-02-27T10:02:58.512Z
sensor.stormbreaker_adaptivecharge_net_surplus_excl_ev_w,4042.8,2026-02-27T10:03:08.513Z
sensor.stormbreaker_adaptivecharge_net_surplus_excl_ev_w,4047.5,2026-02-27T10:03:18.514Z
sensor.stormbreaker_adaptivecharge_net_surplus_excl_ev_w,4101.2,2026-02-27T10:03:28.515Z
sensor.stormbreaker_adaptivecharge_net_surplus_excl_ev_w,4089.0,2026-02-27T10:03:38.517Z
sensor.stormbreaker_adaptivecharge_net_surplus_excl_ev_w,4101.4,2026-02-27T10:03:48.519Z
sensor.stormbreaker_adaptivecharge_net_surplus_excl_ev_w,4097.6,2026-02-27T10:03:58.532Z
sensor.stormbreaker_adaptivecharge_net_surplus_excl_ev_w,4100.7,2026-02-27T10:04:08.533Z
sensor.stormbreaker_adaptivecharge_net_surplus_excl_ev_w,4096.1,2026-02-27T10:04:18.534Z
sensor.stormbreaker_adaptivecharge_net_surplus_excl_ev_w,4144.7,2026-02-27T10:04:28.535Z
sensor.stormbreaker_adaptivecharge_net_surplus_excl_ev_w,4144.6,2026-02-27T10:04:38.536Z
sensor.stormbreaker_adaptivecharge_net_surplus_excl_ev_w,4140.1,2026-02-27T10:04:48.537Z
sensor.stormbreaker_adaptivecharge_net_surplus_excl_ev_w,4148.3,2026-02-27T10:04:58.537Z
sensor.stormbreaker_adaptivecharge_net_surplus_excl_ev_w,4142.4,2026-02-27T10:05:08.537Z
sensor.stormbreaker_adaptivecharge_net_surplus_excl_ev_w,4133.9,2026-02-27T10:05:18.539Z
sensor.stormbreaker_adaptivecharge_net_surplus_excl_ev_w,3673.5,2026-02-27T10:05:28.541Z
sensor.stormbreaker_adaptivecharge_net_surplus_excl_ev_w,3684.9,2026-02-27T10:05:38.541Z
sensor.stormbreaker_adaptivecharge_net_surplus_excl_ev_w,3675.1,2026-02-27T10:05:48.542Z
sensor.stormbreaker_adaptivecharge_net_surplus_excl_ev_w,3678.5,2026-02-27T10:05:58.543Z
sensor.stormbreaker_adaptivecharge_net_surplus_excl_ev_w,3667.3,2026-02-27T10:06:08.551Z
sensor.stormbreaker_adaptivecharge_net_surplus_excl_ev_w,3662.4,2026-02-27T10:06:18.553Z
sensor.stormbreaker_adaptivecharge_net_surplus_excl_ev_w,3664.5,2026-02-27T10:06:28.553Z
sensor.stormbreaker_adaptivecharge_net_surplus_excl_ev_w,3146.2,2026-02-27T10:06:38.699Z
sensor.stormbreaker_adaptivecharge_net_surplus_excl_ev_w,3148.6,2026-02-27T10:06:54.829Z
sensor.stormbreaker_adaptivecharge_net_surplus_excl_ev_w,2414.3,2026-02-27T10:06:58.702Z
sensor.stormbreaker_adaptivecharge_net_surplus_excl_ev_w,2418.7,2026-02-27T10:07:08.713Z
sensor.stormbreaker_adaptivecharge_net_surplus_excl_ev_w,2420.3,2026-02-27T10:07:18.707Z
sensor.stormbreaker_adaptivecharge_net_surplus_excl_ev_w,2444.0,2026-02-27T10:07:28.559Z
sensor.stormbreaker_adaptivecharge_net_surplus_excl_ev_w,3205.6,2026-02-27T10:07:38.561Z
sensor.stormbreaker_adaptivecharge_net_surplus_excl_ev_w,3205.8,2026-02-27T10:07:48.563Z
sensor.stormbreaker_adaptivecharge_net_surplus_excl_ev_w,3200.0,2026-02-27T10:07:58.564Z
sensor.stormbreaker_adaptivecharge_net_surplus_excl_ev_w,3206.0,2026-02-27T10:08:08.565Z
sensor.stormbreaker_adaptivecharge_net_surplus_excl_ev_w,3205.6,2026-02-27T10:08:18.566Z
sensor.stormbreaker_adaptivecharge_net_surplus_excl_ev_w,4210.9,2026-02-27T10:08:38.567Z
sensor.stormbreaker_adaptivecharge_net_surplus_excl_ev_w,4210.7,2026-02-27T10:08:48.568Z
sensor.stormbreaker_adaptivecharge_net_surplus_excl_ev_w,4210.8,2026-02-27T10:08:58.568Z
sensor.stormbreaker_adaptivecharge_net_surplus_excl_ev_w,4210.9,2026-02-27T10:09:08.570Z
sensor.stormbreaker_adaptivecharge_net_surplus_excl_ev_w,4205.0,2026-02-27T10:09:18.571Z
sensor.stormbreaker_adaptivecharge_net_surplus_excl_ev_w,4210.7,2026-02-27T10:09:28.572Z
sensor.stormbreaker_adaptivecharge_net_surplus_excl_ev_w,4244.1,2026-02-27T10:09:38.573Z
sensor.stormbreaker_adaptivecharge_net_surplus_excl_ev_w,4243.6,2026-02-27T10:09:48.574Z
sensor.stormbreaker_adaptivecharge_net_surplus_excl_ev_w,4243.7,2026-02-27T10:09:58.575Z
sensor.stormbreaker_adaptivecharge_net_surplus_excl_ev_w,4243.9,2026-02-27T10:10:08.576Z
sensor.stormbreaker_adaptivecharge_net_surplus_excl_ev_w,4243.5,2026-02-27T10:10:18.577Z
sensor.stormbreaker_adaptivecharge_net_surplus_excl_ev_w,4284.5,2026-02-27T10:10:28.578Z
sensor.stormbreaker_adaptivecharge_net_surplus_excl_ev_w,4249.0,2026-02-27T10:10:38.578Z
sensor.stormbreaker_adaptivecharge_net_surplus_excl_ev_w,5473.5,2026-02-27T10:10:48.579Z
sensor.stormbreaker_adaptivecharge_net_surplus_excl_ev_w,5468.5,2026-02-27T10:10:58.722Z
sensor.stormbreaker_adaptivecharge_net_surplus_excl_ev_w,5492.6,2026-02-27T10:11:08.580Z
sensor.stormbreaker_adaptivecharge_net_surplus_excl_ev_w,5478.0,2026-02-27T10:11:18.581Z
sensor.stormbreaker_adaptivecharge_net_surplus_excl_ev_w,5473.8,2026-02-27T10:11:28.582Z
sensor.stormbreaker_adaptivecharge_net_surplus_excl_ev_w,5480.8,2026-02-27T10:11:38.583Z
sensor.stormbreaker_adaptivecharge_net_surplus_excl_ev_w,4257.0,2026-02-27T10:11:48.583Z
sensor.stormbreaker_adaptivecharge_net_surplus_excl_ev_w,4251.2,2026-02-27T10:11:58.586Z
sensor.stormbreaker_adaptivecharge_net_surplus_excl_ev_w,4249.4,2026-02-27T10:12:08.587Z
sensor.stormbreaker_adaptivecharge_net_surplus_excl_ev_w,4248.2,2026-02-27T10:12:18.588Z
sensor.stormbreaker_adaptivecharge_net_surplus_excl_ev_w,4241.9,2026-02-27T10:12:28.588Z
sensor.stormbreaker_adaptivecharge_net_surplus_excl_ev_w,4250.4,2026-02-27T10:12:38.589Z
sensor.stormbreaker_adaptivecharge_net_surplus_excl_ev_w,4293.4,2026-02-27T10:12:48.590Z
sensor.stormbreaker_adaptivecharge_net_surplus_excl_ev_w,4301.2,2026-02-27T10:12:58.589Z
sensor.stormbreaker_adaptivecharge_net_surplus_excl_ev_w,4292.1,2026-02-27T10:13:08.592Z
sensor.stormbreaker_adaptivecharge_net_surplus_excl_ev_w,4293.3,2026-02-27T10:13:18.593Z
sensor.stormbreaker_adaptivecharge_net_surplus_excl_ev_w,4289.3,2026-02-27T10:13:28.604Z
sensor.stormbreaker_adaptivecharge_net_surplus_excl_ev_w,4295.1,2026-02-27T10:13:38.606Z
sensor.stormbreaker_adaptivecharge_net_surplus_excl_ev_w,4376.3,2026-02-27T10:13:48.607Z
sensor.stormbreaker_adaptivecharge_net_surplus_excl_ev_w,4362.9,2026-02-27T10:13:58.607Z
sensor.stormbreaker_adaptivecharge_net_surplus_excl_ev_w,4371.6,2026-02-27T10:14:08.608Z
sensor.stormbreaker_adaptivecharge_net_surplus_excl_ev_w,4396.2,2026-02-27T10:14:18.609Z
sensor.stormbreaker_adaptivecharge_net_surplus_excl_ev_w,4399.8,2026-02-27T10:14:28.610Z
sensor.stormbreaker_adaptivecharge_net_surplus_excl_ev_w,4391.7,2026-02-27T10:14:38.611Z
sensor.stormbreaker_adaptivecharge_net_surplus_excl_ev_w,4416.8,2026-02-27T10:14:48.612Z
sensor.stormbreaker_adaptivecharge_net_surplus_excl_ev_w,4433.8,2026-02-27T10:14:58.615Z
sensor.stormbreaker_adaptivecharge_net_surplus_excl_ev_w,4440.6,2026-02-27T10:15:08.615Z
sensor.stormbreaker_adaptivecharge_net_surplus_excl_ev_w,4431.1,2026-02-27T10:15:18.616Z
sensor.stormbreaker_adaptivecharge_net_surplus_excl_ev_w,4418.3,2026-02-27T10:15:28.617Z
sensor.stormbreaker_adaptivecharge_net_surplus_excl_ev_w,4414.0,2026-02-27T10:15:38.619Z
sensor.stormbreaker_adaptivecharge_net_surplus_excl_ev_w,4562.6,2026-02-27T10:15:48.620Z
sensor.stormbreaker_adaptivecharge_net_surplus_excl_ev_w,4582.7,2026-02-27T10:15:58.622Z
sensor.stormbreaker_adaptivecharge_net_surplus_excl_ev_w,4565.8,2026-02-27T10:16:08.622Z
sensor.stormbreaker_adaptivecharge_net_surplus_excl_ev_w,4566.1,2026-02-27T10:16:18.623Z
sensor.stormbreaker_adaptivecharge_net_surplus_excl_ev_w,4580.7,2026-02-27T10:16:28.626Z
sensor.stormbreaker_adaptivecharge_net_surplus_excl_ev_w,4567.7,2026-02-27T10:16:38.628Z
sensor.stormbreaker_adaptivecharge_net_surplus_excl_ev_w,4573.6,2026-02-27T10:16:48.628Z
sensor.stormbreaker_adaptivecharge_net_surplus_excl_ev_w,4557.9,2026-02-27T10:16:58.630Z
sensor.stormbreaker_adaptivecharge_net_surplus_excl_ev_w,4562.6,2026-02-27T10:17:08.630Z
sensor.stormbreaker_adaptivecharge_net_surplus_excl_ev_w,4557.7,2026-02-27T10:17:18.632Z
sensor.stormbreaker_adaptivecharge_net_surplus_excl_ev_w,4557.4,2026-02-27T10:17:28.633Z
sensor.stormbreaker_adaptivecharge_net_surplus_excl_ev_w,4568.7,2026-02-27T10:17:38.634Z
sensor.stormbreaker_adaptivecharge_net_surplus_excl_ev_w,4557.2,2026-02-27T10:17:48.635Z
sensor.stormbreaker_adaptivecharge_net_surplus_excl_ev_w,4776.6,2026-02-27T10:17:58.635Z
sensor.stormbreaker_adaptivecharge_net_surplus_excl_ev_w,4780.2,2026-02-27T10:18:08.637Z
sensor.stormbreaker_adaptivecharge_net_surplus_excl_ev_w,4770.9,2026-02-27T10:18:18.639Z
sensor.stormbreaker_adaptivecharge_net_surplus_excl_ev_w,4773.9,2026-02-27T10:18:28.661Z
sensor.stormbreaker_adaptivecharge_net_surplus_excl_ev_w,4775.8,2026-02-27T10:18:38.662Z
sensor.stormbreaker_adaptivecharge_net_surplus_excl_ev_w,4756.4,2026-02-27T10:18:48.663Z
sensor.stormbreaker_adaptivecharge_net_surplus_excl_ev_w,3486.8,2026-02-27T10:18:58.814Z
sensor.stormbreaker_adaptivecharge_net_surplus_excl_ev_w,3561.4,2026-02-27T10:19:08.664Z
sensor.stormbreaker_adaptivecharge_net_surplus_excl_ev_w,3562.1,2026-02-27T10:19:18.666Z
sensor.stormbreaker_adaptivecharge_net_surplus_excl_ev_w,3561.3,2026-02-27T10:19:28.667Z
sensor.stormbreaker_adaptivecharge_net_surplus_excl_ev_w,3580.8,2026-02-27T10:19:38.667Z
sensor.stormbreaker_adaptivecharge_net_surplus_excl_ev_w,3573.1,2026-02-27T10:19:48.668Z
sensor.stormbreaker_adaptivecharge_net_surplus_excl_ev_w,4991.3,2026-02-27T10:20:00.677Z
sensor.stormbreaker_adaptivecharge_net_surplus_excl_ev_w,5729.7,2026-02-27T10:20:08.671Z
sensor.stormbreaker_adaptivecharge_net_surplus_excl_ev_w,5685.8,2026-02-27T10:20:18.671Z
sensor.stormbreaker_adaptivecharge_net_surplus_excl_ev_w,5727.6,2026-02-27T10:20:28.672Z
sensor.stormbreaker_adaptivecharge_net_surplus_excl_ev_w,5674.7,2026-02-27T10:20:38.673Z
sensor.stormbreaker_adaptivecharge_net_surplus_excl_ev_w,5694.1,2026-02-27T10:20:48.824Z
sensor.stormbreaker_adaptivecharge_net_surplus_excl_ev_w,5089.9,2026-02-27T10:20:58.675Z
sensor.stormbreaker_adaptivecharge_net_surplus_excl_ev_w,5097.8,2026-02-27T10:21:08.677Z
sensor.stormbreaker_adaptivecharge_net_surplus_excl_ev_w,5090.1,2026-02-27T10:21:18.679Z
sensor.stormbreaker_adaptivecharge_net_surplus_excl_ev_w,5080.2,2026-02-27T10:21:28.681Z
sensor.stormbreaker_adaptivecharge_net_surplus_excl_ev_w,5085.2,2026-02-27T10:21:38.682Z
sensor.stormbreaker_adaptivecharge_net_surplus_excl_ev_w,5085.7,2026-02-27T10:21:48.684Z
sensor.stormbreaker_adaptivecharge_net_surplus_excl_ev_w,5129.6,2026-02-27T10:21:58.686Z
sensor.stormbreaker_adaptivecharge_net_surplus_excl_ev_w,5079.5,2026-02-27T10:22:08.687Z
sensor.stormbreaker_adaptivecharge_net_surplus_excl_ev_w,5132.8,2026-02-27T10:22:18.688Z
sensor.stormbreaker_adaptivecharge_net_surplus_excl_ev_w,5090.0,2026-02-27T10:22:28.689Z
sensor.stormbreaker_adaptivecharge_net_surplus_excl_ev_w,5095.5,2026-02-27T10:22:38.690Z
sensor.stormbreaker_adaptivecharge_net_surplus_excl_ev_w,5085.0,2026-02-27T10:22:48.691Z
sensor.stormbreaker_adaptivecharge_net_surplus_excl_ev_w,5094.1,2026-02-27T10:22:58.691Z
sensor.stormbreaker_adaptivecharge_net_surplus_excl_ev_w,4504.5,2026-02-27T10:23:08.692Z
sensor.stormbreaker_adaptivecharge_net_surplus_excl_ev_w,4530.3,2026-02-27T10:23:18.693Z
sensor.stormbreaker_adaptivecharge_net_surplus_excl_ev_w,4478.3,2026-02-27T10:23:28.693Z
sensor.stormbreaker_adaptivecharge_net_surplus_excl_ev_w,4522.4,2026-02-27T10:23:38.694Z
sensor.stormbreaker_adaptivecharge_net_surplus_excl_ev_w,4466.5,2026-02-27T10:23:48.696Z
sensor.stormbreaker_adaptivecharge_net_surplus_excl_ev_w,4488.2,2026-02-27T10:23:58.698Z
sensor.stormbreaker_adaptivecharge_net_surplus_excl_ev_w,4410.2,2026-02-27T10:24:08.699Z
sensor.stormbreaker_adaptivecharge_net_surplus_excl_ev_w,4383.6,2026-02-27T10:24:18.700Z
sensor.stormbreaker_adaptivecharge_net_surplus_excl_ev_w,4453.2,2026-02-27T10:24:28.700Z
sensor.stormbreaker_adaptivecharge_net_surplus_excl_ev_w,4478.8,2026-02-27T10:24:38.701Z
sensor.stormbreaker_adaptivecharge_net_surplus_excl_ev_w,4420.8,2026-02-27T10:24:48.706Z
sensor.stormbreaker_adaptivecharge_net_surplus_excl_ev_w,4470.9,2026-02-27T10:24:58.707Z
sensor.stormbreaker_adaptivecharge_net_surplus_excl_ev_w,5207.3,2026-02-27T10:25:08.709Z
sensor.stormbreaker_adaptivecharge_net_surplus_excl_ev_w,5152.4,2026-02-27T10:25:18.709Z
sensor.stormbreaker_adaptivecharge_net_surplus_excl_ev_w,5218.2,2026-02-27T10:25:28.710Z
sensor.stormbreaker_adaptivecharge_net_surplus_excl_ev_w,5201.3,2026-02-27T10:25:38.711Z
sensor.stormbreaker_adaptivecharge_net_surplus_excl_ev_w,5203.2,2026-02-27T10:25:48.712Z
sensor.stormbreaker_adaptivecharge_net_surplus_excl_ev_w,5160.4,2026-02-27T10:25:58.713Z
sensor.stormbreaker_adaptivecharge_net_surplus_excl_ev_w,3350.9,2026-02-27T10:26:08.858Z
sensor.stormbreaker_adaptivecharge_net_surplus_excl_ev_w,3346.7,2026-02-27T10:26:20.989Z
sensor.stormbreaker_adaptivecharge_net_surplus_excl_ev_w,2640.9,2026-02-27T10:26:28.864Z
sensor.stormbreaker_adaptivecharge_net_surplus_excl_ev_w,2623.7,2026-02-27T10:26:38.861Z
sensor.stormbreaker_adaptivecharge_net_surplus_excl_ev_w,2625.2,2026-02-27T10:26:48.870Z
sensor.stormbreaker_adaptivecharge_net_surplus_excl_ev_w,2635.1,2026-02-27T10:26:58.863Z
sensor.stormbreaker_adaptivecharge_net_surplus_excl_ev_w,unavailable,2026-02-27T10:27:00.870Z
sensor.stormbreaker_adaptivecharge_net_surplus_excl_ev_w,2635.1,2026-02-27T10:27:00.880Z
sensor.stormbreaker_adaptivecharge_net_surplus_excl_ev_w,3838.3,2026-02-27T10:27:10.880Z
sensor.stormbreaker_adaptivecharge_net_surplus_excl_ev_w,3836.3,2026-02-27T10:27:20.881Z
sensor.stormbreaker_adaptivecharge_net_surplus_excl_ev_w,3828.6,2026-02-27T10:27:30.881Z
sensor.stormbreaker_adaptivecharge_net_surplus_excl_ev_w,3838.7,2026-02-27T10:27:40.882Z
sensor.stormbreaker_adaptivecharge_net_surplus_excl_ev_w,3842.1,2026-02-27T10:27:50.883Z
sensor.stormbreaker_adaptivecharge_net_surplus_excl_ev_w,210.8,2026-02-27T10:28:00.884Z
sensor.stormbreaker_adaptivecharge_net_surplus_excl_ev_w,3789.6,2026-02-27T10:28:10.885Z
sensor.stormbreaker_adaptivecharge_net_surplus_excl_ev_w,3965.9,2026-02-27T10:28:20.886Z
sensor.stormbreaker_adaptivecharge_net_surplus_excl_ev_w,6135.2,2026-02-27T10:28:30.888Z
sensor.stormbreaker_adaptivecharge_net_surplus_excl_ev_w,7326.5,2026-02-27T10:28:40.890Z
sensor.stormbreaker_adaptivecharge_net_surplus_excl_ev_w,7328.3,2026-02-27T10:28:50.890Z
sensor.stormbreaker_adaptivecharge_net_surplus_excl_ev_w,7325.1,2026-02-27T10:29:00.891Z
sensor.stormbreaker_adaptivecharge_net_surplus_excl_ev_w,2091.9,2026-02-27T10:29:16.193Z
sensor.stormbreaker_adaptivecharge_net_surplus_excl_ev_w,1395.5,2026-02-27T10:29:21.045Z
sensor.stormbreaker_adaptivecharge_net_surplus_excl_ev_w,1402.7,2026-02-27T10:29:31.035Z
sensor.stormbreaker_adaptivecharge_net_surplus_excl_ev_w,1396.1,2026-02-27T10:29:41.047Z
sensor.stormbreaker_adaptivecharge_net_surplus_excl_ev_w,1379.1,2026-02-27T10:29:50.897Z
sensor.stormbreaker_adaptivecharge_net_surplus_excl_ev_w,-1441.4,2026-02-27T10:30:00.896Z
sensor.stormbreaker_adaptivecharge_net_surplus_excl_ev_w,-1441.1,2026-02-27T10:30:10.899Z
sensor.stormbreaker_adaptivecharge_net_surplus_excl_ev_w,1880.6,2026-02-27T10:30:20.900Z
sensor.stormbreaker_adaptivecharge_net_surplus_excl_ev_w,1880.7,2026-02-27T10:30:30.901Z
sensor.stormbreaker_adaptivecharge_net_surplus_excl_ev_w,1880.5,2026-02-27T10:30:40.900Z
sensor.stormbreaker_adaptivecharge_net_surplus_excl_ev_w,1881.1,2026-02-27T10:30:50.902Z
sensor.stormbreaker_adaptivecharge_net_surplus_excl_ev_w,1881.2,2026-02-27T10:31:00.904Z
sensor.stormbreaker_adaptivecharge_net_surplus_excl_ev_w,1777.0,2026-02-27T10:31:20.904Z
sensor.stormbreaker_adaptivecharge_net_surplus_excl_ev_w,1776.9,2026-02-27T10:31:30.904Z
sensor.stormbreaker_adaptivecharge_net_surplus_excl_ev_w,1777.3,2026-02-27T10:31:40.906Z
sensor.stormbreaker_adaptivecharge_net_surplus_excl_ev_w,1776.9,2026-02-27T10:31:50.906Z
sensor.stormbreaker_adaptivecharge_net_surplus_excl_ev_w,1777.1,2026-02-27T10:32:00.907Z
sensor.stormbreaker_adaptivecharge_net_surplus_excl_ev_w,1776.9,2026-02-27T10:32:10.907Z
sensor.stormbreaker_adaptivecharge_net_surplus_excl_ev_w,1757.6,2026-02-27T10:32:20.908Z
sensor.stormbreaker_adaptivecharge_net_surplus_excl_ev_w,1758.4,2026-02-27T10:32:30.908Z
sensor.stormbreaker_adaptivecharge_net_surplus_excl_ev_w,1757.6,2026-02-27T10:32:40.909Z
sensor.stormbreaker_adaptivecharge_net_surplus_excl_ev_w,1759.7,2026-02-27T10:32:50.910Z
sensor.stormbreaker_adaptivecharge_net_surplus_excl_ev_w,2133.2,2026-02-27T10:33:01.067Z
sensor.stormbreaker_adaptivecharge_net_surplus_excl_ev_w,2705.5,2026-02-27T10:33:10.913Z
sensor.stormbreaker_adaptivecharge_net_surplus_excl_ev_w,1791.2,2026-02-27T10:33:20.913Z
sensor.stormbreaker_adaptivecharge_net_surplus_excl_ev_w,1793.5,2026-02-27T10:33:30.915Z
sensor.stormbreaker_adaptivecharge_net_surplus_excl_ev_w,1793.2,2026-02-27T10:33:40.916Z
sensor.stormbreaker_adaptivecharge_net_surplus_excl_ev_w,1795.4,2026-02-27T10:33:50.918Z
sensor.stormbreaker_adaptivecharge_net_surplus_excl_ev_w,1795.6,2026-02-27T10:34:00.919Z
sensor.stormbreaker_adaptivecharge_net_surplus_excl_ev_w,1794.8,2026-02-27T10:34:10.920Z
sensor.stormbreaker_adaptivecharge_net_surplus_excl_ev_w,1802.1,2026-02-27T10:34:20.921Z
sensor.stormbreaker_adaptivecharge_net_surplus_excl_ev_w,1801.1,2026-02-27T10:34:30.923Z
sensor.stormbreaker_adaptivecharge_net_surplus_excl_ev_w,1802.1,2026-02-27T10:34:40.924Z
sensor.stormbreaker_adaptivecharge_net_surplus_excl_ev_w,1795.8,2026-02-27T10:34:50.925Z
sensor.stormbreaker_adaptivecharge_net_surplus_excl_ev_w,1799.0,2026-02-27T10:35:00.925Z
sensor.stormbreaker_adaptivecharge_net_surplus_excl_ev_w,1802.7,2026-02-27T10:35:10.926Z
sensor.stormbreaker_adaptivecharge_net_surplus_excl_ev_w,1502.9,2026-02-27T10:35:20.926Z
sensor.stormbreaker_adaptivecharge_net_surplus_excl_ev_w,1508.3,2026-02-27T10:35:30.927Z
sensor.stormbreaker_adaptivecharge_net_surplus_excl_ev_w,1510.7,2026-02-27T10:35:40.927Z
sensor.stormbreaker_adaptivecharge_net_surplus_excl_ev_w,1500.6,2026-02-27T10:35:50.928Z
sensor.stormbreaker_adaptivecharge_net_surplus_excl_ev_w,1508.2,2026-02-27T10:36:00.929Z
sensor.stormbreaker_adaptivecharge_net_surplus_excl_ev_w,1510.7,2026-02-27T10:36:10.930Z
sensor.stormbreaker_adaptivecharge_net_surplus_excl_ev_w,1498.2,2026-02-27T10:36:20.932Z
sensor.stormbreaker_adaptivecharge_net_surplus_excl_ev_w,1757.2,2026-02-27T10:36:30.933Z
sensor.stormbreaker_adaptivecharge_net_surplus_excl_ev_w,1749.7,2026-02-27T10:36:40.934Z
sensor.stormbreaker_adaptivecharge_net_surplus_excl_ev_w,1754.9,2026-02-27T10:36:50.935Z
sensor.stormbreaker_adaptivecharge_net_surplus_excl_ev_w,1750.8,2026-02-27T10:37:00.936Z
sensor.stormbreaker_adaptivecharge_net_surplus_excl_ev_w,1749.7,2026-02-27T10:37:10.936Z
sensor.stormbreaker_adaptivecharge_net_surplus_excl_ev_w,1756.5,2026-02-27T10:37:20.937Z
sensor.stormbreaker_adaptivecharge_net_surplus_excl_ev_w,1751.8,2026-02-27T10:37:30.938Z
sensor.stormbreaker_adaptivecharge_net_surplus_excl_ev_w,1741.5,2026-02-27T10:37:40.938Z
sensor.stormbreaker_adaptivecharge_net_surplus_excl_ev_w,1752.0,2026-02-27T10:37:50.939Z
sensor.stormbreaker_adaptivecharge_net_surplus_excl_ev_w,1746.2,2026-02-27T10:38:00.940Z
sensor.stormbreaker_adaptivecharge_net_surplus_excl_ev_w,1748.1,2026-02-27T10:38:10.941Z
sensor.stormbreaker_adaptivecharge_net_surplus_excl_ev_w,1754.6,2026-02-27T10:38:20.943Z
sensor.stormbreaker_adaptivecharge_net_surplus_excl_ev_w,1563.5,2026-02-27T10:38:30.944Z
sensor.stormbreaker_adaptivecharge_net_surplus_excl_ev_w,1556.4,2026-02-27T10:38:40.945Z
sensor.stormbreaker_adaptivecharge_net_surplus_excl_ev_w,1555.6,2026-02-27T10:38:50.946Z
sensor.stormbreaker_adaptivecharge_net_surplus_excl_ev_w,1562.0,2026-02-27T10:39:00.947Z
sensor.stormbreaker_adaptivecharge_net_surplus_excl_ev_w,1566.3,2026-02-27T10:39:10.948Z
sensor.stormbreaker_adaptivecharge_net_surplus_excl_ev_w,1566.7,2026-02-27T10:39:20.949Z
sensor.stormbreaker_adaptivecharge_net_surplus_excl_ev_w,1595.5,2026-02-27T10:39:30.950Z
sensor.stormbreaker_adaptivecharge_net_surplus_excl_ev_w,1591.6,2026-02-27T10:39:40.951Z
sensor.stormbreaker_adaptivecharge_net_surplus_excl_ev_w,1588.3,2026-02-27T10:39:50.952Z
sensor.stormbreaker_adaptivecharge_net_surplus_excl_ev_w,1592.3,2026-02-27T10:40:00.952Z
sensor.stormbreaker_adaptivecharge_net_surplus_excl_ev_w,1591.1,2026-02-27T10:40:10.953Z
sensor.stormbreaker_adaptivecharge_net_surplus_excl_ev_w,1586.2,2026-02-27T10:40:20.955Z
sensor.stormbreaker_adaptivecharge_net_surplus_excl_ev_w,1574.6,2026-02-27T10:40:30.957Z
sensor.stormbreaker_adaptivecharge_net_surplus_excl_ev_w,1572.1,2026-02-27T10:40:40.958Z
sensor.stormbreaker_adaptivecharge_net_surplus_excl_ev_w,1571.3,2026-02-27T10:40:50.959Z
sensor.stormbreaker_adaptivecharge_net_surplus_excl_ev_w,1571.7,2026-02-27T10:41:00.960Z
sensor.stormbreaker_adaptivecharge_net_surplus_excl_ev_w,1573.9,2026-02-27T10:41:10.961Z
sensor.stormbreaker_adaptivecharge_net_surplus_excl_ev_w,1578.0,2026-02-27T10:41:20.962Z
sensor.stormbreaker_adaptivecharge_net_surplus_excl_ev_w,1618.9,2026-02-27T10:41:30.963Z
sensor.stormbreaker_adaptivecharge_net_surplus_excl_ev_w,1621.4,2026-02-27T10:41:40.964Z
sensor.stormbreaker_adaptivecharge_net_surplus_excl_ev_w,1619.6,2026-02-27T10:41:50.964Z
sensor.stormbreaker_adaptivecharge_net_surplus_excl_ev_w,1624.7,2026-02-27T10:42:00.966Z
sensor.stormbreaker_adaptivecharge_net_surplus_excl_ev_w,1616.6,2026-02-27T10:42:10.967Z
sensor.stormbreaker_adaptivecharge_net_surplus_excl_ev_w,1622.6,2026-02-27T10:42:20.968Z
sensor.stormbreaker_adaptivecharge_net_surplus_excl_ev_w,1617.9,2026-02-27T10:42:30.968Z
sensor.stormbreaker_adaptivecharge_net_surplus_excl_ev_w,1664.1,2026-02-27T10:42:40.969Z
sensor.stormbreaker_adaptivecharge_net_surplus_excl_ev_w,1660.5,2026-02-27T10:42:50.969Z
sensor.stormbreaker_adaptivecharge_net_surplus_excl_ev_w,1663.8,2026-02-27T10:43:00.970Z
sensor.stormbreaker_adaptivecharge_net_surplus_excl_ev_w,1663.4,2026-02-27T10:43:10.971Z
sensor.stormbreaker_adaptivecharge_net_surplus_excl_ev_w,1661.0,2026-02-27T10:43:20.972Z
sensor.stormbreaker_adaptivecharge_net_surplus_excl_ev_w,1664.9,2026-02-27T10:43:30.973Z
sensor.stormbreaker_adaptivecharge_net_surplus_excl_ev_w,1961.1,2026-02-27T10:43:40.974Z
sensor.stormbreaker_adaptivecharge_net_surplus_excl_ev_w,1965.8,2026-02-27T10:43:50.975Z
sensor.stormbreaker_adaptivecharge_net_surplus_excl_ev_w,1963.4,2026-02-27T10:44:00.975Z
sensor.stormbreaker_adaptivecharge_net_surplus_excl_ev_w,1965.2,2026-02-27T10:44:10.977Z
sensor.stormbreaker_adaptivecharge_net_surplus_excl_ev_w,1960.9,2026-02-27T10:44:20.979Z
sensor.stormbreaker_adaptivecharge_net_surplus_excl_ev_w,1966.4,2026-02-27T10:44:30.979Z
sensor.stormbreaker_adaptivecharge_net_surplus_excl_ev_w,2330.5,2026-02-27T10:44:40.980Z
sensor.stormbreaker_adaptivecharge_net_surplus_excl_ev_w,2334.8,2026-02-27T10:44:50.981Z
sensor.stormbreaker_adaptivecharge_net_surplus_excl_ev_w,2330.0,2026-02-27T10:45:00.982Z
sensor.stormbreaker_adaptivecharge_net_surplus_excl_ev_w,2328.9,2026-02-27T10:45:10.985Z
sensor.stormbreaker_adaptivecharge_net_surplus_excl_ev_w,2330.5,2026-02-27T10:45:20.986Z
sensor.stormbreaker_adaptivecharge_net_surplus_excl_ev_w,2330.0,2026-02-27T10:45:30.987Z
sensor.stormbreaker_adaptivecharge_net_surplus_excl_ev_w,2226.7,2026-02-27T10:45:40.988Z
sensor.stormbreaker_adaptivecharge_net_surplus_excl_ev_w,2231.4,2026-02-27T10:45:50.989Z
sensor.stormbreaker_adaptivecharge_net_surplus_excl_ev_w,2232.4,2026-02-27T10:46:00.989Z
sensor.stormbreaker_adaptivecharge_net_surplus_excl_ev_w,2233.3,2026-02-27T10:46:10.990Z
sensor.stormbreaker_adaptivecharge_net_surplus_excl_ev_w,2229.9,2026-02-27T10:46:20.990Z
sensor.stormbreaker_adaptivecharge_net_surplus_excl_ev_w,2229.7,2026-02-27T10:46:30.991Z
sensor.stormbreaker_adaptivecharge_net_surplus_excl_ev_w,2227.0,2026-02-27T10:46:40.992Z
sensor.stormbreaker_adaptivecharge_net_surplus_excl_ev_w,2180.8,2026-02-27T10:46:50.993Z
sensor.stormbreaker_adaptivecharge_net_surplus_excl_ev_w,2179.0,2026-02-27T10:47:00.994Z
sensor.stormbreaker_adaptivecharge_net_surplus_excl_ev_w,2180.0,2026-02-27T10:47:10.994Z
sensor.stormbreaker_adaptivecharge_net_surplus_excl_ev_w,2179.9,2026-02-27T10:47:20.995Z
sensor.stormbreaker_adaptivecharge_net_surplus_excl_ev_w,2184.0,2026-02-27T10:47:30.996Z
sensor.stormbreaker_adaptivecharge_net_surplus_excl_ev_w,2183.0,2026-02-27T10:47:40.996Z
sensor.stormbreaker_adaptivecharge_net_surplus_excl_ev_w,2574.1,2026-02-27T10:47:50.997Z
sensor.stormbreaker_adaptivecharge_net_surplus_excl_ev_w,2576.5,2026-02-27T10:48:00.998Z
sensor.stormbreaker_adaptivecharge_net_surplus_excl_ev_w,2574.9,2026-02-27T10:48:11.000Z
sensor.stormbreaker_adaptivecharge_net_surplus_excl_ev_w,2579.2,2026-02-27T10:48:21.000Z
sensor.stormbreaker_adaptivecharge_net_surplus_excl_ev_w,2579.8,2026-02-27T10:48:31.001Z
sensor.stormbreaker_adaptivecharge_net_surplus_excl_ev_w,2576.8,2026-02-27T10:48:41.001Z
sensor.stormbreaker_adaptivecharge_net_surplus_excl_ev_w,2681.3,2026-02-27T10:48:51.002Z
sensor.stormbreaker_adaptivecharge_net_surplus_excl_ev_w,2683.9,2026-02-27T10:49:01.002Z
sensor.stormbreaker_adaptivecharge_net_surplus_excl_ev_w,2677.7,2026-02-27T10:49:11.101Z
sensor.stormbreaker_adaptivecharge_net_surplus_excl_ev_w,2685.6,2026-02-27T10:49:21.103Z
sensor.stormbreaker_adaptivecharge_net_surplus_excl_ev_w,2684.5,2026-02-27T10:49:31.105Z
sensor.stormbreaker_adaptivecharge_net_surplus_excl_ev_w,2678.8,2026-02-27T10:49:41.106Z
sensor.stormbreaker_adaptivecharge_net_surplus_excl_ev_w,2560.4,2026-02-27T10:49:51.106Z
sensor.stormbreaker_adaptivecharge_net_surplus_excl_ev_w,2557.2,2026-02-27T10:50:01.107Z
sensor.stormbreaker_adaptivecharge_net_surplus_excl_ev_w,2558.8,2026-02-27T10:50:11.108Z
sensor.stormbreaker_adaptivecharge_net_surplus_excl_ev_w,2559.2,2026-02-27T10:50:21.257Z
sensor.stormbreaker_adaptivecharge_net_surplus_excl_ev_w,2559.9,2026-02-27T10:50:31.259Z
sensor.stormbreaker_adaptivecharge_net_surplus_excl_ev_w,2557.8,2026-02-27T10:50:41.361Z
sensor.stormbreaker_adaptivecharge_net_surplus_excl_ev_w,2364.0,2026-02-27T10:50:51.367Z
sensor.stormbreaker_adaptivecharge_net_surplus_excl_ev_w,2365.0,2026-02-27T10:51:01.368Z
sensor.stormbreaker_adaptivecharge_net_surplus_excl_ev_w,2368.7,2026-02-27T10:51:11.368Z
sensor.stormbreaker_adaptivecharge_net_surplus_excl_ev_w,2362.6,2026-02-27T10:51:21.370Z
sensor.stormbreaker_adaptivecharge_net_surplus_excl_ev_w,2362.7,2026-02-27T10:51:31.371Z
sensor.stormbreaker_adaptivecharge_net_surplus_excl_ev_w,2358.3,2026-02-27T10:51:41.425Z
sensor.stormbreaker_adaptivecharge_net_surplus_excl_ev_w,2366.3,2026-02-27T10:51:51.431Z
sensor.stormbreaker_adaptivecharge_net_surplus_excl_ev_w,2136.1,2026-02-27T10:52:01.432Z
sensor.stormbreaker_adaptivecharge_net_surplus_excl_ev_w,2131.2,2026-02-27T10:52:11.433Z
sensor.stormbreaker_adaptivecharge_net_surplus_excl_ev_w,2136.2,2026-02-27T10:52:21.433Z
sensor.stormbreaker_adaptivecharge_net_surplus_excl_ev_w,2137.5,2026-02-27T10:52:31.434Z
sensor.stormbreaker_adaptivecharge_net_surplus_excl_ev_w,2136.9,2026-02-27T10:52:41.435Z
sensor.stormbreaker_adaptivecharge_net_surplus_excl_ev_w,2139.7,2026-02-27T10:52:51.436Z
sensor.stormbreaker_adaptivecharge_net_surplus_excl_ev_w,2068.0,2026-02-27T10:53:01.437Z
sensor.stormbreaker_adaptivecharge_net_surplus_excl_ev_w,2072.1,2026-02-27T10:53:11.438Z
sensor.stormbreaker_adaptivecharge_net_surplus_excl_ev_w,2070.2,2026-02-27T10:53:21.438Z
sensor.stormbreaker_adaptivecharge_net_surplus_excl_ev_w,2072.0,2026-02-27T10:53:31.439Z
sensor.stormbreaker_adaptivecharge_net_surplus_excl_ev_w,2070.3,2026-02-27T10:53:41.440Z
sensor.stormbreaker_adaptivecharge_net_surplus_excl_ev_w,2074.2,2026-02-27T10:53:51.441Z
sensor.stormbreaker_adaptivecharge_net_surplus_excl_ev_w,2542.3,2026-02-27T10:54:01.442Z
sensor.stormbreaker_adaptivecharge_net_surplus_excl_ev_w,2540.9,2026-02-27T10:54:11.442Z
sensor.stormbreaker_adaptivecharge_net_surplus_excl_ev_w,2535.9,2026-02-27T10:54:21.443Z
sensor.stormbreaker_adaptivecharge_net_surplus_excl_ev_w,2595.4,2026-02-27T10:54:31.443Z
sensor.stormbreaker_adaptivecharge_net_surplus_excl_ev_w,2541.7,2026-02-27T10:54:41.445Z
sensor.stormbreaker_adaptivecharge_net_surplus_excl_ev_w,2542.9,2026-02-27T10:54:51.446Z
sensor.stormbreaker_adaptivecharge_net_surplus_excl_ev_w,4478.4,2026-02-27T10:55:07.886Z
sensor.stormbreaker_adaptivecharge_net_surplus_excl_ev_w,5890.8,2026-02-27T10:55:11.446Z
sensor.stormbreaker_adaptivecharge_net_surplus_excl_ev_w,5897.9,2026-02-27T10:55:21.447Z
sensor.stormbreaker_adaptivecharge_net_surplus_excl_ev_w,5945.5,2026-02-27T10:55:31.447Z
sensor.stormbreaker_adaptivecharge_net_surplus_excl_ev_w,5950.6,2026-02-27T10:55:41.447Z
sensor.stormbreaker_adaptivecharge_net_surplus_excl_ev_w,5973.7,2026-02-27T10:55:51.450Z
sensor.stormbreaker_adaptivecharge_net_surplus_excl_ev_w,3968.4,2026-02-27T10:56:03.894Z
sensor.stormbreaker_adaptivecharge_net_surplus_excl_ev_w,4681.5,2026-02-27T10:56:11.455Z
sensor.stormbreaker_adaptivecharge_net_surplus_excl_ev_w,4654.6,2026-02-27T10:56:21.455Z
sensor.stormbreaker_adaptivecharge_net_surplus_excl_ev_w,4644.7,2026-02-27T10:56:31.457Z
sensor.stormbreaker_adaptivecharge_net_surplus_excl_ev_w,4655.1,2026-02-27T10:56:41.457Z
sensor.stormbreaker_adaptivecharge_net_surplus_excl_ev_w,4683.9,2026-02-27T10:56:51.458Z
sensor.stormbreaker_adaptivecharge_net_surplus_excl_ev_w,2962.7,2026-02-27T10:57:01.459Z
sensor.stormbreaker_adaptivecharge_net_surplus_excl_ev_w,2948.9,2026-02-27T10:57:19.402Z
sensor.stormbreaker_adaptivecharge_net_surplus_excl_ev_w,2175.4,2026-02-27T10:57:21.609Z
sensor.stormbreaker_adaptivecharge_net_surplus_excl_ev_w,2177.2,2026-02-27T10:57:31.611Z
sensor.stormbreaker_adaptivecharge_net_surplus_excl_ev_w,2184.4,2026-02-27T10:57:41.606Z
sensor.stormbreaker_adaptivecharge_net_surplus_excl_ev_w,2167.5,2026-02-27T10:57:51.463Z
sensor.stormbreaker_adaptivecharge_net_surplus_excl_ev_w,-662.2,2026-02-27T10:58:01.465Z
sensor.stormbreaker_adaptivecharge_net_surplus_excl_ev_w,2329.6,2026-02-27T10:58:11.465Z
sensor.stormbreaker_adaptivecharge_net_surplus_excl_ev_w,2324.0,2026-02-27T10:58:21.466Z
sensor.stormbreaker_adaptivecharge_net_surplus_excl_ev_w,2329.7,2026-02-27T10:58:31.467Z
sensor.stormbreaker_adaptivecharge_net_surplus_excl_ev_w,2329.6,2026-02-27T10:58:41.468Z
sensor.stormbreaker_adaptivecharge_net_surplus_excl_ev_w,2329.9,2026-02-27T10:58:51.468Z
sensor.stormbreaker_adaptivecharge_net_surplus_excl_ev_w,2330.0,2026-02-27T10:59:01.472Z
sensor.stormbreaker_adaptivecharge_net_surplus_excl_ev_w,1898.0,2026-02-27T10:59:11.477Z
sensor.stormbreaker_adaptivecharge_net_surplus_excl_ev_w,1903.9,2026-02-27T10:59:21.479Z
sensor.stormbreaker_adaptivecharge_net_surplus_excl_ev_w,1904.1,2026-02-27T10:59:31.481Z
sensor.stormbreaker_adaptivecharge_net_surplus_excl_ev_w,1904.3,2026-02-27T10:59:41.482Z
sensor.stormbreaker_adaptivecharge_net_surplus_excl_ev_w,1903.9,2026-02-27T10:59:51.482Z
sensor.stormbreaker_adaptivecharge_net_surplus_excl_ev_w,1904.2,2026-02-27T11:00:01.483Z
sensor.stormbreaker_adaptivecharge_net_surplus_excl_ev_w,3271.8,2026-02-27T11:00:11.485Z
sensor.stormbreaker_adaptivecharge_net_surplus_excl_ev_w,3271.6,2026-02-27T11:00:21.485Z
sensor.stormbreaker_adaptivecharge_net_surplus_excl_ev_w,3272.0,2026-02-27T11:00:31.486Z
sensor.stormbreaker_adaptivecharge_net_surplus_excl_ev_w,3271.8,2026-02-27T11:00:41.487Z
sensor.stormbreaker_adaptivecharge_net_surplus_excl_ev_w,3276.4,2026-02-27T11:00:51.639Z
sensor.stormbreaker_adaptivecharge_net_surplus_excl_ev_w,3808.4,2026-02-27T11:01:01.492Z
sensor.stormbreaker_adaptivecharge_net_surplus_excl_ev_w,5200.4,2026-02-27T11:01:11.492Z
sensor.stormbreaker_adaptivecharge_net_surplus_excl_ev_w,5203.5,2026-02-27T11:01:21.493Z
sensor.stormbreaker_adaptivecharge_net_surplus_excl_ev_w,5206.4,2026-02-27T11:01:31.493Z
sensor.stormbreaker_adaptivecharge_net_surplus_excl_ev_w,5205.3,2026-02-27T11:01:41.494Z
sensor.stormbreaker_adaptivecharge_net_surplus_excl_ev_w,5197.8,2026-02-27T11:01:51.495Z
sensor.stormbreaker_adaptivecharge_net_surplus_excl_ev_w,5138.8,2026-02-27T11:02:07.951Z
sensor.stormbreaker_adaptivecharge_net_surplus_excl_ev_w,4700.3,2026-02-27T11:02:11.497Z
sensor.stormbreaker_adaptivecharge_net_surplus_excl_ev_w,4696.9,2026-02-27T11:02:21.498Z
sensor.stormbreaker_adaptivecharge_net_surplus_excl_ev_w,4698.1,2026-02-27T11:02:31.499Z
sensor.stormbreaker_adaptivecharge_net_surplus_excl_ev_w,4702.5,2026-02-27T11:02:41.500Z
sensor.stormbreaker_adaptivecharge_net_surplus_excl_ev_w,4695.5,2026-02-27T11:02:51.501Z
sensor.stormbreaker_adaptivecharge_net_surplus_excl_ev_w,4672.6,2026-02-27T11:03:01.501Z
sensor.stormbreaker_adaptivecharge_net_surplus_excl_ev_w,2854.5,2026-02-27T11:03:11.502Z
sensor.stormbreaker_adaptivecharge_net_surplus_excl_ev_w,2879.6,2026-02-27T11:03:21.503Z
sensor.stormbreaker_adaptivecharge_net_surplus_excl_ev_w,2889.4,2026-02-27T11:03:31.504Z
sensor.stormbreaker_adaptivecharge_net_surplus_excl_ev_w,2888.7,2026-02-27T11:03:41.506Z
sensor.stormbreaker_adaptivecharge_net_surplus_excl_ev_w,2877.1,2026-02-27T11:03:51.506Z
sensor.stormbreaker_adaptivecharge_net_surplus_excl_ev_w,2884.6,2026-02-27T11:04:01.507Z
sensor.stormbreaker_adaptivecharge_net_surplus_excl_ev_w,2889.6,2026-02-27T11:04:11.508Z
sensor.stormbreaker_adaptivecharge_net_surplus_excl_ev_w,4538.7,2026-02-27T11:04:24.024Z
sensor.stormbreaker_adaptivecharge_net_surplus_excl_ev_w,5249.6,2026-02-27T11:04:31.510Z
sensor.stormbreaker_adaptivecharge_net_surplus_excl_ev_w,5252.7,2026-02-27T11:04:41.511Z
sensor.stormbreaker_adaptivecharge_net_surplus_excl_ev_w,5249.2,2026-02-27T11:04:51.513Z
sensor.stormbreaker_adaptivecharge_net_surplus_excl_ev_w,5240.1,2026-02-27T11:05:01.513Z
sensor.stormbreaker_adaptivecharge_net_surplus_excl_ev_w,5249.4,2026-02-27T11:05:11.514Z
sensor.stormbreaker_adaptivecharge_net_surplus_excl_ev_w,4742.5,2026-02-27T11:05:23.781Z
sensor.stormbreaker_adaptivecharge_net_surplus_excl_ev_w,5468.3,2026-02-27T11:05:31.515Z
sensor.stormbreaker_adaptivecharge_net_surplus_excl_ev_w,5443.9,2026-02-27T11:05:41.516Z
sensor.stormbreaker_adaptivecharge_net_surplus_excl_ev_w,5451.9,2026-02-27T11:05:51.516Z
sensor.stormbreaker_adaptivecharge_net_surplus_excl_ev_w,5498.6,2026-02-27T11:06:01.518Z
sensor.stormbreaker_adaptivecharge_net_surplus_excl_ev_w,5502.0,2026-02-27T11:06:11.519Z
sensor.stormbreaker_adaptivecharge_net_surplus_excl_ev_w,4767.2,2026-02-27T11:06:21.520Z
sensor.stormbreaker_adaptivecharge_net_surplus_excl_ev_w,4765.2,2026-02-27T11:06:31.521Z
sensor.stormbreaker_adaptivecharge_net_surplus_excl_ev_w,4760.4,2026-02-27T11:06:41.522Z
sensor.stormbreaker_adaptivecharge_net_surplus_excl_ev_w,4765.0,2026-02-27T11:06:51.523Z
sensor.stormbreaker_adaptivecharge_net_surplus_excl_ev_w,4771.1,2026-02-27T11:07:01.523Z
sensor.stormbreaker_adaptivecharge_net_surplus_excl_ev_w,4766.8,2026-02-27T11:07:11.524Z
sensor.stormbreaker_adaptivecharge_net_surplus_excl_ev_w,4786.6,2026-02-27T11:07:21.525Z
sensor.stormbreaker_adaptivecharge_net_surplus_excl_ev_w,4760.7,2026-02-27T11:07:31.526Z
sensor.stormbreaker_adaptivecharge_net_surplus_excl_ev_w,4790.4,2026-02-27T11:07:41.527Z
sensor.stormbreaker_adaptivecharge_net_surplus_excl_ev_w,4732.8,2026-02-27T11:07:51.528Z
sensor.stormbreaker_adaptivecharge_net_surplus_excl_ev_w,4727.2,2026-02-27T11:08:01.529Z
sensor.stormbreaker_adaptivecharge_net_surplus_excl_ev_w,4736.9,2026-02-27T11:08:11.530Z
sensor.stormbreaker_adaptivecharge_net_surplus_excl_ev_w,4746.8,2026-02-27T11:08:21.531Z
sensor.stormbreaker_adaptivecharge_net_surplus_excl_ev_w,4732.6,2026-02-27T11:08:31.532Z
sensor.stormbreaker_adaptivecharge_net_surplus_excl_ev_w,4727.7,2026-02-27T11:08:41.532Z
sensor.stormbreaker_adaptivecharge_net_surplus_excl_ev_w,4698.2,2026-02-27T11:08:51.533Z
sensor.stormbreaker_adaptivecharge_net_surplus_excl_ev_w,4626.8,2026-02-27T11:09:01.534Z
sensor.stormbreaker_adaptivecharge_net_surplus_excl_ev_w,4631.9,2026-02-27T11:09:11.536Z
sensor.stormbreaker_adaptivecharge_net_surplus_excl_ev_w,4630.7,2026-02-27T11:09:21.537Z
sensor.stormbreaker_adaptivecharge_net_surplus_excl_ev_w,1887.4,2026-02-27T11:09:33.588Z
sensor.stormbreaker_adaptivecharge_net_surplus_excl_ev_w,1172.5,2026-02-27T11:09:41.686Z
sensor.stormbreaker_adaptivecharge_net_surplus_excl_ev_w,1165.1,2026-02-27T11:09:51.700Z
sensor.stormbreaker_adaptivecharge_net_surplus_excl_ev_w,1179.4,2026-02-27T11:10:01.687Z
sensor.stormbreaker_adaptivecharge_net_surplus_excl_ev_w,1168.7,2026-02-27T11:10:11.686Z
sensor.stormbreaker_adaptivecharge_net_surplus_excl_ev_w,1179.4,2026-02-27T11:10:21.543Z
sensor.stormbreaker_adaptivecharge_net_surplus_excl_ev_w,-48.4,2026-02-27T11:10:31.545Z
sensor.stormbreaker_adaptivecharge_net_surplus_excl_ev_w,-48.3,2026-02-27T11:10:41.545Z
sensor.stormbreaker_adaptivecharge_net_surplus_excl_ev_w,-48.0,2026-02-27T11:10:51.546Z
sensor.stormbreaker_adaptivecharge_net_surplus_excl_ev_w,-54.0,2026-02-27T11:11:01.547Z
sensor.stormbreaker_adaptivecharge_net_surplus_excl_ev_w,-48.4,2026-02-27T11:11:11.548Z
sensor.stormbreaker_adaptivecharge_net_surplus_excl_ev_w,-47.3,2026-02-27T11:11:21.550Z
sensor.stormbreaker_adaptivecharge_net_surplus_excl_ev_w,1649.9,2026-02-27T11:11:31.551Z
sensor.stormbreaker_adaptivecharge_net_surplus_excl_ev_w,1649.8,2026-02-27T11:11:41.552Z
sensor.stormbreaker_adaptivecharge_net_surplus_excl_ev_w,1650.3,2026-02-27T11:11:51.554Z
sensor.stormbreaker_adaptivecharge_net_surplus_excl_ev_w,1649.9,2026-02-27T11:12:01.554Z
sensor.stormbreaker_adaptivecharge_net_surplus_excl_ev_w,1650.2,2026-02-27T11:12:11.556Z
sensor.stormbreaker_adaptivecharge_net_surplus_excl_ev_w,1650.3,2026-02-27T11:12:21.557Z
sensor.stormbreaker_adaptivecharge_net_surplus_excl_ev_w,1677.0,2026-02-27T11:12:31.559Z
sensor.stormbreaker_adaptivecharge_net_surplus_excl_ev_w,1682.8,2026-02-27T11:12:51.560Z
sensor.stormbreaker_adaptivecharge_net_surplus_excl_ev_w,1682.7,2026-02-27T11:13:01.561Z
sensor.stormbreaker_adaptivecharge_net_surplus_excl_ev_w,1677.0,2026-02-27T11:13:11.562Z
sensor.stormbreaker_adaptivecharge_net_surplus_excl_ev_w,1687.6,2026-02-27T11:13:21.563Z
sensor.stormbreaker_adaptivecharge_net_surplus_excl_ev_w,1833.1,2026-02-27T11:13:31.564Z
sensor.stormbreaker_adaptivecharge_net_surplus_excl_ev_w,2732.5,2026-02-27T11:13:41.564Z
sensor.stormbreaker_adaptivecharge_net_surplus_excl_ev_w,2730.2,2026-02-27T11:13:51.565Z
sensor.stormbreaker_adaptivecharge_net_surplus_excl_ev_w,2729.4,2026-02-27T11:14:01.565Z
sensor.stormbreaker_adaptivecharge_net_surplus_excl_ev_w,2728.5,2026-02-27T11:14:11.565Z
sensor.stormbreaker_adaptivecharge_net_surplus_excl_ev_w,2726.0,2026-02-27T11:14:21.565Z
sensor.stormbreaker_adaptivecharge_net_surplus_excl_ev_w,2729.1,2026-02-27T11:14:31.567Z
sensor.stormbreaker_adaptivecharge_net_surplus_excl_ev_w,2130.3,2026-02-27T11:14:48.262Z
sensor.stormbreaker_adaptivecharge_net_surplus_excl_ev_w,2826.5,2026-02-27T11:14:51.568Z
sensor.stormbreaker_adaptivecharge_net_surplus_excl_ev_w,2831.4,2026-02-27T11:15:01.569Z
sensor.stormbreaker_adaptivecharge_net_surplus_excl_ev_w,2840.3,2026-02-27T11:15:11.570Z
sensor.stormbreaker_adaptivecharge_net_surplus_excl_ev_w,2821.7,2026-02-27T11:15:21.571Z
sensor.stormbreaker_adaptivecharge_net_surplus_excl_ev_w,2823.3,2026-02-27T11:15:31.573Z
sensor.stormbreaker_adaptivecharge_net_surplus_excl_ev_w,2709.7,2026-02-27T11:15:41.573Z
sensor.stormbreaker_adaptivecharge_net_surplus_excl_ev_w,2715.6,2026-02-27T11:15:51.573Z
sensor.stormbreaker_adaptivecharge_net_surplus_excl_ev_w,2718.5,2026-02-27T11:16:01.574Z
sensor.stormbreaker_adaptivecharge_net_surplus_excl_ev_w,2767.5,2026-02-27T11:16:11.575Z
sensor.stormbreaker_adaptivecharge_net_surplus_excl_ev_w,2778.0,2026-02-27T11:16:21.575Z
sensor.stormbreaker_adaptivecharge_net_surplus_excl_ev_w,2794.6,2026-02-27T11:16:31.578Z
sensor.stormbreaker_adaptivecharge_net_surplus_excl_ev_w,5175.4,2026-02-27T11:16:48.186Z
sensor.stormbreaker_adaptivecharge_net_surplus_excl_ev_w,5897.5,2026-02-27T11:16:51.582Z
sensor.stormbreaker_adaptivecharge_net_surplus_excl_ev_w,5886.3,2026-02-27T11:17:01.582Z
sensor.stormbreaker_adaptivecharge_net_surplus_excl_ev_w,5881.8,2026-02-27T11:17:11.584Z
sensor.stormbreaker_adaptivecharge_net_surplus_excl_ev_w,5881.7,2026-02-27T11:17:21.585Z
sensor.stormbreaker_adaptivecharge_net_surplus_excl_ev_w,5859.3,2026-02-27T11:17:31.585Z
sensor.stormbreaker_adaptivecharge_net_surplus_excl_ev_w,3258.7,2026-02-27T11:17:41.585Z
sensor.stormbreaker_adaptivecharge_net_surplus_excl_ev_w,3223.3,2026-02-27T11:17:51.586Z
sensor.stormbreaker_adaptivecharge_net_surplus_excl_ev_w,3239.7,2026-02-27T11:18:01.587Z
sensor.stormbreaker_adaptivecharge_net_surplus_excl_ev_w,3235.2,2026-02-27T11:18:11.588Z
sensor.stormbreaker_adaptivecharge_net_surplus_excl_ev_w,3249.9,2026-02-27T11:18:21.589Z
sensor.stormbreaker_adaptivecharge_net_surplus_excl_ev_w,3231.9,2026-02-27T11:18:31.589Z
sensor.stormbreaker_adaptivecharge_net_surplus_excl_ev_w,2314.1,2026-02-27T11:18:41.591Z
sensor.stormbreaker_adaptivecharge_net_surplus_excl_ev_w,2334.8,2026-02-27T11:18:58.339Z
sensor.stormbreaker_adaptivecharge_net_surplus_excl_ev_w,1628.5,2026-02-27T11:19:01.747Z
sensor.stormbreaker_adaptivecharge_net_surplus_excl_ev_w,1608.1,2026-02-27T11:19:11.739Z
sensor.stormbreaker_adaptivecharge_net_surplus_excl_ev_w,1622.8,2026-02-27T11:19:21.595Z
sensor.stormbreaker_adaptivecharge_net_surplus_excl_ev_w,-508.0,2026-02-27T11:19:31.596Z
sensor.stormbreaker_adaptivecharge_net_surplus_excl_ev_w,1833.7,2026-02-27T11:19:41.597Z
sensor.stormbreaker_adaptivecharge_net_surplus_excl_ev_w,1834.6,2026-02-27T11:19:51.598Z
sensor.stormbreaker_adaptivecharge_net_surplus_excl_ev_w,1828.0,2026-02-27T11:20:01.599Z
sensor.stormbreaker_adaptivecharge_net_surplus_excl_ev_w,1833.8,2026-02-27T11:20:11.600Z
sensor.stormbreaker_adaptivecharge_net_surplus_excl_ev_w,1834.2,2026-02-27T11:20:21.601Z
sensor.stormbreaker_adaptivecharge_net_surplus_excl_ev_w,1828.0,2026-02-27T11:20:31.605Z
sensor.stormbreaker_adaptivecharge_net_surplus_excl_ev_w,1833.6,2026-02-27T11:20:41.606Z
sensor.stormbreaker_adaptivecharge_net_surplus_excl_ev_w,1645.4,2026-02-27T11:20:51.606Z
sensor.stormbreaker_adaptivecharge_net_surplus_excl_ev_w,1644.8,2026-02-27T11:21:01.608Z
sensor.stormbreaker_adaptivecharge_net_surplus_excl_ev_w,1644.9,2026-02-27T11:21:11.609Z
sensor.stormbreaker_adaptivecharge_net_surplus_excl_ev_w,1644.7,2026-02-27T11:21:21.610Z
sensor.stormbreaker_adaptivecharge_net_surplus_excl_ev_w,1644.9,2026-02-27T11:21:31.611Z
sensor.stormbreaker_adaptivecharge_net_surplus_excl_ev_w,1645.7,2026-02-27T11:21:41.612Z
sensor.stormbreaker_adaptivecharge_net_surplus_excl_ev_w,1343.9,2026-02-27T11:21:51.613Z
sensor.stormbreaker_adaptivecharge_net_surplus_excl_ev_w,1390.8,2026-02-27T11:22:21.616Z
sensor.stormbreaker_adaptivecharge_net_surplus_excl_ev_w,2284.4,2026-02-27T11:22:31.617Z
sensor.stormbreaker_adaptivecharge_net_surplus_excl_ev_w,2765.1,2026-02-27T11:22:41.618Z
sensor.stormbreaker_adaptivecharge_net_surplus_excl_ev_w,1402.9,2026-02-27T11:22:51.618Z
sensor.stormbreaker_adaptivecharge_net_surplus_excl_ev_w,1406.6,2026-02-27T11:23:01.619Z
sensor.stormbreaker_adaptivecharge_net_surplus_excl_ev_w,1409.0,2026-02-27T11:23:11.619Z
sensor.stormbreaker_adaptivecharge_net_surplus_excl_ev_w,1405.9,2026-02-27T11:23:21.620Z
sensor.stormbreaker_adaptivecharge_net_surplus_excl_ev_w,1405.0,2026-02-27T11:23:31.620Z
sensor.stormbreaker_adaptivecharge_net_surplus_excl_ev_w,1406.7,2026-02-27T11:23:41.621Z
sensor.stormbreaker_adaptivecharge_net_surplus_excl_ev_w,1368.4,2026-02-27T11:23:51.623Z
sensor.stormbreaker_adaptivecharge_net_surplus_excl_ev_w,1363.2,2026-02-27T11:24:01.624Z
sensor.stormbreaker_adaptivecharge_net_surplus_excl_ev_w,1360.1,2026-02-27T11:24:11.624Z
sensor.stormbreaker_adaptivecharge_net_surplus_excl_ev_w,1354.8,2026-02-27T11:24:21.627Z
sensor.stormbreaker_adaptivecharge_net_surplus_excl_ev_w,1355.8,2026-02-27T11:24:31.628Z
sensor.stormbreaker_adaptivecharge_net_surplus_excl_ev_w,1360.2,2026-02-27T11:24:41.628Z
sensor.stormbreaker_adaptivecharge_net_surplus_excl_ev_w,1298.8,2026-02-27T11:24:51.809Z
sensor.stormbreaker_adaptivecharge_net_surplus_excl_ev_w,1298.4,2026-02-27T11:25:01.811Z
sensor.stormbreaker_adaptivecharge_net_surplus_excl_ev_w,1294.8,2026-02-27T11:25:11.811Z
sensor.stormbreaker_adaptivecharge_net_surplus_excl_ev_w,1292.4,2026-02-27T11:25:21.812Z
sensor.stormbreaker_adaptivecharge_net_surplus_excl_ev_w,1296.0,2026-02-27T11:25:31.814Z
sensor.stormbreaker_adaptivecharge_net_surplus_excl_ev_w,1298.6,2026-02-27T11:25:41.815Z
sensor.stormbreaker_adaptivecharge_net_surplus_excl_ev_w,1150.6,2026-02-27T11:25:51.816Z
sensor.stormbreaker_adaptivecharge_net_surplus_excl_ev_w,1147.2,2026-02-27T11:26:06.934Z
sensor.stormbreaker_adaptivecharge_net_surplus_excl_ev_w,460.4,2026-02-27T11:26:11.817Z
sensor.stormbreaker_adaptivecharge_net_surplus_excl_ev_w,-270.2,2026-02-27T11:26:21.819Z
sensor.stormbreaker_adaptivecharge_net_surplus_excl_ev_w,-269.8,2026-02-27T11:26:31.821Z
sensor.stormbreaker_adaptivecharge_net_surplus_excl_ev_w,-270.4,2026-02-27T11:26:41.822Z
sensor.stormbreaker_adaptivecharge_net_surplus_excl_ev_w,-270.1,2026-02-27T11:26:51.823Z
sensor.stormbreaker_adaptivecharge_net_surplus_excl_ev_w,1276.0,2026-02-27T11:27:01.823Z
sensor.stormbreaker_adaptivecharge_net_surplus_excl_ev_w,1282.0,2026-02-27T11:27:11.824Z
sensor.stormbreaker_adaptivecharge_net_surplus_excl_ev_w,1276.0,2026-02-27T11:27:21.825Z
sensor.stormbreaker_adaptivecharge_net_surplus_excl_ev_w,1282.1,2026-02-27T11:27:41.826Z
sensor.stormbreaker_adaptivecharge_net_surplus_excl_ev_w,1276.0,2026-02-27T11:27:51.827Z
sensor.stormbreaker_adaptivecharge_net_surplus_excl_ev_w,1304.0,2026-02-27T11:28:01.828Z
sensor.stormbreaker_adaptivecharge_net_surplus_excl_ev_w,1309.7,2026-02-27T11:28:11.829Z
sensor.stormbreaker_adaptivecharge_net_surplus_excl_ev_w,1309.8,2026-02-27T11:28:21.830Z
sensor.stormbreaker_adaptivecharge_net_surplus_excl_ev_w,1310.2,2026-02-27T11:28:31.830Z
sensor.stormbreaker_adaptivecharge_net_surplus_excl_ev_w,1310.0,2026-02-27T11:28:41.832Z
sensor.stormbreaker_adaptivecharge_net_surplus_excl_ev_w,1309.6,2026-02-27T11:28:51.833Z
sensor.stormbreaker_adaptivecharge_net_surplus_excl_ev_w,1345.8,2026-02-27T11:29:01.834Z
sensor.stormbreaker_adaptivecharge_net_surplus_excl_ev_w,1371.5,2026-02-27T11:29:11.835Z
sensor.stormbreaker_adaptivecharge_net_surplus_excl_ev_w,1825.6,2026-02-27T11:29:21.835Z
sensor.stormbreaker_adaptivecharge_net_surplus_excl_ev_w,2068.9,2026-02-27T11:29:31.836Z
sensor.stormbreaker_adaptivecharge_net_surplus_excl_ev_w,2065.5,2026-02-27T11:29:41.837Z
sensor.stormbreaker_adaptivecharge_net_surplus_excl_ev_w,2066.9,2026-02-27T11:29:51.838Z
sensor.stormbreaker_adaptivecharge_net_surplus_excl_ev_w,1599.1,2026-02-27T11:30:08.270Z
sensor.stormbreaker_adaptivecharge_net_surplus_excl_ev_w,2295.0,2026-02-27T11:30:11.839Z
sensor.stormbreaker_adaptivecharge_net_surplus_excl_ev_w,2295.4,2026-02-27T11:30:21.839Z
sensor.stormbreaker_adaptivecharge_net_surplus_excl_ev_w,2291.3,2026-02-27T11:30:31.840Z
sensor.stormbreaker_adaptivecharge_net_surplus_excl_ev_w,2301.8,2026-02-27T11:30:41.841Z
sensor.stormbreaker_adaptivecharge_net_surplus_excl_ev_w,2291.1,2026-02-27T11:30:51.842Z
sensor.stormbreaker_adaptivecharge_net_surplus_excl_ev_w,1812.5,2026-02-27T11:31:01.842Z
sensor.stormbreaker_adaptivecharge_net_surplus_excl_ev_w,1822.4,2026-02-27T11:31:11.844Z
sensor.stormbreaker_adaptivecharge_net_surplus_excl_ev_w,1809.1,2026-02-27T11:31:21.845Z
sensor.stormbreaker_adaptivecharge_net_surplus_excl_ev_w,1820.5,2026-02-27T11:31:31.845Z
sensor.stormbreaker_adaptivecharge_net_surplus_excl_ev_w,1813.6,2026-02-27T11:31:41.846Z
sensor.stormbreaker_adaptivecharge_net_surplus_excl_ev_w,1811.8,2026-02-27T11:31:51.847Z
sensor.stormbreaker_adaptivecharge_net_surplus_excl_ev_w,1698.9,2026-02-27T11:32:01.848Z
sensor.stormbreaker_adaptivecharge_net_surplus_excl_ev_w,1700.0,2026-02-27T11:32:11.852Z
sensor.stormbreaker_adaptivecharge_net_surplus_excl_ev_w,1699.3,2026-02-27T11:32:21.853Z
sensor.stormbreaker_adaptivecharge_net_surplus_excl_ev_w,1694.6,2026-02-27T11:32:31.854Z
sensor.stormbreaker_adaptivecharge_net_surplus_excl_ev_w,1697.2,2026-02-27T11:32:41.854Z
sensor.stormbreaker_adaptivecharge_net_surplus_excl_ev_w,1696.0,2026-02-27T11:32:51.855Z
sensor.stormbreaker_adaptivecharge_net_surplus_excl_ev_w,1613.1,2026-02-27T11:33:01.855Z
sensor.stormbreaker_adaptivecharge_net_surplus_excl_ev_w,1617.7,2026-02-27T11:33:11.856Z
sensor.stormbreaker_adaptivecharge_net_surplus_excl_ev_w,1619.4,2026-02-27T11:33:21.858Z
sensor.stormbreaker_adaptivecharge_net_surplus_excl_ev_w,1620.3,2026-02-27T11:33:31.859Z
sensor.stormbreaker_adaptivecharge_net_surplus_excl_ev_w,1618.1,2026-02-27T11:33:41.860Z
sensor.stormbreaker_adaptivecharge_net_surplus_excl_ev_w,1622.7,2026-02-27T11:33:51.861Z
sensor.stormbreaker_adaptivecharge_net_surplus_excl_ev_w,1624.2,2026-02-27T11:34:01.862Z
sensor.stormbreaker_adaptivecharge_net_surplus_excl_ev_w,1386.8,2026-02-27T11:34:11.862Z
sensor.stormbreaker_adaptivecharge_net_surplus_excl_ev_w,1382.8,2026-02-27T11:34:21.862Z
sensor.stormbreaker_adaptivecharge_net_surplus_excl_ev_w,1376.8,2026-02-27T11:34:31.863Z
sensor.stormbreaker_adaptivecharge_net_surplus_excl_ev_w,1383.0,2026-02-27T11:34:41.864Z
sensor.stormbreaker_adaptivecharge_net_surplus_excl_ev_w,1381.1,2026-02-27T11:34:51.865Z
sensor.stormbreaker_adaptivecharge_net_surplus_excl_ev_w,1377.2,2026-02-27T11:35:01.870Z
sensor.stormbreaker_adaptivecharge_net_surplus_excl_ev_w,1388.6,2026-02-27T11:35:11.872Z
sensor.stormbreaker_adaptivecharge_net_surplus_excl_ev_w,1389.6,2026-02-27T11:35:21.872Z
sensor.stormbreaker_adaptivecharge_net_surplus_excl_ev_w,1386.5,2026-02-27T11:35:31.873Z
sensor.stormbreaker_adaptivecharge_net_surplus_excl_ev_w,1389.6,2026-02-27T11:35:41.874Z
sensor.stormbreaker_adaptivecharge_net_surplus_excl_ev_w,1395.9,2026-02-27T11:35:52.014Z
sensor.stormbreaker_adaptivecharge_net_surplus_excl_ev_w,1387.5,2026-02-27T11:36:02.020Z
sensor.stormbreaker_adaptivecharge_net_surplus_excl_ev_w,1346.0,2026-02-27T11:36:12.022Z
sensor.stormbreaker_adaptivecharge_net_surplus_excl_ev_w,1341.7,2026-02-27T11:36:22.023Z
sensor.stormbreaker_adaptivecharge_net_surplus_excl_ev_w,1349.1,2026-02-27T11:36:32.024Z
sensor.stormbreaker_adaptivecharge_net_surplus_excl_ev_w,1342.2,2026-02-27T11:36:42.025Z
sensor.stormbreaker_adaptivecharge_net_surplus_excl_ev_w,1339.9,2026-02-27T11:36:52.025Z
sensor.stormbreaker_adaptivecharge_net_surplus_excl_ev_w,1348.2,2026-02-27T11:37:02.026Z
sensor.stormbreaker_adaptivecharge_net_surplus_excl_ev_w,1477.1,2026-02-27T11:37:12.027Z
sensor.stormbreaker_adaptivecharge_net_surplus_excl_ev_w,1468.1,2026-02-27T11:37:22.170Z
sensor.stormbreaker_adaptivecharge_net_surplus_excl_ev_w,1468.2,2026-02-27T11:37:32.175Z
sensor.stormbreaker_adaptivecharge_net_surplus_excl_ev_w,1473.4,2026-02-27T11:37:42.177Z
sensor.stormbreaker_adaptivecharge_net_surplus_excl_ev_w,1474.3,2026-02-27T11:37:52.178Z
sensor.stormbreaker_adaptivecharge_net_surplus_excl_ev_w,1474.1,2026-02-27T11:38:02.180Z
sensor.stormbreaker_adaptivecharge_net_surplus_excl_ev_w,1685.9,2026-02-27T11:38:12.181Z
sensor.stormbreaker_adaptivecharge_net_surplus_excl_ev_w,1688.6,2026-02-27T11:38:22.181Z
sensor.stormbreaker_adaptivecharge_net_surplus_excl_ev_w,1691.4,2026-02-27T11:38:32.183Z
sensor.stormbreaker_adaptivecharge_net_surplus_excl_ev_w,1687.1,2026-02-27T11:38:42.184Z
sensor.stormbreaker_adaptivecharge_net_surplus_excl_ev_w,1694.2,2026-02-27T11:38:52.184Z
sensor.stormbreaker_adaptivecharge_net_surplus_excl_ev_w,1686.5,2026-02-27T11:39:02.184Z
sensor.stormbreaker_adaptivecharge_net_surplus_excl_ev_w,1490.7,2026-02-27T11:39:12.186Z
sensor.stormbreaker_adaptivecharge_net_surplus_excl_ev_w,1492.1,2026-02-27T11:39:22.187Z
sensor.stormbreaker_adaptivecharge_net_surplus_excl_ev_w,1484.6,2026-02-27T11:39:32.187Z
sensor.stormbreaker_adaptivecharge_net_surplus_excl_ev_w,1492.6,2026-02-27T11:39:42.190Z
sensor.stormbreaker_adaptivecharge_net_surplus_excl_ev_w,1494.8,2026-02-27T11:39:52.190Z
sensor.stormbreaker_adaptivecharge_net_surplus_excl_ev_w,1486.3,2026-02-27T11:40:02.191Z
sensor.stormbreaker_adaptivecharge_net_surplus_excl_ev_w,1453.4,2026-02-27T11:40:12.192Z
sensor.stormbreaker_adaptivecharge_net_surplus_excl_ev_w,1451.8,2026-02-27T11:40:22.192Z
sensor.stormbreaker_adaptivecharge_net_surplus_excl_ev_w,1446.7,2026-02-27T11:40:32.192Z
sensor.stormbreaker_adaptivecharge_net_surplus_excl_ev_w,1445.7,2026-02-27T11:40:42.193Z
sensor.stormbreaker_adaptivecharge_net_surplus_excl_ev_w,1453.5,2026-02-27T11:40:52.194Z
sensor.stormbreaker_adaptivecharge_net_surplus_excl_ev_w,1456.9,2026-02-27T11:41:02.194Z
sensor.stormbreaker_adaptivecharge_net_surplus_excl_ev_w,1461.3,2026-02-27T11:41:12.196Z
sensor.stormbreaker_adaptivecharge_net_surplus_excl_ev_w,1288.0,2026-02-27T11:41:22.195Z
sensor.stormbreaker_adaptivecharge_net_surplus_excl_ev_w,1291.3,2026-02-27T11:41:32.197Z
sensor.stormbreaker_adaptivecharge_net_surplus_excl_ev_w,1288.5,2026-02-27T11:41:42.198Z
sensor.stormbreaker_adaptivecharge_net_surplus_excl_ev_w,1281.0,2026-02-27T11:41:52.198Z
sensor.stormbreaker_adaptivecharge_net_surplus_excl_ev_w,1282.6,2026-02-27T11:42:02.199Z
sensor.stormbreaker_adaptivecharge_net_surplus_excl_ev_w,1289.0,2026-02-27T11:42:12.200Z
sensor.stormbreaker_adaptivecharge_net_surplus_excl_ev_w,1191.4,2026-02-27T11:42:22.202Z
sensor.stormbreaker_adaptivecharge_net_surplus_excl_ev_w,1199.5,2026-02-27T11:42:38.848Z
sensor.stormbreaker_adaptivecharge_net_surplus_excl_ev_w,497.5,2026-02-27T11:42:42.207Z
sensor.stormbreaker_adaptivecharge_net_surplus_excl_ev_w,-232.0,2026-02-27T11:42:52.208Z
sensor.stormbreaker_adaptivecharge_net_surplus_excl_ev_w,-226.3,2026-02-27T11:43:12.209Z
sensor.stormbreaker_adaptivecharge_net_surplus_excl_ev_w,1288.0,2026-02-27T11:43:22.210Z
sensor.stormbreaker_adaptivecharge_net_surplus_excl_ev_w,1294.3,2026-02-27T11:43:32.210Z
sensor.stormbreaker_adaptivecharge_net_surplus_excl_ev_w,1288.0,2026-02-27T11:43:42.211Z
sensor.stormbreaker_adaptivecharge_net_surplus_excl_ev_w,1293.5,2026-02-27T11:43:52.211Z
sensor.stormbreaker_adaptivecharge_net_surplus_excl_ev_w,1294.0,2026-02-27T11:44:02.212Z
sensor.stormbreaker_adaptivecharge_net_surplus_excl_ev_w,-488.0,2026-02-27T11:44:22.214Z
sensor.stormbreaker_adaptivecharge_net_surplus_excl_ev_w,-482.4,2026-02-27T11:44:52.215Z
sensor.stormbreaker_adaptivecharge_net_surplus_excl_ev_w,-488.0,2026-02-27T11:45:12.216Z
sensor.stormbreaker_adaptivecharge_net_surplus_excl_ev_w,821.0,2026-02-27T11:45:22.218Z
sensor.stormbreaker_adaptivecharge_net_surplus_excl_ev_w,827.3,2026-02-27T11:45:32.218Z
sensor.stormbreaker_adaptivecharge_net_surplus_excl_ev_w,826.7,2026-02-27T11:45:42.219Z
sensor.stormbreaker_adaptivecharge_net_surplus_excl_ev_w,821.0,2026-02-27T11:45:52.220Z
sensor.stormbreaker_adaptivecharge_net_surplus_excl_ev_w,826.8,2026-02-27T11:46:02.220Z
sensor.stormbreaker_adaptivecharge_net_surplus_excl_ev_w,831.2,2026-02-27T11:46:12.222Z
sensor.stormbreaker_adaptivecharge_net_surplus_excl_ev_w,997.9,2026-02-27T11:46:22.222Z
sensor.stormbreaker_adaptivecharge_net_surplus_excl_ev_w,1239.6,2026-02-27T11:46:32.223Z
sensor.stormbreaker_adaptivecharge_net_surplus_excl_ev_w,1485.0,2026-02-27T11:46:42.385Z
sensor.stormbreaker_adaptivecharge_net_surplus_excl_ev_w,1483.4,2026-02-27T11:46:52.226Z
sensor.stormbreaker_adaptivecharge_net_surplus_excl_ev_w,1480.5,2026-02-27T11:47:02.227Z
sensor.stormbreaker_adaptivecharge_net_surplus_excl_ev_w,1478.0,2026-02-27T11:47:12.228Z
sensor.stormbreaker_adaptivecharge_net_surplus_excl_ev_w,1478.8,2026-02-27T11:47:22.228Z
sensor.stormbreaker_adaptivecharge_net_surplus_excl_ev_w,837.0,2026-02-27T11:47:32.229Z
sensor.stormbreaker_adaptivecharge_net_surplus_excl_ev_w,839.6,2026-02-27T11:47:42.229Z
sensor.stormbreaker_adaptivecharge_net_surplus_excl_ev_w,839.4,2026-02-27T11:47:52.229Z
sensor.stormbreaker_adaptivecharge_net_surplus_excl_ev_w,839.5,2026-02-27T11:48:02.230Z
sensor.stormbreaker_adaptivecharge_net_surplus_excl_ev_w,839.8,2026-02-27T11:48:12.232Z
sensor.stormbreaker_adaptivecharge_net_surplus_excl_ev_w,837.6,2026-02-27T11:48:22.232Z
sensor.stormbreaker_adaptivecharge_net_surplus_excl_ev_w,770.7,2026-02-27T11:48:32.233Z
sensor.stormbreaker_adaptivecharge_net_surplus_excl_ev_w,770.4,2026-02-27T11:48:42.233Z
sensor.stormbreaker_adaptivecharge_net_surplus_excl_ev_w,768.0,2026-02-27T11:48:52.235Z
sensor.stormbreaker_adaptivecharge_net_surplus_excl_ev_w,766.5,2026-02-27T11:49:02.236Z
sensor.stormbreaker_adaptivecharge_net_surplus_excl_ev_w,769.2,2026-02-27T11:49:12.238Z
sensor.stormbreaker_adaptivecharge_net_surplus_excl_ev_w,767.4,2026-02-27T11:49:22.239Z
sensor.stormbreaker_adaptivecharge_net_surplus_excl_ev_w,691.7,2026-02-27T11:49:32.243Z
sensor.stormbreaker_adaptivecharge_net_surplus_excl_ev_w,701.6,2026-02-27T11:49:42.244Z
sensor.stormbreaker_adaptivecharge_net_surplus_excl_ev_w,701.1,2026-02-27T11:49:52.245Z
sensor.stormbreaker_adaptivecharge_net_surplus_excl_ev_w,708.3,2026-02-27T11:50:02.246Z
sensor.stormbreaker_adaptivecharge_net_surplus_excl_ev_w,708.2,2026-02-27T11:50:12.246Z
sensor.stormbreaker_adaptivecharge_net_surplus_excl_ev_w,711.0,2026-02-27T11:50:22.247Z
sensor.stormbreaker_adaptivecharge_net_surplus_excl_ev_w,712.9,2026-02-27T11:50:32.248Z
sensor.stormbreaker_adaptivecharge_net_surplus_excl_ev_w,703.7,2026-02-27T11:50:42.249Z
sensor.stormbreaker_adaptivecharge_net_surplus_excl_ev_w,698.0,2026-02-27T11:50:52.249Z
sensor.stormbreaker_adaptivecharge_net_surplus_excl_ev_w,697.4,2026-02-27T11:51:02.250Z
sensor.stormbreaker_adaptivecharge_net_surplus_excl_ev_w,693.8,2026-02-27T11:51:12.741Z
sensor.stormbreaker_adaptivecharge_net_surplus_excl_ev_w,694.6,2026-02-27T11:51:22.742Z
sensor.stormbreaker_adaptivecharge_net_surplus_excl_ev_w,788.7,2026-02-27T11:51:32.743Z
sensor.stormbreaker_adaptivecharge_net_surplus_excl_ev_w,790.0,2026-02-27T11:51:42.744Z
sensor.stormbreaker_adaptivecharge_net_surplus_excl_ev_w,61.6,2026-02-27T11:51:52.745Z
sensor.stormbreaker_adaptivecharge_net_surplus_excl_ev_w,56.0,2026-02-27T11:52:02.745Z
sensor.stormbreaker_adaptivecharge_net_surplus_excl_ev_w,763.0,2026-02-27T11:52:32.748Z
sensor.stormbreaker_adaptivecharge_net_surplus_excl_ev_w,768.8,2026-02-27T11:53:02.750Z
sensor.stormbreaker_adaptivecharge_net_surplus_excl_ev_w,763.0,2026-02-27T11:53:12.751Z
sensor.stormbreaker_adaptivecharge_net_surplus_excl_ev_w,664.0,2026-02-27T11:53:42.753Z
sensor.stormbreaker_adaptivecharge_net_surplus_excl_ev_w,669.7,2026-02-27T11:54:32.759Z
sensor.stormbreaker_adaptivecharge_net_surplus_excl_ev_w,644.0,2026-02-27T11:54:42.760Z
sensor.stormbreaker_adaptivecharge_net_surplus_excl_ev_w,649.7,2026-02-27T11:55:12.762Z
sensor.stormbreaker_adaptivecharge_net_surplus_excl_ev_w,649.8,2026-02-27T11:55:22.762Z
sensor.stormbreaker_adaptivecharge_net_surplus_excl_ev_w,644.0,2026-02-27T11:55:32.764Z
sensor.stormbreaker_adaptivecharge_net_surplus_excl_ev_w,658.8,2026-02-27T11:55:42.764Z
sensor.stormbreaker_adaptivecharge_net_surplus_excl_ev_w,653.0,2026-02-27T11:55:52.766Z
sensor.stormbreaker_adaptivecharge_net_surplus_excl_ev_w,658.8,2026-02-27T11:56:32.770Z
sensor.stormbreaker_adaptivecharge_net_surplus_excl_ev_w,712.0,2026-02-27T11:56:42.770Z
sensor.stormbreaker_adaptivecharge_net_surplus_excl_ev_w,717.5,2026-02-27T11:57:02.772Z
sensor.stormbreaker_adaptivecharge_net_surplus_excl_ev_w,712.0,2026-02-27T11:57:12.773Z
sensor.stormbreaker_adaptivecharge_net_surplus_excl_ev_w,718.0,2026-02-27T11:57:22.773Z
sensor.stormbreaker_adaptivecharge_net_surplus_excl_ev_w,721.2,2026-02-27T11:57:32.775Z
sensor.stormbreaker_adaptivecharge_net_surplus_excl_ev_w,734.6,2026-02-27T11:57:42.776Z
sensor.stormbreaker_adaptivecharge_net_surplus_excl_ev_w,1202.2,2026-02-27T11:57:52.777Z
sensor.stormbreaker_adaptivecharge_net_surplus_excl_ev_w,1199.5,2026-02-27T11:58:02.777Z
sensor.stormbreaker_adaptivecharge_net_surplus_excl_ev_w,1195.0,2026-02-27T11:58:12.779Z
sensor.stormbreaker_adaptivecharge_net_surplus_excl_ev_w,1194.8,2026-02-27T11:58:22.779Z
sensor.stormbreaker_adaptivecharge_net_surplus_excl_ev_w,1196.0,2026-02-27T11:58:32.780Z
sensor.stormbreaker_adaptivecharge_net_surplus_excl_ev_w,774.0,2026-02-27T11:58:42.781Z
sensor.stormbreaker_adaptivecharge_net_surplus_excl_ev_w,776.2,2026-02-27T11:58:52.782Z
sensor.stormbreaker_adaptivecharge_net_surplus_excl_ev_w,773.9,2026-02-27T11:59:02.783Z
sensor.stormbreaker_adaptivecharge_net_surplus_excl_ev_w,770.2,2026-02-27T11:59:12.783Z
sensor.stormbreaker_adaptivecharge_net_surplus_excl_ev_w,773.5,2026-02-27T11:59:22.784Z
sensor.stormbreaker_adaptivecharge_net_surplus_excl_ev_w,769.6,2026-02-27T11:59:32.785Z
sensor.stormbreaker_adaptivecharge_net_surplus_excl_ev_w,731.6,2026-02-27T11:59:42.787Z
sensor.stormbreaker_adaptivecharge_net_surplus_excl_ev_w,734.0,2026-02-27T11:59:52.788Z
sensor.stormbreaker_adaptivecharge_net_surplus_excl_ev_w,737.7,2026-02-27T12:00:02.793Z
sensor.stormbreaker_adaptivecharge_net_surplus_excl_ev_w,742.9,2026-02-27T12:00:12.794Z
sensor.stormbreaker_adaptivecharge_net_surplus_excl_ev_w,745.4,2026-02-27T12:00:22.796Z
sensor.stormbreaker_adaptivecharge_net_surplus_excl_ev_w,742.2,2026-02-27T12:00:32.796Z
sensor.stormbreaker_adaptivecharge_net_surplus_excl_ev_w,745.1,2026-02-27T12:00:42.797Z
sensor.stormbreaker_adaptivecharge_net_surplus_excl_ev_w,623.5,2026-02-27T12:00:52.799Z
sensor.stormbreaker_adaptivecharge_net_surplus_excl_ev_w,614.8,2026-02-27T12:01:02.799Z
sensor.stormbreaker_adaptivecharge_net_surplus_excl_ev_w,622.0,2026-02-27T12:01:12.801Z
sensor.stormbreaker_adaptivecharge_net_surplus_excl_ev_w,625.3,2026-02-27T12:01:22.802Z
sensor.stormbreaker_adaptivecharge_net_surplus_excl_ev_w,621.9,2026-02-27T12:01:32.802Z
sensor.stormbreaker_adaptivecharge_net_surplus_excl_ev_w,626.2,2026-02-27T12:01:42.803Z
sensor.stormbreaker_adaptivecharge_net_surplus_excl_ev_w,562.5,2026-02-27T12:01:52.803Z
sensor.stormbreaker_adaptivecharge_net_surplus_excl_ev_w,559.5,2026-02-27T12:02:02.804Z
sensor.stormbreaker_adaptivecharge_net_surplus_excl_ev_w,-169.0,2026-02-27T12:02:12.805Z
sensor.stormbreaker_adaptivecharge_net_surplus_excl_ev_w,-162.7,2026-02-27T12:02:22.806Z
sensor.stormbreaker_adaptivecharge_net_surplus_excl_ev_w,-163.5,2026-02-27T12:02:32.806Z
sensor.stormbreaker_adaptivecharge_net_surplus_excl_ev_w,597.9,2026-02-27T12:02:52.809Z
sensor.stormbreaker_adaptivecharge_net_surplus_excl_ev_w,597.6,2026-02-27T12:03:02.810Z
sensor.stormbreaker_adaptivecharge_net_surplus_excl_ev_w,597.5,2026-02-27T12:03:12.811Z
sensor.stormbreaker_adaptivecharge_net_surplus_excl_ev_w,597.6,2026-02-27T12:03:22.813Z
sensor.stormbreaker_adaptivecharge_net_surplus_excl_ev_w,597.9,2026-02-27T12:03:32.815Z
sensor.stormbreaker_adaptivecharge_net_surplus_excl_ev_w,597.5,2026-02-27T12:03:42.815Z
sensor.stormbreaker_adaptivecharge_net_surplus_excl_ev_w,594.7,2026-02-27T12:03:52.816Z
sensor.stormbreaker_adaptivecharge_net_surplus_excl_ev_w,595.2,2026-02-27T12:04:02.818Z
sensor.stormbreaker_adaptivecharge_net_surplus_excl_ev_w,594.8,2026-02-27T12:04:12.818Z
sensor.stormbreaker_adaptivecharge_net_surplus_excl_ev_w,595.0,2026-02-27T12:04:22.820Z
sensor.stormbreaker_adaptivecharge_net_surplus_excl_ev_w,595.2,2026-02-27T12:04:32.821Z
sensor.stormbreaker_adaptivecharge_net_surplus_excl_ev_w,594.6,2026-02-27T12:04:42.823Z
sensor.stormbreaker_adaptivecharge_net_surplus_excl_ev_w,665.6,2026-02-27T12:04:52.824Z
sensor.stormbreaker_adaptivecharge_net_surplus_excl_ev_w,665.9,2026-02-27T12:05:02.825Z
sensor.stormbreaker_adaptivecharge_net_surplus_excl_ev_w,665.7,2026-02-27T12:05:12.825Z
sensor.stormbreaker_adaptivecharge_net_surplus_excl_ev_w,665.6,2026-02-27T12:05:22.826Z
sensor.stormbreaker_adaptivecharge_net_surplus_excl_ev_w,665.8,2026-02-27T12:05:32.826Z
sensor.stormbreaker_adaptivecharge_net_surplus_excl_ev_w,660.0,2026-02-27T12:05:42.827Z
sensor.stormbreaker_adaptivecharge_net_surplus_excl_ev_w,825.0,2026-02-27T12:05:52.827Z
sensor.stormbreaker_adaptivecharge_net_surplus_excl_ev_w,824.5,2026-02-27T12:06:12.832Z
sensor.stormbreaker_adaptivecharge_net_surplus_excl_ev_w,819.0,2026-02-27T12:06:22.834Z
sensor.stormbreaker_adaptivecharge_net_surplus_excl_ev_w,825.0,2026-02-27T12:06:32.836Z
sensor.stormbreaker_adaptivecharge_net_surplus_excl_ev_w,829.6,2026-02-27T12:06:42.837Z
sensor.stormbreaker_adaptivecharge_net_surplus_excl_ev_w,914.8,2026-02-27T12:06:52.840Z
sensor.stormbreaker_adaptivecharge_net_surplus_excl_ev_w,1341.9,2026-02-27T12:07:02.841Z
sensor.stormbreaker_adaptivecharge_net_surplus_excl_ev_w,1346.3,2026-02-27T12:07:12.843Z
sensor.stormbreaker_adaptivecharge_net_surplus_excl_ev_w,1344.8,2026-02-27T12:07:22.843Z
sensor.stormbreaker_adaptivecharge_net_surplus_excl_ev_w,1344.5,2026-02-27T12:07:32.844Z
sensor.stormbreaker_adaptivecharge_net_surplus_excl_ev_w,1348.9,2026-02-27T12:07:42.845Z
sensor.stormbreaker_adaptivecharge_net_surplus_excl_ev_w,855.4,2026-02-27T12:07:52.846Z
sensor.stormbreaker_adaptivecharge_net_surplus_excl_ev_w,857.8,2026-02-27T12:08:02.848Z
sensor.stormbreaker_adaptivecharge_net_surplus_excl_ev_w,854.0,2026-02-27T12:08:12.850Z
sensor.stormbreaker_adaptivecharge_net_surplus_excl_ev_w,847.2,2026-02-27T12:08:22.851Z
sensor.stormbreaker_adaptivecharge_net_surplus_excl_ev_w,849.7,2026-02-27T12:08:32.852Z
sensor.stormbreaker_adaptivecharge_net_surplus_excl_ev_w,845.6,2026-02-27T12:08:42.856Z
sensor.stormbreaker_adaptivecharge_net_surplus_excl_ev_w,848.6,2026-02-27T12:08:52.857Z
sensor.stormbreaker_adaptivecharge_net_surplus_excl_ev_w,1005.8,2026-02-27T12:09:02.857Z
sensor.stormbreaker_adaptivecharge_net_surplus_excl_ev_w,998.8,2026-02-27T12:09:12.860Z
sensor.stormbreaker_adaptivecharge_net_surplus_excl_ev_w,1001.3,2026-02-27T12:09:22.862Z
sensor.stormbreaker_adaptivecharge_net_surplus_excl_ev_w,998.9,2026-02-27T12:09:32.863Z
sensor.stormbreaker_adaptivecharge_net_surplus_excl_ev_w,1001.0,2026-02-27T12:09:42.865Z
sensor.stormbreaker_adaptivecharge_net_surplus_excl_ev_w,1002.2,2026-02-27T12:09:52.866Z
sensor.stormbreaker_adaptivecharge_net_surplus_excl_ev_w,1019.4,2026-02-27T12:10:02.867Z
sensor.stormbreaker_adaptivecharge_net_surplus_excl_ev_w,1022.6,2026-02-27T12:10:12.868Z
sensor.stormbreaker_adaptivecharge_net_surplus_excl_ev_w,1024.4,2026-02-27T12:10:22.869Z
sensor.stormbreaker_adaptivecharge_net_surplus_excl_ev_w,1018.4,2026-02-27T12:10:32.870Z
sensor.stormbreaker_adaptivecharge_net_surplus_excl_ev_w,1014.8,2026-02-27T12:10:42.871Z
sensor.stormbreaker_adaptivecharge_net_surplus_excl_ev_w,1016.0,2026-02-27T12:10:52.871Z
sensor.stormbreaker_adaptivecharge_net_surplus_excl_ev_w,1035.5,2026-02-27T12:11:02.873Z
sensor.stormbreaker_adaptivecharge_net_surplus_excl_ev_w,1037.2,2026-02-27T12:11:12.873Z
sensor.stormbreaker_adaptivecharge_net_surplus_excl_ev_w,1036.8,2026-02-27T12:11:22.873Z
sensor.stormbreaker_adaptivecharge_net_surplus_excl_ev_w,1034.8,2026-02-27T12:11:32.875Z
sensor.stormbreaker_adaptivecharge_net_surplus_excl_ev_w,1041.6,2026-02-27T12:11:42.875Z
sensor.stormbreaker_adaptivecharge_net_surplus_excl_ev_w,1040.1,2026-02-27T12:11:52.876Z
sensor.stormbreaker_adaptivecharge_net_surplus_excl_ev_w,1080.7,2026-02-27T12:12:02.877Z
sensor.stormbreaker_adaptivecharge_net_surplus_excl_ev_w,1077.9,2026-02-27T12:12:12.877Z
sensor.stormbreaker_adaptivecharge_net_surplus_excl_ev_w,1080.5,2026-02-27T12:12:22.879Z
sensor.stormbreaker_adaptivecharge_net_surplus_excl_ev_w,1077.1,2026-02-27T12:12:32.879Z
sensor.stormbreaker_adaptivecharge_net_surplus_excl_ev_w,1076.9,2026-02-27T12:12:42.881Z
sensor.stormbreaker_adaptivecharge_net_surplus_excl_ev_w,1081.4,2026-02-27T12:12:52.881Z
sensor.stormbreaker_adaptivecharge_net_surplus_excl_ev_w,1061.6,2026-02-27T12:13:02.881Z
sensor.stormbreaker_adaptivecharge_net_surplus_excl_ev_w,1062.4,2026-02-27T12:13:12.882Z
sensor.stormbreaker_adaptivecharge_net_surplus_excl_ev_w,1064.3,2026-02-27T12:13:22.883Z
sensor.stormbreaker_adaptivecharge_net_surplus_excl_ev_w,1066.5,2026-02-27T12:13:32.884Z
sensor.stormbreaker_adaptivecharge_net_surplus_excl_ev_w,1060.6,2026-02-27T12:13:42.886Z
sensor.stormbreaker_adaptivecharge_net_surplus_excl_ev_w,1057.8,2026-02-27T12:13:52.886Z
sensor.stormbreaker_adaptivecharge_net_surplus_excl_ev_w,1061.8,2026-02-27T12:14:02.887Z
sensor.stormbreaker_adaptivecharge_net_surplus_excl_ev_w,1103.6,2026-02-27T12:14:12.888Z
sensor.stormbreaker_adaptivecharge_net_surplus_excl_ev_w,1104.6,2026-02-27T12:14:22.889Z
sensor.stormbreaker_adaptivecharge_net_surplus_excl_ev_w,1106.3,2026-02-27T12:14:32.889Z
sensor.stormbreaker_adaptivecharge_net_surplus_excl_ev_w,1108.1,2026-02-27T12:14:42.891Z
sensor.stormbreaker_adaptivecharge_net_surplus_excl_ev_w,1108.0,2026-02-27T12:14:52.891Z
sensor.stormbreaker_adaptivecharge_net_surplus_excl_ev_w,1107.1,2026-02-27T12:15:02.892Z
sensor.stormbreaker_adaptivecharge_net_surplus_excl_ev_w,1000.4,2026-02-27T12:15:12.893Z
sensor.stormbreaker_adaptivecharge_net_surplus_excl_ev_w,1002.6,2026-02-27T12:15:22.895Z
sensor.stormbreaker_adaptivecharge_net_surplus_excl_ev_w,997.7,2026-02-27T12:15:32.896Z
sensor.stormbreaker_adaptivecharge_net_surplus_excl_ev_w,997.4,2026-02-27T12:15:42.897Z
sensor.stormbreaker_adaptivecharge_net_surplus_excl_ev_w,1002.8,2026-02-27T12:15:52.897Z
sensor.stormbreaker_adaptivecharge_net_surplus_excl_ev_w,1001.7,2026-02-27T12:16:02.898Z
sensor.stormbreaker_adaptivecharge_net_surplus_excl_ev_w,1071.6,2026-02-27T12:16:12.898Z
sensor.stormbreaker_adaptivecharge_net_surplus_excl_ev_w,1074.4,2026-02-27T12:16:22.898Z
sensor.stormbreaker_adaptivecharge_net_surplus_excl_ev_w,1066.5,2026-02-27T12:16:32.899Z
sensor.stormbreaker_adaptivecharge_net_surplus_excl_ev_w,1068.6,2026-02-27T12:16:42.900Z
sensor.stormbreaker_adaptivecharge_net_surplus_excl_ev_w,1064.8,2026-02-27T12:16:52.900Z
sensor.stormbreaker_adaptivecharge_net_surplus_excl_ev_w,1067.4,2026-02-27T12:17:02.901Z
sensor.stormbreaker_adaptivecharge_net_surplus_excl_ev_w,1009.6,2026-02-27T12:17:12.902Z
sensor.stormbreaker_adaptivecharge_net_surplus_excl_ev_w,1015.3,2026-02-27T12:17:22.903Z
sensor.stormbreaker_adaptivecharge_net_surplus_excl_ev_w,1006.5,2026-02-27T12:17:32.904Z
sensor.stormbreaker_adaptivecharge_net_surplus_excl_ev_w,1010.9,2026-02-27T12:17:42.904Z
sensor.stormbreaker_adaptivecharge_net_surplus_excl_ev_w,1011.3,2026-02-27T12:17:52.905Z
sensor.stormbreaker_adaptivecharge_net_surplus_excl_ev_w,1006.6,2026-02-27T12:18:02.906Z
sensor.stormbreaker_adaptivecharge_net_surplus_excl_ev_w,973.0,2026-02-27T12:18:12.906Z
sensor.stormbreaker_adaptivecharge_net_surplus_excl_ev_w,971.9,2026-02-27T12:18:22.908Z
sensor.stormbreaker_adaptivecharge_net_surplus_excl_ev_w,973.2,2026-02-27T12:18:32.908Z
sensor.stormbreaker_adaptivecharge_net_surplus_excl_ev_w,970.3,2026-02-27T12:18:42.910Z
sensor.stormbreaker_adaptivecharge_net_surplus_excl_ev_w,971.5,2026-02-27T12:18:52.910Z
sensor.stormbreaker_adaptivecharge_net_surplus_excl_ev_w,970.4,2026-02-27T12:19:02.911Z
sensor.stormbreaker_adaptivecharge_net_surplus_excl_ev_w,956.0,2026-02-27T12:19:12.912Z
sensor.stormbreaker_adaptivecharge_net_surplus_excl_ev_w,955.3,2026-02-27T12:19:22.914Z
sensor.stormbreaker_adaptivecharge_net_surplus_excl_ev_w,954.5,2026-02-27T12:19:32.914Z
sensor.stormbreaker_adaptivecharge_net_surplus_excl_ev_w,957.2,2026-02-27T12:19:42.914Z
sensor.stormbreaker_adaptivecharge_net_surplus_excl_ev_w,958.7,2026-02-27T12:19:52.915Z
sensor.stormbreaker_adaptivecharge_net_surplus_excl_ev_w,954.8,2026-02-27T12:20:02.916Z
sensor.stormbreaker_adaptivecharge_net_surplus_excl_ev_w,946.6,2026-02-27T12:20:12.916Z
sensor.stormbreaker_adaptivecharge_net_surplus_excl_ev_w,946.5,2026-02-27T12:20:22.918Z
sensor.stormbreaker_adaptivecharge_net_surplus_excl_ev_w,949.9,2026-02-27T12:20:32.918Z
sensor.stormbreaker_adaptivecharge_net_surplus_excl_ev_w,950.8,2026-02-27T12:20:42.920Z
sensor.stormbreaker_adaptivecharge_net_surplus_excl_ev_w,954.8,2026-02-27T12:20:52.921Z
sensor.stormbreaker_adaptivecharge_net_surplus_excl_ev_w,962.4,2026-02-27T12:21:02.921Z
sensor.stormbreaker_adaptivecharge_net_surplus_excl_ev_w,959.2,2026-02-27T12:21:12.924Z
sensor.stormbreaker_adaptivecharge_net_surplus_excl_ev_w,995.1,2026-02-27T12:21:22.925Z
sensor.stormbreaker_adaptivecharge_net_surplus_excl_ev_w,986.4,2026-02-27T12:21:32.926Z
sensor.stormbreaker_adaptivecharge_net_surplus_excl_ev_w,985.6,2026-02-27T12:21:42.927Z
sensor.stormbreaker_adaptivecharge_net_surplus_excl_ev_w,993.4,2026-02-27T12:21:52.928Z
sensor.stormbreaker_adaptivecharge_net_surplus_excl_ev_w,987.3,2026-02-27T12:22:02.930Z
sensor.stormbreaker_adaptivecharge_net_surplus_excl_ev_w,992.7,2026-02-27T12:22:12.931Z
sensor.stormbreaker_adaptivecharge_net_surplus_excl_ev_w,935.5,2026-02-27T12:22:22.931Z
sensor.stormbreaker_adaptivecharge_net_surplus_excl_ev_w,931.4,2026-02-27T12:22:32.932Z
sensor.stormbreaker_adaptivecharge_net_surplus_excl_ev_w,932.7,2026-02-27T12:22:42.933Z
sensor.stormbreaker_adaptivecharge_net_surplus_excl_ev_w,930.9,2026-02-27T12:22:52.934Z
sensor.stormbreaker_adaptivecharge_net_surplus_excl_ev_w,933.7,2026-02-27T12:23:02.935Z
sensor.stormbreaker_adaptivecharge_net_surplus_excl_ev_w,934.9,2026-02-27T12:23:12.936Z
sensor.stormbreaker_adaptivecharge_net_surplus_excl_ev_w,914.1,2026-02-27T12:23:22.937Z
sensor.stormbreaker_adaptivecharge_net_surplus_excl_ev_w,917.9,2026-02-27T12:23:32.938Z
sensor.stormbreaker_adaptivecharge_net_surplus_excl_ev_w,916.5,2026-02-27T12:23:42.938Z
sensor.stormbreaker_adaptivecharge_net_surplus_excl_ev_w,913.9,2026-02-27T12:23:52.938Z
sensor.stormbreaker_adaptivecharge_net_surplus_excl_ev_w,916.6,2026-02-27T12:24:02.940Z
sensor.stormbreaker_adaptivecharge_net_surplus_excl_ev_w,917.8,2026-02-27T12:24:12.942Z
sensor.stormbreaker_adaptivecharge_net_surplus_excl_ev_w,871.6,2026-02-27T12:24:22.943Z
sensor.stormbreaker_adaptivecharge_net_surplus_excl_ev_w,874.5,2026-02-27T12:24:32.944Z
sensor.stormbreaker_adaptivecharge_net_surplus_excl_ev_w,865.5,2026-02-27T12:24:42.945Z
sensor.stormbreaker_adaptivecharge_net_surplus_excl_ev_w,866.5,2026-02-27T12:24:52.950Z
sensor.stormbreaker_adaptivecharge_net_surplus_excl_ev_w,1957.2,2026-02-27T12:25:02.950Z
sensor.stormbreaker_adaptivecharge_net_surplus_excl_ev_w,9303.3,2026-02-27T12:25:12.952Z
sensor.stormbreaker_adaptivecharge_net_surplus_excl_ev_w,1091.5,2026-02-27T12:25:22.954Z
sensor.stormbreaker_adaptivecharge_net_surplus_excl_ev_w,1041.1,2026-02-27T12:25:32.954Z
sensor.stormbreaker_adaptivecharge_net_surplus_excl_ev_w,-10182.0,2026-02-27T12:25:42.955Z
sensor.stormbreaker_adaptivecharge_net_surplus_excl_ev_w,-10176.1,2026-02-27T12:25:52.956Z
sensor.stormbreaker_adaptivecharge_net_surplus_excl_ev_w,-10176.4,2026-02-27T12:26:02.956Z
sensor.stormbreaker_adaptivecharge_net_surplus_excl_ev_w,-10182.0,2026-02-27T12:26:12.957Z
sensor.stormbreaker_adaptivecharge_net_surplus_excl_ev_w,836.9,2026-02-27T12:26:22.958Z
sensor.stormbreaker_adaptivecharge_net_surplus_excl_ev_w,831.0,2026-02-27T12:26:32.959Z
sensor.stormbreaker_adaptivecharge_net_surplus_excl_ev_w,836.8,2026-02-27T12:27:02.961Z
sensor.stormbreaker_adaptivecharge_net_surplus_excl_ev_w,837.0,2026-02-27T12:27:12.962Z
sensor.stormbreaker_adaptivecharge_net_surplus_excl_ev_w,837.1,2026-02-27T12:27:22.962Z
sensor.stormbreaker_adaptivecharge_net_surplus_excl_ev_w,856.3,2026-02-27T12:27:32.964Z
sensor.stormbreaker_adaptivecharge_net_surplus_excl_ev_w,856.2,2026-02-27T12:27:42.965Z
sensor.stormbreaker_adaptivecharge_net_surplus_excl_ev_w,850.0,2026-02-27T12:27:52.966Z
sensor.stormbreaker_adaptivecharge_net_surplus_excl_ev_w,596.3,2026-02-27T12:28:32.969Z
sensor.stormbreaker_adaptivecharge_import_watts_w,0.0,2026-02-27T10:00:00.000Z
sensor.stormbreaker_adaptivecharge_import_watts_w,481.0,2026-02-27T10:06:38.702Z
sensor.stormbreaker_adaptivecharge_import_watts_w,0.0,2026-02-27T10:07:38.565Z
sensor.stormbreaker_adaptivecharge_import_watts_w,66.0,2026-02-27T10:18:58.821Z
sensor.stormbreaker_adaptivecharge_import_watts_w,0.0,2026-02-27T10:20:00.683Z
sensor.stormbreaker_adaptivecharge_import_watts_w,1005.0,2026-02-27T10:26:08.861Z
sensor.stormbreaker_adaptivecharge_import_watts_w,unavailable,2026-02-27T10:27:00.873Z
sensor.stormbreaker_adaptivecharge_import_watts_w,1005.0,2026-02-27T10:27:00.889Z
sensor.stormbreaker_adaptivecharge_import_watts_w,0.0,2026-02-27T10:27:10.883Z
sensor.stormbreaker_adaptivecharge_import_watts_w,1447.0,2026-02-27T10:29:16.197Z
sensor.stormbreaker_adaptivecharge_import_watts_w,0.0,2026-02-27T10:30:20.904Z
sensor.stormbreaker_adaptivecharge_import_watts_w,668.0,2026-02-27T10:57:01.463Z
sensor.stormbreaker_adaptivecharge_import_watts_w,0.0,2026-02-27T10:58:11.470Z
sensor.stormbreaker_adaptivecharge_import_watts_w,62.0,2026-02-27T11:03:11.508Z
sensor.stormbreaker_adaptivecharge_import_watts_w,0.0,2026-02-27T11:04:24.028Z
sensor.stormbreaker_adaptivecharge_import_watts_w,2378.0,2026-02-27T11:09:33.594Z
sensor.stormbreaker_adaptivecharge_import_watts_w,54.0,2026-02-27T11:10:31.549Z
sensor.stormbreaker_adaptivecharge_import_watts_w,0.0,2026-02-27T11:11:31.556Z
sensor.stormbreaker_adaptivecharge_import_watts_w,508.0,2026-02-27T11:18:41.592Z
sensor.stormbreaker_adaptivecharge_import_watts_w,0.0,2026-02-27T11:19:41.602Z
sensor.stormbreaker_adaptivecharge_import_watts_w,23.0,2026-02-27T11:22:51.621Z
sensor.stormbreaker_adaptivecharge_import_watts_w,70.0,2026-02-27T11:23:51.627Z
sensor.stormbreaker_adaptivecharge_import_watts_w,133.0,2026-02-27T11:24:51.810Z
sensor.stormbreaker_adaptivecharge_import_watts_w,276.0,2026-02-27T11:25:51.821Z
sensor.stormbreaker_adaptivecharge_import_watts_w,0.0,2026-02-27T11:27:01.828Z
sensor.stormbreaker_adaptivecharge_import_watts_w,52.0,2026-02-27T11:34:11.867Z
sensor.stormbreaker_adaptivecharge_import_watts_w,44.0,2026-02-27T11:35:11.875Z
sensor.stormbreaker_adaptivecharge_import_watts_w,84.0,2026-02-27T11:36:12.027Z
sensor.stormbreaker_adaptivecharge_import_watts_w,0.0,2026-02-27T11:37:12.031Z
sensor.stormbreaker_adaptivecharge_import_watts_w,144.0,2026-02-27T11:41:22.199Z
sensor.stormbreaker_adaptivecharge_import_watts_w,232.0,2026-02-27T11:42:22.206Z
sensor.stormbreaker_adaptivecharge_import_watts_w,0.0,2026-02-27T11:43:22.220Z
sensor.stormbreaker_adaptivecharge_import_watts_w,488.0,2026-02-27T11:44:22.220Z
sensor.stormbreaker_adaptivecharge_import_watts_w,0.0,2026-02-27T11:45:22.222Z
sensor.stormbreaker_adaptivecharge_import_watts_w,26.0,2026-02-27T11:49:32.245Z
sensor.stormbreaker_adaptivecharge_import_watts_w,32.0,2026-02-27T11:50:32.253Z
sensor.stormbreaker_adaptivecharge_import_watts_w,0.0,2026-02-27T11:51:32.748Z
sensor.stormbreaker_adaptivecharge_import_watts_w,110.0,2026-02-27T12:00:52.803Z
sensor.stormbreaker_adaptivecharge_import_watts_w,169.0,2026-02-27T12:01:52.806Z
sensor.stormbreaker_adaptivecharge_import_watts_w,0.0,2026-02-27T12:02:52.814Z
sensor.stormbreaker_adaptivecharge_import_watts_w,10182.0,2026-02-27T12:25:22.958Z
sensor.stormbreaker_adaptivecharge_import_watts_w,0.0,2026-02-27T12:26:22.962Z
sensor.stormbreaker_surplus_ev_charge_voltage_used_v,238.0,2026-02-27T10:00:00.000Z
sensor.stormbreaker_surplus_ev_charge_voltage_used_v,239.1,2026-02-27T10:00:08.503Z
sensor.stormbreaker_surplus_ev_charge_voltage_used_v,239.0,2026-02-27T10:00:38.505Z
sensor.stormbreaker_surplus_ev_charge_voltage_used_v,239.2,2026-02-27T10:01:08.507Z
sensor.stormbreaker_surplus_ev_charge_voltage_used_v,239.7,2026-02-27T10:01:38.507Z
sensor.stormbreaker_surplus_ev_charge_voltage_used_v,239.6,2026-02-27T10:02:08.509Z
sensor.stormbreaker_surplus_ev_charge_voltage_used_v,239.9,2026-02-27T10:02:38.512Z
sensor.stormbreaker_surplus_ev_charge_voltage_used_v,239.8,2026-02-27T10:03:08.515Z
sensor.stormbreaker_surplus_ev_charge_voltage_used_v,239.9,2026-02-27T10:03:38.520Z
sensor.stormbreaker_surplus_ev_charge_voltage_used_v,239.8,2026-02-27T10:04:08.536Z
sensor.stormbreaker_surplus_ev_charge_voltage_used_v,239.6,2026-02-27T10:05:18.541Z
sensor.stormbreaker_surplus_ev_charge_voltage_used_v,238.8,2026-02-27T10:05:48.544Z
sensor.stormbreaker_surplus_ev_charge_voltage_used_v,238.1,2026-02-27T10:06:18.555Z
sensor.stormbreaker_surplus_ev_charge_voltage_used_v,238.4,2026-02-27T10:06:54.831Z
sensor.stormbreaker_surplus_ev_charge_voltage_used_v,237.6,2026-02-27T10:07:18.709Z
sensor.stormbreaker_surplus_ev_charge_voltage_used_v,240.7,2026-02-27T10:07:48.565Z
sensor.stormbreaker_surplus_ev_charge_voltage_used_v,240.1,2026-02-27T10:08:18.567Z
sensor.stormbreaker_surplus_ev_charge_voltage_used_v,240.9,2026-02-27T10:08:48.570Z
sensor.stormbreaker_surplus_ev_charge_voltage_used_v,240.5,2026-02-27T10:09:18.573Z
sensor.stormbreaker_surplus_ev_charge_voltage_used_v,240.8,2026-02-27T10:09:48.576Z
sensor.stormbreaker_surplus_ev_charge_voltage_used_v,240.6,2026-02-27T10:10:18.579Z
sensor.stormbreaker_surplus_ev_charge_voltage_used_v,240.1,2026-02-27T10:10:48.581Z
sensor.stormbreaker_surplus_ev_charge_voltage_used_v,239.9,2026-02-27T10:11:48.585Z
sensor.stormbreaker_surplus_ev_charge_voltage_used_v,239.8,2026-02-27T10:12:18.590Z
sensor.stormbreaker_surplus_ev_charge_voltage_used_v,239.7,2026-02-27T10:12:48.592Z
sensor.stormbreaker_surplus_ev_charge_voltage_used_v,239.3,2026-02-27T10:13:18.595Z
sensor.stormbreaker_surplus_ev_charge_voltage_used_v,239.5,2026-02-27T10:13:58.610Z
sensor.stormbreaker_surplus_ev_charge_voltage_used_v,240.4,2026-02-27T10:14:28.613Z
sensor.stormbreaker_surplus_ev_charge_voltage_used_v,240.7,2026-02-27T10:14:58.617Z
sensor.stormbreaker_surplus_ev_charge_voltage_used_v,241.2,2026-02-27T10:15:28.619Z
sensor.stormbreaker_surplus_ev_charge_voltage_used_v,240.7,2026-02-27T10:15:58.625Z
sensor.stormbreaker_surplus_ev_charge_voltage_used_v,240.6,2026-02-27T10:16:28.628Z
sensor.stormbreaker_surplus_ev_charge_voltage_used_v,240.0,2026-02-27T10:16:58.632Z
sensor.stormbreaker_surplus_ev_charge_voltage_used_v,240.6,2026-02-27T10:17:28.635Z
sensor.stormbreaker_surplus_ev_charge_voltage_used_v,239.7,2026-02-27T10:17:58.636Z
sensor.stormbreaker_surplus_ev_charge_voltage_used_v,237.0,2026-02-27T10:18:58.817Z
sensor.stormbreaker_surplus_ev_charge_voltage_used_v,238.2,2026-02-27T10:19:28.670Z
sensor.stormbreaker_surplus_ev_charge_voltage_used_v,240.8,2026-02-27T10:20:00.680Z
sensor.stormbreaker_surplus_ev_charge_voltage_used_v,241.4,2026-02-27T10:20:28.676Z
sensor.stormbreaker_surplus_ev_charge_voltage_used_v,241.8,2026-02-27T10:20:58.678Z
sensor.stormbreaker_surplus_ev_charge_voltage_used_v,240.9,2026-02-27T10:21:38.685Z
sensor.stormbreaker_surplus_ev_charge_voltage_used_v,241.6,2026-02-27T10:22:08.691Z
sensor.stormbreaker_surplus_ev_charge_voltage_used_v,240.1,2026-02-27T10:23:08.695Z
sensor.stormbreaker_surplus_ev_charge_voltage_used_v,241.6,2026-02-27T10:23:38.697Z
sensor.stormbreaker_surplus_ev_charge_voltage_used_v,240.3,2026-02-27T10:24:08.702Z
sensor.stormbreaker_surplus_ev_charge_voltage_used_v,242.4,2026-02-27T10:24:38.704Z
sensor.stormbreaker_surplus_ev_charge_voltage_used_v,242.7,2026-02-27T10:25:38.713Z
sensor.stormbreaker_surplus_ev_charge_voltage_used_v,239.1,2026-02-27T10:26:08.859Z
sensor.stormbreaker_surplus_ev_charge_voltage_used_v,238.4,2026-02-27T10:26:38.863Z
sensor.stormbreaker_surplus_ev_charge_voltage_used_v,unavailable,2026-02-27T10:27:00.872Z
sensor.stormbreaker_surplus_ev_charge_voltage_used_v,238.4,2026-02-27T10:27:00.886Z
sensor.stormbreaker_surplus_ev_charge_voltage_used_v,238.9,2026-02-27T10:27:10.882Z
sensor.stormbreaker_surplus_ev_charge_voltage_used_v,238.6,2026-02-27T10:27:40.883Z
sensor.stormbreaker_surplus_ev_charge_voltage_used_v,238.0,2026-02-27T10:28:10.888Z
sensor.stormbreaker_surplus_ev_charge_voltage_used_v,235.8,2026-02-27T10:28:40.892Z
sensor.stormbreaker_surplus_ev_charge_voltage_used_v,232.7,2026-02-27T10:29:16.195Z
sensor.stormbreaker_surplus_ev_charge_voltage_used_v,234.4,2026-02-27T10:29:41.050Z
sensor.stormbreaker_surplus_ev_charge_voltage_used_v,234.8,2026-02-27T10:30:10.902Z
sensor.stormbreaker_surplus_ev_charge_voltage_used_v,235.4,2026-02-27T10:30:40.902Z
sensor.stormbreaker_surplus_ev_charge_voltage_used_v,234.9,2026-02-27T10:31:10.908Z
sensor.stormbreaker_surplus_ev_charge_voltage_used_v,235.2,2026-02-27T10:32:20.912Z
sensor.stormbreaker_surplus_ev_charge_voltage_used_v,235.0,2026-02-27T10:32:50.914Z
sensor.stormbreaker_surplus_ev_charge_voltage_used_v,234.8,2026-02-27T10:33:20.916Z
sensor.stormbreaker_surplus_ev_charge_voltage_used_v,234.4,2026-02-27T10:33:50.922Z
sensor.stormbreaker_surplus_ev_charge_voltage_used_v,234.2,2026-02-27T10:34:20.924Z
sensor.stormbreaker_surplus_ev_charge_voltage_used_v,234.4,2026-02-27T10:34:50.929Z
sensor.stormbreaker_surplus_ev_charge_voltage_used_v,234.3,2026-02-27T10:35:20.928Z
sensor.stormbreaker_surplus_ev_charge_voltage_used_v,233.9,2026-02-27T10:35:50.931Z
sensor.stormbreaker_surplus_ev_charge_voltage_used_v,233.7,2026-02-27T10:36:20.936Z
sensor.stormbreaker_surplus_ev_charge_voltage_used_v,233.8,2026-02-27T10:36:50.938Z
sensor.stormbreaker_surplus_ev_charge_voltage_used_v,233.9,2026-02-27T10:37:20.941Z
sensor.stormbreaker_surplus_ev_charge_voltage_used_v,234.0,2026-02-27T10:37:50.941Z
sensor.stormbreaker_surplus_ev_charge_voltage_used_v,234.1,2026-02-27T10:38:20.946Z
sensor.stormbreaker_surplus_ev_charge_voltage_used_v,233.6,2026-02-27T10:38:50.949Z
sensor.stormbreaker_surplus_ev_charge_voltage_used_v,234.1,2026-02-27T10:39:20.952Z
sensor.stormbreaker_surplus_ev_charge_voltage_used_v,234.3,2026-02-27T10:40:30.960Z
sensor.stormbreaker_surplus_ev_charge_voltage_used_v,234.5,2026-02-27T10:41:00.963Z
sensor.stormbreaker_surplus_ev_charge_voltage_used_v,234.7,2026-02-27T10:42:00.969Z
sensor.stormbreaker_surplus_ev_charge_voltage_used_v,234.5,2026-02-27T10:42:30.972Z
sensor.stormbreaker_surplus_ev_charge_voltage_used_v,234.3,2026-02-27T10:43:00.972Z
sensor.stormbreaker_surplus_ev_charge_voltage_used_v,234.9,2026-02-27T10:43:30.977Z
sensor.stormbreaker_surplus_ev_charge_voltage_used_v,235.2,2026-02-27T10:44:00.978Z
sensor.stormbreaker_surplus_ev_charge_voltage_used_v,236.0,2026-02-27T10:44:30.982Z
sensor.stormbreaker_surplus_ev_charge_voltage_used_v,235.9,2026-02-27T10:45:00.984Z
sensor.stormbreaker_surplus_ev_charge_voltage_used_v,235.8,2026-02-27T10:45:30.989Z
sensor.stormbreaker_surplus_ev_charge_voltage_used_v,236.3,2026-02-27T10:46:00.992Z
sensor.stormbreaker_surplus_ev_charge_voltage_used_v,235.8,2026-02-27T10:46:30.994Z
sensor.stormbreaker_surplus_ev_charge_voltage_used_v,235.7,2026-02-27T10:47:00.996Z
sensor.stormbreaker_surplus_ev_charge_voltage_used_v,236.2,2026-02-27T10:47:41.000Z
sensor.stormbreaker_surplus_ev_charge_voltage_used_v,236.4,2026-02-27T10:48:11.003Z
sensor.stormbreaker_surplus_ev_charge_voltage_used_v,236.5,2026-02-27T10:48:41.005Z
sensor.stormbreaker_surplus_ev_charge_voltage_used_v,236.1,2026-02-27T10:49:11.102Z
sensor.stormbreaker_surplus_ev_charge_voltage_used_v,237.0,2026-02-27T10:49:41.110Z
sensor.stormbreaker_surplus_ev_charge_voltage_used_v,236.3,2026-02-27T10:50:11.111Z
sensor.stormbreaker_surplus_ev_charge_voltage_used_v,236.4,2026-02-27T10:50:41.362Z
sensor.stormbreaker_surplus_ev_charge_voltage_used_v,236.1,2026-02-27T10:51:11.371Z
sensor.stormbreaker_surplus_ev_charge_voltage_used_v,235.6,2026-02-27T10:51:41.426Z
sensor.stormbreaker_surplus_ev_charge_voltage_used_v,235.2,2026-02-27T10:52:11.436Z
sensor.stormbreaker_surplus_ev_charge_voltage_used_v,235.4,2026-02-27T10:52:41.438Z
sensor.stormbreaker_surplus_ev_charge_voltage_used_v,237.8,2026-02-27T10:53:41.444Z
sensor.stormbreaker_surplus_ev_charge_voltage_used_v,239.5,2026-02-27T10:54:11.445Z
sensor.stormbreaker_surplus_ev_charge_voltage_used_v,241.2,2026-02-27T10:54:41.448Z
sensor.stormbreaker_surplus_ev_charge_voltage_used_v,237.3,2026-02-27T10:55:11.450Z
sensor.stormbreaker_surplus_ev_charge_voltage_used_v,238.0,2026-02-27T10:55:51.453Z
sensor.stormbreaker_surplus_ev_charge_voltage_used_v,240.2,2026-02-27T10:56:21.457Z
sensor.stormbreaker_surplus_ev_charge_voltage_used_v,238.1,2026-02-27T10:56:51.462Z
sensor.stormbreaker_surplus_ev_charge_voltage_used_v,237.7,2026-02-27T10:57:21.611Z
sensor.stormbreaker_surplus_ev_charge_voltage_used_v,236.3,2026-02-27T10:57:51.466Z
sensor.stormbreaker_surplus_ev_charge_voltage_used_v,235.8,2026-02-27T10:58:21.469Z
sensor.stormbreaker_surplus_ev_charge_voltage_used_v,236.2,2026-02-27T10:58:51.472Z
sensor.stormbreaker_surplus_ev_charge_voltage_used_v,236.9,2026-02-27T10:59:21.482Z
sensor.stormbreaker_surplus_ev_charge_voltage_used_v,238.9,2026-02-27T10:59:51.486Z
sensor.stormbreaker_surplus_ev_charge_voltage_used_v,241.1,2026-02-27T11:00:21.488Z
sensor.stormbreaker_surplus_ev_charge_voltage_used_v,241.2,2026-02-27T11:00:51.641Z
sensor.stormbreaker_surplus_ev_charge_voltage_used_v,243.8,2026-02-27T11:01:21.496Z
sensor.stormbreaker_surplus_ev_charge_voltage_used_v,242.8,2026-02-27T11:01:51.499Z
sensor.stormbreaker_surplus_ev_charge_voltage_used_v,240.9,2026-02-27T11:02:21.501Z
sensor.stormbreaker_surplus_ev_charge_voltage_used_v,240.6,2026-02-27T11:03:21.507Z
sensor.stormbreaker_surplus_ev_charge_voltage_used_v,240.7,2026-02-27T11:04:01.511Z
sensor.stormbreaker_surplus_ev_charge_voltage_used_v,241.5,2026-02-27T11:04:31.513Z
sensor.stormbreaker_surplus_ev_charge_voltage_used_v,241.4,2026-02-27T11:05:01.516Z
sensor.stormbreaker_surplus_ev_charge_voltage_used_v,241.8,2026-02-27T11:05:31.518Z
sensor.stormbreaker_surplus_ev_charge_voltage_used_v,241.7,2026-02-27T11:06:01.522Z
sensor.stormbreaker_surplus_ev_charge_voltage_used_v,242.2,2026-02-27T11:06:31.525Z
sensor.stormbreaker_surplus_ev_charge_voltage_used_v,242.0,2026-02-27T11:07:01.526Z
sensor.stormbreaker_surplus_ev_charge_voltage_used_v,241.0,2026-02-27T11:08:01.532Z
sensor.stormbreaker_surplus_ev_charge_voltage_used_v,241.3,2026-02-27T11:08:31.535Z
sensor.stormbreaker_surplus_ev_charge_voltage_used_v,236.3,2026-02-27T11:09:01.538Z
sensor.stormbreaker_surplus_ev_charge_voltage_used_v,235.3,2026-02-27T11:09:33.590Z
sensor.stormbreaker_surplus_ev_charge_voltage_used_v,235.1,2026-02-27T11:10:01.689Z
sensor.stormbreaker_surplus_ev_charge_voltage_used_v,235.2,2026-02-27T11:10:31.548Z
sensor.stormbreaker_surplus_ev_charge_voltage_used_v,234.8,2026-02-27T11:11:01.551Z
sensor.stormbreaker_surplus_ev_charge_voltage_used_v,234.7,2026-02-27T11:11:31.555Z
sensor.stormbreaker_surplus_ev_charge_voltage_used_v,234.5,2026-02-27T11:12:11.559Z
sensor.stormbreaker_surplus_ev_charge_voltage_used_v,234.1,2026-02-27T11:13:11.565Z
sensor.stormbreaker_surplus_ev_charge_voltage_used_v,234.2,2026-02-27T11:13:41.568Z
sensor.stormbreaker_surplus_ev_charge_voltage_used_v,235.3,2026-02-27T11:14:11.569Z
sensor.stormbreaker_surplus_ev_charge_voltage_used_v,235.0,2026-02-27T11:14:48.264Z
sensor.stormbreaker_surplus_ev_charge_voltage_used_v,235.1,2026-02-27T11:15:11.573Z
sensor.stormbreaker_surplus_ev_charge_voltage_used_v,236.1,2026-02-27T11:15:41.576Z
sensor.stormbreaker_surplus_ev_charge_voltage_used_v,237.9,2026-02-27T11:16:11.578Z
sensor.stormbreaker_surplus_ev_charge_voltage_used_v,240.9,2026-02-27T11:16:48.187Z
sensor.stormbreaker_surplus_ev_charge_voltage_used_v,239.1,2026-02-27T11:17:11.587Z
sensor.stormbreaker_surplus_ev_charge_voltage_used_v,236.6,2026-02-27T11:17:41.589Z
sensor.stormbreaker_surplus_ev_charge_voltage_used_v,235.6,2026-02-27T11:18:11.591Z
sensor.stormbreaker_surplus_ev_charge_voltage_used_v,233.6,2026-02-27T11:18:41.592Z
sensor.stormbreaker_surplus_ev_charge_voltage_used_v,233.0,2026-02-27T11:19:11.742Z
sensor.stormbreaker_surplus_ev_charge_voltage_used_v,234.2,2026-02-27T11:19:41.600Z
sensor.stormbreaker_surplus_ev_charge_voltage_used_v,234.4,2026-02-27T11:20:51.609Z
sensor.stormbreaker_surplus_ev_charge_voltage_used_v,233.9,2026-02-27T11:21:21.613Z
sensor.stormbreaker_surplus_ev_charge_voltage_used_v,233.4,2026-02-27T11:21:51.616Z
sensor.stormbreaker_surplus_ev_charge_voltage_used_v,233.9,2026-02-27T11:22:21.619Z
sensor.stormbreaker_surplus_ev_charge_voltage_used_v,233.5,2026-02-27T11:22:51.620Z
sensor.stormbreaker_surplus_ev_charge_voltage_used_v,233.1,2026-02-27T11:23:21.623Z
sensor.stormbreaker_surplus_ev_charge_voltage_used_v,233.6,2026-02-27T11:23:51.626Z
sensor.stormbreaker_surplus_ev_charge_voltage_used_v,233.1,2026-02-27T11:24:51.809Z
sensor.stormbreaker_surplus_ev_charge_voltage_used_v,233.2,2026-02-27T11:25:21.815Z
sensor.stormbreaker_surplus_ev_charge_voltage_used_v,233.1,2026-02-27T11:26:21.822Z
sensor.stormbreaker_surplus_ev_charge_voltage_used_v,232.7,2026-02-27T11:26:51.826Z
sensor.stormbreaker_surplus_ev_charge_voltage_used_v,232.2,2026-02-27T11:27:21.828Z
sensor.stormbreaker_surplus_ev_charge_voltage_used_v,231.6,2026-02-27T11:27:51.830Z
sensor.stormbreaker_surplus_ev_charge_voltage_used_v,233.4,2026-02-27T11:28:21.833Z
sensor.stormbreaker_surplus_ev_charge_voltage_used_v,234.5,2026-02-27T11:29:01.837Z
sensor.stormbreaker_surplus_ev_charge_voltage_used_v,234.4,2026-02-27T11:29:31.838Z
sensor.stormbreaker_surplus_ev_charge_voltage_used_v,234.9,2026-02-27T11:30:08.273Z
sensor.stormbreaker_surplus_ev_charge_voltage_used_v,235.9,2026-02-27T11:30:31.841Z
sensor.stormbreaker_surplus_ev_charge_voltage_used_v,235.6,2026-02-27T11:31:01.844Z
sensor.stormbreaker_surplus_ev_charge_voltage_used_v,235.0,2026-02-27T11:31:31.847Z
sensor.stormbreaker_surplus_ev_charge_voltage_used_v,235.1,2026-02-27T11:32:01.851Z
sensor.stormbreaker_surplus_ev_charge_voltage_used_v,236.3,2026-02-27T11:32:31.856Z
sensor.stormbreaker_surplus_ev_charge_voltage_used_v,234.9,2026-02-27T11:33:01.858Z
sensor.stormbreaker_surplus_ev_charge_voltage_used_v,235.2,2026-02-27T11:33:31.862Z
sensor.stormbreaker_surplus_ev_charge_voltage_used_v,235.5,2026-02-27T11:34:01.864Z
sensor.stormbreaker_surplus_ev_charge_voltage_used_v,235.8,2026-02-27T11:34:31.866Z
sensor.stormbreaker_surplus_ev_charge_voltage_used_v,235.4,2026-02-27T11:35:01.876Z
sensor.stormbreaker_surplus_ev_charge_voltage_used_v,235.6,2026-02-27T11:35:31.876Z
sensor.stormbreaker_surplus_ev_charge_voltage_used_v,235.9,2026-02-27T11:36:12.025Z
sensor.stormbreaker_surplus_ev_charge_voltage_used_v,235.5,2026-02-27T11:36:42.028Z
sensor.stormbreaker_surplus_ev_charge_voltage_used_v,236.0,2026-02-27T11:37:12.030Z
sensor.stormbreaker_surplus_ev_charge_voltage_used_v,236.1,2026-02-27T11:37:42.180Z
sensor.stormbreaker_surplus_ev_charge_voltage_used_v,235.9,2026-02-27T11:38:12.184Z
sensor.stormbreaker_surplus_ev_charge_voltage_used_v,236.2,2026-02-27T11:39:42.193Z
sensor.stormbreaker_surplus_ev_charge_voltage_used_v,236.1,2026-02-27T11:40:12.195Z
sensor.stormbreaker_surplus_ev_charge_voltage_used_v,235.7,2026-02-27T11:41:12.199Z
sensor.stormbreaker_surplus_ev_charge_voltage_used_v,235.9,2026-02-27T11:41:42.201Z
sensor.stormbreaker_surplus_ev_charge_voltage_used_v,235.4,2026-02-27T11:42:12.202Z
sensor.stormbreaker_surplus_ev_charge_voltage_used_v,234.7,2026-02-27T11:42:42.211Z
sensor.stormbreaker_surplus_ev_charge_voltage_used_v,234.6,2026-02-27T11:43:22.213Z
sensor.stormbreaker_surplus_ev_charge_voltage_used_v,234.2,2026-02-27T11:43:52.214Z
sensor.stormbreaker_surplus_ev_charge_voltage_used_v,234.9,2026-02-27T11:44:22.217Z
sensor.stormbreaker_surplus_ev_charge_voltage_used_v,235.2,2026-02-27T11:44:52.218Z
sensor.stormbreaker_surplus_ev_charge_voltage_used_v,234.7,2026-02-27T11:45:22.220Z
sensor.stormbreaker_surplus_ev_charge_voltage_used_v,234.4,2026-02-27T11:45:52.223Z
sensor.stormbreaker_surplus_ev_charge_voltage_used_v,234.3,2026-02-27T11:46:22.225Z
sensor.stormbreaker_surplus_ev_charge_voltage_used_v,233.5,2026-02-27T11:46:52.230Z
sensor.stormbreaker_surplus_ev_charge_voltage_used_v,232.1,2026-02-27T11:47:22.231Z
sensor.stormbreaker_surplus_ev_charge_voltage_used_v,232.6,2026-02-27T11:47:52.231Z
sensor.stormbreaker_surplus_ev_charge_voltage_used_v,232.0,2026-02-27T11:48:22.235Z
sensor.stormbreaker_surplus_ev_charge_voltage_used_v,234.1,2026-02-27T11:48:52.238Z
sensor.stormbreaker_surplus_ev_charge_voltage_used_v,234.6,2026-02-27T11:49:22.242Z
sensor.stormbreaker_surplus_ev_charge_voltage_used_v,235.3,2026-02-27T11:49:52.248Z
sensor.stormbreaker_surplus_ev_charge_voltage_used_v,235.0,2026-02-27T11:50:22.251Z
sensor.stormbreaker_surplus_ev_charge_voltage_used_v,235.3,2026-02-27T11:50:52.252Z
sensor.stormbreaker_surplus_ev_charge_voltage_used_v,235.4,2026-02-27T11:51:22.745Z
sensor.stormbreaker_surplus_ev_charge_voltage_used_v,235.5,2026-02-27T11:51:52.748Z
sensor.stormbreaker_surplus_ev_charge_voltage_used_v,235.8,2026-02-27T11:52:32.751Z
sensor.stormbreaker_surplus_ev_charge_voltage_used_v,235.4,2026-02-27T11:53:02.753Z
sensor.stormbreaker_surplus_ev_charge_voltage_used_v,235.2,2026-02-27T11:53:32.756Z
sensor.stormbreaker_surplus_ev_charge_voltage_used_v,235.3,2026-02-27T11:54:02.759Z
sensor.stormbreaker_surplus_ev_charge_voltage_used_v,235.7,2026-02-27T11:55:02.763Z
sensor.stormbreaker_surplus_ev_charge_voltage_used_v,235.8,2026-02-27T11:57:02.775Z
sensor.stormbreaker_surplus_ev_charge_voltage_used_v,235.7,2026-02-27T11:57:32.778Z
sensor.stormbreaker_surplus_ev_charge_voltage_used_v,235.9,2026-02-27T11:58:02.778Z
sensor.stormbreaker_surplus_ev_charge_voltage_used_v,234.8,2026-02-27T11:58:32.783Z
sensor.stormbreaker_surplus_ev_charge_voltage_used_v,234.1,2026-02-27T11:59:02.786Z
sensor.stormbreaker_surplus_ev_charge_voltage_used_v,233.5,2026-02-27T11:59:32.788Z
sensor.stormbreaker_surplus_ev_charge_voltage_used_v,234.4,2026-02-27T12:00:02.793Z
sensor.stormbreaker_surplus_ev_charge_voltage_used_v,235.5,2026-02-27T12:00:32.798Z
sensor.stormbreaker_surplus_ev_charge_voltage_used_v,235.4,2026-02-27T12:01:02.802Z
sensor.stormbreaker_surplus_ev_charge_voltage_used_v,235.7,2026-02-27T12:02:12.808Z
sensor.stormbreaker_surplus_ev_charge_voltage_used_v,235.6,2026-02-27T12:02:42.808Z
sensor.stormbreaker_surplus_ev_charge_voltage_used_v,235.9,2026-02-27T12:03:12.814Z
sensor.stormbreaker_surplus_ev_charge_voltage_used_v,236.1,2026-02-27T12:04:12.820Z
sensor.stormbreaker_surplus_ev_charge_voltage_used_v,235.9,2026-02-27T12:04:42.825Z
sensor.stormbreaker_surplus_ev_charge_voltage_used_v,235.8,2026-02-27T12:05:12.828Z
sensor.stormbreaker_surplus_ev_charge_voltage_used_v,235.7,2026-02-27T12:05:42.830Z
sensor.stormbreaker_surplus_ev_charge_voltage_used_v,235.6,2026-02-27T12:06:12.832Z
sensor.stormbreaker_surplus_ev_charge_voltage_used_v,235.7,2026-02-27T12:06:42.840Z
sensor.stormbreaker_surplus_ev_charge_voltage_used_v,236.0,2026-02-27T12:07:12.846Z
sensor.stormbreaker_surplus_ev_charge_voltage_used_v,236.4,2026-02-27T12:07:42.848Z
sensor.stormbreaker_surplus_ev_charge_voltage_used_v,236.9,2026-02-27T12:08:12.853Z
sensor.stormbreaker_surplus_ev_charge_voltage_used_v,236.6,2026-02-27T12:08:42.858Z
sensor.stormbreaker_surplus_ev_charge_voltage_used_v,236.9,2026-02-27T12:09:12.860Z
sensor.stormbreaker_surplus_ev_charge_voltage_used_v,234.0,2026-02-27T12:09:42.868Z
sensor.stormbreaker_surplus_ev_charge_voltage_used_v,234.9,2026-02-27T12:10:12.871Z
sensor.stormbreaker_surplus_ev_charge_voltage_used_v,234.6,2026-02-27T12:10:52.874Z
sensor.stormbreaker_surplus_ev_charge_voltage_used_v,234.7,2026-02-27T12:11:22.875Z
sensor.stormbreaker_surplus_ev_charge_voltage_used_v,234.5,2026-02-27T12:11:52.879Z
sensor.stormbreaker_surplus_ev_charge_voltage_used_v,234.3,2026-02-27T12:12:22.882Z
sensor.stormbreaker_surplus_ev_charge_voltage_used_v,234.4,2026-02-27T12:12:52.883Z
sensor.stormbreaker_surplus_ev_charge_voltage_used_v,235.0,2026-02-27T12:13:22.886Z
sensor.stormbreaker_surplus_ev_charge_voltage_used_v,234.0,2026-02-27T12:13:52.889Z
sensor.stormbreaker_surplus_ev_charge_voltage_used_v,234.1,2026-02-27T12:14:22.892Z
sensor.stormbreaker_surplus_ev_charge_voltage_used_v,235.2,2026-02-27T12:14:52.894Z
sensor.stormbreaker_surplus_ev_charge_voltage_used_v,234.8,2026-02-27T12:15:22.898Z
sensor.stormbreaker_surplus_ev_charge_voltage_used_v,235.0,2026-02-27T12:16:22.901Z
sensor.stormbreaker_surplus_ev_charge_voltage_used_v,234.6,2026-02-27T12:18:02.909Z
sensor.stormbreaker_surplus_ev_charge_voltage_used_v,232.7,2026-02-27T12:18:32.911Z
sensor.stormbreaker_surplus_ev_charge_voltage_used_v,233.3,2026-02-27T12:19:02.914Z
sensor.stormbreaker_surplus_ev_charge_voltage_used_v,233.8,2026-02-27T12:19:32.916Z
sensor.stormbreaker_surplus_ev_charge_voltage_used_v,234.1,2026-02-27T12:20:02.919Z
sensor.stormbreaker_surplus_ev_charge_voltage_used_v,234.3,2026-02-27T12:20:32.921Z
sensor.stormbreaker_surplus_ev_charge_voltage_used_v,235.4,2026-02-27T12:21:02.924Z
sensor.stormbreaker_surplus_ev_charge_voltage_used_v,234.7,2026-02-27T12:21:32.929Z
sensor.stormbreaker_surplus_ev_charge_voltage_used_v,235.5,2026-02-27T12:22:02.933Z
sensor.stormbreaker_surplus_ev_charge_voltage_used_v,235.1,2026-02-27T12:22:32.935Z
sensor.stormbreaker_surplus_ev_charge_voltage_used_v,235.6,2026-02-27T12:23:02.938Z
sensor.stormbreaker_surplus_ev_charge_voltage_used_v,235.3,2026-02-27T12:23:32.941Z
sensor.stormbreaker_surplus_ev_charge_voltage_used_v,235.2,2026-02-27T12:24:12.945Z
sensor.stormbreaker_surplus_ev_charge_voltage_used_v,234.9,2026-02-27T12:24:42.948Z
sensor.stormbreaker_surplus_ev_charge_voltage_used_v,235.0,2026-02-27T12:25:12.955Z
sensor.stormbreaker_surplus_ev_charge_voltage_used_v,233.0,2026-02-27T12:25:42.958Z
sensor.stormbreaker_surplus_ev_charge_voltage_used_v,234.9,2026-02-27T12:26:12.960Z
sensor.stormbreaker_surplus_ev_charge_voltage_used_v,234.7,2026-02-27T12:26:42.963Z
sensor.stormbreaker_surplus_ev_charge_voltage_used_v,233.7,2026-02-27T12:27:42.968Z
sensor.stormbreaker_surplus_ev_charge_voltage_used_v,234.2,2026-02-27T12:28:12.971Z
number.stormbreaker_adaptivecharge_desired_range_km,250.0,2026-02-27T10:00:00.000Z
number.stormbreaker_adaptivecharge_desired_range_km,unavailable,2026-02-27T10:27:00.873Z
number.stormbreaker_adaptivecharge_desired_range_km,250.0,2026-02-27T10:27:00.890Z
number.stormbreaker_adaptivecharge_max_current_limit_a,16.0,2026-02-27T10:00:00.000Z
number.stormbreaker_adaptivecharge_max_current_limit_a,unavailable,2026-02-27T10:27:00.873Z
number.stormbreaker_adaptivecharge_max_current_limit_a,16.0,2026-02-27T10:27:00.890Z
sensor.stormbreaker_adaptivecharge_input_skew_s,0.0,2026-02-27T10:00:00.000Z
sensor.stormbreaker_adaptivecharge_input_skew_s,unavailable,2026-02-27T10:27:00.872Z
sensor.stormbreaker_adaptivecharge_input_skew_s,0.0,2026-02-27T10:27:00.888Z
sensor.stormbreaker_surplus_ev_charge_net_update_interval_s,10.0,2026-02-27T10:00:00.000Z
sensor.stormbreaker_surplus_ev_charge_net_update_interval_s,unavailable,2026-02-27T10:27:00.873Z
sensor.stormbreaker_surplus_ev_charge_net_update_interval_s,unknown,2026-02-27T10:27:00.888Z
sensor.stormbreaker_surplus_ev_charge_net_update_interval_s,10.0,2026-02-27T10:27:10.882Z
sensor.stormbreaker_surplus_ev_charge_net_update_interval_s,10.02,2026-02-27T10:49:11.103Z
sensor.stormbreaker_surplus_ev_charge_net_update_interval_s,10.01,2026-02-27T10:49:21.104Z
sensor.stormbreaker_surplus_ev_charge_net_update_interval_s,10.03,2026-02-27T10:50:21.259Z
sensor.stormbreaker_surplus_ev_charge_net_update_interval_s,10.02,2026-02-27T10:50:31.263Z
sensor.stormbreaker_surplus_ev_charge_net_update_interval_s,10.04,2026-02-27T10:50:41.363Z
sensor.stormbreaker_surplus_ev_charge_net_update_interval_s,10.03,2026-02-27T10:50:51.368Z
sensor.stormbreaker_surplus_ev_charge_net_update_interval_s,10.02,2026-02-27T10:51:11.373Z
sensor.stormbreaker_surplus_ev_charge_net_update_interval_s,10.01,2026-02-27T10:52:11.439Z
sensor.stormbreaker_surplus_ev_charge_net_update_interval_s,10.0,2026-02-27T10:53:31.444Z
sensor.stormbreaker_surplus_ev_charge_net_update_interval_s,10.03,2026-02-27T11:24:51.810Z
sensor.stormbreaker_surplus_ev_charge_net_update_interval_s,10.02,2026-02-27T11:25:01.815Z
sensor.stormbreaker_surplus_ev_charge_net_update_interval_s,10.01,2026-02-27T11:25:41.819Z
sensor.stormbreaker_surplus_ev_charge_net_update_interval_s,10.0,2026-02-27T11:26:51.827Z
sensor.stormbreaker_surplus_ev_charge_net_update_interval_s,10.02,2026-02-27T11:35:52.016Z
sensor.stormbreaker_surplus_ev_charge_net_update_interval_s,10.01,2026-02-27T11:36:22.027Z
sensor.stormbreaker_surplus_ev_charge_net_update_interval_s,10.03,2026-02-27T11:37:22.171Z
sensor.stormbreaker_surplus_ev_charge_net_update_interval_s,10.02,2026-02-27T11:37:32.176Z
sensor.stormbreaker_surplus_ev_charge_net_update_interval_s,10.01,2026-02-27T11:38:12.186Z
sensor.stormbreaker_surplus_ev_charge_net_update_interval_s,10.0,2026-02-27T11:39:22.190Z
sensor.stormbreaker_surplus_ev_charge_net_update_interval_s,10.07,2026-02-27T11:51:12.742Z
sensor.stormbreaker_surplus_ev_charge_net_update_interval_s,10.06,2026-02-27T11:51:22.746Z
sensor.stormbreaker_surplus_ev_charge_net_update_interval_s,10.05,2026-02-27T11:51:32.748Z
sensor.stormbreaker_surplus_ev_charge_net_update_interval_s,10.04,2026-02-27T11:51:52.749Z
sensor.stormbreaker_surplus_ev_charge_net_update_interval_s,10.03,2026-02-27T11:52:02.750Z
sensor.stormbreaker_surplus_ev_charge_net_update_interval_s,10.02,2026-02-27T11:52:22.752Z
sensor.stormbreaker_surplus_ev_charge_net_update_interval_s,10.01,2026-02-27T11:53:02.754Z
sensor.stormbreaker_surplus_ev_charge_net_update_interval_s,10.0,2026-02-27T11:54:12.762Z
sensor.stormbreaker_surplus_ev_charge_ev_update_interval_s,10.0,2026-02-27T10:00:00.000Z
sensor.stormbreaker_surplus_ev_charge_ev_update_interval_s,unavailable,2026-02-27T10:27:00.873Z
sensor.stormbreaker_surplus_ev_charge_ev_update_interval_s,unknown,2026-02-27T10:27:00.888Z
sensor.stormbreaker_surplus_ev_charge_ev_update_interval_s,10.0,2026-02-27T10:27:10.883Z
sensor.stormbreaker_surplus_ev_charge_ev_update_interval_s,10.02,2026-02-27T10:49:11.103Z
sensor.stormbreaker_surplus_ev_charge_ev_update_interval_s,10.01,2026-02-27T10:49:21.104Z
sensor.stormbreaker_surplus_ev_charge_ev_update_interval_s,10.03,2026-02-27T10:50:21.259Z
sensor.stormbreaker_surplus_ev_charge_ev_update_interval_s,10.02,2026-02-27T10:50:31.264Z
sensor.stormbreaker_surplus_ev_charge_ev_update_interval_s,10.04,2026-02-27T10:50:41.363Z
sensor.stormbreaker_surplus_ev_charge_ev_update_interval_s,10.03,2026-02-27T10:50:51.368Z
sensor.stormbreaker_surplus_ev_charge_ev_update_interval_s,10.02,2026-02-27T10:51:11.373Z
sensor.stormbreaker_surplus_ev_charge_ev_update_interval_s,10.01,2026-02-27T10:52:11.440Z
sensor.stormbreaker_surplus_ev_charge_ev_update_interval_s,10.0,2026-02-27T10:53:31.444Z
sensor.stormbreaker_surplus_ev_charge_ev_update_interval_s,10.03,2026-02-27T11:24:51.810Z
sensor.stormbreaker_surplus_ev_charge_ev_update_interval_s,10.02,2026-02-27T11:25:01.816Z
sensor.stormbreaker_surplus_ev_charge_ev_update_interval_s,10.01,2026-02-27T11:25:41.819Z
sensor.stormbreaker_surplus_ev_charge_ev_update_interval_s,10.0,2026-02-27T11:26:51.827Z
sensor.stormbreaker_surplus_ev_charge_ev_update_interval_s,10.02,2026-02-27T11:35:52.016Z
sensor.stormbreaker_surplus_ev_charge_ev_update_interval_s,10.01,2026-02-27T11:36:22.027Z
sensor.stormbreaker_surplus_ev_charge_ev_update_interval_s,10.03,2026-02-27T11:37:22.171Z
sensor.stormbreaker_surplus_ev_charge_ev_update_interval_s,10.02,2026-02-27T11:37:32.176Z
sensor.stormbreaker_surplus_ev_charge_ev_update_interval_s,10.01,2026-02-27T11:38:12.186Z
sensor.stormbreaker_surplus_ev_charge_ev_update_interval_s,10.0,2026-02-27T11:39:22.191Z
sensor.stormbreaker_surplus_ev_charge_ev_update_interval_s,10.07,2026-02-27T11:51:12.742Z
sensor.stormbreaker_surplus_ev_charge_ev_update_interval_s,10.06,2026-02-27T11:51:22.746Z
sensor.stormbreaker_surplus_ev_charge_ev_update_interval_s,10.05,2026-02-27T11:51:32.748Z
sensor.stormbreaker_surplus_ev_charge_ev_update_interval_s,10.04,2026-02-27T11:51:52.749Z
sensor.stormbreaker_surplus_ev_charge_ev_update_interval_s,10.03,2026-02-27T11:52:02.750Z
sensor.stormbreaker_surplus_ev_charge_ev_update_interval_s,10.02,2026-02-27T11:52:22.752Z
sensor.stormbreaker_surplus_ev_charge_ev_update_interval_s,10.01,2026-02-27T11:53:02.754Z
sensor.stormbreaker_surplus_ev_charge_ev_update_interval_s,10.0,2026-02-27T11:54:12.762Z
binary_sensor.stormbreaker_tessie_charging,on,2026-02-27T10:00:00.000Z
binary_sensor.stormbreaker_tessie_charging,off,2026-02-27T10:07:37.647Z
binary_sensor.stormbreaker_tessie_charging,on,2026-02-27T10:10:28.636Z
binary_sensor.stormbreaker_tessie_charging,off,2026-02-27T10:28:00.646Z
binary_sensor.stormbreaker_tessie_charging,on,2026-02-27T10:28:10.637Z
binary_sensor.stormbreaker_tessie_charging,off,2026-02-27T10:30:00.680Z
binary_sensor.stormbreaker_tessie_charging,on,2026-02-27T10:32:50.638Z
binary_sensor.stormbreaker_tessie_charging,off,2026-02-27T10:58:02.658Z
binary_sensor.stormbreaker_tessie_charging,on,2026-02-27T11:00:52.636Z
binary_sensor.stormbreaker_tessie_charging,off,2026-02-27T11:10:32.645Z
binary_sensor.stormbreaker_tessie_charging,on,2026-02-27T11:13:26.636Z
binary_sensor.stormbreaker_tessie_charging,off,2026-02-27T11:19:27.635Z
binary_sensor.stormbreaker_tessie_charging,on,2026-02-27T11:22:17.640Z
binary_sensor.stormbreaker_tessie_charging,off,2026-02-27T11:26:18.772Z
binary_sensor.stormbreaker_tessie_charging,on,2026-02-27T11:29:08.973Z
binary_sensor.stormbreaker_tessie_charging,off,2026-02-27T11:42:53.631Z
binary_sensor.stormbreaker_tessie_charging,on,2026-02-27T11:46:14.628Z
binary_sensor.stormbreaker_tessie_charging,off,2026-02-27T11:51:47.638Z
binary_sensor.stormbreaker_tessie_charging,on,2026-02-27T11:57:38.638Z
binary_sensor.stormbreaker_tessie_charging,off,2026-02-27T12:02:19.711Z
binary_sensor.stormbreaker_tessie_charging,on,2026-02-27T12:06:43.049Z
binary_sensor.stormbreaker_tessie_charging,off,2026-02-27T12:25:36.636Z
sensor.stormbreaker_surplus_ev_charge_solar_done_status,off,2026-02-27T10:00:00.000Z
sensor.stormbreaker_surplus_ev_charge_solar_done_status,unavailable,2026-02-27T10:27:00.872Z
sensor.stormbreaker_surplus_ev_charge_solar_done_status,off,2026-02-27T10:27:00.887Z
sensor.stormbreaker_surplus_ev_charge_alignment_diagnostics,high,2026-02-27T10:00:00.000Z
sensor.stormbreaker_surplus_ev_charge_alignment_diagnostics,medium,2026-02-27T10:06:58.704Z
sensor.stormbreaker_surplus_ev_charge_alignment_diagnostics,high,2026-02-27T10:07:08.716Z
sensor.stormbreaker_surplus_ev_charge_alignment_diagnostics,medium,2026-02-27T10:07:28.562Z
sensor.stormbreaker_surplus_ev_charge_alignment_diagnostics,high,2026-02-27T10:07:48.565Z
sensor.stormbreaker_surplus_ev_charge_alignment_diagnostics,medium,2026-02-27T10:10:38.580Z
sensor.stormbreaker_surplus_ev_charge_alignment_diagnostics,low,2026-02-27T10:10:48.581Z
sensor.stormbreaker_surplus_ev_charge_alignment_diagnostics,medium,2026-02-27T10:10:58.725Z
sensor.stormbreaker_surplus_ev_charge_alignment_diagnostics,high,2026-02-27T10:11:08.582Z
sensor.stormbreaker_surplus_ev_charge_alignment_diagnostics,medium,2026-02-27T10:20:08.677Z
sensor.stormbreaker_surplus_ev_charge_alignment_diagnostics,high,2026-02-27T10:20:18.675Z
sensor.stormbreaker_surplus_ev_charge_alignment_diagnostics,medium,2026-02-27T10:26:08.860Z
sensor.stormbreaker_surplus_ev_charge_alignment_diagnostics,high,2026-02-27T10:26:20.991Z
sensor.stormbreaker_surplus_ev_charge_alignment_diagnostics,medium,2026-02-27T10:26:28.866Z
sensor.stormbreaker_surplus_ev_charge_alignment_diagnostics,high,2026-02-27T10:26:38.863Z
sensor.stormbreaker_surplus_ev_charge_alignment_diagnostics,unavailable,2026-02-27T10:27:00.872Z
sensor.stormbreaker_surplus_ev_charge_alignment_diagnostics,high,2026-02-27T10:27:00.887Z
sensor.stormbreaker_surplus_ev_charge_alignment_diagnostics,low,2026-02-27T10:28:00.886Z
sensor.stormbreaker_surplus_ev_charge_alignment_diagnostics,high,2026-02-27T10:28:10.888Z
sensor.stormbreaker_surplus_ev_charge_alignment_diagnostics,low,2026-02-27T10:28:30.890Z
sensor.stormbreaker_surplus_ev_charge_alignment_diagnostics,medium,2026-02-27T10:29:16.196Z
sensor.stormbreaker_surplus_ev_charge_alignment_diagnostics,low,2026-02-27T10:29:21.048Z
sensor.stormbreaker_surplus_ev_charge_alignment_diagnostics,medium,2026-02-27T10:29:31.038Z
sensor.stormbreaker_surplus_ev_charge_alignment_diagnostics,high,2026-02-27T10:30:20.904Z
sensor.stormbreaker_surplus_ev_charge_alignment_diagnostics,medium,2026-02-27T10:33:10.919Z
sensor.stormbreaker_surplus_ev_charge_alignment_diagnostics,high,2026-02-27T10:34:00.925Z
sensor.stormbreaker_surplus_ev_charge_alignment_diagnostics,medium,2026-02-27T10:55:07.888Z
sensor.stormbreaker_surplus_ev_charge_alignment_diagnostics,low,2026-02-27T10:55:11.450Z
sensor.stormbreaker_surplus_ev_charge_alignment_diagnostics,high,2026-02-27T10:56:03.896Z
sensor.stormbreaker_surplus_ev_charge_alignment_diagnostics,medium,2026-02-27T10:56:11.457Z
sensor.stormbreaker_surplus_ev_charge_alignment_diagnostics,high,2026-02-27T10:57:01.462Z
sensor.stormbreaker_surplus_ev_charge_alignment_diagnostics,medium,2026-02-27T10:57:21.612Z
sensor.stormbreaker_surplus_ev_charge_alignment_diagnostics,low,2026-02-27T10:57:51.466Z
sensor.stormbreaker_surplus_ev_charge_alignment_diagnostics,medium,2026-02-27T10:58:01.469Z
sensor.stormbreaker_surplus_ev_charge_alignment_diagnostics,high,2026-02-27T10:58:11.469Z
sensor.stormbreaker_surplus_ev_charge_alignment_diagnostics,medium,2026-02-27T11:00:51.642Z
sensor.stormbreaker_surplus_ev_charge_alignment_diagnostics,low,2026-02-27T11:01:01.495Z
sensor.stormbreaker_surplus_ev_charge_alignment_diagnostics,medium,2026-02-27T11:02:07.952Z
sensor.stormbreaker_surplus_ev_charge_alignment_diagnostics,low,2026-02-27T11:02:11.501Z
sensor.stormbreaker_surplus_ev_charge_alignment_diagnostics,high,2026-02-27T11:03:11.507Z
sensor.stormbreaker_surplus_ev_charge_alignment_diagnostics,medium,2026-02-27T11:04:24.027Z
sensor.stormbreaker_surplus_ev_charge_alignment_diagnostics,low,2026-02-27T11:04:31.513Z
sensor.stormbreaker_surplus_ev_charge_alignment_diagnostics,high,2026-02-27T11:05:23.784Z
sensor.stormbreaker_surplus_ev_charge_alignment_diagnostics,medium,2026-02-27T11:05:31.518Z
sensor.stormbreaker_surplus_ev_charge_alignment_diagnostics,high,2026-02-27T11:06:21.524Z
sensor.stormbreaker_surplus_ev_charge_alignment_diagnostics,medium,2026-02-27T11:09:33.591Z
sensor.stormbreaker_surplus_ev_charge_alignment_diagnostics,low,2026-02-27T11:09:41.689Z
sensor.stormbreaker_surplus_ev_charge_alignment_diagnostics,medium,2026-02-27T11:10:01.690Z
sensor.stormbreaker_surplus_ev_charge_alignment_diagnostics,high,2026-02-27T11:11:31.555Z
sensor.stormbreaker_surplus_ev_charge_alignment_diagnostics,medium,2026-02-27T11:13:31.567Z
sensor.stormbreaker_surplus_ev_charge_alignment_diagnostics,high,2026-02-27T11:14:48.265Z
sensor.stormbreaker_surplus_ev_charge_alignment_diagnostics,medium,2026-02-27T11:14:51.572Z
sensor.stormbreaker_surplus_ev_charge_alignment_diagnostics,high,2026-02-27T11:15:41.577Z
sensor.stormbreaker_surplus_ev_charge_alignment_diagnostics,medium,2026-02-27T11:16:48.188Z
sensor.stormbreaker_surplus_ev_charge_alignment_diagnostics,low,2026-02-27T11:16:51.586Z
sensor.stormbreaker_surplus_ev_charge_alignment_diagnostics,high,2026-02-27T11:17:41.589Z
sensor.stormbreaker_surplus_ev_charge_alignment_diagnostics,medium,2026-02-27T11:19:01.750Z
sensor.stormbreaker_surplus_ev_charge_alignment_diagnostics,high,2026-02-27T11:19:41.601Z
sensor.stormbreaker_surplus_ev_charge_alignment_diagnostics,medium,2026-02-27T11:22:31.621Z
sensor.stormbreaker_surplus_ev_charge_alignment_diagnostics,high,2026-02-27T11:22:51.620Z
sensor.stormbreaker_surplus_ev_charge_alignment_diagnostics,medium,2026-02-27T11:26:11.818Z
sensor.stormbreaker_surplus_ev_charge_alignment_diagnostics,high,2026-02-27T11:27:01.827Z
sensor.stormbreaker_surplus_ev_charge_alignment_diagnostics,medium,2026-02-27T11:29:21.837Z
sensor.stormbreaker_surplus_ev_charge_alignment_diagnostics,high,2026-02-27T11:30:08.273Z
sensor.stormbreaker_surplus_ev_charge_alignment_diagnostics,medium,2026-02-27T11:30:11.843Z
sensor.stormbreaker_surplus_ev_charge_alignment_diagnostics,high,2026-02-27T11:31:01.845Z
sensor.stormbreaker_surplus_ev_charge_alignment_diagnostics,medium,2026-02-27T11:42:42.211Z
sensor.stormbreaker_surplus_ev_charge_alignment_diagnostics,high,2026-02-27T11:43:22.214Z
sensor.stormbreaker_surplus_ev_charge_alignment_diagnostics,medium,2026-02-27T11:51:52.748Z
sensor.stormbreaker_surplus_ev_charge_alignment_diagnostics,high,2026-02-27T11:52:32.752Z
sensor.stormbreaker_surplus_ev_charge_alignment_diagnostics,medium,2026-02-27T11:57:52.781Z
sensor.stormbreaker_surplus_ev_charge_alignment_diagnostics,high,2026-02-27T11:58:42.785Z
sensor.stormbreaker_surplus_ev_charge_alignment_diagnostics,medium,2026-02-27T12:02:12.808Z
sensor.stormbreaker_surplus_ev_charge_alignment_diagnostics,high,2026-02-27T12:02:52.813Z
sensor.stormbreaker_surplus_ev_charge_alignment_diagnostics,medium,2026-02-27T12:07:02.845Z
sensor.stormbreaker_surplus_ev_charge_alignment_diagnostics,high,2026-02-27T12:07:52.850Z
sensor.stormbreaker_surplus_ev_charge_alignment_diagnostics,medium,2026-02-27T12:25:02.952Z
sensor.stormbreaker_surplus_ev_charge_alignment_diagnostics,low,2026-02-27T12:25:12.955Z
sensor.stormbreaker_surplus_ev_charge_alignment_diagnostics,medium,2026-02-27T12:25:22.957Z
sensor.stormbreaker_surplus_ev_charge_alignment_diagnostics,high,2026-02-27T12:26:22.962Z
binary_sensor.stormbreaker_adaptivecharge_force_charge,off,2026-02-27T10:00:00.000Z
binary_sensor.stormbreaker_adaptivecharge_force_charge,unavailable,2026-02-27T10:27:00.873Z
binary_sensor.stormbreaker_adaptivecharge_force_charge,off,2026-02-27T10:27:00.890Z
switch.stormbreaker_adaptivecharge_charge_now,off,2026-02-27T10:00:00.000Z
switch.stormbreaker_adaptivecharge_charge_now,unavailable,2026-02-27T10:27:00.873Z
switch.stormbreaker_adaptivecharge_charge_now,off,2026-02-27T10:27:00.891Z
switch.stormbreaker_adaptivecharge_charge_tonight,off,2026-02-27T10:00:00.000Z
switch.stormbreaker_adaptivecharge_charge_tonight,unavailable,2026-02-27T10:27:00.874Z
switch.stormbreaker_adaptivecharge_charge_tonight,off,2026-02-27T10:27:00.891Z
sensor.stormbreaker_adaptivecharge_mode,surplus,2026-02-27T10:00:00.000Z
sensor.stormbreaker_adaptivecharge_mode,stopped,2026-02-27T10:07:38.564Z
sensor.stormbreaker_adaptivecharge_mode,surplus,2026-02-27T10:10:18.580Z
sensor.stormbreaker_adaptivecharge_mode,unavailable,2026-02-27T10:27:00.872Z
sensor.stormbreaker_adaptivecharge_mode,off,2026-02-27T10:27:00.887Z
sensor.stormbreaker_adaptivecharge_mode,stopped,2026-02-27T10:27:10.882Z
sensor.stormbreaker_adaptivecharge_mode,surplus,2026-02-27T10:27:50.885Z
sensor.stormbreaker_adaptivecharge_mode,stopped,2026-02-27T10:30:00.898Z
sensor.stormbreaker_adaptivecharge_mode,surplus,2026-02-27T10:32:50.915Z
sensor.stormbreaker_adaptivecharge_mode,stopped,2026-02-27T10:58:01.471Z
sensor.stormbreaker_adaptivecharge_mode,surplus,2026-02-27T11:00:51.642Z
sensor.stormbreaker_adaptivecharge_mode,stopped,2026-02-27T11:10:31.549Z
sensor.stormbreaker_adaptivecharge_mode,surplus,2026-02-27T11:13:21.568Z
sensor.stormbreaker_adaptivecharge_mode,stopped,2026-02-27T11:19:31.600Z
sensor.stormbreaker_adaptivecharge_mode,surplus,2026-02-27T11:22:21.620Z
sensor.stormbreaker_adaptivecharge_mode,stopped,2026-02-27T11:26:21.823Z
sensor.stormbreaker_adaptivecharge_mode,surplus,2026-02-27T11:29:01.838Z
sensor.stormbreaker_adaptivecharge_mode,stopped,2026-02-27T11:42:52.211Z
sensor.stormbreaker_adaptivecharge_mode,surplus,2026-02-27T11:46:12.226Z
sensor.stormbreaker_adaptivecharge_mode,stopped,2026-02-27T11:51:52.748Z
sensor.stormbreaker_adaptivecharge_mode,surplus,2026-02-27T11:57:32.779Z
sensor.stormbreaker_adaptivecharge_mode,stopped,2026-02-27T12:02:12.809Z
sensor.stormbreaker_adaptivecharge_mode,surplus,2026-02-27T12:06:42.841Z
sensor.stormbreaker_adaptivecharge_mode,stopped,2026-02-27T12:25:42.959Z
sensor.stormbreaker_adaptivecharge_mode,surplus,2026-02-27T12:28:32.973Z
sensor.stormbreaker_adaptivecharge_import_guard_state,ok,2026-02-27T10:00:00.000Z
sensor.stormbreaker_adaptivecharge_import_guard_state,active,2026-02-27T10:06:54.832Z
sensor.stormbreaker_adaptivecharge_import_guard_state,ok,2026-02-27T10:07:38.565Z
sensor.stormbreaker_adaptivecharge_import_guard_state,active,2026-02-27T10:26:20.991Z
sensor.stormbreaker_adaptivecharge_import_guard_state,unavailable,2026-02-27T10:27:00.873Z
sensor.stormbreaker_adaptivecharge_import_guard_state,ok,2026-02-27T10:27:00.888Z
sensor.stormbreaker_adaptivecharge_import_guard_state,active,2026-02-27T10:29:21.048Z
sensor.stormbreaker_adaptivecharge_import_guard_state,ok,2026-02-27T10:30:20.904Z
sensor.stormbreaker_adaptivecharge_import_guard_state,active,2026-02-27T10:57:19.405Z
sensor.stormbreaker_adaptivecharge_import_guard_state,ok,2026-02-27T10:58:11.469Z
sensor.stormbreaker_adaptivecharge_import_guard_state,active,2026-02-27T11:09:41.689Z
sensor.stormbreaker_adaptivecharge_import_guard_state,ok,2026-02-27T11:10:31.549Z
sensor.stormbreaker_adaptivecharge_import_guard_state,active,2026-02-27T11:18:58.343Z
sensor.stormbreaker_adaptivecharge_import_guard_state,ok,2026-02-27T11:19:41.602Z
sensor.stormbreaker_adaptivecharge_import_guard_state,active,2026-02-27T11:26:06.937Z
sensor.stormbreaker_adaptivecharge_import_guard_state,ok,2026-02-27T11:27:01.828Z
sensor.stormbreaker_adaptivecharge_import_guard_state,active,2026-02-27T11:42:38.852Z
sensor.stormbreaker_adaptivecharge_import_guard_state,ok,2026-02-27T11:43:22.215Z
sensor.stormbreaker_adaptivecharge_import_guard_state,active,2026-02-27T11:44:32.218Z
sensor.stormbreaker_adaptivecharge_import_guard_state,ok,2026-02-27T11:45:22.222Z
sensor.stormbreaker_adaptivecharge_import_guard_state,active,2026-02-27T12:02:02.808Z
sensor.stormbreaker_adaptivecharge_import_guard_state,ok,2026-02-27T12:02:52.813Z
sensor.stormbreaker_adaptivecharge_import_guard_state,active,2026-02-27T12:25:32.958Z
sensor.stormbreaker_adaptivecharge_import_guard_state,ok,2026-02-27T12:26:22.962Z
sensor.stormbreaker_adaptivecharge_last_action,modulate_6A,2026-02-27T10:00:00.000Z
sensor.stormbreaker_adaptivecharge_last_action,modulate_5A,2026-02-27T10:06:38.702Z
sensor.stormbreaker_adaptivecharge_last_action,modulate_4A,2026-02-27T10:06:54.832Z
sensor.stormbreaker_adaptivecharge_last_action,modulate_3A,2026-02-27T10:06:58.705Z
sensor.stormbreaker_adaptivecharge_last_action,modulate_2A,2026-02-27T10:07:08.717Z
sensor.stormbreaker_adaptivecharge_last_action,modulate_1A,2026-02-27T10:07:18.711Z
sensor.stormbreaker_adaptivecharge_last_action,stop_surplus,2026-02-27T10:07:38.565Z
sensor.stormbreaker_adaptivecharge_last_action,start_surplus_5A,2026-02-27T10:10:18.581Z
sensor.stormbreaker_adaptivecharge_last_action,modulate_6A,2026-02-27T10:10:58.726Z
sensor.stormbreaker_adaptivecharge_last_action,modulate_5A,2026-02-27T10:18:58.821Z
sensor.stormbreaker_adaptivecharge_last_action,modulate_6A,2026-02-27T10:20:00.683Z
sensor.stormbreaker_adaptivecharge_last_action,modulate_7A,2026-02-27T10:20:48.830Z
sensor.stormbreaker_adaptivecharge_last_action,modulate_6A,2026-02-27T10:26:08.861Z
sensor.stormbreaker_adaptivecharge_last_action,modulate_5A,2026-02-27T10:26:20.991Z
sensor.stormbreaker_adaptivecharge_last_action,modulate_4A,2026-02-27T10:26:28.867Z
sensor.stormbreaker_adaptivecharge_last_action,modulate_3A,2026-02-27T10:26:38.864Z
sensor.stormbreaker_adaptivecharge_last_action,modulate_2A,2026-02-27T10:26:48.871Z
sensor.stormbreaker_adaptivecharge_last_action,modulate_1A,2026-02-27T10:26:58.866Z
sensor.stormbreaker_adaptivecharge_last_action,unavailable,2026-02-27T10:27:00.873Z
sensor.stormbreaker_adaptivecharge_last_action,none,2026-02-27T10:27:00.889Z
sensor.stormbreaker_adaptivecharge_last_action,start_surplus_5A,2026-02-27T10:27:50.886Z
sensor.stormbreaker_adaptivecharge_last_action,modulate_4A,2026-02-27T10:29:16.197Z
sensor.stormbreaker_adaptivecharge_last_action,modulate_3A,2026-02-27T10:29:21.049Z
sensor.stormbreaker_adaptivecharge_last_action,modulate_2A,2026-02-27T10:29:31.041Z
sensor.stormbreaker_adaptivecharge_last_action,modulate_1A,2026-02-27T10:29:41.054Z
sensor.stormbreaker_adaptivecharge_last_action,stop_surplus,2026-02-27T10:30:00.899Z
sensor.stormbreaker_adaptivecharge_last_action,start_surplus_2A,2026-02-27T10:32:50.918Z
sensor.stormbreaker_adaptivecharge_last_action,modulate_3A,2026-02-27T10:33:01.074Z
sensor.stormbreaker_adaptivecharge_last_action,modulate_4A,2026-02-27T10:55:07.889Z
sensor.stormbreaker_adaptivecharge_last_action,modulate_5A,2026-02-27T10:56:03.897Z
sensor.stormbreaker_adaptivecharge_last_action,modulate_4A,2026-02-27T10:57:19.405Z
sensor.stormbreaker_adaptivecharge_last_action,modulate_3A,2026-02-27T10:57:21.614Z
sensor.stormbreaker_adaptivecharge_last_action,modulate_2A,2026-02-27T10:57:31.615Z
sensor.stormbreaker_adaptivecharge_last_action,modulate_1A,2026-02-27T10:57:41.608Z
sensor.stormbreaker_adaptivecharge_last_action,stop_surplus,2026-02-27T10:58:01.473Z
sensor.stormbreaker_adaptivecharge_last_action,modulate_3A,2026-02-27T11:00:51.642Z
sensor.stormbreaker_adaptivecharge_last_action,modulate_4A,2026-02-27T11:02:07.952Z
sensor.stormbreaker_adaptivecharge_last_action,modulate_5A,2026-02-27T11:04:24.028Z
sensor.stormbreaker_adaptivecharge_last_action,modulate_6A,2026-02-27T11:05:23.787Z
sensor.stormbreaker_adaptivecharge_last_action,modulate_5A,2026-02-27T11:09:33.594Z
sensor.stormbreaker_adaptivecharge_last_action,modulate_4A,2026-02-27T11:09:41.689Z
sensor.stormbreaker_adaptivecharge_last_action,modulate_3A,2026-02-27T11:09:51.703Z
sensor.stormbreaker_adaptivecharge_last_action,modulate_2A,2026-02-27T11:10:01.691Z
sensor.stormbreaker_adaptivecharge_last_action,modulate_1A,2026-02-27T11:10:11.689Z
sensor.stormbreaker_adaptivecharge_last_action,stop_surplus,2026-02-27T11:10:31.549Z
sensor.stormbreaker_adaptivecharge_last_action,start_surplus_2A,2026-02-27T11:13:21.570Z
sensor.stormbreaker_adaptivecharge_last_action,modulate_3A,2026-02-27T11:14:48.268Z
sensor.stormbreaker_adaptivecharge_last_action,modulate_4A,2026-02-27T11:16:48.189Z
sensor.stormbreaker_adaptivecharge_last_action,modulate_3A,2026-02-27T11:18:58.343Z
sensor.stormbreaker_adaptivecharge_last_action,modulate_2A,2026-02-27T11:19:01.751Z
sensor.stormbreaker_adaptivecharge_last_action,modulate_1A,2026-02-27T11:19:11.742Z
sensor.stormbreaker_adaptivecharge_last_action,stop_surplus,2026-02-27T11:19:31.600Z
sensor.stormbreaker_adaptivecharge_last_action,start_surplus_2A,2026-02-27T11:22:21.621Z
sensor.stormbreaker_adaptivecharge_last_action,modulate_1A,2026-02-27T11:26:06.937Z
sensor.stormbreaker_adaptivecharge_last_action,stop_surplus,2026-02-27T11:26:21.824Z
sensor.stormbreaker_adaptivecharge_last_action,start_surplus_1A,2026-02-27T11:29:01.839Z
sensor.stormbreaker_adaptivecharge_last_action,modulate_2A,2026-02-27T11:30:08.276Z
sensor.stormbreaker_adaptivecharge_last_action,modulate_1A,2026-02-27T11:42:38.854Z
sensor.stormbreaker_adaptivecharge_last_action,stop_surplus,2026-02-27T11:42:52.213Z
sensor.stormbreaker_adaptivecharge_last_action,start_surplus_1A,2026-02-27T11:46:12.227Z
sensor.stormbreaker_adaptivecharge_last_action,modulate_2A,2026-02-27T11:46:42.389Z
sensor.stormbreaker_adaptivecharge_last_action,stop_surplus,2026-02-27T11:51:52.749Z
sensor.stormbreaker_adaptivecharge_last_action,start_surplus_1A,2026-02-27T11:57:32.780Z
sensor.stormbreaker_adaptivecharge_last_action,stop_surplus,2026-02-27T12:02:12.810Z
sensor.stormbreaker_adaptivecharge_last_action,start_surplus_1A,2026-02-27T12:06:42.842Z
sensor.stormbreaker_adaptivecharge_last_action,stop_surplus,2026-02-27T12:25:42.960Z
sensor.stormbreaker_adaptivecharge_last_action,start_surplus_1A,2026-02-27T12:28:32.974Z
sensor.stormbreaker_adaptivecharge_last_reason,modulate_up,2026-02-27T10:00:00.000Z
sensor.stormbreaker_adaptivecharge_last_reason,modulate_down,2026-02-27T10:06:38.702Z
sensor.stormbreaker_adaptivecharge_last_reason,import_guard_reduce,2026-02-27T10:06:54.833Z
sensor.stormbreaker_adaptivecharge_last_reason,import_guard,2026-02-27T10:07:28.563Z
sensor.stormbreaker_adaptivecharge_last_reason,surplus_below_threshold,2026-02-27T10:07:38.565Z
sensor.stormbreaker_adaptivecharge_last_reason,surplus_above_threshold,2026-02-27T10:10:18.581Z
sensor.stormbreaker_adaptivecharge_last_reason,modulate_up,2026-02-27T10:10:58.726Z
sensor.stormbreaker_adaptivecharge_last_reason,modulate_down,2026-02-27T10:18:58.821Z
sensor.stormbreaker_adaptivecharge_last_reason,modulate_up,2026-02-27T10:20:00.683Z
sensor.stormbreaker_adaptivecharge_last_reason,modulate_down,2026-02-27T10:26:08.861Z
sensor.stormbreaker_adaptivecharge_last_reason,import_guard_reduce,2026-02-27T10:26:20.991Z
sensor.stormbreaker_adaptivecharge_last_reason,unavailable,2026-02-27T10:27:00.873Z
sensor.stormbreaker_adaptivecharge_last_reason,none,2026-02-27T10:27:00.889Z
sensor.stormbreaker_adaptivecharge_last_reason,surplus_above_threshold,2026-02-27T10:27:50.886Z
sensor.stormbreaker_adaptivecharge_last_reason,modulate_down,2026-02-27T10:29:16.197Z
sensor.stormbreaker_adaptivecharge_last_reason,import_guard_reduce,2026-02-27T10:29:21.049Z
sensor.stormbreaker_adaptivecharge_last_reason,import_guard,2026-02-27T10:29:50.901Z
sensor.stormbreaker_adaptivecharge_last_reason,surplus_below_threshold,2026-02-27T10:30:00.900Z
sensor.stormbreaker_adaptivecharge_last_reason,surplus_above_threshold,2026-02-27T10:32:50.918Z
sensor.stormbreaker_adaptivecharge_last_reason,modulate_up,2026-02-27T10:33:01.074Z
sensor.stormbreaker_adaptivecharge_last_reason,import_guard_reduce,2026-02-27T10:57:19.405Z
sensor.stormbreaker_adaptivecharge_last_reason,import_guard,2026-02-27T10:57:51.467Z
sensor.stormbreaker_adaptivecharge_last_reason,surplus_below_threshold,2026-02-27T10:58:01.473Z
sensor.stormbreaker_adaptivecharge_last_reason,modulate_up,2026-02-27T11:00:51.642Z
sensor.stormbreaker_adaptivecharge_last_reason,modulate_down,2026-02-27T11:09:33.594Z
sensor.stormbreaker_adaptivecharge_last_reason,import_guard_reduce,2026-02-27T11:09:41.689Z
sensor.stormbreaker_adaptivecharge_last_reason,import_guard,2026-02-27T11:10:21.547Z
sensor.stormbreaker_adaptivecharge_last_reason,surplus_below_threshold,2026-02-27T11:10:31.549Z
sensor.stormbreaker_adaptivecharge_last_reason,surplus_above_threshold,2026-02-27T11:13:21.571Z
sensor.stormbreaker_adaptivecharge_last_reason,modulate_up,2026-02-27T11:14:48.268Z
sensor.stormbreaker_adaptivecharge_last_reason,import_guard_reduce,2026-02-27T11:18:58.345Z
sensor.stormbreaker_adaptivecharge_last_reason,import_guard,2026-02-27T11:19:21.599Z
sensor.stormbreaker_adaptivecharge_last_reason,surplus_below_threshold,2026-02-27T11:19:31.600Z
sensor.stormbreaker_adaptivecharge_last_reason,surplus_above_threshold,2026-02-27T11:22:21.621Z
sensor.stormbreaker_adaptivecharge_last_reason,import_guard_reduce,2026-02-27T11:26:06.938Z
sensor.stormbreaker_adaptivecharge_last_reason,import_guard,2026-02-27T11:26:11.819Z
sensor.stormbreaker_adaptivecharge_last_reason,surplus_below_threshold,2026-02-27T11:26:21.825Z
sensor.stormbreaker_adaptivecharge_last_reason,surplus_above_threshold,2026-02-27T11:29:01.839Z
sensor.stormbreaker_adaptivecharge_last_reason,modulate_up,2026-02-27T11:30:08.276Z
sensor.stormbreaker_adaptivecharge_last_reason,import_guard_reduce,2026-02-27T11:42:38.854Z
sensor.stormbreaker_adaptivecharge_last_reason,import_guard,2026-02-27T11:42:42.213Z
sensor.stormbreaker_adaptivecharge_last_reason,surplus_below_threshold,2026-02-27T11:42:52.213Z
sensor.stormbreaker_adaptivecharge_last_reason,surplus_above_threshold,2026-02-27T11:46:12.227Z
sensor.stormbreaker_adaptivecharge_last_reason,modulate_up,2026-02-27T11:46:42.389Z
sensor.stormbreaker_adaptivecharge_last_reason,surplus_below_threshold,2026-02-27T11:51:52.749Z
sensor.stormbreaker_adaptivecharge_last_reason,surplus_above_threshold,2026-02-27T11:57:32.781Z
sensor.stormbreaker_adaptivecharge_last_reason,import_guard,2026-02-27T12:02:02.808Z
sensor.stormbreaker_adaptivecharge_last_reason,surplus_below_threshold,2026-02-27T12:02:12.810Z
sensor.stormbreaker_adaptivecharge_last_reason,surplus_above_threshold,2026-02-27T12:06:42.842Z
sensor.stormbreaker_adaptivecharge_last_reason,import_guard,2026-02-27T12:25:32.958Z
sensor.stormbreaker_adaptivecharge_last_reason,surplus_below_threshold,2026-02-27T12:25:42.960Z
sensor.stormbreaker_adaptivecharge_last_reason,surplus_above_threshold,2026-02-27T12:28:32.974Z
binary_sensor.stormbreaker_adaptivecharge_charging_active,on,2026-02-27T10:00:00.000Z
binary_sensor.stormbreaker_adaptivecharge_charging_active,off,2026-02-27T10:07:38.565Z
binary_sensor.stormbreaker_adaptivecharge_charging_active,on,2026-02-27T10:10:18.582Z
binary_sensor.stormbreaker_adaptivecharge_charging_active,unavailable,2026-02-27T10:27:00.873Z
binary_sensor.stormbreaker_adaptivecharge_charging_active,off,2026-02-27T10:27:00.890Z
binary_sensor.stormbreaker_adaptivecharge_charging_active,on,2026-02-27T10:27:50.887Z
binary_sensor.stormbreaker_adaptivecharge_charging_active,off,2026-02-27T10:30:00.900Z
binary_sensor.stormbreaker_adaptivecharge_charging_active,on,2026-02-27T10:32:50.919Z
binary_sensor.stormbreaker_adaptivecharge_charging_active,off,2026-02-27T10:58:01.474Z
binary_sensor.stormbreaker_adaptivecharge_charging_active,on,2026-02-27T11:00:51.643Z
binary_sensor.stormbreaker_adaptivecharge_charging_active,off,2026-02-27T11:10:31.549Z
binary_sensor.stormbreaker_adaptivecharge_charging_active,on,2026-02-27T11:13:21.572Z
binary_sensor.stormbreaker_adaptivecharge_charging_active,off,2026-02-27T11:19:31.601Z
binary_sensor.stormbreaker_adaptivecharge_charging_active,on,2026-02-27T11:22:21.624Z
binary_sensor.stormbreaker_adaptivecharge_charging_active,off,2026-02-27T11:26:21.827Z
binary_sensor.stormbreaker_adaptivecharge_charging_active,on,2026-02-27T11:29:01.841Z
binary_sensor.stormbreaker_adaptivecharge_charging_active,off,2026-02-27T11:42:52.214Z
binary_sensor.stormbreaker_adaptivecharge_charging_active,on,2026-02-27T11:46:12.230Z
binary_sensor.stormbreaker_adaptivecharge_charging_active,off,2026-02-27T11:51:52.749Z
binary_sensor.stormbreaker_adaptivecharge_charging_active,on,2026-02-27T11:57:32.783Z
binary_sensor.stormbreaker_adaptivecharge_charging_active,off,2026-02-27T12:02:12.812Z
binary_sensor.stormbreaker_adaptivecharge_charging_active,on,2026-02-27T12:06:42.845Z
binary_sensor.stormbreaker_adaptivecharge_charging_active,off,2026-02-27T12:25:42.963Z
binary_sensor.stormbreaker_adaptivecharge_charging_active,on,2026-02-27T12:28:32.974Z
switch.stormbreaker_adaptivecharge_controller_enabled,on,2026-02-27T10:00:00.000Z
switch.stormbreaker_adaptivecharge_controller_enabled,unavailable,2026-02-27T10:27:00.873Z
switch.stormbreaker_adaptivecharge_controller_enabled,on,2026-02-27T10:27:00.891Z
